Date,Open,Close,High,Low
2016-01-04 00:00:00,1.0869,1.0859,1.0781,1.0946
2016-01-04 04:00:00,1.086,1.0897,1.0858,1.0905
2016-01-04 08:00:00,1.0897,1.0929,1.0881,1.0946
2016-01-04 12:00:00,1.0929,1.0854,1.0845,1.0936
2016-01-04 16:00:00,1.0854,1.0818,1.0781,1.0863
2016-01-04 20:00:00,1.0818,1.0832,1.0812,1.0837
2016-01-05 00:00:00,1.0828,1.0824,1.0711,1.0839
2016-01-05 04:00:00,1.0825,1.0831,1.0815,1.0834
2016-01-05 08:00:00,1.0831,1.0774,1.0773,1.0836
2016-01-05 12:00:00,1.0773,1.0742,1.0739,1.0785
2016-01-05 16:00:00,1.0742,1.0745,1.071,1.0757
2016-01-05 20:00:00,1.0745,1.0746,1.0733,1.0755
2016-01-06 00:00:00,1.074,1.0761,1.0715,1.08
2016-01-06 04:00:00,1.0761,1.0745,1.0741,1.077
2016-01-06 08:00:00,1.0745,1.0734,1.0719,1.0755
2016-01-06 12:00:00,1.0734,1.0739,1.0713,1.076
2016-01-06 16:00:00,1.0739,1.0754,1.0733,1.0767
2016-01-06 20:00:00,1.0755,1.078,1.0747,1.0799
2016-01-07 00:00:00,1.0776,1.0802,1.0771,1.094
2016-01-07 04:00:00,1.0802,1.0827,1.0799,1.0829
2016-01-07 08:00:00,1.0827,1.0846,1.0771,1.0869
2016-01-07 12:00:00,1.0845,1.0858,1.0835,1.0874
2016-01-07 16:00:00,1.0858,1.0862,1.0826,1.0875
2016-01-07 20:00:00,1.0862,1.0929,1.0862,1.094
2016-01-08 00:00:00,1.0931,1.0883,1.0803,1.0934
2016-01-08 04:00:00,1.0885,1.0878,1.0872,1.089
2016-01-08 08:00:00,1.0878,1.0873,1.0855,1.0899
2016-01-08 12:00:00,1.0873,1.0842,1.0803,1.0877
2016-01-08 16:00:00,1.084,1.0888,1.0834,1.0917
2016-01-08 20:00:00,1.0888,1.0925,1.0886,1.093
2016-01-11 00:00:00,1.0916,1.0937,1.0848,1.097
2016-01-11 04:00:00,1.0937,1.0918,1.0908,1.0938
2016-01-11 08:00:00,1.0918,1.0885,1.0872,1.0934
2016-01-11 12:00:00,1.0885,1.0881,1.088,1.091
2016-01-11 16:00:00,1.0881,1.0881,1.0848,1.09
2016-01-11 20:00:00,1.0881,1.0858,1.085,1.0899
2016-01-12 00:00:00,1.0856,1.0854,1.082,1.09
2016-01-12 04:00:00,1.0855,1.0875,1.0854,1.0885
2016-01-12 08:00:00,1.0875,1.0856,1.0854,1.09
2016-01-12 12:00:00,1.0857,1.0851,1.0833,1.0861
2016-01-12 16:00:00,1.0851,1.0839,1.0819,1.0861
2016-01-12 20:00:00,1.0839,1.0857,1.083,1.0877
2016-01-13 00:00:00,1.0851,1.0824,1.0805,1.0888
2016-01-13 04:00:00,1.0824,1.0829,1.0811,1.0835
2016-01-13 08:00:00,1.0829,1.0819,1.0805,1.0838
2016-01-13 12:00:00,1.0819,1.0831,1.0805,1.0831
2016-01-13 16:00:00,1.0831,1.085,1.0824,1.0882
2016-01-13 20:00:00,1.085,1.0876,1.0844,1.0887
2016-01-14 00:00:00,1.0875,1.088,1.0835,1.0943
2016-01-14 04:00:00,1.0881,1.0879,1.0876,1.0897
2016-01-14 08:00:00,1.0878,1.0902,1.0854,1.0937
2016-01-14 12:00:00,1.0902,1.0895,1.0882,1.0943
2016-01-14 16:00:00,1.0895,1.0861,1.0834,1.0917
2016-01-14 20:00:00,1.0861,1.0863,1.0846,1.087
2016-01-15 00:00:00,1.0862,1.0872,1.0854,1.0985
2016-01-15 04:00:00,1.0872,1.0878,1.0868,1.0889
2016-01-15 08:00:00,1.0878,1.0905,1.0861,1.0917
2016-01-15 12:00:00,1.0905,1.0957,1.089,1.0984
2016-01-15 16:00:00,1.0957,1.0951,1.093,1.0983
2016-01-15 20:00:00,1.0951,1.0913,1.0905,1.0961
2016-01-18 00:00:00,1.0919,1.0898,1.0869,1.0928
2016-01-18 04:00:00,1.0898,1.0896,1.0887,1.0909
2016-01-18 08:00:00,1.0896,1.0899,1.0874,1.0909
2016-01-18 12:00:00,1.0899,1.0893,1.0885,1.0904
2016-01-18 16:00:00,1.0893,1.0891,1.0868,1.09
2016-01-18 20:00:00,1.0891,1.0894,1.0886,1.0899
2016-01-19 00:00:00,1.0892,1.0886,1.0859,1.0939
2016-01-19 04:00:00,1.0887,1.0883,1.0879,1.0905
2016-01-19 08:00:00,1.0883,1.0872,1.0859,1.0889
2016-01-19 12:00:00,1.0872,1.0866,1.086,1.0883
2016-01-19 16:00:00,1.0866,1.0927,1.0864,1.0931
2016-01-19 20:00:00,1.0926,1.0907,1.0905,1.0939
2016-01-20 00:00:00,1.0907,1.0923,1.0877,1.0976
2016-01-20 04:00:00,1.0924,1.0949,1.092,1.096
2016-01-20 08:00:00,1.0949,1.0923,1.0917,1.0976
2016-01-20 12:00:00,1.0923,1.0917,1.0891,1.0938
2016-01-20 16:00:00,1.0917,1.0922,1.0888,1.0936
2016-01-20 20:00:00,1.0922,1.0888,1.0877,1.0926
2016-01-21 00:00:00,1.0889,1.0871,1.0777,1.0922
2016-01-21 04:00:00,1.0871,1.0897,1.0869,1.0898
2016-01-21 08:00:00,1.0897,1.089,1.0885,1.0921
2016-01-21 12:00:00,1.089,1.0791,1.0777,1.092
2016-01-21 16:00:00,1.0791,1.0844,1.078,1.0847
2016-01-21 20:00:00,1.0844,1.0873,1.0833,1.0901
2016-01-22 00:00:00,1.0873,1.0851,1.0789,1.0877
2016-01-22 04:00:00,1.0851,1.0831,1.0827,1.0852
2016-01-22 08:00:00,1.0831,1.0836,1.0813,1.0863
2016-01-22 12:00:00,1.0836,1.0814,1.0794,1.0845
2016-01-22 16:00:00,1.0814,1.0812,1.0803,1.0838
2016-01-22 20:00:00,1.0812,1.0797,1.0789,1.0814
2016-01-25 00:00:00,1.0791,1.0804,1.0782,1.0856
2016-01-25 04:00:00,1.0804,1.0817,1.0799,1.0819
2016-01-25 08:00:00,1.0817,1.0815,1.0806,1.0835
2016-01-25 12:00:00,1.0815,1.0833,1.0808,1.0837
2016-01-25 16:00:00,1.0833,1.083,1.0823,1.0845
2016-01-25 20:00:00,1.083,1.0848,1.0825,1.0857
2016-01-26 00:00:00,1.0849,1.085,1.0819,1.0874
2016-01-26 04:00:00,1.085,1.0846,1.0841,1.0857
2016-01-26 08:00:00,1.0846,1.0837,1.0834,1.0874
2016-01-26 12:00:00,1.0837,1.0826,1.0819,1.0842
2016-01-26 16:00:00,1.0826,1.0843,1.0823,1.0856
2016-01-26 20:00:00,1.0843,1.0868,1.0839,1.087
2016-01-27 00:00:00,1.0871,1.0856,1.085,1.0916
2016-01-27 04:00:00,1.0856,1.086,1.0854,1.087
2016-01-27 08:00:00,1.086,1.0872,1.0853,1.0882
2016-01-27 12:00:00,1.0872,1.0895,1.0866,1.0912
2016-01-27 16:00:00,1.0895,1.0871,1.0862,1.0899
2016-01-27 20:00:00,1.0871,1.0892,1.086,1.0916
2016-01-28 00:00:00,1.0893,1.0886,1.087,1.0968
2016-01-28 04:00:00,1.0887,1.0884,1.088,1.0897
2016-01-28 08:00:00,1.0884,1.0908,1.0869,1.0926
2016-01-28 12:00:00,1.0908,1.0918,1.0891,1.0933
2016-01-28 16:00:00,1.0918,1.0945,1.0904,1.0958
2016-01-28 20:00:00,1.0945,1.0939,1.0937,1.0967
2016-01-29 00:00:00,1.094,1.0936,1.081,1.0949
2016-01-29 04:00:00,1.0936,1.0912,1.0883,1.0948
2016-01-29 08:00:00,1.0912,1.0903,1.0885,1.0917
2016-01-29 12:00:00,1.0903,1.0863,1.0862,1.0926
2016-01-29 16:00:00,1.0863,1.0842,1.081,1.087
2016-01-29 20:00:00,1.0842,1.083,1.0825,1.0842
2016-02-01 00:00:00,1.0833,1.0835,1.0814,1.0913
2016-02-01 04:00:00,1.0835,1.0846,1.0834,1.0852
2016-02-01 08:00:00,1.0847,1.0857,1.0841,1.086
2016-02-01 12:00:00,1.0857,1.0881,1.0851,1.0887
2016-02-01 16:00:00,1.0881,1.0891,1.0875,1.0913
2016-02-01 20:00:00,1.0891,1.0887,1.0882,1.0906
2016-02-02 00:00:00,1.0887,1.0898,1.0885,1.094
2016-02-02 04:00:00,1.0898,1.0903,1.0894,1.0919
2016-02-02 08:00:00,1.0903,1.0914,1.0895,1.092
2016-02-02 12:00:00,1.0914,1.0937,1.0905,1.0937
2016-02-02 16:00:00,1.0937,1.0909,1.0892,1.094
2016-02-02 20:00:00,1.0908,1.0918,1.0903,1.0923
2016-02-03 00:00:00,1.0918,1.0927,1.0904,1.1145
2016-02-03 04:00:00,1.0927,1.0912,1.0911,1.0929
2016-02-03 08:00:00,1.0912,1.0917,1.0903,1.0929
2016-02-03 12:00:00,1.0917,1.0955,1.091,1.0976
2016-02-03 16:00:00,1.0955,1.1065,1.0953,1.108
2016-02-03 20:00:00,1.1065,1.1102,1.1065,1.1145
2016-02-04 00:00:00,1.1106,1.1087,1.107,1.1239
2016-02-04 04:00:00,1.1087,1.1089,1.1074,1.1093
2016-02-04 08:00:00,1.1089,1.1163,1.1069,1.1167
2016-02-04 12:00:00,1.1163,1.1203,1.1152,1.1239
2016-02-04 16:00:00,1.1202,1.1197,1.1157,1.1221
2016-02-04 20:00:00,1.1197,1.1207,1.1196,1.1222
2016-02-05 00:00:00,1.1206,1.1195,1.1109,1.1248
2016-02-05 04:00:00,1.1195,1.1189,1.1185,1.1204
2016-02-05 08:00:00,1.1189,1.1195,1.1183,1.1208
2016-02-05 12:00:00,1.1195,1.1159,1.1141,1.1247
2016-02-05 16:00:00,1.116,1.1138,1.1108,1.1165
2016-02-05 20:00:00,1.1138,1.1158,1.1127,1.1166
2016-02-08 00:00:00,1.1143,1.1144,1.1087,1.1216
2016-02-08 04:00:00,1.1144,1.1139,1.1128,1.1145
2016-02-08 08:00:00,1.1139,1.1178,1.1134,1.1183
2016-02-08 12:00:00,1.1178,1.1104,1.1086,1.1184
2016-02-08 16:00:00,1.1104,1.1165,1.1104,1.1197
2016-02-08 20:00:00,1.1165,1.1191,1.1161,1.1216
2016-02-09 00:00:00,1.1193,1.1208,1.1162,1.1338
2016-02-09 04:00:00,1.1208,1.1206,1.1197,1.1237
2016-02-09 08:00:00,1.1206,1.1185,1.1162,1.1213
2016-02-09 12:00:00,1.1185,1.1289,1.1183,1.13
2016-02-09 16:00:00,1.1289,1.1311,1.1257,1.1338
2016-02-09 20:00:00,1.1311,1.1294,1.1282,1.1314
2016-02-10 00:00:00,1.1293,1.1301,1.1161,1.1312
2016-02-10 04:00:00,1.1301,1.1298,1.1284,1.131
2016-02-10 08:00:00,1.1298,1.1265,1.1252,1.1302
2016-02-10 12:00:00,1.1265,1.1233,1.1222,1.1273
2016-02-10 16:00:00,1.1233,1.1229,1.116,1.1253
2016-02-10 20:00:00,1.1229,1.1289,1.1226,1.1299
2016-02-11 00:00:00,1.1292,1.13,1.1274,1.1377
2016-02-11 04:00:00,1.13,1.1291,1.128,1.1301
2016-02-11 08:00:00,1.1291,1.1324,1.1275,1.1354
2016-02-11 12:00:00,1.1325,1.133,1.1305,1.1368
2016-02-11 16:00:00,1.133,1.1329,1.1312,1.1376
2016-02-11 20:00:00,1.1329,1.1322,1.1314,1.1355
2016-02-12 00:00:00,1.1324,1.1303,1.1214,1.1334
2016-02-12 04:00:00,1.1303,1.1301,1.1292,1.1312
2016-02-12 08:00:00,1.1301,1.1295,1.1265,1.1325
2016-02-12 12:00:00,1.1295,1.1245,1.1227,1.1297
2016-02-12 16:00:00,1.1245,1.1246,1.1214,1.1277
2016-02-12 20:00:00,1.1246,1.125,1.1236,1.1259
2016-02-15 00:00:00,1.1237,1.1223,1.1128,1.125
2016-02-15 04:00:00,1.1222,1.1224,1.1212,1.1234
2016-02-15 08:00:00,1.1224,1.1206,1.1188,1.1229
2016-02-15 12:00:00,1.1206,1.1178,1.1176,1.1209
2016-02-15 16:00:00,1.1178,1.1156,1.1128,1.1195
2016-02-15 20:00:00,1.1156,1.1153,1.1144,1.1159
2016-02-16 00:00:00,1.1154,1.1176,1.1124,1.1193
2016-02-16 04:00:00,1.1176,1.1154,1.1146,1.1177
2016-02-16 08:00:00,1.1154,1.1175,1.1149,1.1193
2016-02-16 12:00:00,1.1175,1.1173,1.1156,1.119
2016-02-16 16:00:00,1.1173,1.1137,1.1124,1.1183
2016-02-16 20:00:00,1.1137,1.1142,1.1124,1.1146
2016-02-17 00:00:00,1.1144,1.1133,1.1106,1.1179
2016-02-17 04:00:00,1.1133,1.1163,1.1132,1.1171
2016-02-17 08:00:00,1.1163,1.113,1.1129,1.1179
2016-02-17 12:00:00,1.113,1.1129,1.1114,1.115
2016-02-17 16:00:00,1.1129,1.1145,1.1106,1.1146
2016-02-17 20:00:00,1.1145,1.1127,1.1119,1.1157
2016-02-18 00:00:00,1.1128,1.1133,1.1071,1.115
2016-02-18 04:00:00,1.1134,1.1141,1.1131,1.1146
2016-02-18 08:00:00,1.1141,1.1137,1.1124,1.1149
2016-02-18 12:00:00,1.1137,1.1082,1.1078,1.1139
2016-02-18 16:00:00,1.1083,1.1115,1.1071,1.1117
2016-02-18 20:00:00,1.1115,1.1106,1.1087,1.1123
2016-02-19 00:00:00,1.1106,1.1121,1.1067,1.1139
2016-02-19 04:00:00,1.1121,1.1125,1.1117,1.1129
2016-02-19 08:00:00,1.1125,1.1085,1.108,1.1139
2016-02-19 12:00:00,1.1084,1.1102,1.1066,1.1118
2016-02-19 16:00:00,1.1102,1.1129,1.1079,1.1133
2016-02-19 20:00:00,1.1129,1.1128,1.1125,1.1137
2016-02-22 00:00:00,1.1111,1.1116,1.1003,1.1125
2016-02-22 04:00:00,1.1116,1.1112,1.1105,1.1121
2016-02-22 08:00:00,1.1112,1.1081,1.1081,1.1119
2016-02-22 12:00:00,1.1081,1.1005,1.1005,1.1081
2016-02-22 16:00:00,1.1006,1.1028,1.1003,1.1035
2016-02-22 20:00:00,1.1028,1.1028,1.1009,1.1034
2016-02-23 00:00:00,1.1029,1.1043,1.099,1.1053
2016-02-23 04:00:00,1.1043,1.1037,1.1035,1.1049
2016-02-23 08:00:00,1.1037,1.1003,1.0991,1.1052
2016-02-23 12:00:00,1.1003,1.1011,1.099,1.1019
2016-02-23 16:00:00,1.1011,1.1021,1.0995,1.1038
2016-02-23 20:00:00,1.1021,1.1018,1.1004,1.1027
2016-02-24 00:00:00,1.102,1.1001,1.0957,1.1047
2016-02-24 04:00:00,1.1001,1.1015,1.1,1.1027
2016-02-24 08:00:00,1.1015,1.0982,1.0976,1.1018
2016-02-24 12:00:00,1.0982,1.0998,1.0957,1.1006
2016-02-24 16:00:00,1.0998,1.1024,1.0974,1.1046
2016-02-24 20:00:00,1.1024,1.1012,1.1005,1.1031
2016-02-25 00:00:00,1.1013,1.1025,1.0987,1.105
2016-02-25 04:00:00,1.1025,1.1034,1.1017,1.1034
2016-02-25 08:00:00,1.1034,1.1014,1.1004,1.1038
2016-02-25 12:00:00,1.1014,1.101,1.1005,1.1045
2016-02-25 16:00:00,1.101,1.104,1.0987,1.1043
2016-02-25 20:00:00,1.104,1.1017,1.1017,1.105
2016-02-26 00:00:00,1.1018,1.1051,1.0912,1.1068
2016-02-26 04:00:00,1.105,1.1061,1.1047,1.1068
2016-02-26 08:00:00,1.106,1.1016,1.1005,1.1065
2016-02-26 12:00:00,1.1016,1.0973,1.0971,1.1031
2016-02-26 16:00:00,1.0973,1.0925,1.0911,1.0981
2016-02-26 20:00:00,1.0925,1.0929,1.0917,1.0941
2016-02-29 00:00:00,1.0914,1.093,1.0859,1.0963
2016-02-29 04:00:00,1.093,1.0943,1.0919,1.0943
2016-02-29 08:00:00,1.0943,1.0915,1.0911,1.0963
2016-02-29 12:00:00,1.0915,1.0885,1.0878,1.0915
2016-02-29 16:00:00,1.0885,1.0875,1.0859,1.0899
2016-02-29 20:00:00,1.0874,1.0872,1.0869,1.0892
2016-03-01 00:00:00,1.0873,1.0883,1.0834,1.0894
2016-03-01 04:00:00,1.0883,1.0885,1.0875,1.0889
2016-03-01 08:00:00,1.0886,1.0861,1.0857,1.0893
2016-03-01 12:00:00,1.0861,1.088,1.0856,1.0885
2016-03-01 16:00:00,1.088,1.0857,1.0834,1.088
2016-03-01 20:00:00,1.0857,1.0866,1.0855,1.0876
2016-03-02 00:00:00,1.0866,1.0867,1.0826,1.0881
2016-03-02 04:00:00,1.0866,1.086,1.0853,1.0869
2016-03-02 08:00:00,1.086,1.087,1.0847,1.0876
2016-03-02 12:00:00,1.087,1.0843,1.0839,1.0871
2016-03-02 16:00:00,1.0843,1.0852,1.0825,1.0854
2016-03-02 20:00:00,1.0852,1.0867,1.0849,1.0872
2016-03-03 00:00:00,1.0868,1.0872,1.0853,1.0973
2016-03-03 04:00:00,1.0872,1.0858,1.0853,1.0875
2016-03-03 08:00:00,1.0858,1.0866,1.0856,1.0877
2016-03-03 12:00:00,1.0866,1.0907,1.0866,1.091
2016-03-03 16:00:00,1.0907,1.0945,1.0894,1.0973
2016-03-03 20:00:00,1.0945,1.0956,1.0944,1.0968
2016-03-04 00:00:00,1.0956,1.0944,1.0903,1.1044
2016-03-04 04:00:00,1.0944,1.0953,1.0935,1.0955
2016-03-04 08:00:00,1.0953,1.0962,1.0928,1.0974
2016-03-04 12:00:00,1.0962,1.0981,1.0903,1.099
2016-03-04 16:00:00,1.0981,1.0998,1.0958,1.1043
2016-03-04 20:00:00,1.0998,1.1006,1.099,1.1012
2016-03-07 00:00:00,1.0991,1.0986,1.094,1.1026
2016-03-07 04:00:00,1.0986,1.0992,1.0985,1.0994
2016-03-07 08:00:00,1.0992,1.0954,1.0944,1.0994
2016-03-07 12:00:00,1.0954,1.0959,1.094,1.0972
2016-03-07 16:00:00,1.0959,1.1021,1.0946,1.1025
2016-03-07 20:00:00,1.1021,1.1012,1.1003,1.1026
2016-03-08 00:00:00,1.1014,1.1018,1.0994,1.1058
2016-03-08 04:00:00,1.1018,1.1017,1.1014,1.1028
2016-03-08 08:00:00,1.1017,1.1014,1.1011,1.1044
2016-03-08 12:00:00,1.1014,1.1032,1.1001,1.1036
2016-03-08 16:00:00,1.1032,1.1018,1.1013,1.1058
2016-03-08 20:00:00,1.1018,1.101,1.0993,1.1018
2016-03-09 00:00:00,1.1011,1.0983,1.0946,1.1035
2016-03-09 04:00:00,1.0983,1.0975,1.0967,1.0984
2016-03-09 08:00:00,1.0975,1.097,1.0961,1.0989
2016-03-09 12:00:00,1.097,1.095,1.0948,1.0979
2016-03-09 16:00:00,1.095,1.1028,1.0946,1.1035
2016-03-09 20:00:00,1.1028,1.0998,1.0997,1.1031
2016-03-10 00:00:00,1.0999,1.0982,1.0822,1.1218
2016-03-10 04:00:00,1.0982,1.0981,1.0971,1.0987
2016-03-10 08:00:00,1.0981,1.0967,1.096,1.0982
2016-03-10 12:00:00,1.0967,1.0921,1.0822,1.099
2016-03-10 16:00:00,1.092,1.1193,1.091,1.1218
2016-03-10 20:00:00,1.1193,1.1176,1.1175,1.1215
2016-03-11 00:00:00,1.1178,1.1184,1.108,1.121
2016-03-11 04:00:00,1.1184,1.1176,1.1163,1.1185
2016-03-11 08:00:00,1.1176,1.1111,1.1104,1.1181
2016-03-11 12:00:00,1.1111,1.1124,1.108,1.1126
2016-03-11 16:00:00,1.1124,1.1156,1.1115,1.1191
2016-03-11 20:00:00,1.1156,1.1146,1.1145,1.1165
2016-03-14 00:00:00,1.1136,1.1153,1.1078,1.1176
2016-03-14 04:00:00,1.1153,1.1157,1.1152,1.1166
2016-03-14 08:00:00,1.1158,1.1125,1.1112,1.1164
2016-03-14 12:00:00,1.1125,1.1111,1.1098,1.1135
2016-03-14 16:00:00,1.1111,1.1085,1.1084,1.1122
2016-03-14 20:00:00,1.1085,1.1101,1.1078,1.1107
2016-03-15 00:00:00,1.1101,1.1109,1.1072,1.1125
2016-03-15 04:00:00,1.1109,1.1106,1.11,1.1115
2016-03-15 08:00:00,1.1106,1.1073,1.1072,1.112
2016-03-15 12:00:00,1.1074,1.11,1.1073,1.1125
2016-03-15 16:00:00,1.11,1.1111,1.1081,1.1117
2016-03-15 20:00:00,1.1111,1.1105,1.1101,1.1115
2016-03-16 00:00:00,1.1109,1.1103,1.1058,1.1242
2016-03-16 04:00:00,1.1103,1.1096,1.1094,1.1109
2016-03-16 08:00:00,1.1096,1.1094,1.1074,1.1101
2016-03-16 12:00:00,1.1094,1.1063,1.1058,1.1099
2016-03-16 16:00:00,1.1063,1.1087,1.1058,1.1092
2016-03-16 20:00:00,1.1088,1.1212,1.1088,1.1242
2016-03-17 00:00:00,1.1223,1.1213,1.1205,1.1343
2016-03-17 04:00:00,1.1213,1.1219,1.1213,1.123
2016-03-17 08:00:00,1.1219,1.1298,1.1219,1.1304
2016-03-17 12:00:00,1.1298,1.1327,1.1278,1.1342
2016-03-17 16:00:00,1.1327,1.1318,1.1291,1.1337
2016-03-17 20:00:00,1.1318,1.1315,1.131,1.1323
2016-03-18 00:00:00,1.1318,1.1326,1.1256,1.1337
2016-03-18 04:00:00,1.1326,1.131,1.1307,1.133
2016-03-18 08:00:00,1.131,1.1272,1.1256,1.1314
2016-03-18 12:00:00,1.1272,1.129,1.1262,1.13
2016-03-18 16:00:00,1.129,1.1275,1.1265,1.1307
2016-03-18 20:00:00,1.1275,1.1269,1.1263,1.1282
2016-03-21 00:00:00,1.1262,1.1282,1.1234,1.1285
2016-03-21 04:00:00,1.1282,1.1269,1.1266,1.1284
2016-03-21 08:00:00,1.1269,1.126,1.1235,1.1271
2016-03-21 12:00:00,1.126,1.1261,1.1257,1.1284
2016-03-21 16:00:00,1.126,1.1248,1.1234,1.1268
2016-03-21 20:00:00,1.1248,1.1239,1.1237,1.1256
2016-03-22 00:00:00,1.1241,1.1238,1.1188,1.126
2016-03-22 04:00:00,1.1238,1.1254,1.1235,1.126
2016-03-22 08:00:00,1.1253,1.1207,1.1188,1.1259
2016-03-22 12:00:00,1.1207,1.1222,1.1196,1.1233
2016-03-22 16:00:00,1.1227,1.122,1.1204,1.1236
2016-03-22 20:00:00,1.122,1.1215,1.1206,1.1224
2016-03-23 00:00:00,1.1217,1.1214,1.116,1.1224
2016-03-23 04:00:00,1.1214,1.1205,1.1204,1.1216
2016-03-23 08:00:00,1.1205,1.1189,1.118,1.1208
2016-03-23 12:00:00,1.1189,1.1184,1.1163,1.12
2016-03-23 16:00:00,1.1183,1.1181,1.117,1.1188
2016-03-23 20:00:00,1.1181,1.118,1.1172,1.1185
2016-03-24 00:00:00,1.1182,1.117,1.1144,1.1188
2016-03-24 04:00:00,1.117,1.1174,1.1166,1.1178
2016-03-24 08:00:00,1.1174,1.117,1.1149,1.1178
2016-03-24 12:00:00,1.117,1.116,1.1144,1.1187
2016-03-24 16:00:00,1.116,1.1185,1.115,1.1185
2016-03-24 20:00:00,1.1185,1.1179,1.1171,1.1186
2016-03-25 00:00:00,1.1175,1.1157,1.1154,1.1181
2016-03-25 04:00:00,1.1157,1.1165,1.1156,1.1167
2016-03-25 08:00:00,1.1167,1.1167,1.1156,1.1169
2016-03-25 12:00:00,1.1167,1.1169,1.116,1.1176
2016-03-25 16:00:00,1.1169,1.1167,1.116,1.1169
2016-03-25 20:00:00,1.1167,1.1161,1.1158,1.1171
2016-03-28 00:00:00,1.1162,1.1158,1.1153,1.122
2016-03-28 04:00:00,1.1158,1.1163,1.1154,1.1165
2016-03-28 08:00:00,1.1163,1.1171,1.116,1.1173
2016-03-28 12:00:00,1.117,1.118,1.1157,1.1183
2016-03-28 16:00:00,1.118,1.1193,1.1179,1.122
2016-03-28 20:00:00,1.1193,1.1195,1.1192,1.1208
2016-03-29 00:00:00,1.1196,1.1196,1.1169,1.1303
2016-03-29 04:00:00,1.1196,1.119,1.1184,1.12
2016-03-29 08:00:00,1.119,1.118,1.1169,1.1198
2016-03-29 12:00:00,1.118,1.1214,1.1175,1.1216
2016-03-29 16:00:00,1.1214,1.1264,1.1179,1.1271
2016-03-29 20:00:00,1.1264,1.1289,1.126,1.1303
2016-03-30 00:00:00,1.129,1.1296,1.1283,1.1365
2016-03-30 04:00:00,1.1296,1.1296,1.1286,1.13
2016-03-30 08:00:00,1.1296,1.1319,1.1293,1.1333
2016-03-30 12:00:00,1.132,1.1311,1.1309,1.1339
2016-03-30 16:00:00,1.1311,1.1319,1.1302,1.1365
2016-03-30 20:00:00,1.1319,1.1339,1.1316,1.1344
2016-03-31 00:00:00,1.1337,1.1329,1.131,1.1412
2016-03-31 04:00:00,1.1329,1.1317,1.131,1.133
2016-03-31 08:00:00,1.1317,1.1356,1.131,1.1361
2016-03-31 12:00:00,1.1356,1.1388,1.135,1.1399
2016-03-31 16:00:00,1.1388,1.1381,1.1377,1.1412
2016-03-31 20:00:00,1.1381,1.1379,1.1376,1.1394
2016-04-01 00:00:00,1.1378,1.1382,1.1335,1.1438
2016-04-01 04:00:00,1.1383,1.1374,1.1367,1.1385
2016-04-01 08:00:00,1.1374,1.1399,1.1371,1.1401
2016-04-01 12:00:00,1.1399,1.1399,1.1386,1.1438
2016-04-01 16:00:00,1.1399,1.1392,1.1334,1.1411
2016-04-01 20:00:00,1.1392,1.139,1.1383,1.1403
2016-04-04 00:00:00,1.1401,1.1406,1.1357,1.1413
2016-04-04 04:00:00,1.1406,1.1383,1.1383,1.1412
2016-04-04 08:00:00,1.1383,1.1371,1.1367,1.1396
2016-04-04 12:00:00,1.1371,1.1397,1.1357,1.14
2016-04-04 16:00:00,1.1397,1.1395,1.1373,1.1409
2016-04-04 20:00:00,1.1395,1.1389,1.1387,1.1407
2016-04-05 00:00:00,1.1389,1.14,1.1336,1.1405
2016-04-05 04:00:00,1.14,1.139,1.1384,1.1405
2016-04-05 08:00:00,1.139,1.1366,1.1344,1.1392
2016-04-05 12:00:00,1.1367,1.1373,1.135,1.1382
2016-04-05 16:00:00,1.1373,1.1396,1.1336,1.14
2016-04-05 20:00:00,1.1396,1.1383,1.1378,1.1401
2016-04-06 00:00:00,1.1383,1.1382,1.1327,1.1432
2016-04-06 04:00:00,1.1383,1.1372,1.1365,1.1385
2016-04-06 08:00:00,1.1372,1.1349,1.134,1.1373
2016-04-06 12:00:00,1.1349,1.1365,1.1326,1.1373
2016-04-06 16:00:00,1.1365,1.1414,1.1359,1.1432
2016-04-06 20:00:00,1.1414,1.1398,1.1392,1.1425
2016-04-07 00:00:00,1.1399,1.1411,1.1338,1.1454
2016-04-07 04:00:00,1.1411,1.1406,1.1393,1.1414
2016-04-07 08:00:00,1.1406,1.1386,1.136,1.1454
2016-04-07 12:00:00,1.1386,1.1377,1.1357,1.1406
2016-04-07 16:00:00,1.1377,1.1375,1.1337,1.1399
2016-04-07 20:00:00,1.1376,1.1377,1.1361,1.1381
2016-04-08 00:00:00,1.1378,1.1368,1.1349,1.1419
2016-04-08 04:00:00,1.1368,1.1364,1.1359,1.1374
2016-04-08 08:00:00,1.1364,1.1386,1.1349,1.1394
2016-04-08 12:00:00,1.1386,1.1363,1.1352,1.1393
2016-04-08 16:00:00,1.1363,1.1407,1.1362,1.1419
2016-04-08 20:00:00,1.1407,1.1395,1.1393,1.1408
2016-04-11 00:00:00,1.1417,1.1396,1.1372,1.1447
2016-04-11 04:00:00,1.1396,1.141,1.1396,1.1426
2016-04-11 08:00:00,1.141,1.1392,1.1372,1.1428
2016-04-11 12:00:00,1.1392,1.1411,1.1377,1.1422
2016-04-11 16:00:00,1.1411,1.1413,1.1394,1.1447
2016-04-11 20:00:00,1.1413,1.141,1.1396,1.1418
2016-04-12 00:00:00,1.1405,1.141,1.1346,1.1465
2016-04-12 04:00:00,1.141,1.1408,1.1401,1.1416
2016-04-12 08:00:00,1.1408,1.1433,1.1406,1.1465
2016-04-12 12:00:00,1.1433,1.1382,1.138,1.1435
2016-04-12 16:00:00,1.1382,1.1375,1.1346,1.14
2016-04-12 20:00:00,1.1375,1.1384,1.1372,1.1398
2016-04-13 00:00:00,1.1385,1.138,1.1268,1.1391
2016-04-13 04:00:00,1.138,1.1367,1.1365,1.1381
2016-04-13 08:00:00,1.1367,1.1337,1.1336,1.1367
2016-04-13 12:00:00,1.1337,1.1313,1.1295,1.1339
2016-04-13 16:00:00,1.1312,1.1287,1.1272,1.1324
2016-04-13 20:00:00,1.1287,1.1272,1.1268,1.1292
2016-04-14 00:00:00,1.1273,1.1266,1.1234,1.1295
2016-04-14 04:00:00,1.1266,1.1261,1.1254,1.1273
2016-04-14 08:00:00,1.1262,1.1268,1.1234,1.1271
2016-04-14 12:00:00,1.1268,1.1276,1.1249,1.1295
2016-04-14 16:00:00,1.1276,1.1262,1.1248,1.1284
2016-04-14 20:00:00,1.1262,1.1266,1.1254,1.1276
2016-04-15 00:00:00,1.1266,1.1255,1.1246,1.1317
2016-04-15 04:00:00,1.1255,1.1262,1.1253,1.1264
2016-04-15 08:00:00,1.1262,1.1265,1.1245,1.1271
2016-04-15 12:00:00,1.1264,1.1274,1.1257,1.1297
2016-04-15 16:00:00,1.1274,1.1297,1.1272,1.1317
2016-04-15 20:00:00,1.1298,1.1283,1.128,1.1311
2016-04-18 00:00:00,1.1303,1.1295,1.1274,1.1332
2016-04-18 04:00:00,1.1295,1.1286,1.1276,1.1297
2016-04-18 08:00:00,1.1286,1.1302,1.1273,1.1309
2016-04-18 12:00:00,1.1302,1.1307,1.1296,1.1319
2016-04-18 16:00:00,1.1307,1.1324,1.1297,1.1332
2016-04-18 20:00:00,1.1324,1.1312,1.1307,1.1329
2016-04-19 00:00:00,1.1311,1.131,1.1303,1.1385
2016-04-19 04:00:00,1.131,1.1324,1.131,1.1326
2016-04-19 08:00:00,1.1324,1.1333,1.1315,1.1344
2016-04-19 12:00:00,1.1333,1.1354,1.1325,1.1359
2016-04-19 16:00:00,1.1353,1.1376,1.1353,1.1384
2016-04-19 20:00:00,1.1376,1.1358,1.1356,1.1382
2016-04-20 00:00:00,1.1357,1.1357,1.1291,1.1388
2016-04-20 04:00:00,1.1357,1.1361,1.1357,1.1373
2016-04-20 08:00:00,1.1361,1.1365,1.1348,1.1368
2016-04-20 12:00:00,1.1365,1.1366,1.1361,1.1388
2016-04-20 16:00:00,1.1366,1.1327,1.1318,1.1367
2016-04-20 20:00:00,1.1327,1.1295,1.129,1.1327
2016-04-21 00:00:00,1.1295,1.1299,1.127,1.1399
2016-04-21 04:00:00,1.1299,1.1292,1.1286,1.1304
2016-04-21 08:00:00,1.1292,1.1293,1.1283,1.131
2016-04-21 12:00:00,1.1293,1.1376,1.1285,1.1399
2016-04-21 16:00:00,1.1376,1.1298,1.127,1.139
2016-04-21 20:00:00,1.1298,1.1286,1.1284,1.1301
2016-04-22 00:00:00,1.1287,1.1298,1.1218,1.1309
2016-04-22 04:00:00,1.1297,1.1294,1.1291,1.1308
2016-04-22 08:00:00,1.1294,1.1273,1.1264,1.1305
2016-04-22 12:00:00,1.1273,1.1256,1.1249,1.1283
2016-04-22 16:00:00,1.1256,1.1223,1.1222,1.127
2016-04-22 20:00:00,1.1223,1.1215,1.1215,1.1237
2016-04-25 00:00:00,1.1218,1.1227,1.1215,1.1278
2016-04-25 04:00:00,1.1227,1.1241,1.1226,1.1247
2016-04-25 08:00:00,1.1241,1.1255,1.1231,1.1263
2016-04-25 12:00:00,1.1256,1.125,1.1243,1.1267
2016-04-25 16:00:00,1.125,1.1266,1.1244,1.1278
2016-04-25 20:00:00,1.1266,1.1266,1.1258,1.1278
2016-04-26 00:00:00,1.1263,1.1265,1.1256,1.134
2016-04-26 04:00:00,1.1265,1.1262,1.126,1.1275
2016-04-26 08:00:00,1.1262,1.1292,1.1256,1.13
2016-04-26 12:00:00,1.1292,1.1307,1.127,1.1319
2016-04-26 16:00:00,1.1307,1.1295,1.1293,1.1339
2016-04-26 20:00:00,1.1295,1.1295,1.128,1.1302
2016-04-27 00:00:00,1.1298,1.1303,1.1272,1.1361
2016-04-27 04:00:00,1.1303,1.1296,1.1294,1.1312
2016-04-27 08:00:00,1.1296,1.1321,1.1291,1.1333
2016-04-27 12:00:00,1.1321,1.1315,1.1293,1.1322
2016-04-27 16:00:00,1.1315,1.1324,1.1302,1.1329
2016-04-27 20:00:00,1.1324,1.1319,1.1271,1.1361
2016-04-28 00:00:00,1.1323,1.131,1.1296,1.1368
2016-04-28 04:00:00,1.131,1.1336,1.1296,1.1344
2016-04-28 08:00:00,1.1336,1.1358,1.1327,1.1368
2016-04-28 12:00:00,1.1358,1.1345,1.1337,1.1365
2016-04-28 16:00:00,1.1345,1.1337,1.131,1.1349
2016-04-28 20:00:00,1.1337,1.1351,1.1336,1.1362
2016-04-29 00:00:00,1.1348,1.1363,1.1347,1.1459
2016-04-29 04:00:00,1.1363,1.1394,1.1362,1.1395
2016-04-29 08:00:00,1.1394,1.1378,1.137,1.1414
2016-04-29 12:00:00,1.1377,1.1414,1.1376,1.1432
2016-04-29 16:00:00,1.1414,1.144,1.1412,1.1459
2016-04-29 20:00:00,1.144,1.145,1.1433,1.1456
2016-05-02 00:00:00,1.146,1.1474,1.1448,1.1536
2016-05-02 04:00:00,1.1474,1.1466,1.1463,1.1481
2016-05-02 08:00:00,1.1466,1.1479,1.1448,1.1484
2016-05-02 12:00:00,1.1479,1.1483,1.1472,1.1501
2016-05-02 16:00:00,1.1483,1.1524,1.1469,1.1535
2016-05-02 20:00:00,1.1524,1.1533,1.1514,1.1535
2016-05-03 00:00:00,1.1532,1.1534,1.1495,1.1616
2016-05-03 04:00:00,1.1534,1.1532,1.1522,1.1542
2016-05-03 08:00:00,1.1532,1.1592,1.1527,1.1616
2016-05-03 12:00:00,1.1592,1.1553,1.1547,1.1601
2016-05-03 16:00:00,1.1553,1.1526,1.1501,1.1563
2016-05-03 20:00:00,1.1526,1.1495,1.1495,1.1538
2016-05-04 00:00:00,1.1496,1.1505,1.1466,1.153
2016-05-04 04:00:00,1.1505,1.1487,1.1476,1.1508
2016-05-04 08:00:00,1.1487,1.1489,1.1469,1.1511
2016-05-04 12:00:00,1.1488,1.1493,1.1473,1.1529
2016-05-04 16:00:00,1.1493,1.1497,1.1466,1.1518
2016-05-04 20:00:00,1.1497,1.1486,1.1484,1.1503
2016-05-05 00:00:00,1.1486,1.1485,1.1386,1.1494
2016-05-05 04:00:00,1.1485,1.1484,1.1482,1.1493
2016-05-05 08:00:00,1.1484,1.1438,1.1433,1.1493
2016-05-05 12:00:00,1.1438,1.1434,1.1418,1.1445
2016-05-05 16:00:00,1.1434,1.1412,1.1386,1.1436
2016-05-05 20:00:00,1.1412,1.1405,1.1393,1.1412
2016-05-06 00:00:00,1.1405,1.1396,1.1387,1.1479
2016-05-06 04:00:00,1.1396,1.1403,1.1396,1.1409
2016-05-06 08:00:00,1.1403,1.1422,1.1396,1.1427
2016-05-06 12:00:00,1.1422,1.1435,1.1402,1.148
2016-05-06 16:00:00,1.1435,1.1424,1.1401,1.1442
2016-05-06 20:00:00,1.1424,1.1401,1.1386,1.1429
2016-05-09 00:00:00,1.1396,1.1383,1.1375,1.142
2016-05-09 04:00:00,1.1383,1.1412,1.1383,1.1412
2016-05-09 08:00:00,1.1411,1.1393,1.1384,1.1419
2016-05-09 12:00:00,1.1394,1.1402,1.1375,1.1408
2016-05-09 16:00:00,1.1402,1.1391,1.1383,1.1414
2016-05-09 20:00:00,1.1391,1.1381,1.1379,1.1393
2016-05-10 00:00:00,1.1383,1.1384,1.1359,1.141
2016-05-10 04:00:00,1.1384,1.1374,1.1371,1.1392
2016-05-10 08:00:00,1.1374,1.1395,1.1369,1.1402
2016-05-10 12:00:00,1.1395,1.1374,1.1358,1.1395
2016-05-10 16:00:00,1.1374,1.1382,1.1372,1.141
2016-05-10 20:00:00,1.1381,1.1372,1.1365,1.1383
2016-05-11 00:00:00,1.1372,1.1373,1.1369,1.1447
2016-05-11 04:00:00,1.1373,1.138,1.1372,1.1391
2016-05-11 08:00:00,1.138,1.1389,1.138,1.1397
2016-05-11 12:00:00,1.1389,1.1406,1.1384,1.142
2016-05-11 16:00:00,1.1406,1.1432,1.1403,1.1446
2016-05-11 20:00:00,1.1432,1.1425,1.1421,1.1439
2016-05-12 00:00:00,1.1426,1.1428,1.1371,1.1429
2016-05-12 04:00:00,1.1428,1.1423,1.1421,1.1429
2016-05-12 08:00:00,1.1423,1.1408,1.1404,1.1424
2016-05-12 12:00:00,1.1407,1.1405,1.1378,1.1414
2016-05-12 16:00:00,1.1404,1.1386,1.1372,1.1414
2016-05-12 20:00:00,1.1386,1.1377,1.137,1.139
2016-05-13 00:00:00,1.1376,1.1373,1.1283,1.138
2016-05-13 04:00:00,1.1373,1.1373,1.1366,1.1376
2016-05-13 08:00:00,1.1373,1.1351,1.1329,1.1376
2016-05-13 12:00:00,1.1351,1.1317,1.1307,1.1356
2016-05-13 16:00:00,1.1317,1.1294,1.1283,1.1331
2016-05-13 20:00:00,1.1294,1.1309,1.1286,1.1319
2016-05-16 00:00:00,1.1312,1.1303,1.1302,1.1342
2016-05-16 04:00:00,1.1303,1.131,1.1303,1.1315
2016-05-16 08:00:00,1.131,1.1321,1.1307,1.133
2016-05-16 12:00:00,1.1322,1.1336,1.1307,1.1342
2016-05-16 16:00:00,1.1336,1.1328,1.1325,1.134
2016-05-16 20:00:00,1.1328,1.1319,1.1313,1.1329
2016-05-17 00:00:00,1.132,1.1317,1.1302,1.1349
2016-05-17 04:00:00,1.1318,1.1315,1.1313,1.1325
2016-05-17 08:00:00,1.1315,1.1324,1.1311,1.134
2016-05-17 12:00:00,1.1324,1.1311,1.1301,1.133
2016-05-17 16:00:00,1.1311,1.1332,1.131,1.1348
2016-05-17 20:00:00,1.1332,1.1312,1.1311,1.1332
2016-05-18 00:00:00,1.1312,1.1308,1.1214,1.1316
2016-05-18 04:00:00,1.1308,1.1285,1.1284,1.1314
2016-05-18 08:00:00,1.1285,1.1263,1.1256,1.1288
2016-05-18 12:00:00,1.1263,1.1274,1.1257,1.1288
2016-05-18 16:00:00,1.1274,1.128,1.126,1.129
2016-05-18 20:00:00,1.128,1.1216,1.1214,1.1293
2016-05-19 00:00:00,1.1216,1.1226,1.118,1.123
2016-05-19 04:00:00,1.1226,1.1218,1.1211,1.1229
2016-05-19 08:00:00,1.1218,1.1225,1.1205,1.123
2016-05-19 12:00:00,1.1225,1.1181,1.118,1.1225
2016-05-19 16:00:00,1.1181,1.1208,1.118,1.1227
2016-05-19 20:00:00,1.1207,1.1202,1.1195,1.1208
2016-05-20 00:00:00,1.1203,1.1198,1.1196,1.1237
2016-05-20 04:00:00,1.1198,1.1201,1.1196,1.121
2016-05-20 08:00:00,1.1201,1.1221,1.12,1.1228
2016-05-20 12:00:00,1.1221,1.1222,1.1211,1.1225
2016-05-20 16:00:00,1.1222,1.1212,1.1204,1.1237
2016-05-20 20:00:00,1.1213,1.1222,1.1211,1.1228
2016-05-23 00:00:00,1.1209,1.1224,1.1188,1.1243
2016-05-23 04:00:00,1.1224,1.1231,1.1224,1.1243
2016-05-23 08:00:00,1.1231,1.121,1.12,1.1239
2016-05-23 12:00:00,1.121,1.12,1.1199,1.1217
2016-05-23 16:00:00,1.12,1.121,1.1187,1.121
2016-05-23 20:00:00,1.121,1.1219,1.1206,1.123
2016-05-24 00:00:00,1.122,1.1212,1.1133,1.1227
2016-05-24 04:00:00,1.1212,1.1213,1.1203,1.1215
2016-05-24 08:00:00,1.1213,1.1178,1.1168,1.1227
2016-05-24 12:00:00,1.1177,1.116,1.1156,1.1189
2016-05-24 16:00:00,1.1161,1.1149,1.1139,1.1163
2016-05-24 20:00:00,1.1149,1.1139,1.1132,1.115
2016-05-25 00:00:00,1.114,1.1138,1.1129,1.1167
2016-05-25 04:00:00,1.1138,1.115,1.1136,1.1158
2016-05-25 08:00:00,1.115,1.1146,1.1138,1.1156
2016-05-25 12:00:00,1.1146,1.1147,1.1136,1.1153
2016-05-25 16:00:00,1.1146,1.1159,1.1129,1.1165
2016-05-25 20:00:00,1.1159,1.1154,1.115,1.1167
2016-05-26 00:00:00,1.1155,1.117,1.1149,1.1217
2016-05-26 04:00:00,1.117,1.118,1.1166,1.1186
2016-05-26 08:00:00,1.118,1.1178,1.1165,1.119
2016-05-26 12:00:00,1.1178,1.12,1.1159,1.1202
2016-05-26 16:00:00,1.12,1.1175,1.1169,1.1216
2016-05-26 20:00:00,1.1175,1.1193,1.1175,1.1195
2016-05-27 00:00:00,1.1194,1.1192,1.1111,1.1201
2016-05-27 04:00:00,1.1192,1.1188,1.1183,1.1194
2016-05-27 08:00:00,1.1188,1.1181,1.1174,1.12
2016-05-27 12:00:00,1.1181,1.1156,1.1153,1.1184
2016-05-27 16:00:00,1.1156,1.1137,1.1125,1.1162
2016-05-27 20:00:00,1.1137,1.1113,1.1111,1.1148
2016-05-30 00:00:00,1.1113,1.1103,1.1098,1.1145
2016-05-30 04:00:00,1.1103,1.1105,1.1098,1.1108
2016-05-30 08:00:00,1.1105,1.1134,1.11,1.1137
2016-05-30 12:00:00,1.1134,1.1139,1.1129,1.1143
2016-05-30 16:00:00,1.1139,1.1134,1.1128,1.1144
2016-05-30 20:00:00,1.1134,1.1138,1.1134,1.1142
2016-05-31 00:00:00,1.1138,1.1147,1.1122,1.1174
2016-05-31 04:00:00,1.1147,1.1133,1.1131,1.1155
2016-05-31 08:00:00,1.1133,1.1134,1.1122,1.1136
2016-05-31 12:00:00,1.1134,1.1154,1.1127,1.1165
2016-05-31 16:00:00,1.1154,1.1138,1.1125,1.1173
2016-05-31 20:00:00,1.1138,1.113,1.1125,1.1143
2016-06-01 00:00:00,1.1131,1.1125,1.1114,1.1194
2016-06-01 04:00:00,1.1125,1.1124,1.1114,1.1128
2016-06-01 08:00:00,1.1124,1.1155,1.1116,1.1162
2016-06-01 12:00:00,1.1155,1.1178,1.1151,1.1185
2016-06-01 16:00:00,1.1178,1.1173,1.1149,1.1181
2016-06-01 20:00:00,1.1173,1.1187,1.1172,1.1194
2016-06-02 00:00:00,1.1188,1.1193,1.1145,1.122
2016-06-02 04:00:00,1.1193,1.1205,1.1186,1.1213
2016-06-02 08:00:00,1.1205,1.121,1.1191,1.122
2016-06-02 12:00:00,1.121,1.1188,1.1166,1.1216
2016-06-02 16:00:00,1.1189,1.1156,1.1145,1.1192
2016-06-02 20:00:00,1.1156,1.1151,1.1147,1.1161
2016-06-03 00:00:00,1.1151,1.1144,1.1137,1.1374
2016-06-03 04:00:00,1.1144,1.1157,1.1143,1.1158
2016-06-03 08:00:00,1.1157,1.1148,1.1146,1.1159
2016-06-03 12:00:00,1.1148,1.1287,1.1071,1.1297
2016-06-03 16:00:00,1.1287,1.1326,1.1286,1.135
2016-06-03 20:00:00,1.1326,1.1366,1.1326,1.1373
2016-06-06 00:00:00,1.1356,1.1346,1.1326,1.1393
2016-06-06 04:00:00,1.1346,1.1341,1.1336,1.135
2016-06-06 08:00:00,1.1341,1.1357,1.1336,1.1363
2016-06-06 12:00:00,1.1358,1.1348,1.1331,1.1363
2016-06-06 16:00:00,1.1348,1.1378,1.1326,1.1383
2016-06-06 20:00:00,1.1378,1.1353,1.1353,1.1392
2016-06-07 00:00:00,1.1354,1.1357,1.1339,1.1381
2016-06-07 04:00:00,1.1357,1.1357,1.135,1.1367
2016-06-07 08:00:00,1.1357,1.1364,1.1351,1.1372
2016-06-07 12:00:00,1.1364,1.1365,1.1338,1.138
2016-06-07 16:00:00,1.1365,1.1348,1.1341,1.1367
2016-06-07 20:00:00,1.1348,1.1356,1.1345,1.1365
2016-06-08 00:00:00,1.1357,1.1361,1.1354,1.1411
2016-06-08 04:00:00,1.1361,1.1374,1.1361,1.1374
2016-06-08 08:00:00,1.1374,1.137,1.1361,1.1377
2016-06-08 12:00:00,1.137,1.1392,1.1364,1.1395
2016-06-08 16:00:00,1.1392,1.1399,1.1387,1.141
2016-06-08 20:00:00,1.1399,1.1394,1.1391,1.1407
2016-06-09 00:00:00,1.1394,1.1399,1.1306,1.1416
2016-06-09 04:00:00,1.1399,1.1404,1.1395,1.1415
2016-06-09 08:00:00,1.1404,1.1364,1.1351,1.1406
2016-06-09 12:00:00,1.1364,1.1326,1.1326,1.1365
2016-06-09 16:00:00,1.1325,1.1319,1.1305,1.1337
2016-06-09 20:00:00,1.1319,1.1313,1.1313,1.1333
2016-06-10 00:00:00,1.1317,1.1297,1.1245,1.1321
2016-06-10 04:00:00,1.1298,1.1294,1.1289,1.1303
2016-06-10 08:00:00,1.1294,1.1301,1.1293,1.1321
2016-06-10 12:00:00,1.1301,1.1304,1.1282,1.1312
2016-06-10 16:00:00,1.1304,1.1278,1.1272,1.1304
2016-06-10 20:00:00,1.1278,1.1253,1.1245,1.1279
2016-06-13 00:00:00,1.1249,1.1246,1.1232,1.1303
2016-06-13 04:00:00,1.1246,1.125,1.1232,1.1255
2016-06-13 08:00:00,1.125,1.1271,1.1247,1.1274
2016-06-13 12:00:00,1.1271,1.1251,1.125,1.1278
2016-06-13 16:00:00,1.1251,1.1284,1.1237,1.1303
2016-06-13 20:00:00,1.1284,1.1289,1.1282,1.1298
2016-06-14 00:00:00,1.1292,1.1295,1.1189,1.1298
2016-06-14 04:00:00,1.1295,1.1288,1.1285,1.1298
2016-06-14 08:00:00,1.1288,1.1235,1.1228,1.129
2016-06-14 12:00:00,1.1235,1.1234,1.1208,1.124
2016-06-14 16:00:00,1.1234,1.1212,1.1189,1.1241
2016-06-14 20:00:00,1.1212,1.1206,1.1199,1.1219
2016-06-15 00:00:00,1.1204,1.12,1.119,1.1299
2016-06-15 04:00:00,1.12,1.1209,1.1189,1.121
2016-06-15 08:00:00,1.1209,1.1219,1.1198,1.1229
2016-06-15 12:00:00,1.1219,1.1225,1.1217,1.1238
2016-06-15 16:00:00,1.1226,1.1237,1.1209,1.1252
2016-06-15 20:00:00,1.1237,1.126,1.1237,1.1298
2016-06-16 00:00:00,1.1259,1.1268,1.1131,1.1295
2016-06-16 04:00:00,1.1268,1.1277,1.1258,1.1285
2016-06-16 08:00:00,1.1277,1.126,1.1258,1.1295
2016-06-16 12:00:00,1.1261,1.1171,1.1162,1.1264
2016-06-16 16:00:00,1.117,1.1206,1.1131,1.1243
2016-06-16 20:00:00,1.1206,1.1223,1.1205,1.1251
2016-06-17 00:00:00,1.1224,1.1268,1.1223,1.1296
2016-06-17 04:00:00,1.1268,1.1247,1.1247,1.1271
2016-06-17 08:00:00,1.1247,1.1257,1.1223,1.1263
2016-06-17 12:00:00,1.1257,1.1245,1.1242,1.1268
2016-06-17 16:00:00,1.1245,1.1266,1.1242,1.1296
2016-06-17 20:00:00,1.1267,1.1275,1.1267,1.1287
2016-06-20 00:00:00,1.1331,1.1351,1.1302,1.1383
2016-06-20 04:00:00,1.1351,1.1378,1.1348,1.1382
2016-06-20 08:00:00,1.1378,1.1347,1.1333,1.1378
2016-06-20 12:00:00,1.1347,1.1342,1.1322,1.135
2016-06-20 16:00:00,1.1342,1.1314,1.1304,1.1357
2016-06-20 20:00:00,1.1314,1.1312,1.1302,1.1322
2016-06-21 00:00:00,1.131,1.1331,1.1241,1.135
2016-06-21 04:00:00,1.1331,1.1333,1.1325,1.1343
2016-06-21 08:00:00,1.1333,1.1335,1.1329,1.1349
2016-06-21 12:00:00,1.1335,1.1284,1.1283,1.1346
2016-06-21 16:00:00,1.1284,1.1259,1.1243,1.1301
2016-06-21 20:00:00,1.1258,1.1244,1.1244,1.1267
2016-06-22 00:00:00,1.1242,1.1242,1.1236,1.1338
2016-06-22 04:00:00,1.1242,1.1264,1.1241,1.127
2016-06-22 08:00:00,1.1264,1.1272,1.1254,1.1278
2016-06-22 12:00:00,1.1273,1.1313,1.1265,1.1313
2016-06-22 16:00:00,1.1313,1.1303,1.1269,1.1337
2016-06-22 20:00:00,1.1303,1.1295,1.1288,1.1313
2016-06-23 00:00:00,1.1296,1.1331,1.1294,1.1421
2016-06-23 04:00:00,1.1331,1.1336,1.1325,1.135
2016-06-23 08:00:00,1.1336,1.1354,1.1316,1.1354
2016-06-23 12:00:00,1.1354,1.1391,1.1345,1.1421
2016-06-23 16:00:00,1.1391,1.1353,1.134,1.1392
2016-06-23 20:00:00,1.1353,1.1379,1.1342,1.1398
2016-06-24 00:00:00,1.138,1.1278,1.0912,1.1428
2016-06-24 04:00:00,1.1277,1.0948,1.0911,1.1297
2016-06-24 08:00:00,1.0948,1.1127,1.0935,1.1189
2016-06-24 12:00:00,1.1127,1.1051,1.104,1.1141
2016-06-24 16:00:00,1.1051,1.1165,1.1035,1.1176
2016-06-24 20:00:00,1.1165,1.1091,1.1085,1.118
2016-06-27 00:00:00,1.1007,1.1012,1.0971,1.1084
2016-06-27 04:00:00,1.1012,1.1014,1.0984,1.1033
2016-06-27 08:00:00,1.1014,1.1051,1.1013,1.1083
2016-06-27 12:00:00,1.1051,1.0992,1.0971,1.1051
2016-06-27 16:00:00,1.0992,1.1038,1.0972,1.1044
2016-06-27 20:00:00,1.1038,1.1024,1.0995,1.104
2016-06-28 00:00:00,1.1023,1.1019,1.101,1.1112
2016-06-28 04:00:00,1.102,1.1062,1.1017,1.1064
2016-06-28 08:00:00,1.1062,1.1053,1.1047,1.1079
2016-06-28 12:00:00,1.1053,1.1071,1.1053,1.1111
2016-06-28 16:00:00,1.1071,1.1052,1.1036,1.1072
2016-06-28 20:00:00,1.1052,1.1065,1.1035,1.109
2016-06-29 00:00:00,1.1063,1.1062,1.1049,1.113
2016-06-29 04:00:00,1.1062,1.1067,1.1049,1.1069
2016-06-29 08:00:00,1.1067,1.1061,1.1052,1.1103
2016-06-29 12:00:00,1.1061,1.1081,1.1051,1.1111
2016-06-29 16:00:00,1.1081,1.1097,1.1074,1.113
2016-06-29 20:00:00,1.1097,1.1124,1.1092,1.1125
2016-06-30 00:00:00,1.1122,1.1109,1.1024,1.1154
2016-06-30 04:00:00,1.1109,1.1101,1.1098,1.1119
2016-06-30 08:00:00,1.1102,1.1121,1.1084,1.1135
2016-06-30 12:00:00,1.112,1.1113,1.1076,1.1154
2016-06-30 16:00:00,1.1113,1.1073,1.1024,1.1124
2016-06-30 20:00:00,1.1072,1.1105,1.1035,1.1106
2016-07-01 00:00:00,1.1107,1.1112,1.1072,1.1169
2016-07-01 04:00:00,1.1112,1.1099,1.1087,1.1116
2016-07-01 08:00:00,1.1099,1.1105,1.1072,1.1116
2016-07-01 12:00:00,1.1105,1.1132,1.1101,1.1144
2016-07-01 16:00:00,1.1132,1.1135,1.1112,1.1169
2016-07-01 20:00:00,1.1135,1.1136,1.1118,1.1148
2016-07-04 00:00:00,1.1125,1.1129,1.1098,1.1159
2016-07-04 04:00:00,1.1129,1.1135,1.1127,1.1144
2016-07-04 08:00:00,1.1135,1.1109,1.1098,1.1144
2016-07-04 12:00:00,1.1108,1.1144,1.1104,1.1147
2016-07-04 16:00:00,1.1144,1.1147,1.1129,1.1148
2016-07-04 20:00:00,1.1147,1.1153,1.1147,1.1159
2016-07-05 00:00:00,1.1153,1.1133,1.1062,1.1186
2016-07-05 04:00:00,1.1134,1.1123,1.1123,1.1136
2016-07-05 08:00:00,1.1123,1.1136,1.1119,1.1186
2016-07-05 12:00:00,1.1136,1.1154,1.113,1.1164
2016-07-05 16:00:00,1.1154,1.109,1.1066,1.1167
2016-07-05 20:00:00,1.109,1.1075,1.1062,1.1093
2016-07-06 00:00:00,1.1075,1.1049,1.1029,1.1111
2016-07-06 04:00:00,1.1049,1.1053,1.1036,1.1058
2016-07-06 08:00:00,1.1053,1.1055,1.1045,1.1079
2016-07-06 12:00:00,1.1056,1.1074,1.1043,1.1087
2016-07-06 16:00:00,1.1073,1.1089,1.1029,1.1096
2016-07-06 20:00:00,1.1089,1.1099,1.1082,1.1111
2016-07-07 00:00:00,1.1099,1.1088,1.1053,1.1107
2016-07-07 04:00:00,1.1088,1.1101,1.1074,1.1107
2016-07-07 08:00:00,1.1101,1.1081,1.1056,1.1102
2016-07-07 12:00:00,1.1081,1.1087,1.1067,1.1101
2016-07-07 16:00:00,1.1087,1.1064,1.1053,1.1099
2016-07-07 20:00:00,1.1064,1.106,1.1052,1.1066
2016-07-08 00:00:00,1.1061,1.1068,1.1002,1.112
2016-07-08 04:00:00,1.1068,1.1083,1.1068,1.1084
2016-07-08 08:00:00,1.1083,1.1074,1.1069,1.1089
2016-07-08 12:00:00,1.1074,1.1024,1.1002,1.1082
2016-07-08 16:00:00,1.1024,1.1054,1.1022,1.112
2016-07-08 20:00:00,1.1054,1.105,1.1038,1.1059
2016-07-11 00:00:00,1.1045,1.1038,1.1016,1.1075
2016-07-11 04:00:00,1.1038,1.1046,1.1037,1.1055
2016-07-11 08:00:00,1.1046,1.1026,1.1015,1.1054
2016-07-11 12:00:00,1.1026,1.1053,1.1021,1.1059
2016-07-11 16:00:00,1.1053,1.1053,1.1035,1.1074
2016-07-11 20:00:00,1.1053,1.1057,1.1051,1.1063
2016-07-12 00:00:00,1.1056,1.1059,1.1052,1.1126
2016-07-12 04:00:00,1.1059,1.1077,1.1052,1.1091
2016-07-12 08:00:00,1.1077,1.1111,1.1075,1.1126
2016-07-12 12:00:00,1.1111,1.1101,1.108,1.1116
2016-07-12 16:00:00,1.1101,1.1091,1.106,1.1102
2016-07-12 20:00:00,1.1091,1.106,1.106,1.1092
2016-07-13 00:00:00,1.106,1.1062,1.1042,1.112
2016-07-13 04:00:00,1.1061,1.1065,1.1054,1.107
2016-07-13 08:00:00,1.1065,1.1059,1.1042,1.1071
2016-07-13 12:00:00,1.1059,1.1087,1.105,1.1088
2016-07-13 16:00:00,1.1087,1.1108,1.1079,1.112
2016-07-13 20:00:00,1.1108,1.1088,1.1087,1.1113
2016-07-14 00:00:00,1.1089,1.1096,1.1085,1.1165
2016-07-14 04:00:00,1.1096,1.1111,1.1094,1.1116
2016-07-14 08:00:00,1.1111,1.1107,1.1088,1.1129
2016-07-14 12:00:00,1.1107,1.1115,1.1096,1.1164
2016-07-14 16:00:00,1.1115,1.1113,1.1097,1.1124
2016-07-14 20:00:00,1.1113,1.1119,1.1111,1.1129
2016-07-15 00:00:00,1.1116,1.1116,1.1025,1.1149
2016-07-15 04:00:00,1.1116,1.1126,1.1104,1.1139
2016-07-15 08:00:00,1.1126,1.1138,1.1115,1.1149
2016-07-15 12:00:00,1.1138,1.1116,1.1106,1.1144
2016-07-15 16:00:00,1.1116,1.1062,1.1053,1.1118
2016-07-15 20:00:00,1.1062,1.1024,1.1024,1.1072
2016-07-18 00:00:00,1.1049,1.1057,1.1037,1.1084
2016-07-18 04:00:00,1.1057,1.1065,1.1054,1.1071
2016-07-18 08:00:00,1.1065,1.1051,1.1046,1.1073
2016-07-18 12:00:00,1.1051,1.1051,1.1037,1.1059
2016-07-18 16:00:00,1.1051,1.1071,1.1048,1.1084
2016-07-18 20:00:00,1.1071,1.1075,1.1068,1.1082
2016-07-19 00:00:00,1.1075,1.1068,1.1,1.108
2016-07-19 04:00:00,1.1067,1.1075,1.1063,1.108
2016-07-19 08:00:00,1.1075,1.1066,1.1048,1.1078
2016-07-19 12:00:00,1.1064,1.1024,1.1014,1.1073
2016-07-19 16:00:00,1.1024,1.1014,1.1,1.103
2016-07-19 20:00:00,1.1014,1.1019,1.1009,1.1022
2016-07-20 00:00:00,1.102,1.1014,1.0981,1.103
2016-07-20 04:00:00,1.1014,1.1015,1.0997,1.1015
2016-07-20 08:00:00,1.1015,1.1002,1.0981,1.1021
2016-07-20 12:00:00,1.1002,1.0995,1.0991,1.1022
2016-07-20 16:00:00,1.0995,1.1006,1.0992,1.103
2016-07-20 20:00:00,1.1006,1.1013,1.0999,1.1021
2016-07-21 00:00:00,1.1013,1.1009,1.0979,1.106
2016-07-21 04:00:00,1.101,1.1034,1.1008,1.1044
2016-07-21 08:00:00,1.1034,1.1014,1.1014,1.1047
2016-07-21 12:00:00,1.1014,1.1043,1.1005,1.106
2016-07-21 16:00:00,1.1043,1.1007,1.0979,1.1058
2016-07-21 20:00:00,1.1007,1.1024,1.1002,1.1027
2016-07-22 00:00:00,1.1024,1.1028,1.0955,1.1041
2016-07-22 04:00:00,1.1028,1.103,1.1019,1.1031
2016-07-22 08:00:00,1.103,1.1028,1.1016,1.1041
2016-07-22 12:00:00,1.1028,1.1014,1.1009,1.1037
2016-07-22 16:00:00,1.1014,1.0967,1.0956,1.1024
2016-07-22 20:00:00,1.0967,1.0975,1.0955,1.0979
2016-07-25 00:00:00,1.0973,1.0959,1.0952,1.0999
2016-07-25 04:00:00,1.0959,1.0975,1.0952,1.0977
2016-07-25 08:00:00,1.0975,1.0982,1.0961,1.0987
2016-07-25 12:00:00,1.0982,1.0974,1.0972,1.0996
2016-07-25 16:00:00,1.0973,1.0987,1.0968,1.0989
2016-07-25 20:00:00,1.0987,1.0994,1.0984,1.0999
2016-07-26 00:00:00,1.0994,1.0984,1.0978,1.103
2016-07-26 04:00:00,1.0984,1.1004,1.0983,1.1006
2016-07-26 08:00:00,1.1004,1.1011,1.0996,1.1021
2016-07-26 12:00:00,1.1011,1.0994,1.0985,1.1029
2016-07-26 16:00:00,1.0994,1.0988,1.0978,1.1006
2016-07-26 20:00:00,1.0988,1.0986,1.0983,1.0992
2016-07-27 00:00:00,1.0986,1.099,1.0961,1.1065
2016-07-27 04:00:00,1.099,1.1,1.0984,1.1002
2016-07-27 08:00:00,1.1,1.0994,1.0987,1.1003
2016-07-27 12:00:00,1.0994,1.0999,1.0987,1.1006
2016-07-27 16:00:00,1.0999,1.0991,1.0983,1.1008
2016-07-27 20:00:00,1.0991,1.1058,1.0931,1.1065
2016-07-28 00:00:00,1.1057,1.1067,1.1052,1.112
2016-07-28 04:00:00,1.1067,1.107,1.1059,1.1077
2016-07-28 08:00:00,1.107,1.1105,1.1064,1.1119
2016-07-28 12:00:00,1.1105,1.1099,1.1079,1.1106
2016-07-28 16:00:00,1.1099,1.1075,1.1073,1.1108
2016-07-28 20:00:00,1.1075,1.1076,1.1068,1.1082
2016-07-29 00:00:00,1.1075,1.1081,1.1072,1.1198
2016-07-29 04:00:00,1.1081,1.1081,1.1072,1.1096
2016-07-29 08:00:00,1.1081,1.1098,1.1074,1.1101
2016-07-29 12:00:00,1.1098,1.115,1.1093,1.1155
2016-07-29 16:00:00,1.115,1.1156,1.1149,1.1197
2016-07-29 20:00:00,1.1156,1.1174,1.1156,1.1189
2016-08-01 00:00:00,1.1172,1.1175,1.1155,1.1184
2016-08-01 04:00:00,1.1175,1.1179,1.1166,1.1181
2016-08-01 08:00:00,1.1179,1.1159,1.1159,1.118
2016-08-01 12:00:00,1.1159,1.1165,1.1155,1.1177
2016-08-01 16:00:00,1.1165,1.1171,1.116,1.1179
2016-08-01 20:00:00,1.1171,1.1161,1.1159,1.1172
2016-08-02 00:00:00,1.1161,1.1172,1.1156,1.1234
2016-08-02 04:00:00,1.1172,1.1176,1.1162,1.1181
2016-08-02 08:00:00,1.1176,1.1202,1.1173,1.1208
2016-08-02 12:00:00,1.1202,1.1201,1.1187,1.1206
2016-08-02 16:00:00,1.1201,1.1223,1.1201,1.123
2016-08-02 20:00:00,1.1223,1.1221,1.1219,1.1233
2016-08-03 00:00:00,1.1221,1.1214,1.1141,1.1227
2016-08-03 04:00:00,1.1214,1.1213,1.1208,1.1217
2016-08-03 08:00:00,1.1213,1.1199,1.1197,1.1215
2016-08-03 12:00:00,1.12,1.1193,1.119,1.1204
2016-08-03 16:00:00,1.1193,1.1173,1.1162,1.1196
2016-08-03 20:00:00,1.1173,1.1147,1.114,1.1176
2016-08-04 00:00:00,1.1149,1.1144,1.1114,1.1156
2016-08-04 04:00:00,1.1144,1.1146,1.1135,1.1156
2016-08-04 08:00:00,1.1146,1.1134,1.1127,1.1146
2016-08-04 12:00:00,1.1134,1.1144,1.1114,1.1148
2016-08-04 16:00:00,1.1144,1.1137,1.113,1.1148
2016-08-04 20:00:00,1.1137,1.1128,1.1126,1.1137
2016-08-05 00:00:00,1.1127,1.1132,1.1046,1.1161
2016-08-05 04:00:00,1.1132,1.1136,1.1128,1.1136
2016-08-05 08:00:00,1.1136,1.115,1.1132,1.1151
2016-08-05 12:00:00,1.115,1.1083,1.1081,1.1161
2016-08-05 16:00:00,1.1083,1.1088,1.1045,1.1089
2016-08-05 20:00:00,1.1088,1.1087,1.1083,1.1105
2016-08-08 00:00:00,1.1077,1.1083,1.1072,1.1105
2016-08-08 04:00:00,1.1083,1.1104,1.1083,1.1104
2016-08-08 08:00:00,1.1104,1.1086,1.1079,1.1105
2016-08-08 12:00:00,1.1086,1.1086,1.1079,1.1097
2016-08-08 16:00:00,1.1086,1.1077,1.1072,1.1087
2016-08-08 20:00:00,1.1077,1.1088,1.1076,1.1088
2016-08-09 00:00:00,1.1088,1.1086,1.107,1.1122
2016-08-09 04:00:00,1.1086,1.1083,1.107,1.1088
2016-08-09 08:00:00,1.1083,1.1094,1.1071,1.1095
2016-08-09 12:00:00,1.1094,1.1079,1.1074,1.1096
2016-08-09 16:00:00,1.1079,1.1102,1.1078,1.1122
2016-08-09 20:00:00,1.1102,1.1117,1.11,1.1118
2016-08-10 00:00:00,1.1116,1.1138,1.1111,1.119
2016-08-10 04:00:00,1.1138,1.115,1.1138,1.1156
2016-08-10 08:00:00,1.115,1.1146,1.1138,1.1155
2016-08-10 12:00:00,1.1146,1.1189,1.1146,1.119
2016-08-10 16:00:00,1.1189,1.1166,1.1159,1.1189
2016-08-10 20:00:00,1.1166,1.1174,1.1166,1.1184
2016-08-11 00:00:00,1.1175,1.1184,1.1135,1.1191
2016-08-11 04:00:00,1.1184,1.1168,1.1166,1.1184
2016-08-11 08:00:00,1.1168,1.1143,1.1136,1.1169
2016-08-11 12:00:00,1.1143,1.1157,1.1138,1.1161
2016-08-11 16:00:00,1.1157,1.1157,1.1151,1.1182
2016-08-11 20:00:00,1.1157,1.1135,1.1135,1.1158
2016-08-12 00:00:00,1.1137,1.1134,1.1131,1.1221
2016-08-12 04:00:00,1.1134,1.1139,1.1133,1.1144
2016-08-12 08:00:00,1.1139,1.1154,1.1134,1.1159
2016-08-12 12:00:00,1.1154,1.1209,1.1145,1.1221
2016-08-12 16:00:00,1.1209,1.1168,1.1167,1.121
2016-08-12 20:00:00,1.1168,1.1163,1.1159,1.1173
2016-08-15 00:00:00,1.1167,1.1155,1.1153,1.1204
2016-08-15 04:00:00,1.1155,1.1158,1.1154,1.1161
2016-08-15 08:00:00,1.1158,1.1168,1.1156,1.1176
2016-08-15 12:00:00,1.1168,1.1174,1.1165,1.1186
2016-08-15 16:00:00,1.1174,1.1181,1.1171,1.1203
2016-08-15 20:00:00,1.1181,1.1183,1.1181,1.1186
2016-08-16 00:00:00,1.1182,1.1181,1.1177,1.1323
2016-08-16 04:00:00,1.1181,1.1199,1.1179,1.12
2016-08-16 08:00:00,1.1199,1.1258,1.1199,1.1276
2016-08-16 12:00:00,1.1258,1.1279,1.1255,1.1322
2016-08-16 16:00:00,1.1279,1.1269,1.1246,1.1288
2016-08-16 20:00:00,1.1269,1.1277,1.1268,1.1281
2016-08-17 00:00:00,1.1278,1.1279,1.1241,1.1316
2016-08-17 04:00:00,1.128,1.1267,1.1265,1.129
2016-08-17 08:00:00,1.1267,1.1256,1.1255,1.1276
2016-08-17 12:00:00,1.1256,1.1272,1.1254,1.1279
2016-08-17 16:00:00,1.1271,1.1272,1.1259,1.1278
2016-08-17 20:00:00,1.1272,1.1287,1.124,1.1316
2016-08-18 00:00:00,1.1284,1.1298,1.1284,1.1366
2016-08-18 04:00:00,1.1298,1.1304,1.1295,1.1328
2016-08-18 08:00:00,1.1304,1.1325,1.1302,1.1332
2016-08-18 12:00:00,1.1326,1.1312,1.1305,1.1338
2016-08-18 16:00:00,1.1312,1.1329,1.1306,1.134
2016-08-18 20:00:00,1.1329,1.1354,1.1329,1.1366
2016-08-19 00:00:00,1.1352,1.1341,1.1304,1.1359
2016-08-19 04:00:00,1.1341,1.1337,1.1327,1.1344
2016-08-19 08:00:00,1.1337,1.1317,1.1304,1.1349
2016-08-19 12:00:00,1.1317,1.1321,1.1307,1.133
2016-08-19 16:00:00,1.1321,1.1319,1.1313,1.1333
2016-08-19 20:00:00,1.1319,1.1324,1.1312,1.1331
2016-08-22 00:00:00,1.1313,1.1289,1.1271,1.1331
2016-08-22 04:00:00,1.1289,1.1281,1.1271,1.1297
2016-08-22 08:00:00,1.1281,1.1297,1.1272,1.1297
2016-08-22 12:00:00,1.1297,1.1304,1.1291,1.1311
2016-08-22 16:00:00,1.1304,1.1319,1.1304,1.133
2016-08-22 20:00:00,1.1319,1.1319,1.1316,1.1326
2016-08-23 00:00:00,1.1319,1.1326,1.1303,1.1355
2016-08-23 04:00:00,1.1326,1.1338,1.1322,1.1338
2016-08-23 08:00:00,1.1338,1.1331,1.1328,1.1355
2016-08-23 12:00:00,1.1331,1.1338,1.1322,1.1348
2016-08-23 16:00:00,1.1338,1.1318,1.1305,1.1339
2016-08-23 20:00:00,1.1318,1.1304,1.1303,1.1322
2016-08-24 00:00:00,1.1304,1.1298,1.1245,1.1311
2016-08-24 04:00:00,1.1298,1.1295,1.1293,1.1311
2016-08-24 08:00:00,1.1295,1.1294,1.1287,1.1305
2016-08-24 12:00:00,1.1294,1.126,1.1253,1.1294
2016-08-24 16:00:00,1.126,1.1268,1.1245,1.127
2016-08-24 20:00:00,1.1268,1.1263,1.126,1.1269
2016-08-25 00:00:00,1.1263,1.1274,1.1259,1.1298
2016-08-25 04:00:00,1.1274,1.127,1.1266,1.1276
2016-08-25 08:00:00,1.127,1.1284,1.1265,1.1291
2016-08-25 12:00:00,1.1284,1.1294,1.1277,1.1297
2016-08-25 16:00:00,1.1294,1.1278,1.1271,1.1296
2016-08-25 20:00:00,1.1278,1.1283,1.1275,1.1287
2016-08-26 00:00:00,1.1284,1.1292,1.118,1.1341
2016-08-26 04:00:00,1.1292,1.1288,1.1286,1.1292
2016-08-26 08:00:00,1.1288,1.1287,1.1283,1.1307
2016-08-26 12:00:00,1.1287,1.1299,1.1284,1.131
2016-08-26 16:00:00,1.1299,1.1234,1.1214,1.1341
2016-08-26 20:00:00,1.1234,1.1186,1.1181,1.1234
2016-08-29 00:00:00,1.1181,1.1194,1.1158,1.1208
2016-08-29 04:00:00,1.1194,1.1202,1.119,1.1206
2016-08-29 08:00:00,1.1202,1.1186,1.1172,1.1207
2016-08-29 12:00:00,1.1186,1.1166,1.1162,1.1192
2016-08-29 16:00:00,1.1166,1.1175,1.1158,1.1183
2016-08-29 20:00:00,1.1175,1.1189,1.1172,1.1192
2016-08-30 00:00:00,1.1189,1.1185,1.1132,1.1192
2016-08-30 04:00:00,1.1185,1.1171,1.1168,1.1185
2016-08-30 08:00:00,1.1171,1.1169,1.1155,1.1175
2016-08-30 12:00:00,1.1169,1.1159,1.1153,1.1177
2016-08-30 16:00:00,1.1159,1.115,1.1136,1.1165
2016-08-30 20:00:00,1.115,1.1142,1.1132,1.1152
2016-08-31 00:00:00,1.1143,1.114,1.1123,1.1165
2016-08-31 04:00:00,1.114,1.1156,1.114,1.1162
2016-08-31 08:00:00,1.1157,1.1142,1.1129,1.1158
2016-08-31 12:00:00,1.1142,1.1132,1.1123,1.1149
2016-08-31 16:00:00,1.1132,1.1158,1.1127,1.1165
2016-08-31 20:00:00,1.1158,1.1157,1.1148,1.116
2016-09-01 00:00:00,1.1157,1.1154,1.1128,1.1205
2016-09-01 04:00:00,1.1153,1.1153,1.1152,1.1166
2016-09-01 08:00:00,1.1153,1.115,1.1127,1.1154
2016-09-01 12:00:00,1.115,1.114,1.1134,1.1155
2016-09-01 16:00:00,1.1141,1.1197,1.113,1.1201
2016-09-01 20:00:00,1.1197,1.1196,1.1191,1.1205
2016-09-02 00:00:00,1.1197,1.1201,1.115,1.1252
2016-09-02 04:00:00,1.1201,1.12,1.1194,1.1208
2016-09-02 08:00:00,1.12,1.1183,1.1178,1.1202
2016-09-02 12:00:00,1.1183,1.1208,1.1155,1.1252
2016-09-02 16:00:00,1.1208,1.1162,1.115,1.1219
2016-09-02 20:00:00,1.1163,1.1145,1.1145,1.1165
2016-09-05 00:00:00,1.1157,1.1157,1.1139,1.1182
2016-09-05 04:00:00,1.1157,1.1174,1.1156,1.1174
2016-09-05 08:00:00,1.1174,1.1168,1.1165,1.1182
2016-09-05 12:00:00,1.1168,1.1154,1.1153,1.1172
2016-09-05 16:00:00,1.1154,1.1152,1.1139,1.1155
2016-09-05 20:00:00,1.1153,1.1146,1.1146,1.1153
2016-09-06 00:00:00,1.1147,1.1144,1.114,1.1263
2016-09-06 04:00:00,1.1144,1.1146,1.114,1.1157
2016-09-06 08:00:00,1.1146,1.1163,1.1145,1.1169
2016-09-06 12:00:00,1.1163,1.1159,1.1154,1.1169
2016-09-06 16:00:00,1.1159,1.124,1.1158,1.1256
2016-09-06 20:00:00,1.124,1.1256,1.124,1.1263
2016-09-07 00:00:00,1.1254,1.1243,1.1229,1.1271
2016-09-07 04:00:00,1.1243,1.1252,1.1233,1.1258
2016-09-07 08:00:00,1.1252,1.1239,1.1236,1.1265
2016-09-07 12:00:00,1.1239,1.1245,1.1228,1.1251
2016-09-07 16:00:00,1.1245,1.1232,1.1229,1.1271
2016-09-07 20:00:00,1.1232,1.1239,1.1231,1.1245
2016-09-08 00:00:00,1.1239,1.1248,1.1234,1.1327
2016-09-08 04:00:00,1.1248,1.1248,1.1245,1.1257
2016-09-08 08:00:00,1.1248,1.1272,1.1245,1.1279
2016-09-08 12:00:00,1.1272,1.1306,1.1268,1.1327
2016-09-08 16:00:00,1.1306,1.1245,1.124,1.1325
2016-09-08 20:00:00,1.1245,1.1261,1.1241,1.1261
2016-09-09 00:00:00,1.1259,1.1267,1.1198,1.1285
2016-09-09 04:00:00,1.1267,1.1277,1.1265,1.1283
2016-09-09 08:00:00,1.1277,1.127,1.1263,1.1285
2016-09-09 12:00:00,1.127,1.1233,1.1233,1.1276
2016-09-09 16:00:00,1.1233,1.1215,1.1198,1.1236
2016-09-09 20:00:00,1.1215,1.1224,1.121,1.1235
2016-09-12 00:00:00,1.1231,1.1248,1.121,1.1268
2016-09-12 04:00:00,1.1248,1.1241,1.1235,1.125
2016-09-12 08:00:00,1.1241,1.1239,1.1235,1.1264
2016-09-12 12:00:00,1.1239,1.1225,1.121,1.1242
2016-09-12 16:00:00,1.1225,1.1235,1.1213,1.1247
2016-09-12 20:00:00,1.1235,1.1235,1.1218,1.1268
2016-09-13 00:00:00,1.1235,1.1229,1.1204,1.1261
2016-09-13 04:00:00,1.1229,1.1233,1.1227,1.1238
2016-09-13 08:00:00,1.1233,1.1232,1.1217,1.1239
2016-09-13 12:00:00,1.1232,1.1234,1.1219,1.1255
2016-09-13 16:00:00,1.1235,1.1235,1.1223,1.126
2016-09-13 20:00:00,1.1235,1.1218,1.1204,1.1235
2016-09-14 00:00:00,1.1218,1.1218,1.121,1.1274
2016-09-14 04:00:00,1.1218,1.1225,1.1213,1.1227
2016-09-14 08:00:00,1.1225,1.1224,1.1214,1.1241
2016-09-14 12:00:00,1.1224,1.122,1.1218,1.1236
2016-09-14 16:00:00,1.122,1.1254,1.1216,1.1274
2016-09-14 20:00:00,1.1254,1.125,1.1242,1.126
2016-09-15 00:00:00,1.1248,1.1243,1.1219,1.1284
2016-09-15 04:00:00,1.1243,1.1242,1.1239,1.1249
2016-09-15 08:00:00,1.1242,1.1233,1.1219,1.1253
2016-09-15 12:00:00,1.1233,1.1246,1.123,1.1283
2016-09-15 16:00:00,1.1246,1.1242,1.1225,1.1259
2016-09-15 20:00:00,1.1242,1.1244,1.1239,1.1253
2016-09-16 00:00:00,1.1244,1.124,1.115,1.125
2016-09-16 04:00:00,1.124,1.1239,1.1236,1.1244
2016-09-16 08:00:00,1.1239,1.1232,1.1229,1.1243
2016-09-16 12:00:00,1.1232,1.1184,1.1181,1.1234
2016-09-16 16:00:00,1.1184,1.1162,1.1151,1.1187
2016-09-16 20:00:00,1.1162,1.1154,1.1149,1.1165
2016-09-19 00:00:00,1.1153,1.1156,1.1151,1.1198
2016-09-19 04:00:00,1.1156,1.1167,1.1156,1.1172
2016-09-19 08:00:00,1.1167,1.1164,1.1151,1.1173
2016-09-19 12:00:00,1.1164,1.117,1.1158,1.1171
2016-09-19 16:00:00,1.117,1.1177,1.1166,1.1198
2016-09-19 20:00:00,1.1177,1.1173,1.1171,1.1181
2016-09-20 00:00:00,1.1174,1.1172,1.115,1.1213
2016-09-20 04:00:00,1.1172,1.1173,1.1168,1.1179
2016-09-20 08:00:00,1.1173,1.1188,1.117,1.1213
2016-09-20 12:00:00,1.1188,1.1177,1.1174,1.119
2016-09-20 16:00:00,1.1177,1.1164,1.1163,1.1185
2016-09-20 20:00:00,1.1164,1.115,1.115,1.117
2016-09-21 00:00:00,1.1151,1.1153,1.1123,1.1196
2016-09-21 04:00:00,1.1153,1.113,1.1124,1.1156
2016-09-21 08:00:00,1.113,1.1148,1.1123,1.1158
2016-09-21 12:00:00,1.1148,1.1148,1.1139,1.1154
2016-09-21 16:00:00,1.1148,1.1159,1.1133,1.1168
2016-09-21 20:00:00,1.1159,1.1188,1.1135,1.1196
2016-09-22 00:00:00,1.1187,1.1198,1.1185,1.1257
2016-09-22 04:00:00,1.1198,1.12,1.1184,1.12
2016-09-22 08:00:00,1.12,1.1236,1.1198,1.1247
2016-09-22 12:00:00,1.1237,1.1246,1.1227,1.125
2016-09-22 16:00:00,1.1246,1.1227,1.1221,1.1257
2016-09-22 20:00:00,1.1227,1.1207,1.1199,1.1229
2016-09-23 00:00:00,1.1207,1.1206,1.1194,1.1241
2016-09-23 04:00:00,1.1206,1.1197,1.1194,1.121
2016-09-23 08:00:00,1.1197,1.1203,1.1195,1.1218
2016-09-23 12:00:00,1.1203,1.1217,1.1202,1.1229
2016-09-23 16:00:00,1.1217,1.1231,1.1201,1.1233
2016-09-23 20:00:00,1.1231,1.1215,1.1215,1.124
2016-09-26 00:00:00,1.1226,1.1232,1.1221,1.1279
2016-09-26 04:00:00,1.1232,1.1227,1.1224,1.1236
2016-09-26 08:00:00,1.1227,1.124,1.122,1.1243
2016-09-26 12:00:00,1.124,1.1263,1.1235,1.127
2016-09-26 16:00:00,1.1263,1.1253,1.1248,1.1279
2016-09-26 20:00:00,1.1253,1.1252,1.1251,1.1261
2016-09-27 00:00:00,1.1254,1.1245,1.1191,1.1259
2016-09-27 04:00:00,1.1245,1.1244,1.124,1.125
2016-09-27 08:00:00,1.1244,1.124,1.1235,1.1259
2016-09-27 12:00:00,1.124,1.1206,1.1198,1.125
2016-09-27 16:00:00,1.1206,1.1219,1.1191,1.1221
2016-09-27 20:00:00,1.1218,1.1214,1.121,1.1226
2016-09-28 00:00:00,1.1213,1.121,1.1182,1.1237
2016-09-28 04:00:00,1.121,1.1212,1.1202,1.1214
2016-09-28 08:00:00,1.1212,1.1215,1.1181,1.1218
2016-09-28 12:00:00,1.1215,1.1227,1.1205,1.1237
2016-09-28 16:00:00,1.1227,1.1209,1.1187,1.123
2016-09-28 20:00:00,1.1209,1.1216,1.1204,1.122
2016-09-29 00:00:00,1.1215,1.1229,1.1197,1.125
2016-09-29 04:00:00,1.1229,1.1229,1.1222,1.1235
2016-09-29 08:00:00,1.1229,1.1214,1.1212,1.1231
2016-09-29 12:00:00,1.1214,1.1202,1.1202,1.1225
2016-09-29 16:00:00,1.1202,1.1223,1.1197,1.125
2016-09-29 20:00:00,1.1223,1.1221,1.1204,1.1225
2016-09-30 00:00:00,1.1219,1.1205,1.1153,1.1251
2016-09-30 04:00:00,1.1205,1.1219,1.1205,1.1221
2016-09-30 08:00:00,1.1219,1.1183,1.1168,1.1227
2016-09-30 12:00:00,1.1183,1.1176,1.1153,1.1185
2016-09-30 16:00:00,1.1176,1.1227,1.1169,1.125
2016-09-30 20:00:00,1.1227,1.124,1.1225,1.1244
2016-10-03 00:00:00,1.1232,1.123,1.1205,1.1244
2016-10-03 04:00:00,1.123,1.1234,1.1226,1.1241
2016-10-03 08:00:00,1.1234,1.1233,1.1221,1.124
2016-10-03 12:00:00,1.1233,1.1232,1.1226,1.1241
2016-10-03 16:00:00,1.1232,1.1217,1.1205,1.1234
2016-10-03 20:00:00,1.1217,1.121,1.121,1.122
2016-10-04 00:00:00,1.121,1.1206,1.1138,1.1239
2016-10-04 04:00:00,1.1206,1.1197,1.1196,1.121
2016-10-04 08:00:00,1.1197,1.1172,1.1165,1.1199
2016-10-04 12:00:00,1.1171,1.1165,1.115,1.1175
2016-10-04 16:00:00,1.1165,1.1193,1.1138,1.1238
2016-10-04 20:00:00,1.1193,1.1204,1.1188,1.1211
2016-10-05 00:00:00,1.1202,1.121,1.119,1.1233
2016-10-05 04:00:00,1.121,1.1217,1.1208,1.1228
2016-10-05 08:00:00,1.1217,1.1228,1.1209,1.1228
2016-10-05 12:00:00,1.1228,1.121,1.1203,1.1233
2016-10-05 16:00:00,1.121,1.1205,1.1189,1.1218
2016-10-05 20:00:00,1.1205,1.1203,1.1202,1.122
2016-10-06 00:00:00,1.1204,1.1202,1.114,1.1212
2016-10-06 04:00:00,1.1202,1.1197,1.1197,1.1206
2016-10-06 08:00:00,1.1197,1.119,1.1184,1.1209
2016-10-06 12:00:00,1.119,1.1179,1.1176,1.1192
2016-10-06 16:00:00,1.118,1.1161,1.1147,1.1186
2016-10-06 20:00:00,1.1161,1.1149,1.114,1.1164
2016-10-07 00:00:00,1.1149,1.1132,1.1104,1.1205
2016-10-07 04:00:00,1.1132,1.1117,1.111,1.1135
2016-10-07 08:00:00,1.1117,1.1129,1.1104,1.1132
2016-10-07 12:00:00,1.1129,1.1171,1.1117,1.1179
2016-10-07 16:00:00,1.1171,1.1167,1.1147,1.1205
2016-10-07 20:00:00,1.1167,1.1193,1.1163,1.1202
2016-10-10 00:00:00,1.1191,1.1199,1.1131,1.1203
2016-10-10 04:00:00,1.1199,1.1191,1.1186,1.12
2016-10-10 08:00:00,1.1191,1.1181,1.1168,1.1192
2016-10-10 12:00:00,1.1181,1.1152,1.115,1.1181
2016-10-10 16:00:00,1.1152,1.1143,1.1142,1.1164
2016-10-10 20:00:00,1.1143,1.1139,1.1131,1.1144
2016-10-11 00:00:00,1.1135,1.1131,1.1049,1.1142
2016-10-11 04:00:00,1.1131,1.1134,1.1119,1.1137
2016-10-11 08:00:00,1.1134,1.1111,1.1106,1.1135
2016-10-11 12:00:00,1.1111,1.1088,1.1071,1.1116
2016-10-11 16:00:00,1.1088,1.1069,1.1054,1.1098
2016-10-11 20:00:00,1.1069,1.1053,1.1049,1.1069
2016-10-12 00:00:00,1.1053,1.1044,1.1004,1.1068
2016-10-12 04:00:00,1.1044,1.1048,1.1044,1.1057
2016-10-12 08:00:00,1.1048,1.1024,1.1016,1.1061
2016-10-12 12:00:00,1.1024,1.1021,1.1009,1.1029
2016-10-12 16:00:00,1.1021,1.103,1.1004,1.1045
2016-10-12 20:00:00,1.103,1.1005,1.1005,1.1047
2016-10-13 00:00:00,1.1006,1.1003,1.0986,1.1058
2016-10-13 04:00:00,1.1003,1.1014,1.1001,1.1037
2016-10-13 08:00:00,1.1014,1.0995,1.0985,1.1024
2016-10-13 12:00:00,1.0995,1.1022,1.0993,1.104
2016-10-13 16:00:00,1.104,1.104,1.1026,1.1047
2016-10-13 20:00:00,1.104,1.1055,1.104,1.1057
2016-10-14 00:00:00,1.1056,1.1046,1.0971,1.1058
2016-10-14 04:00:00,1.1046,1.1028,1.1024,1.1056
2016-10-14 08:00:00,1.1028,1.1023,1.1004,1.1029
2016-10-14 12:00:00,1.1022,1.101,1.0995,1.1023
2016-10-14 16:00:00,1.101,1.0995,1.0982,1.1027
2016-10-14 20:00:00,1.0995,1.0971,1.097,1.1014
2016-10-17 00:00:00,1.097,1.0967,1.0964,1.1008
2016-10-17 04:00:00,1.0967,1.0986,1.0967,1.0986
2016-10-17 08:00:00,1.0985,1.0989,1.0972,1.0994
2016-10-17 12:00:00,1.0989,1.1004,1.0985,1.1005
2016-10-17 16:00:00,1.1004,1.1,1.0989,1.1008
2016-10-17 20:00:00,1.1,1.0999,1.0995,1.1007
2016-10-18 00:00:00,1.0998,1.1016,1.097,1.1026
2016-10-18 04:00:00,1.1016,1.1016,1.1015,1.1026
2016-10-18 08:00:00,1.1016,1.1017,1.1004,1.1024
2016-10-18 12:00:00,1.1017,1.0981,1.0981,1.1021
2016-10-18 16:00:00,1.0981,1.099,1.097,1.0997
2016-10-18 20:00:00,1.099,1.0979,1.0977,1.0996
2016-10-19 00:00:00,1.0979,1.0991,1.0955,1.1005
2016-10-19 04:00:00,1.0991,1.098,1.098,1.0999
2016-10-19 08:00:00,1.098,1.0997,1.0974,1.1004
2016-10-19 12:00:00,1.0997,1.0967,1.0961,1.1003
2016-10-19 16:00:00,1.0967,1.0967,1.0955,1.0974
2016-10-19 20:00:00,1.0967,1.0974,1.096,1.0974
2016-10-20 00:00:00,1.0973,1.0969,1.0916,1.1039
2016-10-20 04:00:00,1.0969,1.0962,1.0961,1.0979
2016-10-20 08:00:00,1.0962,1.0972,1.0952,1.0979
2016-10-20 12:00:00,1.0972,1.0977,1.0961,1.1039
2016-10-20 16:00:00,1.0977,1.0944,1.0915,1.0982
2016-10-20 20:00:00,1.0944,1.0929,1.0923,1.0945
2016-10-21 00:00:00,1.0928,1.092,1.0859,1.093
2016-10-21 04:00:00,1.092,1.0903,1.0896,1.0922
2016-10-21 08:00:00,1.0903,1.088,1.0877,1.0912
2016-10-21 12:00:00,1.088,1.0872,1.0871,1.0904
2016-10-21 16:00:00,1.0872,1.0874,1.0859,1.0883
2016-10-21 20:00:00,1.0874,1.0874,1.0859,1.0889
2016-10-24 00:00:00,1.0882,1.0875,1.086,1.09
2016-10-24 04:00:00,1.0875,1.0866,1.0859,1.0875
2016-10-24 08:00:00,1.0866,1.0891,1.0864,1.0893
2016-10-24 12:00:00,1.0891,1.089,1.0885,1.0899
2016-10-24 16:00:00,1.089,1.0878,1.0875,1.0896
2016-10-24 20:00:00,1.0878,1.0881,1.0869,1.0882
2016-10-25 00:00:00,1.088,1.0871,1.0851,1.0905
2016-10-25 04:00:00,1.0871,1.0879,1.0869,1.0881
2016-10-25 08:00:00,1.0879,1.0889,1.0869,1.0893
2016-10-25 12:00:00,1.0889,1.0858,1.0854,1.0893
2016-10-25 16:00:00,1.0858,1.089,1.0851,1.0897
2016-10-25 20:00:00,1.089,1.0888,1.0884,1.0905
2016-10-26 00:00:00,1.0888,1.0878,1.0874,1.0947
2016-10-26 04:00:00,1.0878,1.0887,1.0874,1.0892
2016-10-26 08:00:00,1.0887,1.0924,1.0884,1.0927
2016-10-26 12:00:00,1.0924,1.0917,1.0911,1.0933
2016-10-26 16:00:00,1.0917,1.0911,1.0908,1.0946
2016-10-26 20:00:00,1.0911,1.0907,1.09,1.0913
2016-10-27 00:00:00,1.0907,1.0905,1.0882,1.0942
2016-10-27 04:00:00,1.0905,1.0898,1.0892,1.0905
2016-10-27 08:00:00,1.0898,1.0914,1.0897,1.092
2016-10-27 12:00:00,1.0914,1.0919,1.091,1.093
2016-10-27 16:00:00,1.092,1.0892,1.0882,1.0942
2016-10-27 20:00:00,1.0892,1.0895,1.0886,1.0907
2016-10-28 00:00:00,1.0896,1.0901,1.0893,1.0992
2016-10-28 04:00:00,1.0901,1.0904,1.0899,1.0911
2016-10-28 08:00:00,1.0904,1.0906,1.0899,1.0924
2016-10-28 12:00:00,1.0906,1.0926,1.0902,1.0935
2016-10-28 16:00:00,1.0926,1.094,1.0912,1.095
2016-10-28 20:00:00,1.094,1.0975,1.0939,1.0992
2016-10-31 00:00:00,1.0985,1.0969,1.0936,1.0991
2016-10-31 04:00:00,1.0969,1.0969,1.0961,1.0972
2016-10-31 08:00:00,1.0969,1.0955,1.0948,1.0969
2016-10-31 12:00:00,1.0955,1.0947,1.0939,1.0957
2016-10-31 16:00:00,1.0947,1.0963,1.0936,1.0968
2016-10-31 20:00:00,1.0963,1.0976,1.0963,1.0982
2016-11-01 00:00:00,1.098,1.0963,1.096,1.1069
2016-11-01 04:00:00,1.0963,1.0966,1.096,1.0969
2016-11-01 08:00:00,1.0966,1.0994,1.0963,1.1001
2016-11-01 12:00:00,1.0994,1.1025,1.0993,1.1035
2016-11-01 16:00:00,1.1025,1.1056,1.1022,1.1064
2016-11-01 20:00:00,1.1056,1.1056,1.105,1.1069
2016-11-02 00:00:00,1.1056,1.1059,1.1049,1.1123
2016-11-02 04:00:00,1.1059,1.1068,1.1058,1.1074
2016-11-02 08:00:00,1.1068,1.1082,1.1062,1.1099
2016-11-02 12:00:00,1.1082,1.1098,1.1072,1.1102
2016-11-02 16:00:00,1.1098,1.1099,1.1094,1.1123
2016-11-02 20:00:00,1.1099,1.1095,1.1084,1.1117
2016-11-03 00:00:00,1.1095,1.1113,1.106,1.1126
2016-11-03 04:00:00,1.1113,1.111,1.1105,1.1126
2016-11-03 08:00:00,1.1111,1.1095,1.1093,1.1126
2016-11-03 12:00:00,1.1095,1.1071,1.106,1.11
2016-11-03 16:00:00,1.1072,1.1112,1.106,1.1113
2016-11-03 20:00:00,1.1112,1.1105,1.11,1.112
2016-11-04 00:00:00,1.1104,1.1092,1.108,1.114
2016-11-04 04:00:00,1.1092,1.1088,1.1086,1.1097
2016-11-04 08:00:00,1.1088,1.1099,1.1088,1.1107
2016-11-04 12:00:00,1.1099,1.1099,1.108,1.1114
2016-11-04 16:00:00,1.1099,1.1114,1.1097,1.1127
2016-11-04 20:00:00,1.1114,1.1138,1.1114,1.1141
2016-11-07 00:00:00,1.1082,1.1094,1.1027,1.111
2016-11-07 04:00:00,1.1094,1.1073,1.1066,1.1098
2016-11-07 08:00:00,1.1073,1.106,1.1048,1.1074
2016-11-07 12:00:00,1.106,1.1057,1.1055,1.1073
2016-11-07 16:00:00,1.1057,1.1043,1.1027,1.106
2016-11-07 20:00:00,1.1043,1.104,1.1031,1.1047
2016-11-08 00:00:00,1.104,1.1038,1.1009,1.1067
2016-11-08 04:00:00,1.1038,1.1042,1.103,1.1044
2016-11-08 08:00:00,1.1042,1.105,1.1042,1.1067
2016-11-08 12:00:00,1.105,1.1047,1.1035,1.1051
2016-11-08 16:00:00,1.1047,1.1023,1.102,1.1054
2016-11-08 20:00:00,1.1023,1.1026,1.1008,1.1034
2016-11-09 00:00:00,1.103,1.104,1.0907,1.1299
2016-11-09 04:00:00,1.104,1.1274,1.104,1.1299
2016-11-09 08:00:00,1.1274,1.1051,1.1029,1.1276
2016-11-09 12:00:00,1.1051,1.1009,1.0998,1.1108
2016-11-09 16:00:00,1.1009,1.0938,1.0923,1.1012
2016-11-09 20:00:00,1.0938,1.0908,1.0907,1.0948
2016-11-10 00:00:00,1.0909,1.0934,1.0865,1.0954
2016-11-10 04:00:00,1.0934,1.0942,1.0922,1.0953
2016-11-10 08:00:00,1.0942,1.0894,1.0887,1.0947
2016-11-10 12:00:00,1.0894,1.0898,1.0869,1.092
2016-11-10 16:00:00,1.0898,1.089,1.0865,1.0906
2016-11-10 20:00:00,1.089,1.0891,1.0883,1.0903
2016-11-11 00:00:00,1.0891,1.0885,1.083,1.0924
2016-11-11 04:00:00,1.0885,1.0912,1.0883,1.0923
2016-11-11 08:00:00,1.0912,1.0869,1.0868,1.0919
2016-11-11 12:00:00,1.0869,1.0902,1.0854,1.0919
2016-11-11 16:00:00,1.0902,1.0859,1.083,1.091
2016-11-11 20:00:00,1.0859,1.085,1.0841,1.086
2016-11-14 00:00:00,1.0836,1.0796,1.0709,1.084
2016-11-14 04:00:00,1.0796,1.0792,1.0778,1.0808
2016-11-14 08:00:00,1.0792,1.0757,1.0728,1.0806
2016-11-14 12:00:00,1.0757,1.0768,1.0753,1.0789
2016-11-14 16:00:00,1.0768,1.0748,1.0709,1.077
2016-11-14 20:00:00,1.0748,1.0736,1.0722,1.0759
2016-11-15 00:00:00,1.0736,1.0756,1.0714,1.0817
2016-11-15 04:00:00,1.0756,1.0748,1.0745,1.076
2016-11-15 08:00:00,1.0748,1.0798,1.0747,1.0816
2016-11-15 12:00:00,1.08,1.0734,1.0728,1.0803
2016-11-15 16:00:00,1.0734,1.0731,1.0718,1.0751
2016-11-15 20:00:00,1.0733,1.0722,1.0714,1.0737
2016-11-16 00:00:00,1.0721,1.0739,1.0666,1.0759
2016-11-16 04:00:00,1.0739,1.0746,1.0737,1.0759
2016-11-16 08:00:00,1.0746,1.0714,1.07,1.0756
2016-11-16 12:00:00,1.0714,1.0712,1.0687,1.0722
2016-11-16 16:00:00,1.0712,1.0695,1.0666,1.0718
2016-11-16 20:00:00,1.0695,1.069,1.0667,1.0697
2016-11-17 00:00:00,1.069,1.0707,1.062,1.0745
2016-11-17 04:00:00,1.0707,1.0699,1.0692,1.0707
2016-11-17 08:00:00,1.0699,1.0724,1.0683,1.0736
2016-11-17 12:00:00,1.0724,1.0687,1.0681,1.0745
2016-11-17 16:00:00,1.0688,1.0635,1.0629,1.0715
2016-11-17 20:00:00,1.0635,1.0624,1.062,1.0644
2016-11-18 00:00:00,1.0625,1.0594,1.0569,1.0643
2016-11-18 04:00:00,1.0594,1.0585,1.0585,1.061
2016-11-18 08:00:00,1.0585,1.0598,1.0584,1.0614
2016-11-18 12:00:00,1.0598,1.061,1.0597,1.0643
2016-11-18 16:00:00,1.061,1.0586,1.0569,1.0625
2016-11-18 20:00:00,1.0586,1.0583,1.0583,1.0607
2016-11-21 00:00:00,1.0592,1.0605,1.0578,1.0649
2016-11-21 04:00:00,1.0605,1.0601,1.0588,1.0611
2016-11-21 08:00:00,1.0601,1.0632,1.0597,1.0649
2016-11-21 12:00:00,1.0632,1.0639,1.0618,1.0646
2016-11-21 16:00:00,1.0639,1.0606,1.0592,1.0639
2016-11-21 20:00:00,1.0605,1.0626,1.059,1.064
2016-11-22 00:00:00,1.0627,1.0635,1.0584,1.0658
2016-11-22 04:00:00,1.0635,1.063,1.0624,1.0638
2016-11-22 08:00:00,1.063,1.0647,1.0604,1.0658
2016-11-22 12:00:00,1.0647,1.0611,1.0604,1.0649
2016-11-22 16:00:00,1.0611,1.0624,1.0584,1.0638
2016-11-22 20:00:00,1.0624,1.0624,1.061,1.0629
2016-11-23 00:00:00,1.0625,1.0624,1.0526,1.0644
2016-11-23 04:00:00,1.0624,1.0629,1.0619,1.0631
2016-11-23 08:00:00,1.0629,1.0612,1.06,1.0643
2016-11-23 12:00:00,1.0612,1.0557,1.0556,1.0636
2016-11-23 16:00:00,1.0557,1.0557,1.0526,1.0566
2016-11-23 20:00:00,1.0557,1.0552,1.0537,1.0564
2016-11-24 00:00:00,1.0551,1.0535,1.0518,1.0585
2016-11-24 04:00:00,1.0535,1.0547,1.0525,1.055
2016-11-24 08:00:00,1.0547,1.0567,1.0518,1.0578
2016-11-24 12:00:00,1.0567,1.0562,1.0543,1.0585
2016-11-24 16:00:00,1.0562,1.0555,1.0554,1.0579
2016-11-24 20:00:00,1.0554,1.0552,1.0548,1.0557
2016-11-25 00:00:00,1.055,1.0557,1.0529,1.0627
2016-11-25 04:00:00,1.0557,1.0569,1.055,1.0577
2016-11-25 08:00:00,1.0569,1.0595,1.0568,1.0614
2016-11-25 12:00:00,1.0595,1.0603,1.0582,1.0605
2016-11-25 16:00:00,1.0603,1.0592,1.0589,1.0627
2016-11-25 20:00:00,1.0593,1.0577,1.0577,1.0607
2016-11-28 00:00:00,1.0605,1.0645,1.0564,1.0686
2016-11-28 04:00:00,1.0645,1.0654,1.0644,1.0685
2016-11-28 08:00:00,1.0654,1.0642,1.0638,1.0669
2016-11-28 12:00:00,1.0642,1.0568,1.0565,1.0642
2016-11-28 16:00:00,1.0568,1.0584,1.0563,1.0604
2016-11-28 20:00:00,1.0584,1.0612,1.0582,1.0617
2016-11-29 00:00:00,1.0608,1.061,1.0565,1.0654
2016-11-29 04:00:00,1.0609,1.0602,1.0588,1.061
2016-11-29 08:00:00,1.0602,1.0596,1.0583,1.0614
2016-11-29 12:00:00,1.0596,1.0576,1.0565,1.0609
2016-11-29 16:00:00,1.0576,1.0627,1.0571,1.0635
2016-11-29 20:00:00,1.0627,1.0649,1.0627,1.0654
2016-11-30 00:00:00,1.0649,1.0649,1.0553,1.0667
2016-11-30 04:00:00,1.0649,1.0632,1.0627,1.0655
2016-11-30 08:00:00,1.0632,1.0636,1.0619,1.0664
2016-11-30 12:00:00,1.0636,1.0629,1.0614,1.0666
2016-11-30 16:00:00,1.063,1.0599,1.0552,1.0633
2016-11-30 20:00:00,1.0599,1.0587,1.0587,1.0602
2016-12-01 00:00:00,1.0592,1.0595,1.0585,1.0668
2016-12-01 04:00:00,1.0595,1.0614,1.059,1.0617
2016-12-01 08:00:00,1.0614,1.0629,1.0603,1.0639
2016-12-01 12:00:00,1.0628,1.0628,1.0614,1.0635
2016-12-01 16:00:00,1.0628,1.0625,1.0584,1.0636
2016-12-01 20:00:00,1.0625,1.066,1.0624,1.0668
2016-12-02 00:00:00,1.0658,1.067,1.0625,1.069
2016-12-02 04:00:00,1.067,1.0683,1.0666,1.069
2016-12-02 08:00:00,1.0683,1.0646,1.0646,1.0688
2016-12-02 12:00:00,1.0646,1.0634,1.0625,1.0672
2016-12-02 16:00:00,1.0634,1.0674,1.0633,1.0681
2016-12-02 20:00:00,1.0674,1.0654,1.0654,1.0679
2016-12-05 00:00:00,1.0592,1.056,1.0504,1.0797
2016-12-05 04:00:00,1.056,1.0566,1.0537,1.0566
2016-12-05 08:00:00,1.0566,1.0633,1.0554,1.0662
2016-12-05 12:00:00,1.0633,1.0687,1.0629,1.0729
2016-12-05 16:00:00,1.0687,1.0767,1.0687,1.077
2016-12-05 20:00:00,1.0767,1.0763,1.0759,1.0796
2016-12-06 00:00:00,1.0763,1.0761,1.0698,1.0785
2016-12-06 04:00:00,1.0761,1.0755,1.0751,1.077
2016-12-06 08:00:00,1.0755,1.0766,1.0737,1.0785
2016-12-06 12:00:00,1.0766,1.0733,1.0727,1.0776
2016-12-06 16:00:00,1.0733,1.0711,1.0698,1.0749
2016-12-06 20:00:00,1.0711,1.0718,1.0704,1.0722
2016-12-07 00:00:00,1.0717,1.072,1.071,1.0768
2016-12-07 04:00:00,1.072,1.0718,1.0717,1.0724
2016-12-07 08:00:00,1.0718,1.0719,1.0711,1.0732
2016-12-07 12:00:00,1.0719,1.0735,1.071,1.0737
2016-12-07 16:00:00,1.0735,1.0743,1.0731,1.0768
2016-12-07 20:00:00,1.0743,1.0751,1.0743,1.0767
2016-12-08 00:00:00,1.0753,1.0766,1.0597,1.0874
2016-12-08 04:00:00,1.0766,1.0773,1.0762,1.0785
2016-12-08 08:00:00,1.0773,1.0802,1.0758,1.0805
2016-12-08 12:00:00,1.0802,1.0667,1.0639,1.0873
2016-12-08 16:00:00,1.0667,1.0609,1.0597,1.0679
2016-12-08 20:00:00,1.0609,1.0612,1.0599,1.0624
2016-12-09 00:00:00,1.0612,1.059,1.0531,1.063
2016-12-09 04:00:00,1.059,1.0616,1.0589,1.0616
2016-12-09 08:00:00,1.0616,1.0626,1.0607,1.0629
2016-12-09 12:00:00,1.0625,1.0575,1.055,1.0629
2016-12-09 16:00:00,1.0575,1.0539,1.0531,1.0579
2016-12-09 20:00:00,1.0539,1.0552,1.0539,1.0561
2016-12-12 00:00:00,1.0539,1.0554,1.0525,1.0652
2016-12-12 04:00:00,1.0554,1.0559,1.055,1.0568
2016-12-12 08:00:00,1.0559,1.0593,1.0553,1.0595
2016-12-12 12:00:00,1.0593,1.0608,1.059,1.0621
2016-12-12 16:00:00,1.0608,1.0642,1.0591,1.0651
2016-12-12 20:00:00,1.0642,1.0634,1.0626,1.0645
2016-12-13 00:00:00,1.0634,1.0633,1.0604,1.0667
2016-12-13 04:00:00,1.0633,1.0633,1.0628,1.0636
2016-12-13 08:00:00,1.0633,1.0618,1.0612,1.0649
2016-12-13 12:00:00,1.0617,1.0627,1.0603,1.0635
2016-12-13 16:00:00,1.0627,1.0624,1.0613,1.0667
2016-12-13 20:00:00,1.0624,1.0624,1.0614,1.063
2016-12-14 00:00:00,1.0623,1.0633,1.0496,1.067
2016-12-14 04:00:00,1.0633,1.0644,1.0632,1.0645
2016-12-14 08:00:00,1.0644,1.0626,1.0612,1.0665
2016-12-14 12:00:00,1.0626,1.064,1.0625,1.0656
2016-12-14 16:00:00,1.064,1.0655,1.0632,1.067
2016-12-14 20:00:00,1.0655,1.0534,1.0496,1.0657
2016-12-15 00:00:00,1.053,1.0514,1.0366,1.0539
2016-12-15 04:00:00,1.0514,1.0506,1.0503,1.0523
2016-12-15 08:00:00,1.0507,1.05,1.0469,1.0514
2016-12-15 12:00:00,1.05,1.0436,1.0395,1.05
2016-12-15 16:00:00,1.0436,1.0413,1.0366,1.0448
2016-12-15 20:00:00,1.0413,1.0413,1.0405,1.0431
2016-12-16 00:00:00,1.0412,1.0419,1.0401,1.0474
2016-12-16 04:00:00,1.0419,1.0433,1.0419,1.0438
2016-12-16 08:00:00,1.0433,1.0463,1.0427,1.0466
2016-12-16 12:00:00,1.0463,1.0445,1.0431,1.0472
2016-12-16 16:00:00,1.0445,1.0445,1.04,1.0474
2016-12-16 20:00:00,1.0445,1.044,1.0429,1.0454
2016-12-19 00:00:00,1.0437,1.046,1.0393,1.048
2016-12-19 04:00:00,1.046,1.0466,1.0452,1.0467
2016-12-19 08:00:00,1.0466,1.0448,1.0448,1.0479
2016-12-19 12:00:00,1.0448,1.0429,1.0411,1.045
2016-12-19 16:00:00,1.0429,1.0444,1.0423,1.0452
2016-12-19 20:00:00,1.0444,1.0401,1.0392,1.0451
2016-12-20 00:00:00,1.0401,1.041,1.0352,1.0418
2016-12-20 04:00:00,1.041,1.0396,1.0392,1.0418
2016-12-20 08:00:00,1.0396,1.0383,1.0375,1.0398
2016-12-20 12:00:00,1.0383,1.0369,1.0352,1.0391
2016-12-20 16:00:00,1.0369,1.0397,1.036,1.0399
2016-12-20 20:00:00,1.0397,1.0387,1.0385,1.0407
2016-12-21 00:00:00,1.0386,1.0396,1.0382,1.0451
2016-12-21 04:00:00,1.0396,1.0404,1.0395,1.0419
2016-12-21 08:00:00,1.0404,1.0398,1.0394,1.0417
2016-12-21 12:00:00,1.0398,1.0441,1.0388,1.0442
2016-12-21 16:00:00,1.0441,1.0427,1.042,1.0451
2016-12-21 20:00:00,1.0427,1.0423,1.0419,1.0434
2016-12-22 00:00:00,1.0424,1.0442,1.0422,1.0499
2016-12-22 04:00:00,1.0442,1.0437,1.0431,1.0444
2016-12-22 08:00:00,1.0437,1.0442,1.0432,1.0456
2016-12-22 12:00:00,1.0442,1.0438,1.0429,1.047
2016-12-22 16:00:00,1.0438,1.0441,1.0436,1.0499
2016-12-22 20:00:00,1.0441,1.0436,1.0432,1.0447
2016-12-23 00:00:00,1.0433,1.0444,1.0426,1.0469
2016-12-23 04:00:00,1.0444,1.0449,1.0439,1.045
2016-12-23 08:00:00,1.0449,1.0455,1.0436,1.0463
2016-12-23 12:00:00,1.0455,1.0434,1.0432,1.046
2016-12-23 16:00:00,1.0434,1.0447,1.0426,1.0468
2016-12-23 20:00:00,1.0447,1.047,1.0444,1.047
2016-12-26 00:00:00,1.0451,1.0451,1.0438,1.0467
2016-12-26 04:00:00,1.0461,1.046,1.0455,1.0463
2016-12-26 08:00:00,1.046,1.0445,1.0437,1.0467
2016-12-26 12:00:00,1.0445,1.0453,1.0325,1.046
2016-12-26 16:00:00,1.0453,1.0448,1.0441,1.0464
2016-12-26 20:00:00,1.0448,1.0449,1.0446,1.0457
2016-12-27 00:00:00,1.0451,1.0434,1.0432,1.0463
2016-12-27 04:00:00,1.0434,1.0446,1.0432,1.0446
2016-12-27 08:00:00,1.0445,1.045,1.0439,1.0455
2016-12-27 12:00:00,1.045,1.0443,1.044,1.0455
2016-12-27 16:00:00,1.0443,1.0456,1.0442,1.0463
2016-12-27 20:00:00,1.0456,1.0457,1.0451,1.0458
2016-12-28 00:00:00,1.0455,1.0469,1.0372,1.048
2016-12-28 04:00:00,1.0469,1.0478,1.0464,1.048
2016-12-28 08:00:00,1.0478,1.0439,1.0434,1.0479
2016-12-28 12:00:00,1.0439,1.0393,1.0386,1.0445
2016-12-28 16:00:00,1.0393,1.0383,1.0372,1.0403
2016-12-28 20:00:00,1.0383,1.041,1.0382,1.0418
2016-12-29 00:00:00,1.0413,1.0434,1.0408,1.0494
2016-12-29 04:00:00,1.0434,1.046,1.0429,1.0465
2016-12-29 08:00:00,1.046,1.0468,1.0442,1.048
2016-12-29 12:00:00,1.0469,1.0465,1.0445,1.0477
2016-12-29 16:00:00,1.0465,1.0472,1.0447,1.0492
2016-12-29 20:00:00,1.0472,1.0489,1.047,1.0494
2016-12-30 00:00:00,1.0489,1.0545,1.0483,1.0652
2016-12-30 04:00:00,1.0545,1.0536,1.052,1.0547
2016-12-30 08:00:00,1.0536,1.0589,1.0505,1.0591
2016-12-30 12:00:00,1.0589,1.0543,1.0534,1.0591
2016-12-30 16:00:00,1.0543,1.0546,1.0525,1.0577
2016-12-30 20:00:00,1.0546,1.0507,1.0507,1.0547
2017-01-02 00:00:00,1.0513,1.0519,1.045,1.0528
2017-01-02 04:00:00,1.0519,1.0511,1.0509,1.0521
2017-01-02 08:00:00,1.0511,1.0486,1.0476,1.0523
2017-01-02 12:00:00,1.0486,1.0465,1.0461,1.0489
2017-01-02 16:00:00,1.0465,1.0465,1.0454,1.0477
2017-01-02 20:00:00,1.0465,1.0452,1.0448,1.0467
2017-01-03 00:00:00,1.0452,1.0476,1.034,1.049
2017-01-03 04:00:00,1.0476,1.0482,1.047,1.049
2017-01-03 08:00:00,1.0482,1.0401,1.04,1.0489
2017-01-03 12:00:00,1.0401,1.0391,1.0375,1.0416
2017-01-03 16:00:00,1.0391,1.0427,1.034,1.0434
2017-01-03 20:00:00,1.0427,1.0404,1.0401,1.0431
2017-01-04 00:00:00,1.0405,1.0393,1.039,1.05
2017-01-04 04:00:00,1.0393,1.0406,1.0393,1.0409
2017-01-04 08:00:00,1.0406,1.0438,1.0399,1.0445
2017-01-04 12:00:00,1.0437,1.0439,1.0423,1.0446
2017-01-04 16:00:00,1.0439,1.0471,1.0436,1.0491
2017-01-04 20:00:00,1.0471,1.0487,1.0451,1.05
2017-01-05 00:00:00,1.0488,1.0519,1.048,1.0615
2017-01-05 04:00:00,1.0519,1.0541,1.0511,1.0563
2017-01-05 08:00:00,1.0541,1.0504,1.0501,1.0574
2017-01-05 12:00:00,1.0504,1.053,1.0482,1.0542
2017-01-05 16:00:00,1.053,1.0598,1.0528,1.0615
2017-01-05 20:00:00,1.0598,1.0606,1.0587,1.061
2017-01-06 00:00:00,1.0602,1.0583,1.0525,1.0621
2017-01-06 04:00:00,1.0583,1.0582,1.0576,1.0593
2017-01-06 08:00:00,1.0582,1.06,1.0574,1.0609
2017-01-06 12:00:00,1.06,1.0544,1.0539,1.0621
2017-01-06 16:00:00,1.0544,1.0549,1.0535,1.0583
2017-01-06 20:00:00,1.0549,1.0524,1.0524,1.0552
2017-01-09 00:00:00,1.0531,1.0542,1.0511,1.0583
2017-01-09 04:00:00,1.0542,1.0524,1.0516,1.0542
2017-01-09 08:00:00,1.0524,1.0524,1.0519,1.0556
2017-01-09 12:00:00,1.0524,1.0534,1.051,1.0542
2017-01-09 16:00:00,1.0534,1.057,1.0524,1.0583
2017-01-09 20:00:00,1.057,1.0572,1.0557,1.0578
2017-01-10 00:00:00,1.0574,1.0578,1.0551,1.0627
2017-01-10 04:00:00,1.0578,1.0609,1.0576,1.0627
2017-01-10 08:00:00,1.0609,1.0596,1.0587,1.062
2017-01-10 12:00:00,1.0596,1.0574,1.0558,1.06
2017-01-10 16:00:00,1.0574,1.0561,1.0551,1.0605
2017-01-10 20:00:00,1.0561,1.0553,1.0553,1.0564
2017-01-11 00:00:00,1.0555,1.0558,1.0454,1.0623
2017-01-11 04:00:00,1.0558,1.0549,1.0536,1.056
2017-01-11 08:00:00,1.0549,1.0535,1.053,1.0567
2017-01-11 12:00:00,1.0535,1.0513,1.0494,1.0536
2017-01-11 16:00:00,1.0513,1.0558,1.0453,1.0572
2017-01-11 20:00:00,1.0558,1.0582,1.0554,1.0623
2017-01-12 00:00:00,1.058,1.0584,1.0571,1.0685
2017-01-12 04:00:00,1.0583,1.0611,1.0582,1.0613
2017-01-12 08:00:00,1.0611,1.0641,1.0605,1.0664
2017-01-12 12:00:00,1.0641,1.0652,1.0619,1.0684
2017-01-12 16:00:00,1.0652,1.0648,1.0633,1.0675
2017-01-12 20:00:00,1.0648,1.0611,1.061,1.0651
2017-01-13 00:00:00,1.0613,1.0616,1.0596,1.0674
2017-01-13 04:00:00,1.0616,1.0617,1.0603,1.0619
2017-01-13 08:00:00,1.0617,1.0644,1.0614,1.0651
2017-01-13 12:00:00,1.0644,1.0645,1.062,1.0673
2017-01-13 16:00:00,1.0645,1.0637,1.0596,1.0652
2017-01-13 20:00:00,1.0637,1.0642,1.0629,1.0653
2017-01-16 00:00:00,1.0625,1.062,1.0579,1.0636
2017-01-16 04:00:00,1.062,1.062,1.0605,1.0627
2017-01-16 08:00:00,1.0621,1.059,1.0579,1.0629
2017-01-16 12:00:00,1.059,1.0592,1.0579,1.0601
2017-01-16 16:00:00,1.0592,1.0604,1.0589,1.0608
2017-01-16 20:00:00,1.0604,1.0595,1.0595,1.0605
2017-01-17 00:00:00,1.0595,1.0602,1.0592,1.0719
2017-01-17 04:00:00,1.0602,1.0657,1.0602,1.0659
2017-01-17 08:00:00,1.0657,1.0678,1.064,1.0682
2017-01-17 12:00:00,1.0678,1.0691,1.0657,1.0719
2017-01-17 16:00:00,1.0692,1.0699,1.0689,1.0716
2017-01-17 20:00:00,1.0699,1.0712,1.0694,1.0713
2017-01-18 00:00:00,1.0711,1.0699,1.0628,1.0715
2017-01-18 04:00:00,1.0699,1.0684,1.0681,1.07
2017-01-18 08:00:00,1.0684,1.0695,1.0676,1.0704
2017-01-18 12:00:00,1.0695,1.0668,1.0655,1.0696
2017-01-18 16:00:00,1.0668,1.0683,1.0665,1.0703
2017-01-18 20:00:00,1.0683,1.0629,1.0628,1.0683
2017-01-19 00:00:00,1.0628,1.0628,1.0589,1.0677
2017-01-19 04:00:00,1.0628,1.0639,1.0627,1.0645
2017-01-19 08:00:00,1.0639,1.066,1.0632,1.067
2017-01-19 12:00:00,1.066,1.0619,1.0603,1.0676
2017-01-19 16:00:00,1.0619,1.0632,1.0589,1.0637
2017-01-19 20:00:00,1.0632,1.0663,1.0618,1.0669
2017-01-20 00:00:00,1.0662,1.0681,1.0625,1.0709
2017-01-20 04:00:00,1.0681,1.0672,1.0671,1.0693
2017-01-20 08:00:00,1.0672,1.0646,1.0642,1.0692
2017-01-20 12:00:00,1.0646,1.0656,1.0625,1.0657
2017-01-20 16:00:00,1.0656,1.0674,1.0652,1.0695
2017-01-20 20:00:00,1.0674,1.0698,1.0665,1.0709
2017-01-23 00:00:00,1.0699,1.0744,1.0693,1.0769
2017-01-23 04:00:00,1.0744,1.0748,1.0735,1.075
2017-01-23 08:00:00,1.0748,1.0725,1.0723,1.0754
2017-01-23 12:00:00,1.0726,1.073,1.0709,1.0745
2017-01-23 16:00:00,1.073,1.0727,1.0706,1.0752
2017-01-23 20:00:00,1.0727,1.0763,1.0725,1.0769
2017-01-24 00:00:00,1.0765,1.0754,1.072,1.0775
2017-01-24 04:00:00,1.0754,1.0755,1.0748,1.0771
2017-01-24 08:00:00,1.0755,1.074,1.0734,1.0757
2017-01-24 12:00:00,1.074,1.0747,1.0725,1.0757
2017-01-24 16:00:00,1.0747,1.0756,1.0743,1.0775
2017-01-24 20:00:00,1.0756,1.0731,1.072,1.0758
2017-01-25 00:00:00,1.073,1.0729,1.0711,1.077
2017-01-25 04:00:00,1.0729,1.0726,1.0723,1.0738
2017-01-25 08:00:00,1.0726,1.075,1.0711,1.0754
2017-01-25 12:00:00,1.0749,1.0745,1.0735,1.0769
2017-01-25 16:00:00,1.0744,1.0737,1.072,1.0753
2017-01-25 20:00:00,1.0737,1.0747,1.072,1.0754
2017-01-26 00:00:00,1.075,1.0759,1.0658,1.0766
2017-01-26 04:00:00,1.0759,1.0755,1.0753,1.0762
2017-01-26 08:00:00,1.0755,1.0721,1.0716,1.0756
2017-01-26 12:00:00,1.0721,1.0697,1.0688,1.0733
2017-01-26 16:00:00,1.0697,1.0686,1.0657,1.0704
2017-01-26 20:00:00,1.0686,1.0681,1.0662,1.0704
2017-01-27 00:00:00,1.0679,1.0682,1.0658,1.0725
2017-01-27 04:00:00,1.0682,1.0672,1.0668,1.0688
2017-01-27 08:00:00,1.0672,1.0693,1.0658,1.0698
2017-01-27 12:00:00,1.0693,1.0698,1.067,1.0709
2017-01-27 16:00:00,1.0698,1.0682,1.0679,1.0725
2017-01-27 20:00:00,1.0682,1.0697,1.0679,1.0699
2017-01-30 00:00:00,1.0714,1.0736,1.062,1.074
2017-01-30 04:00:00,1.0736,1.0724,1.0723,1.0738
2017-01-30 08:00:00,1.0724,1.0695,1.0687,1.0725
2017-01-30 12:00:00,1.0695,1.0644,1.062,1.0699
2017-01-30 16:00:00,1.0644,1.0693,1.064,1.0709
2017-01-30 20:00:00,1.0693,1.0692,1.0685,1.07
2017-01-31 00:00:00,1.0693,1.0693,1.0684,1.0812
2017-01-31 04:00:00,1.0693,1.07,1.0691,1.0712
2017-01-31 08:00:00,1.07,1.0711,1.0684,1.0725
2017-01-31 12:00:00,1.0711,1.0755,1.0699,1.0765
2017-01-31 16:00:00,1.0755,1.0783,1.0748,1.0812
2017-01-31 20:00:00,1.0783,1.0797,1.0782,1.0809
2017-02-01 00:00:00,1.0797,1.0793,1.073,1.0807
2017-02-01 04:00:00,1.0793,1.079,1.0787,1.0798
2017-02-01 08:00:00,1.079,1.0784,1.0774,1.0799
2017-02-01 12:00:00,1.0784,1.076,1.076,1.0807
2017-02-01 16:00:00,1.076,1.0753,1.0736,1.0763
2017-02-01 20:00:00,1.0752,1.0768,1.073,1.0789
2017-02-02 00:00:00,1.0769,1.0783,1.0756,1.0829
2017-02-02 04:00:00,1.0783,1.0792,1.0776,1.0795
2017-02-02 08:00:00,1.0792,1.0815,1.0778,1.0818
2017-02-02 12:00:00,1.0815,1.0814,1.0794,1.0828
2017-02-02 16:00:00,1.0814,1.0787,1.0784,1.0823
2017-02-02 20:00:00,1.0788,1.0757,1.0756,1.0794
2017-02-03 00:00:00,1.0759,1.0769,1.0711,1.0798
2017-02-03 04:00:00,1.0769,1.0757,1.0745,1.0771
2017-02-03 08:00:00,1.0757,1.0741,1.0739,1.0765
2017-02-03 12:00:00,1.0741,1.0756,1.0711,1.0775
2017-02-03 16:00:00,1.0756,1.0783,1.0755,1.0797
2017-02-03 20:00:00,1.0783,1.0779,1.0759,1.0786
2017-02-06 00:00:00,1.079,1.078,1.0706,1.0791
2017-02-06 04:00:00,1.078,1.0774,1.0773,1.0784
2017-02-06 08:00:00,1.0774,1.0746,1.0742,1.0777
2017-02-06 12:00:00,1.0746,1.0713,1.0708,1.0746
2017-02-06 16:00:00,1.0713,1.0734,1.0705,1.0743
2017-02-06 20:00:00,1.0734,1.0749,1.0729,1.0755
2017-02-07 00:00:00,1.0749,1.073,1.0656,1.075
2017-02-07 04:00:00,1.073,1.0712,1.0704,1.0735
2017-02-07 08:00:00,1.0712,1.0659,1.0656,1.0713
2017-02-07 12:00:00,1.0659,1.0675,1.0657,1.0686
2017-02-07 16:00:00,1.0675,1.0692,1.0663,1.0703
2017-02-07 20:00:00,1.0692,1.0682,1.0677,1.0706
2017-02-08 00:00:00,1.0678,1.0685,1.0641,1.0714
2017-02-08 04:00:00,1.0685,1.0677,1.0673,1.0691
2017-02-08 08:00:00,1.0677,1.0644,1.064,1.068
2017-02-08 12:00:00,1.0644,1.067,1.0641,1.0676
2017-02-08 16:00:00,1.067,1.0697,1.067,1.0714
2017-02-08 20:00:00,1.0697,1.0697,1.0678,1.0698
2017-02-09 00:00:00,1.0697,1.0685,1.0651,1.071
2017-02-09 04:00:00,1.0685,1.068,1.0676,1.0695
2017-02-09 08:00:00,1.068,1.0702,1.067,1.0709
2017-02-09 12:00:00,1.0702,1.0682,1.0673,1.0702
2017-02-09 16:00:00,1.0682,1.0657,1.0653,1.0694
2017-02-09 20:00:00,1.0657,1.0654,1.0651,1.0664
2017-02-10 00:00:00,1.0657,1.0661,1.0608,1.0668
2017-02-10 04:00:00,1.0661,1.0653,1.0651,1.0667
2017-02-10 08:00:00,1.0653,1.0642,1.0636,1.0663
2017-02-10 12:00:00,1.0642,1.0619,1.0616,1.065
2017-02-10 16:00:00,1.0619,1.0634,1.0607,1.0652
2017-02-10 20:00:00,1.0634,1.0638,1.0625,1.0653
2017-02-13 00:00:00,1.0635,1.062,1.0592,1.0659
2017-02-13 04:00:00,1.062,1.0628,1.0614,1.063
2017-02-13 08:00:00,1.0628,1.0637,1.0626,1.0658
2017-02-13 12:00:00,1.0637,1.0623,1.062,1.0647
2017-02-13 16:00:00,1.0623,1.0595,1.0592,1.0625
2017-02-13 20:00:00,1.0596,1.0597,1.0595,1.0605
2017-02-14 00:00:00,1.0595,1.0595,1.0561,1.0633
2017-02-14 04:00:00,1.0595,1.0619,1.0591,1.0623
2017-02-14 08:00:00,1.062,1.0617,1.0606,1.0633
2017-02-14 12:00:00,1.0617,1.0613,1.0608,1.0633
2017-02-14 16:00:00,1.0613,1.0565,1.0561,1.0615
2017-02-14 20:00:00,1.0565,1.0576,1.0561,1.058
2017-02-15 00:00:00,1.0574,1.0573,1.0521,1.0609
2017-02-15 04:00:00,1.0573,1.0579,1.0568,1.0586
2017-02-15 08:00:00,1.0578,1.0555,1.0547,1.0582
2017-02-15 12:00:00,1.0555,1.0534,1.0521,1.0561
2017-02-15 16:00:00,1.0534,1.0583,1.0531,1.0609
2017-02-15 20:00:00,1.0583,1.0599,1.0581,1.0607
2017-02-16 00:00:00,1.0599,1.0621,1.0591,1.0679
2017-02-16 04:00:00,1.0621,1.0621,1.0612,1.0624
2017-02-16 08:00:00,1.062,1.0639,1.06,1.0641
2017-02-16 12:00:00,1.0639,1.0637,1.0624,1.0655
2017-02-16 16:00:00,1.0637,1.0653,1.0633,1.0679
2017-02-16 20:00:00,1.0653,1.0673,1.065,1.0677
2017-02-17 00:00:00,1.0672,1.0671,1.0605,1.0677
2017-02-17 04:00:00,1.0671,1.0671,1.0669,1.0676
2017-02-17 08:00:00,1.0671,1.0643,1.0637,1.0673
2017-02-17 12:00:00,1.0643,1.0655,1.064,1.0658
2017-02-17 16:00:00,1.0655,1.0614,1.0612,1.0667
2017-02-17 20:00:00,1.0614,1.0606,1.0605,1.0617
2017-02-20 00:00:00,1.0608,1.0609,1.0603,1.0633
2017-02-20 04:00:00,1.0609,1.0614,1.0605,1.0619
2017-02-20 08:00:00,1.0614,1.0622,1.0604,1.063
2017-02-20 12:00:00,1.0622,1.062,1.0607,1.0628
2017-02-20 16:00:00,1.0621,1.0609,1.0607,1.0627
2017-02-20 20:00:00,1.0609,1.061,1.0608,1.0617
2017-02-21 00:00:00,1.061,1.0584,1.0526,1.0615
2017-02-21 04:00:00,1.0585,1.0585,1.0577,1.0588
2017-02-21 08:00:00,1.0585,1.0542,1.0542,1.0589
2017-02-21 12:00:00,1.0542,1.0537,1.053,1.0546
2017-02-21 16:00:00,1.0537,1.0544,1.0526,1.0552
2017-02-21 20:00:00,1.0544,1.0535,1.0534,1.0551
2017-02-22 00:00:00,1.0536,1.0549,1.0494,1.0574
2017-02-22 04:00:00,1.0549,1.0544,1.0543,1.0553
2017-02-22 08:00:00,1.0544,1.0509,1.0497,1.0545
2017-02-22 12:00:00,1.0509,1.0514,1.0493,1.0517
2017-02-22 16:00:00,1.0514,1.0546,1.0496,1.0565
2017-02-22 20:00:00,1.0546,1.0557,1.0529,1.0574
2017-02-23 00:00:00,1.0556,1.0552,1.0538,1.0595
2017-02-23 04:00:00,1.0552,1.0566,1.0547,1.0572
2017-02-23 08:00:00,1.0566,1.0546,1.0538,1.0567
2017-02-23 12:00:00,1.0546,1.0579,1.0537,1.0585
2017-02-23 16:00:00,1.0579,1.0566,1.0563,1.0595
2017-02-23 20:00:00,1.0566,1.058,1.0564,1.0586
2017-02-24 00:00:00,1.0577,1.0574,1.0557,1.0618
2017-02-24 04:00:00,1.0574,1.058,1.0569,1.0585
2017-02-24 08:00:00,1.058,1.0593,1.057,1.0604
2017-02-24 12:00:00,1.0593,1.0613,1.0583,1.0618
2017-02-24 16:00:00,1.0613,1.0568,1.0565,1.0615
2017-02-24 20:00:00,1.0568,1.0551,1.0551,1.0577
2017-02-27 00:00:00,1.0563,1.0571,1.0551,1.0631
2017-02-27 04:00:00,1.0571,1.0568,1.0561,1.0574
2017-02-27 08:00:00,1.0568,1.0586,1.0563,1.0587
2017-02-27 12:00:00,1.0586,1.0599,1.0578,1.0601
2017-02-27 16:00:00,1.0599,1.0604,1.0588,1.063
2017-02-27 20:00:00,1.0604,1.0585,1.058,1.0607
2017-02-28 00:00:00,1.0585,1.0583,1.0568,1.063
2017-02-28 04:00:00,1.0583,1.0594,1.0581,1.0595
2017-02-28 08:00:00,1.0594,1.0589,1.0576,1.0603
2017-02-28 12:00:00,1.0589,1.0595,1.0583,1.0608
2017-02-28 16:00:00,1.0595,1.0607,1.0591,1.063
2017-02-28 20:00:00,1.0607,1.0576,1.0571,1.061
2017-03-01 00:00:00,1.0575,1.0572,1.0514,1.0589
2017-03-01 04:00:00,1.0572,1.0555,1.055,1.0589
2017-03-01 08:00:00,1.0555,1.054,1.0526,1.056
2017-03-01 12:00:00,1.054,1.0525,1.0514,1.0546
2017-03-01 16:00:00,1.0525,1.0563,1.052,1.0571
2017-03-01 20:00:00,1.0563,1.0546,1.0542,1.0571
2017-03-02 00:00:00,1.0546,1.0534,1.0495,1.0551
2017-03-02 04:00:00,1.0534,1.0531,1.0528,1.0534
2017-03-02 08:00:00,1.0531,1.0525,1.0522,1.0545
2017-03-02 12:00:00,1.0526,1.0514,1.0508,1.0533
2017-03-02 16:00:00,1.0514,1.0506,1.0499,1.0528
2017-03-02 20:00:00,1.0506,1.0506,1.0495,1.0511
2017-03-03 00:00:00,1.0508,1.0518,1.05,1.0624
2017-03-03 04:00:00,1.0518,1.0518,1.0512,1.0523
2017-03-03 08:00:00,1.0518,1.0517,1.051,1.0528
2017-03-03 12:00:00,1.0517,1.0568,1.0515,1.0573
2017-03-03 16:00:00,1.0568,1.0561,1.0544,1.057
2017-03-03 20:00:00,1.056,1.0617,1.0542,1.0624
2017-03-06 00:00:00,1.0607,1.0607,1.0575,1.064
2017-03-06 04:00:00,1.0607,1.0604,1.06,1.0612
2017-03-06 08:00:00,1.0604,1.0602,1.059,1.064
2017-03-06 12:00:00,1.0602,1.0597,1.0576,1.0605
2017-03-06 16:00:00,1.0597,1.0577,1.0576,1.0608
2017-03-06 20:00:00,1.0577,1.058,1.0575,1.059
2017-03-07 00:00:00,1.0581,1.0582,1.0558,1.0602
2017-03-07 04:00:00,1.0582,1.0585,1.058,1.0593
2017-03-07 08:00:00,1.0585,1.0563,1.0563,1.0602
2017-03-07 12:00:00,1.0563,1.0569,1.0558,1.058
2017-03-07 16:00:00,1.0569,1.0575,1.0561,1.0588
2017-03-07 20:00:00,1.0574,1.0566,1.0565,1.0576
2017-03-08 00:00:00,1.0565,1.0568,1.0535,1.0574
2017-03-08 04:00:00,1.0567,1.0563,1.0558,1.0569
2017-03-08 08:00:00,1.0563,1.0555,1.0547,1.0573
2017-03-08 12:00:00,1.0555,1.0554,1.0535,1.0562
2017-03-08 16:00:00,1.0554,1.0536,1.0536,1.0562
2017-03-08 20:00:00,1.0536,1.0539,1.0536,1.0551
2017-03-09 00:00:00,1.0539,1.0542,1.0525,1.0615
2017-03-09 04:00:00,1.0542,1.0532,1.0528,1.0542
2017-03-09 08:00:00,1.0532,1.0558,1.0525,1.057
2017-03-09 12:00:00,1.0558,1.0584,1.0542,1.0592
2017-03-09 16:00:00,1.0585,1.058,1.0566,1.0615
2017-03-09 20:00:00,1.058,1.0576,1.0572,1.0596
2017-03-10 00:00:00,1.0575,1.0587,1.0572,1.0699
2017-03-10 04:00:00,1.0587,1.0598,1.0587,1.0602
2017-03-10 08:00:00,1.0598,1.0614,1.0588,1.0619
2017-03-10 12:00:00,1.0613,1.0646,1.0596,1.0646
2017-03-10 16:00:00,1.0646,1.0669,1.062,1.0677
2017-03-10 20:00:00,1.0669,1.0671,1.0668,1.0699
2017-03-13 00:00:00,1.0679,1.0685,1.0652,1.0714
2017-03-13 04:00:00,1.0685,1.0697,1.0683,1.0706
2017-03-13 08:00:00,1.0698,1.0665,1.0665,1.0714
2017-03-13 12:00:00,1.0665,1.067,1.0656,1.0677
2017-03-13 16:00:00,1.067,1.0659,1.0655,1.0679
2017-03-13 20:00:00,1.0659,1.0654,1.0652,1.0661
2017-03-14 00:00:00,1.0653,1.0656,1.06,1.0663
2017-03-14 04:00:00,1.0656,1.0659,1.065,1.066
2017-03-14 08:00:00,1.0659,1.0639,1.0633,1.0662
2017-03-14 12:00:00,1.0639,1.0629,1.0626,1.0645
2017-03-14 16:00:00,1.0629,1.0621,1.0621,1.0646
2017-03-14 20:00:00,1.0621,1.0608,1.06,1.0621
2017-03-15 00:00:00,1.0603,1.0613,1.0603,1.074
2017-03-15 04:00:00,1.0613,1.062,1.0612,1.0621
2017-03-15 08:00:00,1.062,1.0626,1.0616,1.0639
2017-03-15 12:00:00,1.0626,1.0615,1.0607,1.0634
2017-03-15 16:00:00,1.0615,1.0625,1.0612,1.0644
2017-03-15 20:00:00,1.0625,1.0736,1.062,1.074
2017-03-16 00:00:00,1.0728,1.0725,1.0706,1.077
2017-03-16 04:00:00,1.0725,1.0726,1.0719,1.0731
2017-03-16 08:00:00,1.0726,1.0711,1.0705,1.074
2017-03-16 12:00:00,1.0711,1.0726,1.071,1.0735
2017-03-16 16:00:00,1.0726,1.0715,1.0712,1.0743
2017-03-16 20:00:00,1.0715,1.0772,1.0707,1.0774
2017-03-17 00:00:00,1.0764,1.0769,1.0727,1.0782
2017-03-17 04:00:00,1.0769,1.0771,1.0767,1.0774
2017-03-17 08:00:00,1.0771,1.0775,1.0753,1.0782
2017-03-17 12:00:00,1.0775,1.0743,1.0727,1.0776
2017-03-17 16:00:00,1.0743,1.0745,1.0731,1.0756
2017-03-17 20:00:00,1.0745,1.0736,1.0733,1.0752
2017-03-20 00:00:00,1.0736,1.0757,1.0725,1.0777
2017-03-20 04:00:00,1.0757,1.0764,1.0757,1.0765
2017-03-20 08:00:00,1.0764,1.0755,1.0752,1.0777
2017-03-20 12:00:00,1.0755,1.0752,1.0743,1.0762
2017-03-20 16:00:00,1.0752,1.0728,1.0725,1.0758
2017-03-20 20:00:00,1.0728,1.0736,1.0728,1.0745
2017-03-21 00:00:00,1.0738,1.0764,1.0719,1.0819
2017-03-21 04:00:00,1.0764,1.076,1.0752,1.0766
2017-03-21 08:00:00,1.076,1.0792,1.0759,1.0804
2017-03-21 12:00:00,1.0792,1.0815,1.079,1.0816
2017-03-21 16:00:00,1.0815,1.0809,1.0793,1.0819
2017-03-21 20:00:00,1.0809,1.0806,1.0795,1.0814
2017-03-22 00:00:00,1.0808,1.0797,1.0776,1.0825
2017-03-22 04:00:00,1.0797,1.08,1.0788,1.0805
2017-03-22 08:00:00,1.08,1.0785,1.0776,1.0818
2017-03-22 12:00:00,1.0785,1.08,1.0783,1.0808
2017-03-22 16:00:00,1.08,1.081,1.0798,1.0825
2017-03-22 20:00:00,1.081,1.0792,1.079,1.0811
2017-03-23 00:00:00,1.0793,1.0785,1.0768,1.0805
2017-03-23 04:00:00,1.0785,1.079,1.0782,1.0795
2017-03-23 08:00:00,1.079,1.0771,1.0769,1.0805
2017-03-23 12:00:00,1.0771,1.0785,1.0768,1.0794
2017-03-23 16:00:00,1.0785,1.0781,1.0774,1.0793
2017-03-23 20:00:00,1.0781,1.0782,1.0778,1.0789
2017-03-24 00:00:00,1.0782,1.0767,1.076,1.0818
2017-03-24 04:00:00,1.0767,1.0768,1.076,1.0769
2017-03-24 08:00:00,1.0768,1.0804,1.0761,1.0807
2017-03-24 12:00:00,1.0804,1.0798,1.0795,1.0812
2017-03-24 16:00:00,1.0798,1.0804,1.079,1.0815
2017-03-24 20:00:00,1.0804,1.0796,1.079,1.0818
2017-03-27 00:00:00,1.083,1.0845,1.0827,1.0906
2017-03-27 04:00:00,1.0846,1.0843,1.0839,1.0849
2017-03-27 08:00:00,1.0844,1.0859,1.0843,1.0873
2017-03-27 12:00:00,1.0859,1.0894,1.0853,1.0896
2017-03-27 16:00:00,1.0894,1.0864,1.0862,1.0906
2017-03-27 20:00:00,1.0864,1.0864,1.0861,1.0873
2017-03-28 00:00:00,1.0865,1.0856,1.0799,1.0872
2017-03-28 04:00:00,1.0856,1.0866,1.0855,1.0868
2017-03-28 08:00:00,1.0866,1.0859,1.0845,1.0872
2017-03-28 12:00:00,1.0859,1.0859,1.0849,1.0867
2017-03-28 16:00:00,1.0859,1.0833,1.083,1.0872
2017-03-28 20:00:00,1.0833,1.0812,1.0799,1.0839
2017-03-29 00:00:00,1.081,1.0817,1.074,1.0827
2017-03-29 04:00:00,1.0817,1.0815,1.0811,1.0826
2017-03-29 08:00:00,1.0815,1.0788,1.0777,1.0815
2017-03-29 12:00:00,1.0788,1.0764,1.074,1.0794
2017-03-29 16:00:00,1.0763,1.0751,1.0744,1.0763
2017-03-29 20:00:00,1.0751,1.0764,1.0749,1.0773
2017-03-30 00:00:00,1.0764,1.0751,1.0672,1.077
2017-03-30 04:00:00,1.0751,1.0753,1.0741,1.0757
2017-03-30 08:00:00,1.0753,1.0733,1.073,1.0768
2017-03-30 12:00:00,1.0733,1.0721,1.0721,1.0747
2017-03-30 16:00:00,1.0721,1.0703,1.0702,1.0753
2017-03-30 20:00:00,1.0703,1.0674,1.0672,1.0704
2017-03-31 00:00:00,1.0677,1.0682,1.0652,1.0702
2017-03-31 04:00:00,1.0682,1.0675,1.0673,1.0684
2017-03-31 08:00:00,1.0675,1.0694,1.0673,1.0697
2017-03-31 12:00:00,1.0694,1.0678,1.067,1.0695
2017-03-31 16:00:00,1.0678,1.0697,1.0671,1.0702
2017-03-31 20:00:00,1.0697,1.0646,1.0646,1.0698
2017-04-03 00:00:00,1.0662,1.0673,1.0642,1.0681
2017-04-03 04:00:00,1.0673,1.0679,1.0672,1.0681
2017-04-03 08:00:00,1.0679,1.0671,1.0659,1.0681
2017-04-03 12:00:00,1.0671,1.0662,1.065,1.0673
2017-04-03 16:00:00,1.0662,1.0661,1.0642,1.0679
2017-04-03 20:00:00,1.0661,1.0668,1.0659,1.0676
2017-04-04 00:00:00,1.0669,1.0669,1.0636,1.0677
2017-04-04 04:00:00,1.0669,1.0671,1.0663,1.0672
2017-04-04 08:00:00,1.0671,1.0661,1.0644,1.0674
2017-04-04 12:00:00,1.0661,1.0655,1.0635,1.0663
2017-04-04 16:00:00,1.0655,1.066,1.0647,1.0668
2017-04-04 20:00:00,1.066,1.0672,1.0648,1.0677
2017-04-05 00:00:00,1.0668,1.068,1.0635,1.0689
2017-04-05 04:00:00,1.0679,1.0674,1.0671,1.0682
2017-04-05 08:00:00,1.0674,1.0674,1.0668,1.0689
2017-04-05 12:00:00,1.0674,1.0666,1.0654,1.0686
2017-04-05 16:00:00,1.0666,1.0647,1.0645,1.0674
2017-04-05 20:00:00,1.0647,1.0662,1.0635,1.0681
2017-04-06 00:00:00,1.0662,1.0676,1.0629,1.0684
2017-04-06 04:00:00,1.0676,1.0674,1.067,1.068
2017-04-06 08:00:00,1.0674,1.0658,1.0629,1.068
2017-04-06 12:00:00,1.0658,1.066,1.0653,1.0675
2017-04-06 16:00:00,1.066,1.0649,1.0645,1.0665
2017-04-06 20:00:00,1.0649,1.0643,1.0638,1.0656
2017-04-07 00:00:00,1.0643,1.0644,1.0581,1.0666
2017-04-07 04:00:00,1.0644,1.0647,1.0638,1.066
2017-04-07 08:00:00,1.0647,1.0632,1.0629,1.0654
2017-04-07 12:00:00,1.0632,1.062,1.061,1.0666
2017-04-07 16:00:00,1.062,1.0598,1.0594,1.0634
2017-04-07 20:00:00,1.0598,1.0588,1.058,1.0603
2017-04-10 00:00:00,1.0588,1.0577,1.057,1.0607
2017-04-10 04:00:00,1.0577,1.0586,1.057,1.0587
2017-04-10 08:00:00,1.0586,1.0587,1.0577,1.0594
2017-04-10 12:00:00,1.0587,1.0575,1.057,1.0589
2017-04-10 16:00:00,1.0576,1.06,1.0576,1.0607
2017-04-10 20:00:00,1.06,1.0595,1.0587,1.0606
2017-04-11 00:00:00,1.0594,1.0592,1.0579,1.063
2017-04-11 04:00:00,1.0592,1.0588,1.0581,1.0592
2017-04-11 08:00:00,1.0588,1.0601,1.0579,1.0605
2017-04-11 12:00:00,1.0601,1.0612,1.0599,1.062
2017-04-11 16:00:00,1.0612,1.061,1.0605,1.063
2017-04-11 20:00:00,1.061,1.0605,1.06,1.0611
2017-04-12 00:00:00,1.0604,1.0608,1.0589,1.0675
2017-04-12 04:00:00,1.0608,1.0604,1.0595,1.0615
2017-04-12 08:00:00,1.0604,1.0619,1.0603,1.0622
2017-04-12 12:00:00,1.0619,1.06,1.0597,1.0624
2017-04-12 16:00:00,1.0601,1.0602,1.06,1.0622
2017-04-12 20:00:00,1.0602,1.0666,1.0589,1.0675
2017-04-13 00:00:00,1.0662,1.0666,1.0609,1.0678
2017-04-13 04:00:00,1.0666,1.0673,1.066,1.0677
2017-04-13 08:00:00,1.0673,1.0642,1.0638,1.0678
2017-04-13 12:00:00,1.0642,1.0628,1.0623,1.0648
2017-04-13 16:00:00,1.0628,1.0622,1.0609,1.0636
2017-04-13 20:00:00,1.0622,1.0613,1.0612,1.0627
2017-04-14 00:00:00,1.0614,1.0614,1.0606,1.063
2017-04-14 04:00:00,1.0614,1.0616,1.0609,1.0624
2017-04-14 08:00:00,1.0616,1.0623,1.0606,1.0627
2017-04-14 12:00:00,1.0623,1.0629,1.0609,1.063
2017-04-14 16:00:00,1.0629,1.0618,1.0615,1.063
2017-04-14 20:00:00,1.0618,1.061,1.061,1.0621
2017-04-17 00:00:00,1.0612,1.062,1.0603,1.067
2017-04-17 04:00:00,1.062,1.0619,1.0616,1.0626
2017-04-17 08:00:00,1.0619,1.0626,1.0615,1.0652
2017-04-17 12:00:00,1.0626,1.0645,1.0619,1.0649
2017-04-17 16:00:00,1.0646,1.0654,1.0643,1.0671
2017-04-17 20:00:00,1.0654,1.0643,1.0635,1.0657
2017-04-18 00:00:00,1.064,1.0644,1.0637,1.0736
2017-04-18 04:00:00,1.0644,1.0644,1.0642,1.0653
2017-04-18 08:00:00,1.0644,1.065,1.0641,1.0656
2017-04-18 12:00:00,1.0651,1.0697,1.0648,1.07
2017-04-18 16:00:00,1.0697,1.0708,1.0683,1.0709
2017-04-18 20:00:00,1.0708,1.073,1.0702,1.0736
2017-04-19 00:00:00,1.0731,1.0726,1.07,1.0737
2017-04-19 04:00:00,1.0726,1.0719,1.0717,1.0728
2017-04-19 08:00:00,1.0719,1.0716,1.0713,1.0737
2017-04-19 12:00:00,1.0716,1.072,1.0708,1.073
2017-04-19 16:00:00,1.072,1.071,1.07,1.0723
2017-04-19 20:00:00,1.0711,1.0711,1.0708,1.0723
2017-04-20 00:00:00,1.071,1.0717,1.0709,1.0778
2017-04-20 04:00:00,1.0716,1.0727,1.071,1.0728
2017-04-20 08:00:00,1.0727,1.077,1.0721,1.0776
2017-04-20 12:00:00,1.077,1.075,1.0741,1.0778
2017-04-20 16:00:00,1.075,1.0746,1.0743,1.0777
2017-04-20 20:00:00,1.0746,1.0717,1.0715,1.0748
2017-04-21 00:00:00,1.0716,1.0718,1.0682,1.0738
2017-04-21 04:00:00,1.0718,1.0716,1.0713,1.072
2017-04-21 08:00:00,1.0716,1.0719,1.071,1.0738
2017-04-21 12:00:00,1.0719,1.0701,1.0688,1.072
2017-04-21 16:00:00,1.0701,1.0693,1.0682,1.0711
2017-04-21 20:00:00,1.0693,1.0724,1.0688,1.0731
2017-04-24 00:00:00,1.09,1.085,1.0821,1.091
2017-04-24 04:00:00,1.0851,1.0859,1.0821,1.086
2017-04-24 08:00:00,1.0859,1.0858,1.0832,1.0878
2017-04-24 12:00:00,1.0859,1.0858,1.0841,1.0878
2017-04-24 16:00:00,1.0858,1.0842,1.0835,1.0874
2017-04-24 20:00:00,1.0841,1.0867,1.0841,1.087
2017-04-25 00:00:00,1.0868,1.0863,1.0851,1.095
2017-04-25 04:00:00,1.0863,1.0863,1.0852,1.0866
2017-04-25 08:00:00,1.0864,1.0893,1.0863,1.0895
2017-04-25 12:00:00,1.0893,1.0889,1.0871,1.0899
2017-04-25 16:00:00,1.0889,1.0949,1.088,1.095
2017-04-25 20:00:00,1.0949,1.0926,1.0926,1.095
2017-04-26 00:00:00,1.0929,1.0938,1.0856,1.0951
2017-04-26 04:00:00,1.0938,1.0941,1.0931,1.0948
2017-04-26 08:00:00,1.0941,1.0903,1.0896,1.0951
2017-04-26 12:00:00,1.0903,1.0887,1.0881,1.0908
2017-04-26 16:00:00,1.0887,1.0876,1.0856,1.0895
2017-04-26 20:00:00,1.0876,1.0904,1.0861,1.0913
2017-04-27 00:00:00,1.0903,1.0907,1.0852,1.0933
2017-04-27 04:00:00,1.0907,1.0905,1.0903,1.0921
2017-04-27 08:00:00,1.0905,1.0908,1.0896,1.092
2017-04-27 12:00:00,1.0908,1.0896,1.088,1.0933
2017-04-27 16:00:00,1.0895,1.0876,1.0852,1.0897
2017-04-27 20:00:00,1.0876,1.0872,1.087,1.0888
2017-04-28 00:00:00,1.0871,1.0861,1.0857,1.0947
2017-04-28 04:00:00,1.0861,1.0865,1.0857,1.0872
2017-04-28 08:00:00,1.0864,1.0902,1.0857,1.0902
2017-04-28 12:00:00,1.0903,1.0912,1.0903,1.0948
2017-04-28 16:00:00,1.0912,1.0901,1.0884,1.0922
2017-04-28 20:00:00,1.0901,1.0899,1.089,1.0906
2017-05-01 00:00:00,1.0894,1.09,1.0884,1.0924
2017-05-01 04:00:00,1.09,1.0891,1.0889,1.0901
2017-05-01 08:00:00,1.0891,1.0899,1.0884,1.0899
2017-05-01 12:00:00,1.0899,1.0917,1.0895,1.0922
2017-05-01 16:00:00,1.0917,1.0904,1.0902,1.0924
2017-05-01 20:00:00,1.0904,1.0899,1.0897,1.0908
2017-05-02 00:00:00,1.0896,1.0907,1.0888,1.0933
2017-05-02 04:00:00,1.0907,1.0913,1.0905,1.0918
2017-05-02 08:00:00,1.0913,1.0915,1.0905,1.0926
2017-05-02 12:00:00,1.0915,1.0908,1.0904,1.0922
2017-05-02 16:00:00,1.0908,1.0906,1.0888,1.0918
2017-05-02 20:00:00,1.0906,1.0932,1.0904,1.0933
2017-05-03 00:00:00,1.0929,1.0933,1.0883,1.0937
2017-05-03 04:00:00,1.0933,1.0934,1.0929,1.0937
2017-05-03 08:00:00,1.0934,1.0912,1.0908,1.0935
2017-05-03 12:00:00,1.0912,1.0915,1.0907,1.0923
2017-05-03 16:00:00,1.0915,1.0917,1.0904,1.0924
2017-05-03 20:00:00,1.0917,1.0884,1.0883,1.0927
2017-05-04 00:00:00,1.0884,1.0887,1.0875,1.0987
2017-05-04 04:00:00,1.0887,1.0896,1.0885,1.0897
2017-05-04 08:00:00,1.0896,1.0919,1.0875,1.0925
2017-05-04 12:00:00,1.0919,1.0935,1.0918,1.0941
2017-05-04 16:00:00,1.0935,1.0974,1.0925,1.0979
2017-05-04 20:00:00,1.0974,1.0984,1.0966,1.0987
2017-05-05 00:00:00,1.0983,1.098,1.0949,1.0999
2017-05-05 04:00:00,1.098,1.0984,1.0973,1.099
2017-05-05 08:00:00,1.0984,1.0958,1.0957,1.0988
2017-05-05 12:00:00,1.0959,1.0979,1.0948,1.0992
2017-05-05 16:00:00,1.0979,1.099,1.0965,1.0999
2017-05-05 20:00:00,1.099,1.1,1.0984,1.1
2017-05-08 00:00:00,1.1015,1.0967,1.0957,1.1022
2017-05-08 04:00:00,1.0967,1.0972,1.0961,1.0983
2017-05-08 08:00:00,1.0972,1.0956,1.0951,1.0997
2017-05-08 12:00:00,1.0956,1.0947,1.0931,1.0958
2017-05-08 16:00:00,1.0947,1.0932,1.0916,1.0953
2017-05-08 20:00:00,1.0932,1.0922,1.0921,1.0937
2017-05-09 00:00:00,1.0918,1.0925,1.0918,1.0933
2017-05-09 04:00:00,1.0925,1.0931,1.092,1.0934
2017-05-09 08:00:00,1.093,1.0906,1.0902,1.0932
2017-05-09 12:00:00,1.0906,1.0884,1.0874,1.0909
2017-05-09 16:00:00,1.0884,1.0896,1.0872,1.0907
2017-05-09 20:00:00,1.0896,1.0874,1.0863,1.0897
2017-05-10 00:00:00,1.0873,1.0895,1.0869,1.0897
2017-05-10 04:00:00,1.0895,1.0891,1.0891,1.0898
2017-05-10 08:00:00,1.0891,1.0871,1.087,1.0898
2017-05-10 12:00:00,1.0871,1.088,1.0859,1.0883
2017-05-10 16:00:00,1.088,1.0868,1.0862,1.0882
2017-05-10 20:00:00,1.0867,1.0868,1.0853,1.087
2017-05-11 00:00:00,1.0869,1.0874,1.0862,1.0876
2017-05-11 04:00:00,1.0874,1.087,1.087,1.088
2017-05-11 08:00:00,1.087,1.0879,1.0864,1.0893
2017-05-11 12:00:00,1.0878,1.0852,1.0839,1.0879
2017-05-11 16:00:00,1.0852,1.0867,1.0852,1.0876
2017-05-11 20:00:00,1.0867,1.0861,1.086,1.0875
2017-05-12 00:00:00,1.0861,1.0865,1.0859,1.0868
2017-05-12 04:00:00,1.0865,1.0871,1.0864,1.0874
2017-05-12 08:00:00,1.0871,1.0866,1.0856,1.0873
2017-05-12 12:00:00,1.0866,1.0906,1.0863,1.0913
2017-05-12 16:00:00,1.0906,1.0919,1.0906,1.0934
2017-05-12 20:00:00,1.0919,1.0932,1.0918,1.0933
2017-05-15 00:00:00,1.0932,1.0925,1.0923,1.0935
2017-05-15 04:00:00,1.0925,1.093,1.0923,1.0931
2017-05-15 08:00:00,1.093,1.0945,1.0926,1.095
2017-05-15 12:00:00,1.0945,1.0978,1.0945,1.0982
2017-05-15 16:00:00,1.0978,1.0974,1.0971,1.099
2017-05-15 20:00:00,1.0974,1.0975,1.0966,1.098
2017-05-16 00:00:00,1.0974,1.0983,1.0972,1.0986
2017-05-16 04:00:00,1.0983,1.0992,1.0981,1.0994
2017-05-16 08:00:00,1.0992,1.1046,1.0991,1.105
2017-05-16 12:00:00,1.1045,1.1078,1.103,1.1089
2017-05-16 16:00:00,1.1078,1.1076,1.1064,1.1086
2017-05-16 20:00:00,1.1075,1.1083,1.1075,1.1097
2017-05-17 00:00:00,1.1082,1.1096,1.108,1.1098
2017-05-17 04:00:00,1.1095,1.1106,1.1094,1.1117
2017-05-17 08:00:00,1.1106,1.1085,1.1082,1.1122
2017-05-17 12:00:00,1.1085,1.1123,1.1085,1.1125
2017-05-17 16:00:00,1.1123,1.1138,1.1102,1.115
2017-05-17 20:00:00,1.1138,1.1161,1.1137,1.1162
2017-05-18 00:00:00,1.1157,1.1165,1.1151,1.1171
2017-05-18 04:00:00,1.1165,1.1144,1.1139,1.1172
2017-05-18 08:00:00,1.1144,1.1127,1.1121,1.1146
2017-05-18 12:00:00,1.1127,1.1109,1.1104,1.114
2017-05-18 16:00:00,1.1109,1.1126,1.1105,1.1138
2017-05-18 20:00:00,1.1125,1.1103,1.1076,1.113
2017-05-19 00:00:00,1.1102,1.1109,1.1097,1.1115
2017-05-19 04:00:00,1.1109,1.1112,1.11,1.1114
2017-05-19 08:00:00,1.1112,1.115,1.1109,1.1161
2017-05-19 12:00:00,1.1149,1.1179,1.1147,1.1186
2017-05-19 16:00:00,1.1179,1.1191,1.1178,1.1197
2017-05-19 20:00:00,1.119,1.1208,1.119,1.1212
2017-05-22 00:00:00,1.1203,1.1187,1.1186,1.121
2017-05-22 04:00:00,1.1187,1.1188,1.1182,1.1196
2017-05-22 08:00:00,1.1189,1.1168,1.1161,1.1201
2017-05-22 12:00:00,1.1168,1.1246,1.1166,1.125
2017-05-22 16:00:00,1.1245,1.1234,1.1229,1.1264
2017-05-22 20:00:00,1.1234,1.1237,1.1229,1.1244
2017-05-23 00:00:00,1.1236,1.124,1.123,1.1247
2017-05-23 04:00:00,1.124,1.125,1.1239,1.1254
2017-05-23 08:00:00,1.125,1.1248,1.1222,1.1268
2017-05-23 12:00:00,1.1248,1.1234,1.1211,1.1263
2017-05-23 16:00:00,1.1234,1.1192,1.1182,1.1249
2017-05-23 20:00:00,1.1192,1.1182,1.1175,1.1209
2017-05-24 00:00:00,1.1182,1.1187,1.1177,1.1192
2017-05-24 04:00:00,1.1187,1.118,1.1178,1.1191
2017-05-24 08:00:00,1.118,1.1186,1.117,1.1197
2017-05-24 12:00:00,1.1185,1.1198,1.1175,1.1202
2017-05-24 16:00:00,1.1198,1.1178,1.1168,1.1205
2017-05-24 20:00:00,1.1177,1.1218,1.1176,1.122
2017-05-25 00:00:00,1.1218,1.1223,1.1211,1.1233
2017-05-25 04:00:00,1.1223,1.1241,1.1219,1.1245
2017-05-25 08:00:00,1.1241,1.1242,1.1225,1.125
2017-05-25 12:00:00,1.1242,1.1203,1.1194,1.1242
2017-05-25 16:00:00,1.1203,1.1218,1.1201,1.1226
2017-05-25 20:00:00,1.1218,1.1211,1.1198,1.1221
2017-05-26 00:00:00,1.1211,1.1206,1.1197,1.1216
2017-05-26 04:00:00,1.1206,1.12,1.1185,1.1208
2017-05-26 08:00:00,1.12,1.1224,1.1191,1.1235
2017-05-26 12:00:00,1.1224,1.118,1.1178,1.1227
2017-05-26 16:00:00,1.118,1.1177,1.116,1.1188
2017-05-26 20:00:00,1.1177,1.1178,1.1168,1.1183
2017-05-29 00:00:00,1.1171,1.1172,1.1162,1.1185
2017-05-29 04:00:00,1.1172,1.1164,1.1162,1.1173
2017-05-29 08:00:00,1.1164,1.1183,1.1163,1.119
2017-05-29 12:00:00,1.1183,1.1185,1.1177,1.119
2017-05-29 16:00:00,1.1185,1.1174,1.1167,1.1189
2017-05-29 20:00:00,1.1174,1.1163,1.1162,1.1177
2017-05-30 00:00:00,1.1162,1.1133,1.1127,1.1169
2017-05-30 04:00:00,1.1133,1.1128,1.1122,1.1134
2017-05-30 08:00:00,1.1127,1.114,1.1109,1.1149
2017-05-30 12:00:00,1.114,1.1162,1.1137,1.1194
2017-05-30 16:00:00,1.1163,1.1175,1.1162,1.1205
2017-05-30 20:00:00,1.1175,1.1185,1.1174,1.1197
2017-05-31 00:00:00,1.1186,1.1171,1.1169,1.119
2017-05-31 04:00:00,1.1171,1.1173,1.117,1.118
2017-05-31 08:00:00,1.1173,1.1174,1.1164,1.1197
2017-05-31 12:00:00,1.1174,1.1222,1.1171,1.1229
2017-05-31 16:00:00,1.1222,1.1237,1.1217,1.1252
2017-05-31 20:00:00,1.1237,1.1243,1.1228,1.1247
2017-06-01 00:00:00,1.1246,1.1235,1.1233,1.1249
2017-06-01 04:00:00,1.1234,1.1247,1.1233,1.1257
2017-06-01 08:00:00,1.1246,1.1226,1.1223,1.1249
2017-06-01 12:00:00,1.1227,1.1215,1.1202,1.1237
2017-06-01 16:00:00,1.1215,1.121,1.1206,1.1235
2017-06-01 20:00:00,1.121,1.1212,1.1207,1.1219
2017-06-02 00:00:00,1.1211,1.1217,1.1211,1.1219
2017-06-02 04:00:00,1.1217,1.122,1.1215,1.1222
2017-06-02 08:00:00,1.1219,1.1221,1.1214,1.1228
2017-06-02 12:00:00,1.1221,1.127,1.1205,1.1283
2017-06-02 16:00:00,1.1269,1.127,1.1255,1.1282
2017-06-02 20:00:00,1.127,1.128,1.1267,1.1285
2017-06-05 00:00:00,1.1271,1.1273,1.1269,1.1284
2017-06-05 04:00:00,1.1272,1.1266,1.1263,1.1277
2017-06-05 08:00:00,1.1266,1.1272,1.126,1.1279
2017-06-05 12:00:00,1.1272,1.1242,1.1235,1.1272
2017-06-05 16:00:00,1.1242,1.1253,1.1234,1.1256
2017-06-05 20:00:00,1.1253,1.1254,1.1251,1.1264
2017-06-06 00:00:00,1.1255,1.1262,1.1253,1.1266
2017-06-06 04:00:00,1.1262,1.1268,1.1262,1.1275
2017-06-06 08:00:00,1.1268,1.1252,1.1242,1.1278
2017-06-06 12:00:00,1.1252,1.1255,1.124,1.126
2017-06-06 16:00:00,1.1255,1.127,1.1254,1.1277
2017-06-06 20:00:00,1.127,1.1277,1.1268,1.1284
2017-06-07 00:00:00,1.1277,1.1273,1.1268,1.1282
2017-06-07 04:00:00,1.1273,1.1265,1.126,1.1274
2017-06-07 08:00:00,1.1264,1.1262,1.1246,1.1277
2017-06-07 12:00:00,1.1262,1.123,1.1204,1.1277
2017-06-07 16:00:00,1.123,1.1265,1.1223,1.1283
2017-06-07 20:00:00,1.1265,1.1256,1.1252,1.1272
2017-06-08 00:00:00,1.1256,1.1251,1.1248,1.1264
2017-06-08 04:00:00,1.125,1.1257,1.1247,1.1261
2017-06-08 08:00:00,1.1257,1.1249,1.1243,1.1269
2017-06-08 12:00:00,1.1249,1.1226,1.1195,1.1263
2017-06-08 16:00:00,1.1227,1.1211,1.1196,1.123
2017-06-08 20:00:00,1.1211,1.1213,1.1202,1.1229
2017-06-09 00:00:00,1.1214,1.1182,1.1179,1.1237
2017-06-09 04:00:00,1.1182,1.1204,1.1181,1.1215
2017-06-09 08:00:00,1.1204,1.1176,1.117,1.1216
2017-06-09 12:00:00,1.1176,1.1169,1.1167,1.1187
2017-06-09 16:00:00,1.1169,1.1198,1.1166,1.1201
2017-06-09 20:00:00,1.1198,1.1197,1.1191,1.1204
2017-06-12 00:00:00,1.1207,1.1205,1.1197,1.121
2017-06-12 04:00:00,1.1205,1.1207,1.1198,1.1212
2017-06-12 08:00:00,1.1207,1.1226,1.1204,1.1228
2017-06-12 12:00:00,1.1225,1.1215,1.1208,1.1232
2017-06-12 16:00:00,1.1215,1.1198,1.1192,1.122
2017-06-12 20:00:00,1.1198,1.1204,1.1196,1.121
2017-06-13 00:00:00,1.1202,1.1194,1.1194,1.1208
2017-06-13 04:00:00,1.1194,1.1193,1.1189,1.1199
2017-06-13 08:00:00,1.1193,1.1212,1.1185,1.1225
2017-06-13 12:00:00,1.1213,1.1207,1.1201,1.122
2017-06-13 16:00:00,1.1208,1.1202,1.1192,1.1219
2017-06-13 20:00:00,1.1202,1.1211,1.1201,1.1213
2017-06-14 00:00:00,1.1206,1.1214,1.1205,1.1215
2017-06-14 04:00:00,1.1214,1.1215,1.1211,1.122
2017-06-14 08:00:00,1.1215,1.1208,1.1205,1.1225
2017-06-14 12:00:00,1.1208,1.1263,1.1198,1.1268
2017-06-14 16:00:00,1.1263,1.1273,1.1262,1.1296
2017-06-14 20:00:00,1.1273,1.1218,1.1193,1.129
2017-06-15 00:00:00,1.1218,1.1219,1.1205,1.1222
2017-06-15 04:00:00,1.1219,1.1221,1.1215,1.1229
2017-06-15 08:00:00,1.1221,1.118,1.1175,1.1222
2017-06-15 12:00:00,1.118,1.1152,1.1149,1.1185
2017-06-15 16:00:00,1.1152,1.1148,1.1132,1.1158
2017-06-15 20:00:00,1.1148,1.1145,1.1142,1.1158
2017-06-16 00:00:00,1.1144,1.1154,1.1143,1.1156
2017-06-16 04:00:00,1.1154,1.1144,1.1142,1.1155
2017-06-16 08:00:00,1.1144,1.1173,1.1139,1.1175
2017-06-16 12:00:00,1.1173,1.1172,1.1157,1.1184
2017-06-16 16:00:00,1.1173,1.1189,1.1165,1.12
2017-06-16 20:00:00,1.1189,1.1194,1.1188,1.1202
2017-06-19 00:00:00,1.1205,1.1191,1.1189,1.1208
2017-06-19 04:00:00,1.1191,1.1194,1.119,1.12
2017-06-19 08:00:00,1.1194,1.1195,1.1182,1.1208
2017-06-19 12:00:00,1.1195,1.1182,1.1177,1.1213
2017-06-19 16:00:00,1.1182,1.1159,1.1156,1.1184
2017-06-19 20:00:00,1.1159,1.1148,1.1143,1.116
2017-06-20 00:00:00,1.1149,1.1145,1.1141,1.1153
2017-06-20 04:00:00,1.1145,1.1156,1.1145,1.1159
2017-06-20 08:00:00,1.1156,1.1158,1.1143,1.1165
2017-06-20 12:00:00,1.1158,1.1151,1.1141,1.1165
2017-06-20 16:00:00,1.1151,1.1125,1.1119,1.1154
2017-06-20 20:00:00,1.1125,1.1134,1.112,1.1134
2017-06-21 00:00:00,1.1133,1.1136,1.113,1.1137
2017-06-21 04:00:00,1.1136,1.1133,1.1133,1.1138
2017-06-21 08:00:00,1.1134,1.1143,1.1127,1.1146
2017-06-21 12:00:00,1.1143,1.1148,1.1138,1.1156
2017-06-21 16:00:00,1.1148,1.1147,1.113,1.1149
2017-06-21 20:00:00,1.1147,1.1169,1.1145,1.1169
2017-06-22 00:00:00,1.1168,1.1163,1.116,1.1171
2017-06-22 04:00:00,1.1163,1.1171,1.1162,1.1172
2017-06-22 08:00:00,1.1171,1.1168,1.1155,1.1178
2017-06-22 12:00:00,1.1168,1.1161,1.1157,1.1175
2017-06-22 16:00:00,1.1161,1.1156,1.1145,1.1164
2017-06-22 20:00:00,1.1155,1.1151,1.1139,1.1158
2017-06-23 00:00:00,1.1151,1.1149,1.1145,1.1154
2017-06-23 04:00:00,1.115,1.1162,1.1147,1.1164
2017-06-23 08:00:00,1.1162,1.1172,1.1162,1.1188
2017-06-23 12:00:00,1.1172,1.1176,1.1162,1.118
2017-06-23 16:00:00,1.1176,1.1197,1.1175,1.1209
2017-06-23 20:00:00,1.1197,1.1192,1.1192,1.1202
2017-06-26 00:00:00,1.1196,1.1196,1.1189,1.12
2017-06-26 04:00:00,1.1196,1.1192,1.119,1.1198
2017-06-26 08:00:00,1.1192,1.1186,1.1182,1.1208
2017-06-26 12:00:00,1.1186,1.1211,1.1172,1.122
2017-06-26 16:00:00,1.1211,1.1188,1.1182,1.1219
2017-06-26 20:00:00,1.1187,1.1182,1.1176,1.1195
2017-06-27 00:00:00,1.1182,1.1184,1.1179,1.1185
2017-06-27 04:00:00,1.1184,1.119,1.1181,1.1193
2017-06-27 08:00:00,1.119,1.1249,1.1182,1.1255
2017-06-27 12:00:00,1.125,1.1277,1.1244,1.1284
2017-06-27 16:00:00,1.1277,1.1312,1.1275,1.1335
2017-06-27 20:00:00,1.1312,1.1338,1.1306,1.1349
2017-06-28 00:00:00,1.1338,1.134,1.1329,1.1345
2017-06-28 04:00:00,1.134,1.1347,1.1337,1.1356
2017-06-28 08:00:00,1.1347,1.136,1.1345,1.1388
2017-06-28 12:00:00,1.136,1.1332,1.1291,1.138
2017-06-28 16:00:00,1.1331,1.1378,1.1328,1.1391
2017-06-28 20:00:00,1.1378,1.1377,1.1374,1.1385
2017-06-29 00:00:00,1.1376,1.1387,1.1374,1.1389
2017-06-29 04:00:00,1.1387,1.1402,1.1385,1.1419
2017-06-29 08:00:00,1.1402,1.1426,1.1395,1.1435
2017-06-29 12:00:00,1.1426,1.1401,1.1388,1.1427
2017-06-29 16:00:00,1.1401,1.143,1.1396,1.1432
2017-06-29 20:00:00,1.143,1.144,1.1428,1.1446
2017-06-30 00:00:00,1.1439,1.1429,1.1427,1.1445
2017-06-30 04:00:00,1.1428,1.144,1.1428,1.1444
2017-06-30 08:00:00,1.144,1.1403,1.1396,1.1441
2017-06-30 12:00:00,1.1403,1.1413,1.1392,1.1421
2017-06-30 16:00:00,1.1413,1.1413,1.1395,1.1428
2017-06-30 20:00:00,1.1413,1.1419,1.1409,1.1424
2017-07-03 00:00:00,1.1417,1.1417,1.1416,1.1427
2017-07-03 04:00:00,1.1417,1.1413,1.1404,1.142
2017-07-03 08:00:00,1.1413,1.1379,1.1377,1.1415
2017-07-03 12:00:00,1.1379,1.1368,1.1361,1.1386
2017-07-03 16:00:00,1.1368,1.1357,1.1355,1.1374
2017-07-03 20:00:00,1.1357,1.1364,1.1356,1.1369
2017-07-04 00:00:00,1.1363,1.1374,1.1356,1.1377
2017-07-04 04:00:00,1.1374,1.1372,1.1364,1.1374
2017-07-04 08:00:00,1.1372,1.1354,1.1336,1.1375
2017-07-04 12:00:00,1.1354,1.1343,1.134,1.1356
2017-07-04 16:00:00,1.1343,1.1351,1.1338,1.1354
2017-07-04 20:00:00,1.1351,1.1345,1.1341,1.1354
2017-07-05 00:00:00,1.1341,1.1359,1.1341,1.1365
2017-07-05 04:00:00,1.1359,1.1354,1.1353,1.1369
2017-07-05 08:00:00,1.1355,1.1342,1.1341,1.1368
2017-07-05 12:00:00,1.1342,1.1321,1.1312,1.1344
2017-07-05 16:00:00,1.1321,1.1338,1.1318,1.1344
2017-07-05 20:00:00,1.1338,1.1352,1.1323,1.1357
2017-07-06 00:00:00,1.1352,1.1342,1.1335,1.1355
2017-07-06 04:00:00,1.1342,1.1339,1.133,1.1345
2017-07-06 08:00:00,1.1339,1.1349,1.1331,1.1357
2017-07-06 12:00:00,1.1349,1.1391,1.1344,1.1398
2017-07-06 16:00:00,1.1391,1.142,1.1382,1.142
2017-07-06 20:00:00,1.142,1.1423,1.1416,1.1425
2017-07-07 00:00:00,1.1423,1.1416,1.1413,1.1426
2017-07-07 04:00:00,1.1415,1.1415,1.1408,1.1424
2017-07-07 08:00:00,1.1415,1.1422,1.1407,1.1428
2017-07-07 12:00:00,1.1422,1.1402,1.1385,1.144
2017-07-07 16:00:00,1.1402,1.1408,1.138,1.1409
2017-07-07 20:00:00,1.1408,1.14,1.1397,1.1411
2017-07-10 00:00:00,1.1397,1.1401,1.1392,1.1404
2017-07-10 04:00:00,1.1401,1.1404,1.1399,1.1409
2017-07-10 08:00:00,1.1404,1.1396,1.1393,1.1418
2017-07-10 12:00:00,1.1396,1.1392,1.1382,1.1398
2017-07-10 16:00:00,1.1392,1.1396,1.1385,1.1402
2017-07-10 20:00:00,1.1395,1.1399,1.1395,1.1408
2017-07-11 00:00:00,1.1399,1.1395,1.1393,1.14
2017-07-11 04:00:00,1.1395,1.1389,1.1387,1.1398
2017-07-11 08:00:00,1.1388,1.1396,1.1383,1.14
2017-07-11 12:00:00,1.1396,1.1402,1.139,1.1414
2017-07-11 16:00:00,1.1402,1.144,1.1394,1.1448
2017-07-11 20:00:00,1.144,1.1467,1.144,1.148
2017-07-12 00:00:00,1.1465,1.1476,1.1463,1.1478
2017-07-12 04:00:00,1.1477,1.1486,1.147,1.1489
2017-07-12 08:00:00,1.1485,1.1458,1.1442,1.149
2017-07-12 12:00:00,1.1458,1.1468,1.1427,1.148
2017-07-12 16:00:00,1.1467,1.1421,1.1392,1.1469
2017-07-12 20:00:00,1.1421,1.1412,1.1411,1.1425
2017-07-13 00:00:00,1.1413,1.143,1.1411,1.143
2017-07-13 04:00:00,1.1429,1.1438,1.1429,1.1439
2017-07-13 08:00:00,1.1438,1.1404,1.1396,1.1456
2017-07-13 12:00:00,1.1404,1.1416,1.137,1.142
2017-07-13 16:00:00,1.1416,1.1391,1.1383,1.1418
2017-07-13 20:00:00,1.1391,1.1397,1.1389,1.1407
2017-07-14 00:00:00,1.1397,1.1402,1.1391,1.1405
2017-07-14 04:00:00,1.1402,1.1401,1.1397,1.1411
2017-07-14 08:00:00,1.1401,1.1408,1.1401,1.1424
2017-07-14 12:00:00,1.1408,1.1462,1.1407,1.1469
2017-07-14 16:00:00,1.1462,1.1459,1.1436,1.1463
2017-07-14 20:00:00,1.1459,1.1467,1.1457,1.1472
2017-07-17 00:00:00,1.1469,1.1465,1.1464,1.1475
2017-07-17 04:00:00,1.1465,1.1462,1.1457,1.1468
2017-07-17 08:00:00,1.1461,1.1448,1.1435,1.1464
2017-07-17 12:00:00,1.1448,1.1468,1.1445,1.1471
2017-07-17 16:00:00,1.1468,1.1472,1.1461,1.1487
2017-07-17 20:00:00,1.1472,1.1478,1.1472,1.1485
2017-07-18 00:00:00,1.1478,1.1485,1.1472,1.1487
2017-07-18 04:00:00,1.1485,1.1528,1.1485,1.1538
2017-07-18 08:00:00,1.1528,1.1525,1.1511,1.1535
2017-07-18 12:00:00,1.1525,1.1556,1.1519,1.1568
2017-07-18 16:00:00,1.1556,1.1563,1.1554,1.1583
2017-07-18 20:00:00,1.1563,1.1553,1.1552,1.1566
2017-07-19 00:00:00,1.1555,1.1545,1.1543,1.1557
2017-07-19 04:00:00,1.1545,1.1538,1.1536,1.1545
2017-07-19 08:00:00,1.1538,1.1527,1.1515,1.1548
2017-07-19 12:00:00,1.1527,1.1526,1.1521,1.1539
2017-07-19 16:00:00,1.1525,1.1521,1.151,1.1537
2017-07-19 20:00:00,1.1521,1.1515,1.1513,1.1523
2017-07-20 00:00:00,1.1513,1.1523,1.1513,1.1533
2017-07-20 04:00:00,1.1523,1.1512,1.1505,1.1527
2017-07-20 08:00:00,1.1512,1.1505,1.1496,1.1525
2017-07-20 12:00:00,1.1505,1.1562,1.1479,1.1571
2017-07-20 16:00:00,1.1562,1.1635,1.1541,1.1658
2017-07-20 20:00:00,1.1635,1.1631,1.1618,1.1638
2017-07-21 00:00:00,1.1629,1.1627,1.1619,1.1636
2017-07-21 04:00:00,1.1627,1.1629,1.1623,1.1637
2017-07-21 08:00:00,1.1629,1.1649,1.1628,1.1677
2017-07-21 12:00:00,1.1649,1.164,1.1635,1.1659
2017-07-21 16:00:00,1.164,1.1666,1.1636,1.167
2017-07-21 20:00:00,1.1666,1.1662,1.1661,1.1683
2017-07-24 00:00:00,1.1662,1.1671,1.1661,1.1684
2017-07-24 04:00:00,1.1671,1.1671,1.1663,1.1675
2017-07-24 08:00:00,1.1671,1.1653,1.163,1.1675
2017-07-24 12:00:00,1.1653,1.1656,1.1642,1.166
2017-07-24 16:00:00,1.1656,1.1638,1.1626,1.1656
2017-07-24 20:00:00,1.1638,1.1641,1.163,1.1647
2017-07-25 00:00:00,1.1643,1.1638,1.1631,1.1645
2017-07-25 04:00:00,1.1638,1.1662,1.1635,1.1664
2017-07-25 08:00:00,1.1662,1.1654,1.1643,1.1669
2017-07-25 12:00:00,1.1654,1.1689,1.1647,1.1699
2017-07-25 16:00:00,1.1689,1.1654,1.1646,1.1712
2017-07-25 20:00:00,1.1654,1.1647,1.1642,1.1661
2017-07-26 00:00:00,1.1647,1.1641,1.1638,1.1649
2017-07-26 04:00:00,1.1642,1.1638,1.1638,1.1654
2017-07-26 08:00:00,1.1639,1.1623,1.1613,1.1646
2017-07-26 12:00:00,1.1623,1.1641,1.1619,1.1652
2017-07-26 16:00:00,1.1641,1.1627,1.1622,1.1656
2017-07-26 20:00:00,1.1627,1.1733,1.1627,1.174
2017-07-27 00:00:00,1.1733,1.173,1.1725,1.1748
2017-07-27 04:00:00,1.173,1.1749,1.1721,1.1777
2017-07-27 08:00:00,1.1749,1.1728,1.1712,1.1752
2017-07-27 12:00:00,1.1728,1.1697,1.1687,1.1734
2017-07-27 16:00:00,1.1697,1.1664,1.165,1.1706
2017-07-27 20:00:00,1.1664,1.1676,1.166,1.1689
2017-07-28 00:00:00,1.1677,1.1676,1.1671,1.1692
2017-07-28 04:00:00,1.1676,1.1685,1.1671,1.1694
2017-07-28 08:00:00,1.1685,1.1706,1.1685,1.1716
2017-07-28 12:00:00,1.1706,1.1716,1.1704,1.1753
2017-07-28 16:00:00,1.1716,1.1741,1.1715,1.1764
2017-07-28 20:00:00,1.1741,1.1749,1.1741,1.1763
2017-07-31 00:00:00,1.175,1.1743,1.1734,1.1762
2017-07-31 04:00:00,1.1743,1.1736,1.1731,1.1746
2017-07-31 08:00:00,1.1736,1.1732,1.1723,1.1748
2017-07-31 12:00:00,1.1733,1.1734,1.1723,1.1745
2017-07-31 16:00:00,1.1734,1.1811,1.1732,1.1832
2017-07-31 20:00:00,1.181,1.184,1.1808,1.1846
2017-08-01 00:00:00,1.1841,1.1827,1.182,1.1844
2017-08-01 04:00:00,1.1827,1.1831,1.182,1.1834
2017-08-01 08:00:00,1.1831,1.1821,1.1811,1.1833
2017-08-01 12:00:00,1.1821,1.1818,1.1805,1.1824
2017-08-01 16:00:00,1.1817,1.1805,1.1785,1.1839
2017-08-01 20:00:00,1.1805,1.1802,1.1799,1.1837
2017-08-02 00:00:00,1.1801,1.1813,1.1798,1.1818
2017-08-02 04:00:00,1.1813,1.1825,1.1794,1.1829
2017-08-02 08:00:00,1.1825,1.1855,1.1817,1.1869
2017-08-02 12:00:00,1.1854,1.1825,1.1818,1.1859
2017-08-02 16:00:00,1.1825,1.1868,1.1823,1.1871
2017-08-02 20:00:00,1.1868,1.1856,1.185,1.191
2017-08-03 00:00:00,1.1855,1.1836,1.1836,1.186
2017-08-03 04:00:00,1.1836,1.1846,1.1834,1.1849
2017-08-03 08:00:00,1.1846,1.1843,1.1831,1.1857
2017-08-03 12:00:00,1.1843,1.1859,1.1834,1.1874
2017-08-03 16:00:00,1.186,1.1869,1.1843,1.1893
2017-08-03 20:00:00,1.1869,1.1868,1.1861,1.1889
2017-08-04 00:00:00,1.1869,1.1877,1.1867,1.1886
2017-08-04 04:00:00,1.1877,1.188,1.1871,1.1889
2017-08-04 08:00:00,1.188,1.1882,1.1874,1.1889
2017-08-04 12:00:00,1.1882,1.183,1.1825,1.1885
2017-08-04 16:00:00,1.183,1.1754,1.1728,1.1846
2017-08-04 20:00:00,1.1754,1.1771,1.175,1.1783
2017-08-07 00:00:00,1.1773,1.1786,1.1771,1.1793
2017-08-07 04:00:00,1.1786,1.1795,1.1784,1.1802
2017-08-07 08:00:00,1.1795,1.1798,1.1778,1.1814
2017-08-07 12:00:00,1.1798,1.1787,1.1786,1.1809
2017-08-07 16:00:00,1.1787,1.1789,1.1781,1.1799
2017-08-07 20:00:00,1.1789,1.1796,1.1787,1.1797
2017-08-08 00:00:00,1.1795,1.1802,1.1789,1.1805
2017-08-08 04:00:00,1.1802,1.1811,1.1802,1.1824
2017-08-08 08:00:00,1.1812,1.1808,1.1802,1.1818
2017-08-08 12:00:00,1.1808,1.1815,1.1806,1.1819
2017-08-08 16:00:00,1.1815,1.1752,1.1715,1.1816
2017-08-08 20:00:00,1.1752,1.1754,1.174,1.177
2017-08-09 00:00:00,1.1747,1.1743,1.1734,1.1764
2017-08-09 04:00:00,1.1744,1.1738,1.1719,1.1749
2017-08-09 08:00:00,1.1738,1.1732,1.1722,1.1762
2017-08-09 12:00:00,1.1732,1.1745,1.1726,1.1753
2017-08-09 16:00:00,1.1745,1.1745,1.1689,1.175
2017-08-09 20:00:00,1.1744,1.1758,1.174,1.1762
2017-08-10 00:00:00,1.1757,1.1757,1.1752,1.177
2017-08-10 04:00:00,1.1757,1.1736,1.1732,1.1762
2017-08-10 08:00:00,1.1736,1.1723,1.1715,1.1741
2017-08-10 12:00:00,1.1723,1.1742,1.1704,1.1748
2017-08-10 16:00:00,1.1741,1.1757,1.1718,1.1762
2017-08-10 20:00:00,1.1757,1.1773,1.1752,1.1785
2017-08-11 00:00:00,1.1772,1.1772,1.1764,1.1777
2017-08-11 04:00:00,1.1772,1.1775,1.1762,1.1776
2017-08-11 08:00:00,1.1775,1.1756,1.175,1.1779
2017-08-11 12:00:00,1.1756,1.1816,1.1749,1.1836
2017-08-11 16:00:00,1.1816,1.1821,1.1777,1.183
2017-08-11 20:00:00,1.182,1.1821,1.182,1.1847
2017-08-14 00:00:00,1.1821,1.1819,1.1819,1.1829
2017-08-14 04:00:00,1.1819,1.1818,1.1817,1.1835
2017-08-14 08:00:00,1.1818,1.1803,1.1792,1.1838
2017-08-14 12:00:00,1.1803,1.1796,1.1787,1.1807
2017-08-14 16:00:00,1.1796,1.1793,1.177,1.1802
2017-08-14 20:00:00,1.1793,1.1781,1.1772,1.1795
2017-08-15 00:00:00,1.1778,1.1781,1.1768,1.179
2017-08-15 04:00:00,1.1781,1.1777,1.1777,1.1793
2017-08-15 08:00:00,1.1777,1.1756,1.1721,1.178
2017-08-15 12:00:00,1.1756,1.1692,1.1687,1.1763
2017-08-15 16:00:00,1.1692,1.1737,1.169,1.1739
2017-08-15 20:00:00,1.1737,1.1734,1.1727,1.1743
2017-08-16 00:00:00,1.1735,1.1738,1.1729,1.1746
2017-08-16 04:00:00,1.1738,1.1742,1.1734,1.1744
2017-08-16 08:00:00,1.1742,1.1726,1.1691,1.1758
2017-08-16 12:00:00,1.1726,1.1703,1.1695,1.174
2017-08-16 16:00:00,1.1703,1.1702,1.1681,1.1716
2017-08-16 20:00:00,1.1702,1.1767,1.1701,1.1779
2017-08-17 00:00:00,1.1765,1.1768,1.1765,1.178
2017-08-17 04:00:00,1.1768,1.1779,1.1767,1.179
2017-08-17 08:00:00,1.1779,1.1733,1.173,1.179
2017-08-17 12:00:00,1.1733,1.1694,1.1662,1.1737
2017-08-17 16:00:00,1.1693,1.1741,1.1692,1.1754
2017-08-17 20:00:00,1.1741,1.1724,1.1718,1.1752
2017-08-18 00:00:00,1.1722,1.1728,1.1708,1.1731
2017-08-18 04:00:00,1.1728,1.1737,1.1724,1.174
2017-08-18 08:00:00,1.1737,1.1747,1.1721,1.1759
2017-08-18 12:00:00,1.1747,1.1749,1.1731,1.1775
2017-08-18 16:00:00,1.1749,1.1749,1.1729,1.1761
2017-08-18 20:00:00,1.1749,1.1759,1.1741,1.1768
2017-08-21 00:00:00,1.176,1.1752,1.175,1.1761
2017-08-21 04:00:00,1.1751,1.1751,1.1751,1.1763
2017-08-21 08:00:00,1.1751,1.1741,1.1731,1.1755
2017-08-21 12:00:00,1.1741,1.178,1.1737,1.1783
2017-08-21 16:00:00,1.178,1.1824,1.1777,1.1825
2017-08-21 20:00:00,1.1824,1.1815,1.1807,1.1828
2017-08-22 00:00:00,1.1814,1.1814,1.1808,1.1818
2017-08-22 04:00:00,1.1814,1.1807,1.1803,1.1824
2017-08-22 08:00:00,1.1807,1.1772,1.1766,1.1807
2017-08-22 12:00:00,1.1771,1.1762,1.1745,1.1773
2017-08-22 16:00:00,1.1761,1.1764,1.175,1.1772
2017-08-22 20:00:00,1.1764,1.1762,1.1748,1.1765
2017-08-23 00:00:00,1.1761,1.1749,1.1749,1.1766
2017-08-23 04:00:00,1.1749,1.1758,1.1748,1.1766
2017-08-23 08:00:00,1.1758,1.179,1.174,1.1793
2017-08-23 12:00:00,1.179,1.1795,1.1776,1.1808
2017-08-23 16:00:00,1.1795,1.1801,1.1787,1.182
2017-08-23 20:00:00,1.1801,1.1806,1.1801,1.1823
2017-08-24 00:00:00,1.1806,1.1809,1.1806,1.1818
2017-08-24 04:00:00,1.1809,1.1802,1.1794,1.181
2017-08-24 08:00:00,1.1802,1.1787,1.1784,1.1808
2017-08-24 12:00:00,1.1787,1.1799,1.1785,1.181
2017-08-24 16:00:00,1.1799,1.1804,1.1788,1.181
2017-08-24 20:00:00,1.1804,1.1799,1.1798,1.1815
2017-08-25 00:00:00,1.1801,1.1797,1.1792,1.1804
2017-08-25 04:00:00,1.1797,1.1798,1.1788,1.18
2017-08-25 08:00:00,1.1798,1.1797,1.1773,1.1801
2017-08-25 12:00:00,1.1796,1.1805,1.1796,1.1828
2017-08-25 16:00:00,1.1806,1.1887,1.1785,1.1887
2017-08-25 20:00:00,1.1887,1.1921,1.1864,1.1942
2017-08-28 00:00:00,1.1944,1.193,1.1922,1.196
2017-08-28 04:00:00,1.193,1.192,1.192,1.193
2017-08-28 08:00:00,1.192,1.1931,1.1917,1.1943
2017-08-28 12:00:00,1.1931,1.1935,1.1922,1.194
2017-08-28 16:00:00,1.1935,1.1977,1.1926,1.1984
2017-08-28 20:00:00,1.1977,1.1979,1.1973,1.1984
2017-08-29 00:00:00,1.1978,1.1965,1.1956,1.1986
2017-08-29 04:00:00,1.1965,1.1975,1.1962,1.1977
2017-08-29 08:00:00,1.1974,1.206,1.1972,1.207
2017-08-29 12:00:00,1.206,1.2029,1.2028,1.2067
2017-08-29 16:00:00,1.2029,1.2016,1.2009,1.2038
2017-08-29 20:00:00,1.2016,1.1973,1.1946,1.2021
2017-08-30 00:00:00,1.1972,1.1975,1.1963,1.1979
2017-08-30 04:00:00,1.1975,1.1974,1.1967,1.1985
2017-08-30 08:00:00,1.1974,1.1944,1.1938,1.1975
2017-08-30 12:00:00,1.1944,1.1919,1.1894,1.1955
2017-08-30 16:00:00,1.1918,1.1904,1.1895,1.1938
2017-08-30 20:00:00,1.1904,1.1884,1.188,1.1904
2017-08-31 00:00:00,1.1883,1.1893,1.1882,1.1897
2017-08-31 04:00:00,1.1893,1.1879,1.1871,1.1897
2017-08-31 08:00:00,1.1879,1.1897,1.1867,1.1904
2017-08-31 12:00:00,1.1897,1.1843,1.1823,1.1906
2017-08-31 16:00:00,1.1843,1.1881,1.1836,1.1908
2017-08-31 20:00:00,1.1881,1.1909,1.1879,1.1913
2017-09-01 00:00:00,1.1907,1.191,1.1906,1.1923
2017-09-01 04:00:00,1.191,1.1897,1.1895,1.1913
2017-09-01 08:00:00,1.1897,1.1893,1.1879,1.1905
2017-09-01 12:00:00,1.1893,1.1906,1.1891,1.198
2017-09-01 16:00:00,1.1906,1.1858,1.1849,1.1921
2017-09-01 20:00:00,1.1858,1.1862,1.1857,1.1876
2017-09-04 00:00:00,1.1879,1.188,1.1874,1.1886
2017-09-04 04:00:00,1.188,1.1882,1.1878,1.189
2017-09-04 08:00:00,1.1882,1.1919,1.1881,1.1921
2017-09-04 12:00:00,1.1919,1.1897,1.1889,1.1922
2017-09-04 16:00:00,1.1897,1.1889,1.1889,1.192
2017-09-04 20:00:00,1.1889,1.1893,1.1888,1.1905
2017-09-05 00:00:00,1.1892,1.19,1.189,1.1902
2017-09-05 04:00:00,1.19,1.1906,1.1892,1.1911
2017-09-05 08:00:00,1.1906,1.1885,1.1868,1.1909
2017-09-05 12:00:00,1.1885,1.1901,1.1876,1.1907
2017-09-05 16:00:00,1.19,1.1903,1.1887,1.1941
2017-09-05 20:00:00,1.1904,1.1913,1.1895,1.193
2017-09-06 00:00:00,1.1909,1.1922,1.1908,1.1925
2017-09-06 04:00:00,1.1922,1.1914,1.1903,1.1924
2017-09-06 08:00:00,1.1914,1.1944,1.191,1.195
2017-09-06 12:00:00,1.1944,1.1932,1.1919,1.195
2017-09-06 16:00:00,1.1932,1.1927,1.1912,1.195
2017-09-06 20:00:00,1.1926,1.1917,1.1908,1.1929
2017-09-07 00:00:00,1.1916,1.1923,1.1914,1.1935
2017-09-07 04:00:00,1.1923,1.1924,1.1919,1.1928
2017-09-07 08:00:00,1.1924,1.1959,1.1914,1.1971
2017-09-07 12:00:00,1.1959,1.2042,1.193,1.2053
2017-09-07 16:00:00,1.2042,1.1989,1.1972,1.206
2017-09-07 20:00:00,1.199,1.2021,1.199,1.2029
2017-09-08 00:00:00,1.2021,1.2035,1.2018,1.2036
2017-09-08 04:00:00,1.2035,1.2069,1.2023,1.209
2017-09-08 08:00:00,1.207,1.2063,1.2036,1.2092
2017-09-08 12:00:00,1.2063,1.2042,1.2035,1.2074
2017-09-08 16:00:00,1.2042,1.2026,1.2015,1.2051
2017-09-08 20:00:00,1.2027,1.2031,1.2025,1.2039
2017-09-11 00:00:00,1.2018,1.2012,1.2011,1.2025
2017-09-11 04:00:00,1.2012,1.2008,1.1999,1.2019
2017-09-11 08:00:00,1.2008,1.2021,1.1993,1.203
2017-09-11 12:00:00,1.2021,1.1985,1.1979,1.2026
2017-09-11 16:00:00,1.1984,1.197,1.1957,1.1993
2017-09-11 20:00:00,1.197,1.1953,1.1948,1.1971
2017-09-12 00:00:00,1.1952,1.1947,1.1946,1.1964
2017-09-12 04:00:00,1.1947,1.1956,1.1947,1.1963
2017-09-12 08:00:00,1.1956,1.1958,1.1947,1.1978
2017-09-12 12:00:00,1.1958,1.193,1.1926,1.1965
2017-09-12 16:00:00,1.193,1.1963,1.193,1.1974
2017-09-12 20:00:00,1.1963,1.1967,1.1955,1.1973
2017-09-13 00:00:00,1.1966,1.197,1.1961,1.1974
2017-09-13 04:00:00,1.197,1.1983,1.1969,1.1993
2017-09-13 08:00:00,1.1983,1.1979,1.1969,1.1995
2017-09-13 12:00:00,1.1979,1.1974,1.1965,1.199
2017-09-13 16:00:00,1.1974,1.1881,1.188,1.1975
2017-09-13 20:00:00,1.1881,1.1886,1.1873,1.1896
2017-09-14 00:00:00,1.1882,1.1883,1.1881,1.1894
2017-09-14 04:00:00,1.1883,1.1878,1.187,1.1886
2017-09-14 08:00:00,1.1878,1.1905,1.1866,1.191
2017-09-14 12:00:00,1.1905,1.1893,1.1838,1.1909
2017-09-14 16:00:00,1.1893,1.1884,1.1868,1.1898
2017-09-14 20:00:00,1.1884,1.1918,1.1883,1.1922
2017-09-15 00:00:00,1.1918,1.1908,1.1906,1.1924
2017-09-15 04:00:00,1.1908,1.1912,1.1901,1.1918
2017-09-15 08:00:00,1.1912,1.1929,1.1905,1.194
2017-09-15 12:00:00,1.1929,1.1974,1.1927,1.1987
2017-09-15 16:00:00,1.1974,1.1945,1.194,1.1987
2017-09-15 20:00:00,1.1945,1.1946,1.1929,1.1961
2017-09-18 00:00:00,1.1924,1.1944,1.192,1.195
2017-09-18 04:00:00,1.1944,1.1941,1.1939,1.1955
2017-09-18 08:00:00,1.1941,1.1939,1.1915,1.1956
2017-09-18 12:00:00,1.1939,1.1961,1.1937,1.1969
2017-09-18 16:00:00,1.1961,1.1934,1.1922,1.1967
2017-09-18 20:00:00,1.1934,1.1954,1.1928,1.1959
2017-09-19 00:00:00,1.195,1.1964,1.1949,1.1967
2017-09-19 04:00:00,1.1964,1.1976,1.1962,1.198
2017-09-19 08:00:00,1.1976,1.1984,1.1971,1.2006
2017-09-19 12:00:00,1.1984,1.1984,1.1954,1.1995
2017-09-19 16:00:00,1.1984,1.1974,1.196,1.1991
2017-09-19 20:00:00,1.1974,1.1995,1.197,1.2007
2017-09-20 00:00:00,1.1993,1.1992,1.1987,1.2001
2017-09-20 04:00:00,1.1992,1.2007,1.1991,1.202
2017-09-20 08:00:00,1.2007,1.2007,1.1996,1.2016
2017-09-20 12:00:00,1.2007,1.1992,1.1989,1.2022
2017-09-20 16:00:00,1.1992,1.2004,1.1984,1.2006
2017-09-20 20:00:00,1.2004,1.1894,1.1861,1.2034
2017-09-21 00:00:00,1.1892,1.1878,1.1866,1.1897
2017-09-21 04:00:00,1.1878,1.1883,1.1867,1.1892
2017-09-21 08:00:00,1.1883,1.1913,1.1876,1.1918
2017-09-21 12:00:00,1.1913,1.1917,1.1891,1.1923
2017-09-21 16:00:00,1.1917,1.1932,1.1908,1.1954
2017-09-21 20:00:00,1.1933,1.1941,1.1928,1.1943
2017-09-22 00:00:00,1.1941,1.1942,1.1936,1.1949
2017-09-22 04:00:00,1.1942,1.196,1.1941,1.1965
2017-09-22 08:00:00,1.196,1.199,1.1958,1.2003
2017-09-22 12:00:00,1.199,1.1972,1.1959,1.2005
2017-09-22 16:00:00,1.1972,1.1945,1.1937,1.1984
2017-09-22 20:00:00,1.1945,1.1947,1.194,1.1954
2017-09-25 00:00:00,1.1898,1.1928,1.1896,1.1935
2017-09-25 04:00:00,1.1928,1.1933,1.1919,1.1937
2017-09-25 08:00:00,1.1933,1.1905,1.1898,1.1936
2017-09-25 12:00:00,1.1905,1.1873,1.1864,1.1907
2017-09-25 16:00:00,1.1873,1.1845,1.1832,1.189
2017-09-25 20:00:00,1.1845,1.1849,1.1837,1.1855
2017-09-26 00:00:00,1.1847,1.1854,1.1845,1.186
2017-09-26 04:00:00,1.1854,1.1854,1.1853,1.1862
2017-09-26 08:00:00,1.1854,1.1817,1.181,1.1859
2017-09-26 12:00:00,1.1817,1.1792,1.1781,1.1829
2017-09-26 16:00:00,1.1792,1.1782,1.1757,1.1797
2017-09-26 20:00:00,1.1782,1.1793,1.1782,1.181
2017-09-27 00:00:00,1.1792,1.1788,1.1777,1.1794
2017-09-27 04:00:00,1.1788,1.1779,1.1778,1.1795
2017-09-27 08:00:00,1.178,1.1736,1.1731,1.1784
2017-09-27 12:00:00,1.1736,1.172,1.1718,1.1757
2017-09-27 16:00:00,1.172,1.1752,1.1717,1.1776
2017-09-27 20:00:00,1.1752,1.1745,1.1744,1.1766
2017-09-28 00:00:00,1.1745,1.1749,1.174,1.1756
2017-09-28 04:00:00,1.1748,1.1732,1.1727,1.1751
2017-09-28 08:00:00,1.1732,1.1766,1.1721,1.1772
2017-09-28 12:00:00,1.1766,1.1767,1.1759,1.1785
2017-09-28 16:00:00,1.1767,1.1784,1.1767,1.1804
2017-09-28 20:00:00,1.1784,1.1787,1.1778,1.1794
2017-09-29 00:00:00,1.1786,1.1786,1.1777,1.1789
2017-09-29 04:00:00,1.1786,1.1779,1.1776,1.1791
2017-09-29 08:00:00,1.1779,1.1799,1.1773,1.1809
2017-09-29 12:00:00,1.1798,1.1829,1.1789,1.1833
2017-09-29 16:00:00,1.1829,1.1803,1.1791,1.1832
2017-09-29 20:00:00,1.1803,1.1811,1.18,1.1826
2017-10-02 00:00:00,1.1795,1.1789,1.1788,1.1815
2017-10-02 04:00:00,1.179,1.1777,1.177,1.1791
2017-10-02 08:00:00,1.1777,1.1746,1.1734,1.1777
2017-10-02 12:00:00,1.1745,1.1758,1.173,1.1763
2017-10-02 16:00:00,1.1758,1.1743,1.173,1.1761
2017-10-02 20:00:00,1.1743,1.1732,1.1731,1.175
2017-10-03 00:00:00,1.1733,1.172,1.1719,1.174
2017-10-03 04:00:00,1.172,1.1707,1.1702,1.172
2017-10-03 08:00:00,1.1707,1.1733,1.1696,1.1748
2017-10-03 12:00:00,1.1733,1.1749,1.1733,1.1762
2017-10-03 16:00:00,1.1749,1.1753,1.1747,1.1774
2017-10-03 20:00:00,1.1753,1.1745,1.1739,1.1756
2017-10-04 00:00:00,1.1744,1.1775,1.1735,1.178
2017-10-04 04:00:00,1.1775,1.1767,1.1764,1.178
2017-10-04 08:00:00,1.1767,1.1757,1.1747,1.1777
2017-10-04 12:00:00,1.1757,1.1772,1.1753,1.1788
2017-10-04 16:00:00,1.1772,1.1763,1.1747,1.1773
2017-10-04 20:00:00,1.1763,1.176,1.1755,1.1766
2017-10-05 00:00:00,1.1761,1.1755,1.1752,1.1763
2017-10-05 04:00:00,1.1754,1.1759,1.1751,1.176
2017-10-05 08:00:00,1.1759,1.1775,1.1748,1.1779
2017-10-05 12:00:00,1.1775,1.1731,1.1725,1.1776
2017-10-05 16:00:00,1.1731,1.1709,1.1703,1.1735
2017-10-05 20:00:00,1.171,1.171,1.1699,1.1712
2017-10-06 00:00:00,1.1711,1.1711,1.1699,1.1714
2017-10-06 04:00:00,1.1711,1.17,1.1686,1.1716
2017-10-06 08:00:00,1.17,1.1696,1.1686,1.1707
2017-10-06 12:00:00,1.1696,1.1691,1.1669,1.1715
2017-10-06 16:00:00,1.1691,1.1724,1.1684,1.1739
2017-10-06 20:00:00,1.1724,1.1735,1.1724,1.1737
2017-10-09 00:00:00,1.1735,1.1737,1.1727,1.1744
2017-10-09 04:00:00,1.1737,1.1736,1.1732,1.1748
2017-10-09 08:00:00,1.1736,1.1736,1.1719,1.1741
2017-10-09 12:00:00,1.1736,1.1739,1.1734,1.1748
2017-10-09 16:00:00,1.1739,1.175,1.1725,1.1756
2017-10-09 20:00:00,1.175,1.1741,1.1739,1.1756
2017-10-10 00:00:00,1.174,1.1749,1.1739,1.1749
2017-10-10 04:00:00,1.1749,1.177,1.1748,1.1782
2017-10-10 08:00:00,1.1771,1.1779,1.1762,1.1789
2017-10-10 12:00:00,1.1779,1.1787,1.1773,1.1807
2017-10-10 16:00:00,1.1787,1.1803,1.1782,1.1818
2017-10-10 20:00:00,1.1803,1.1808,1.1796,1.1825
2017-10-11 00:00:00,1.1808,1.182,1.1807,1.1828
2017-10-11 04:00:00,1.182,1.1814,1.1795,1.1824
2017-10-11 08:00:00,1.1814,1.1827,1.1812,1.1845
2017-10-11 12:00:00,1.1827,1.1844,1.1801,1.1847
2017-10-11 16:00:00,1.1844,1.1846,1.1837,1.1859
2017-10-11 20:00:00,1.1846,1.1861,1.184,1.1869
2017-10-12 00:00:00,1.1859,1.1864,1.1857,1.1872
2017-10-12 04:00:00,1.1864,1.1876,1.1863,1.1879
2017-10-12 08:00:00,1.1876,1.1862,1.1856,1.188
2017-10-12 12:00:00,1.1862,1.1847,1.184,1.1866
2017-10-12 16:00:00,1.1847,1.1835,1.1829,1.1852
2017-10-12 20:00:00,1.1835,1.183,1.1827,1.1851
2017-10-13 00:00:00,1.1828,1.1844,1.1825,1.1845
2017-10-13 04:00:00,1.1844,1.1845,1.1838,1.1852
2017-10-13 08:00:00,1.1845,1.1831,1.1815,1.1852
2017-10-13 12:00:00,1.1831,1.1857,1.1805,1.1874
2017-10-13 16:00:00,1.1857,1.1827,1.1827,1.1875
2017-10-13 20:00:00,1.1827,1.1821,1.181,1.1831
2017-10-16 00:00:00,1.1812,1.1813,1.1806,1.1819
2017-10-16 04:00:00,1.1813,1.1809,1.1798,1.1816
2017-10-16 08:00:00,1.1809,1.179,1.178,1.181
2017-10-16 12:00:00,1.179,1.1807,1.1784,1.1817
2017-10-16 16:00:00,1.1807,1.1811,1.1795,1.182
2017-10-16 20:00:00,1.1811,1.1796,1.1786,1.1811
2017-10-17 00:00:00,1.1796,1.1786,1.1784,1.18
2017-10-17 04:00:00,1.1786,1.1778,1.1775,1.1787
2017-10-17 08:00:00,1.1777,1.1765,1.1755,1.178
2017-10-17 12:00:00,1.1766,1.1751,1.1751,1.177
2017-10-17 16:00:00,1.1751,1.1746,1.1736,1.1757
2017-10-17 20:00:00,1.1746,1.1767,1.1744,1.1775
2017-10-18 00:00:00,1.1766,1.1773,1.1764,1.1781
2017-10-18 04:00:00,1.1773,1.1764,1.1762,1.1775
2017-10-18 08:00:00,1.1764,1.1746,1.1744,1.1771
2017-10-18 12:00:00,1.1746,1.1765,1.173,1.177
2017-10-18 16:00:00,1.1765,1.1787,1.176,1.1794
2017-10-18 20:00:00,1.1787,1.1787,1.1784,1.1805
2017-10-19 00:00:00,1.1788,1.1811,1.1786,1.1817
2017-10-19 04:00:00,1.1811,1.1803,1.1795,1.1814
2017-10-19 08:00:00,1.1802,1.1806,1.1768,1.1823
2017-10-19 12:00:00,1.1807,1.183,1.18,1.1842
2017-10-19 16:00:00,1.183,1.1835,1.1827,1.1858
2017-10-19 20:00:00,1.1835,1.1852,1.1826,1.1858
2017-10-20 00:00:00,1.1852,1.185,1.1843,1.1853
2017-10-20 04:00:00,1.1849,1.1815,1.1807,1.1858
2017-10-20 08:00:00,1.1815,1.1803,1.1791,1.1826
2017-10-20 12:00:00,1.1803,1.1801,1.1796,1.1821
2017-10-20 16:00:00,1.1801,1.1784,1.1762,1.1805
2017-10-20 20:00:00,1.1784,1.1779,1.1766,1.1789
2017-10-23 00:00:00,1.1765,1.176,1.1751,1.1775
2017-10-23 04:00:00,1.176,1.177,1.1755,1.1774
2017-10-23 08:00:00,1.177,1.1746,1.174,1.1777
2017-10-23 12:00:00,1.1746,1.1736,1.1733,1.1753
2017-10-23 16:00:00,1.1736,1.1745,1.1734,1.1764
2017-10-23 20:00:00,1.1744,1.1749,1.1725,1.1754
2017-10-24 00:00:00,1.1749,1.176,1.1746,1.1761
2017-10-24 04:00:00,1.176,1.1762,1.1757,1.177
2017-10-24 08:00:00,1.1762,1.1764,1.1743,1.1766
2017-10-24 12:00:00,1.1764,1.1761,1.1751,1.177
2017-10-24 16:00:00,1.1761,1.1764,1.1754,1.1777
2017-10-24 20:00:00,1.1764,1.176,1.1756,1.1793
2017-10-25 00:00:00,1.176,1.1759,1.1753,1.177
2017-10-25 04:00:00,1.1759,1.1758,1.1754,1.1764
2017-10-25 08:00:00,1.1758,1.1768,1.1755,1.1775
2017-10-25 12:00:00,1.1768,1.1777,1.176,1.1786
2017-10-25 16:00:00,1.1777,1.1813,1.1777,1.1817
2017-10-25 20:00:00,1.1813,1.1813,1.18,1.1818
2017-10-26 00:00:00,1.1812,1.1818,1.1812,1.1823
2017-10-26 04:00:00,1.1818,1.1826,1.1817,1.1833
2017-10-26 08:00:00,1.1826,1.1814,1.1813,1.1837
2017-10-26 12:00:00,1.1814,1.177,1.1738,1.1817
2017-10-26 16:00:00,1.177,1.1682,1.1679,1.1786
2017-10-26 20:00:00,1.1682,1.1653,1.164,1.1683
2017-10-27 00:00:00,1.1652,1.1631,1.1629,1.1657
2017-10-27 04:00:00,1.1631,1.1635,1.1624,1.1639
2017-10-27 08:00:00,1.1635,1.1627,1.1616,1.1644
2017-10-27 12:00:00,1.1627,1.1599,1.1587,1.1639
2017-10-27 16:00:00,1.1599,1.159,1.1574,1.1624
2017-10-27 20:00:00,1.159,1.1608,1.1585,1.161
2017-10-30 00:00:00,1.1605,1.1606,1.1594,1.1616
2017-10-30 04:00:00,1.1606,1.1617,1.16,1.1617
2017-10-30 08:00:00,1.1617,1.1634,1.1602,1.1636
2017-10-30 12:00:00,1.1633,1.1614,1.161,1.1642
2017-10-30 16:00:00,1.1614,1.1639,1.1604,1.1646
2017-10-30 20:00:00,1.1639,1.1651,1.1628,1.1658
2017-10-31 00:00:00,1.165,1.1647,1.164,1.1653
2017-10-31 04:00:00,1.1647,1.1626,1.1625,1.1647
2017-10-31 08:00:00,1.1626,1.1641,1.1625,1.165
2017-10-31 12:00:00,1.1641,1.1636,1.1625,1.1643
2017-10-31 16:00:00,1.1636,1.1659,1.1627,1.1662
2017-10-31 20:00:00,1.1658,1.1646,1.1644,1.1658
2017-11-01 00:00:00,1.1645,1.164,1.1639,1.1655
2017-11-01 04:00:00,1.164,1.1631,1.1629,1.1641
2017-11-01 08:00:00,1.1631,1.164,1.1626,1.1657
2017-11-01 12:00:00,1.164,1.1618,1.1614,1.1646
2017-11-01 16:00:00,1.1619,1.1626,1.1606,1.1643
2017-11-01 20:00:00,1.1626,1.1618,1.161,1.1642
2017-11-02 00:00:00,1.1618,1.1634,1.1613,1.1639
2017-11-02 04:00:00,1.1634,1.1658,1.1633,1.1672
2017-11-02 08:00:00,1.1658,1.1633,1.1626,1.1663
2017-11-02 12:00:00,1.1633,1.1652,1.1632,1.1668
2017-11-02 16:00:00,1.1652,1.1663,1.1635,1.1687
2017-11-02 20:00:00,1.1663,1.1658,1.1648,1.1665
2017-11-03 00:00:00,1.1658,1.1657,1.1654,1.1665
2017-11-03 04:00:00,1.1657,1.1662,1.1656,1.1666
2017-11-03 08:00:00,1.1662,1.1648,1.1642,1.1668
2017-11-03 12:00:00,1.1648,1.1655,1.1639,1.1691
2017-11-03 16:00:00,1.1654,1.1605,1.16,1.1659
2017-11-03 20:00:00,1.1605,1.1609,1.1599,1.1614
2017-11-06 00:00:00,1.1613,1.161,1.1596,1.1618
2017-11-06 04:00:00,1.161,1.1612,1.1606,1.1624
2017-11-06 08:00:00,1.1612,1.1603,1.1588,1.1617
2017-11-06 12:00:00,1.1603,1.1586,1.1584,1.1614
2017-11-06 16:00:00,1.1585,1.1612,1.158,1.1614
2017-11-06 20:00:00,1.1612,1.161,1.1603,1.1616
2017-11-07 00:00:00,1.1609,1.1605,1.1602,1.1616
2017-11-07 04:00:00,1.1605,1.1606,1.1602,1.1615
2017-11-07 08:00:00,1.1605,1.1567,1.1566,1.1609
2017-11-07 12:00:00,1.1567,1.1563,1.1554,1.1578
2017-11-07 16:00:00,1.1563,1.1583,1.156,1.1591
2017-11-07 20:00:00,1.1582,1.1587,1.1574,1.1593
2017-11-08 00:00:00,1.1585,1.1596,1.1585,1.1606
2017-11-08 04:00:00,1.1596,1.1596,1.1593,1.1601
2017-11-08 08:00:00,1.1596,1.1592,1.1585,1.1611
2017-11-08 12:00:00,1.1592,1.1591,1.1584,1.1607
2017-11-08 16:00:00,1.1591,1.1594,1.1579,1.1604
2017-11-08 20:00:00,1.1594,1.1594,1.1589,1.1599
2017-11-09 00:00:00,1.1594,1.1594,1.1586,1.1597
2017-11-09 04:00:00,1.1594,1.1603,1.1591,1.1605
2017-11-09 08:00:00,1.1603,1.1602,1.159,1.1616
2017-11-09 12:00:00,1.1602,1.1604,1.1599,1.1645
2017-11-09 16:00:00,1.1604,1.164,1.16,1.1655
2017-11-09 20:00:00,1.164,1.1641,1.1638,1.165
2017-11-10 00:00:00,1.1639,1.1646,1.1638,1.1655
2017-11-10 04:00:00,1.1646,1.1646,1.1641,1.165
2017-11-10 08:00:00,1.1646,1.166,1.1623,1.1662
2017-11-10 12:00:00,1.166,1.1648,1.1638,1.166
2017-11-10 16:00:00,1.1648,1.1659,1.1648,1.1678
2017-11-10 20:00:00,1.1659,1.1664,1.1658,1.1669
2017-11-13 00:00:00,1.1656,1.165,1.1645,1.1665
2017-11-13 04:00:00,1.165,1.1658,1.1649,1.166
2017-11-13 08:00:00,1.1658,1.1641,1.1637,1.1658
2017-11-13 12:00:00,1.1641,1.167,1.1638,1.1675
2017-11-13 16:00:00,1.167,1.1663,1.1655,1.1674
2017-11-13 20:00:00,1.1663,1.1667,1.1662,1.1671
2017-11-14 00:00:00,1.1666,1.167,1.1661,1.1676
2017-11-14 04:00:00,1.167,1.1674,1.1667,1.1676
2017-11-14 08:00:00,1.1674,1.1718,1.1665,1.172
2017-11-14 12:00:00,1.1718,1.1752,1.1713,1.1764
2017-11-14 16:00:00,1.1752,1.1782,1.1745,1.1786
2017-11-14 20:00:00,1.1782,1.1798,1.1781,1.1805
2017-11-15 00:00:00,1.1796,1.1789,1.1786,1.1802
2017-11-15 04:00:00,1.179,1.1787,1.1786,1.1799
2017-11-15 08:00:00,1.1787,1.184,1.1785,1.1853
2017-11-15 12:00:00,1.184,1.1844,1.1828,1.1861
2017-11-15 16:00:00,1.1845,1.1798,1.179,1.1845
2017-11-15 20:00:00,1.1798,1.1791,1.1789,1.1804
2017-11-16 00:00:00,1.1791,1.1788,1.1768,1.1792
2017-11-16 04:00:00,1.1787,1.1779,1.1776,1.1788
2017-11-16 08:00:00,1.1779,1.1776,1.1771,1.1801
2017-11-16 12:00:00,1.1776,1.1775,1.1757,1.178
2017-11-16 16:00:00,1.1775,1.1773,1.1761,1.1785
2017-11-16 20:00:00,1.1773,1.1768,1.1759,1.1777
2017-11-17 00:00:00,1.1771,1.1813,1.1765,1.1816
2017-11-17 04:00:00,1.1813,1.1804,1.1803,1.1822
2017-11-17 08:00:00,1.1804,1.1794,1.1784,1.1816
2017-11-17 12:00:00,1.1794,1.1787,1.1774,1.1813
2017-11-17 16:00:00,1.1788,1.1802,1.1776,1.1803
2017-11-17 20:00:00,1.1801,1.179,1.1786,1.1806
2017-11-20 00:00:00,1.1786,1.1745,1.1722,1.1797
2017-11-20 04:00:00,1.1745,1.1734,1.1725,1.1746
2017-11-20 08:00:00,1.1734,1.1795,1.1732,1.1809
2017-11-20 12:00:00,1.1794,1.1771,1.1767,1.1797
2017-11-20 16:00:00,1.1771,1.1747,1.1732,1.1776
2017-11-20 20:00:00,1.1747,1.1732,1.1728,1.1751
2017-11-21 00:00:00,1.1733,1.1734,1.1731,1.1745
2017-11-21 04:00:00,1.1734,1.1742,1.173,1.1743
2017-11-21 08:00:00,1.1742,1.1729,1.1714,1.1758
2017-11-21 12:00:00,1.1729,1.1722,1.1713,1.1747
2017-11-21 16:00:00,1.1722,1.1743,1.1718,1.1748
2017-11-21 20:00:00,1.1743,1.1739,1.1735,1.1752
2017-11-22 00:00:00,1.1738,1.1739,1.1732,1.1748
2017-11-22 04:00:00,1.1739,1.1744,1.1735,1.1745
2017-11-22 08:00:00,1.1744,1.1757,1.1742,1.1773
2017-11-22 12:00:00,1.1756,1.1751,1.1736,1.1756
2017-11-22 16:00:00,1.1751,1.1795,1.175,1.1799
2017-11-22 20:00:00,1.1795,1.1822,1.1793,1.1827
2017-11-23 00:00:00,1.1818,1.1823,1.1813,1.1825
2017-11-23 04:00:00,1.1823,1.183,1.1817,1.1838
2017-11-23 08:00:00,1.183,1.1843,1.1824,1.1847
2017-11-23 12:00:00,1.1843,1.1849,1.1838,1.1856
2017-11-23 16:00:00,1.1849,1.1849,1.184,1.1855
2017-11-23 20:00:00,1.1849,1.185,1.1845,1.1854
2017-11-24 00:00:00,1.1849,1.1848,1.1837,1.1855
2017-11-24 04:00:00,1.1848,1.1852,1.1844,1.1859
2017-11-24 08:00:00,1.1852,1.1868,1.1837,1.1875
2017-11-24 12:00:00,1.1868,1.1897,1.1855,1.1899
2017-11-24 16:00:00,1.1897,1.1928,1.1895,1.1945
2017-11-24 20:00:00,1.1928,1.1932,1.1923,1.1939
2017-11-27 00:00:00,1.1929,1.1921,1.1912,1.1936
2017-11-27 04:00:00,1.1921,1.1928,1.1914,1.1929
2017-11-27 08:00:00,1.1928,1.193,1.1917,1.1957
2017-11-27 12:00:00,1.193,1.1959,1.1926,1.1961
2017-11-27 16:00:00,1.1959,1.1902,1.1898,1.1959
2017-11-27 20:00:00,1.1902,1.1898,1.1896,1.1906
2017-11-28 00:00:00,1.1893,1.1899,1.1893,1.1909
2017-11-28 04:00:00,1.1899,1.1902,1.1898,1.1909
2017-11-28 08:00:00,1.1902,1.1892,1.1885,1.192
2017-11-28 12:00:00,1.1892,1.1894,1.1875,1.19
2017-11-28 16:00:00,1.1894,1.187,1.1864,1.1899
2017-11-28 20:00:00,1.187,1.1841,1.1827,1.1871
2017-11-29 00:00:00,1.1837,1.1842,1.1837,1.1853
2017-11-29 04:00:00,1.1842,1.1851,1.1842,1.1856
2017-11-29 08:00:00,1.1851,1.1867,1.1851,1.1883
2017-11-29 12:00:00,1.1867,1.1838,1.1817,1.1867
2017-11-29 16:00:00,1.1838,1.1851,1.1828,1.1866
2017-11-29 20:00:00,1.1851,1.1848,1.1846,1.1865
2017-11-30 00:00:00,1.1846,1.1861,1.1846,1.1868
2017-11-30 04:00:00,1.1861,1.1865,1.1859,1.1871
2017-11-30 08:00:00,1.1865,1.1832,1.1825,1.1876
2017-11-30 12:00:00,1.1831,1.1859,1.1809,1.1864
2017-11-30 16:00:00,1.1859,1.1892,1.1859,1.1932
2017-11-30 20:00:00,1.1891,1.1904,1.1889,1.1915
2017-12-01 00:00:00,1.1902,1.1909,1.1887,1.1916
2017-12-01 04:00:00,1.1909,1.1927,1.19,1.193
2017-12-01 08:00:00,1.1927,1.1903,1.1901,1.194
2017-12-01 12:00:00,1.1903,1.1869,1.1863,1.1911
2017-12-01 16:00:00,1.1869,1.1906,1.1851,1.1935
2017-12-01 20:00:00,1.1906,1.1899,1.1885,1.1911
2017-12-04 00:00:00,1.1863,1.1875,1.1856,1.1876
2017-12-04 04:00:00,1.1875,1.1868,1.1867,1.1876
2017-12-04 08:00:00,1.1868,1.1854,1.1836,1.1879
2017-12-04 12:00:00,1.1853,1.1846,1.1843,1.1868
2017-12-04 16:00:00,1.1846,1.1844,1.1829,1.186
2017-12-04 20:00:00,1.1844,1.1866,1.1843,1.1868
2017-12-05 00:00:00,1.1865,1.1873,1.1861,1.1875
2017-12-05 04:00:00,1.1873,1.1867,1.1867,1.1877
2017-12-05 08:00:00,1.1867,1.1853,1.1842,1.1877
2017-12-05 12:00:00,1.1853,1.1835,1.1828,1.1874
2017-12-05 16:00:00,1.1835,1.1806,1.1805,1.1843
2017-12-05 20:00:00,1.1806,1.1826,1.1801,1.183
2017-12-06 00:00:00,1.1826,1.1826,1.1816,1.1831
2017-12-06 04:00:00,1.1826,1.1844,1.1826,1.1848
2017-12-06 08:00:00,1.1844,1.1824,1.1812,1.1844
2017-12-06 12:00:00,1.1823,1.1808,1.18,1.1834
2017-12-06 16:00:00,1.1808,1.1793,1.1781,1.1808
2017-12-06 20:00:00,1.1793,1.1796,1.1789,1.1801
2017-12-07 00:00:00,1.1794,1.1798,1.1793,1.1809
2017-12-07 04:00:00,1.1798,1.1792,1.1789,1.1807
2017-12-07 08:00:00,1.1792,1.1789,1.1787,1.1805
2017-12-07 12:00:00,1.1789,1.18,1.1776,1.1801
2017-12-07 16:00:00,1.18,1.1797,1.1786,1.18
2017-12-07 20:00:00,1.1797,1.1772,1.1772,1.1815
2017-12-08 00:00:00,1.1772,1.1763,1.1762,1.1777
2017-12-08 04:00:00,1.1763,1.1765,1.176,1.1769
2017-12-08 08:00:00,1.1765,1.1737,1.1732,1.1768
2017-12-08 12:00:00,1.1737,1.1763,1.173,1.1769
2017-12-08 16:00:00,1.1763,1.1756,1.1747,1.1772
2017-12-08 20:00:00,1.1756,1.1773,1.1756,1.1773
2017-12-11 00:00:00,1.1766,1.1777,1.1763,1.1778
2017-12-11 04:00:00,1.1777,1.178,1.1775,1.1785
2017-12-11 08:00:00,1.178,1.1797,1.1775,1.1801
2017-12-11 12:00:00,1.1797,1.1778,1.1777,1.1804
2017-12-11 16:00:00,1.1778,1.1792,1.1777,1.1812
2017-12-11 20:00:00,1.1792,1.1769,1.1764,1.1794
2017-12-12 00:00:00,1.1769,1.1769,1.1768,1.178
2017-12-12 04:00:00,1.1769,1.1773,1.1764,1.1776
2017-12-12 08:00:00,1.1773,1.1784,1.177,1.1793
2017-12-12 12:00:00,1.1784,1.1751,1.175,1.1786
2017-12-12 16:00:00,1.1751,1.1724,1.1718,1.1752
2017-12-12 20:00:00,1.1724,1.1741,1.1721,1.1749
2017-12-13 00:00:00,1.1741,1.1743,1.1735,1.1748
2017-12-13 04:00:00,1.1743,1.1755,1.1742,1.1762
2017-12-13 08:00:00,1.1755,1.1749,1.1738,1.1763
2017-12-13 12:00:00,1.175,1.1758,1.1729,1.1771
2017-12-13 16:00:00,1.1758,1.1763,1.1748,1.1771
2017-12-13 20:00:00,1.1763,1.1826,1.1763,1.1832
2017-12-14 00:00:00,1.1826,1.1842,1.1822,1.1844
2017-12-14 04:00:00,1.1842,1.1827,1.1826,1.1842
2017-12-14 08:00:00,1.1827,1.1819,1.1811,1.1838
2017-12-14 12:00:00,1.1819,1.1821,1.1812,1.1863
2017-12-14 16:00:00,1.1821,1.1788,1.1771,1.1827
2017-12-14 20:00:00,1.1788,1.1776,1.1775,1.1802
2017-12-15 00:00:00,1.1777,1.1785,1.1765,1.179
2017-12-15 04:00:00,1.1785,1.1784,1.1779,1.1791
2017-12-15 08:00:00,1.1784,1.1797,1.1779,1.1799
2017-12-15 12:00:00,1.1797,1.18,1.1791,1.1813
2017-12-15 16:00:00,1.1799,1.1765,1.1761,1.18
2017-12-15 20:00:00,1.1765,1.175,1.175,1.1766
2017-12-18 00:00:00,1.1743,1.1757,1.1738,1.1757
2017-12-18 04:00:00,1.1756,1.1761,1.1756,1.1765
2017-12-18 08:00:00,1.1761,1.1789,1.1761,1.1795
2017-12-18 12:00:00,1.1789,1.1794,1.1784,1.1799
2017-12-18 16:00:00,1.1794,1.179,1.1788,1.1834
2017-12-18 20:00:00,1.179,1.1782,1.1775,1.1798
2017-12-19 00:00:00,1.1781,1.1782,1.1776,1.1786
2017-12-19 04:00:00,1.1782,1.1792,1.178,1.1796
2017-12-19 08:00:00,1.1792,1.1806,1.179,1.1819
2017-12-19 12:00:00,1.1806,1.1827,1.18,1.1832
2017-12-19 16:00:00,1.1827,1.1829,1.1805,1.183
2017-12-19 20:00:00,1.1829,1.1841,1.1828,1.1849
2017-12-20 00:00:00,1.1839,1.1842,1.1835,1.1846
2017-12-20 04:00:00,1.1842,1.1846,1.1841,1.1847
2017-12-20 08:00:00,1.1846,1.1838,1.1829,1.1854
2017-12-20 12:00:00,1.1838,1.1844,1.1832,1.1858
2017-12-20 16:00:00,1.1844,1.1877,1.1843,1.1902
2017-12-20 20:00:00,1.1877,1.1871,1.1869,1.1889
2017-12-21 00:00:00,1.1871,1.1871,1.1868,1.1882
2017-12-21 04:00:00,1.1871,1.1868,1.1863,1.1876
2017-12-21 08:00:00,1.1868,1.1881,1.1863,1.1887
2017-12-21 12:00:00,1.1881,1.1859,1.1851,1.189
2017-12-21 16:00:00,1.1859,1.1868,1.1849,1.1879
2017-12-21 20:00:00,1.1868,1.1874,1.1862,1.1879
2017-12-22 00:00:00,1.1873,1.1844,1.1817,1.1876
2017-12-22 04:00:00,1.1844,1.185,1.1842,1.1852
2017-12-22 08:00:00,1.185,1.1849,1.1845,1.1862
2017-12-22 12:00:00,1.1849,1.1855,1.1845,1.1857
2017-12-22 16:00:00,1.1855,1.1853,1.1828,1.1857
2017-12-22 20:00:00,1.1853,1.1861,1.1844,1.1864
2017-12-26 00:00:00,1.1861,1.1865,1.1854,1.1875
2017-12-26 04:00:00,1.1866,1.1871,1.1863,1.1874
2017-12-26 08:00:00,1.1871,1.1861,1.1857,1.1876
2017-12-26 12:00:00,1.1861,1.1855,1.1847,1.1861
2017-12-26 16:00:00,1.1855,1.187,1.1855,1.1879
2017-12-26 20:00:00,1.187,1.1858,1.1858,1.1872
2017-12-27 00:00:00,1.1858,1.186,1.1855,1.1865
2017-12-27 04:00:00,1.186,1.1878,1.1859,1.188
2017-12-27 08:00:00,1.1878,1.1888,1.1865,1.1891
2017-12-27 12:00:00,1.1888,1.1901,1.188,1.1904
2017-12-27 16:00:00,1.1901,1.1899,1.1885,1.191
2017-12-27 20:00:00,1.1899,1.1889,1.1885,1.1903
2017-12-28 00:00:00,1.1895,1.1906,1.1895,1.1906
2017-12-28 04:00:00,1.1906,1.1932,1.1902,1.1933
2017-12-28 08:00:00,1.1932,1.1932,1.1926,1.1947
2017-12-28 12:00:00,1.1932,1.1947,1.1923,1.1948
2017-12-28 16:00:00,1.1947,1.1953,1.1936,1.1955
2017-12-28 20:00:00,1.1953,1.1943,1.1939,1.1959
2017-12-29 00:00:00,1.1942,1.1942,1.1936,1.1949
2017-12-29 04:00:00,1.1942,1.1949,1.1938,1.195
2017-12-29 08:00:00,1.1949,1.1981,1.1946,1.1988
2017-12-29 12:00:00,1.1981,1.1987,1.1973,1.1999
2017-12-29 16:00:00,1.1987,1.2022,1.1986,1.2026
2017-12-29 20:00:00,1.2022,1.1996,1.1993,1.2024
2018-01-02 00:00:00,1.201,1.2016,1.2001,1.2024
2018-01-02 04:00:00,1.2015,1.2025,1.2008,1.2025
2018-01-02 08:00:00,1.2025,1.207,1.2023,1.2071
2018-01-02 12:00:00,1.207,1.2057,1.2056,1.2081
2018-01-02 16:00:00,1.2057,1.2045,1.2026,1.2059
2018-01-02 20:00:00,1.2045,1.2059,1.2042,1.2065
2018-01-03 00:00:00,1.2058,1.2053,1.2044,1.2066
2018-01-03 04:00:00,1.2053,1.2058,1.2042,1.2059
2018-01-03 08:00:00,1.2058,1.2038,1.2031,1.2061
2018-01-03 12:00:00,1.2038,1.2033,1.2011,1.2041
2018-01-03 16:00:00,1.2033,1.2027,1.2003,1.2033
2018-01-03 20:00:00,1.2027,1.2014,1.2001,1.203
2018-01-04 00:00:00,1.2014,1.2008,1.2004,1.2016
2018-01-04 04:00:00,1.2008,1.2019,1.2008,1.2023
2018-01-04 08:00:00,1.2019,1.2043,1.2017,1.2046
2018-01-04 12:00:00,1.2043,1.2062,1.2041,1.2075
2018-01-04 16:00:00,1.2063,1.2075,1.206,1.2089
2018-01-04 20:00:00,1.2075,1.2068,1.2061,1.208
2018-01-05 00:00:00,1.2067,1.2072,1.2063,1.208
2018-01-05 04:00:00,1.2072,1.2072,1.2068,1.2076
2018-01-05 08:00:00,1.2071,1.2046,1.2042,1.2074
2018-01-05 12:00:00,1.2045,1.2052,1.2042,1.2083
2018-01-05 16:00:00,1.2052,1.2047,1.2021,1.2056
2018-01-05 20:00:00,1.2047,1.2029,1.2028,1.2051
2018-01-08 00:00:00,1.2028,1.2045,1.2025,1.2052
2018-01-08 04:00:00,1.2045,1.202,1.2012,1.2047
2018-01-08 08:00:00,1.202,1.199,1.1983,1.2023
2018-01-08 12:00:00,1.199,1.197,1.1969,1.2009
2018-01-08 16:00:00,1.197,1.1978,1.1959,1.1982
2018-01-08 20:00:00,1.1977,1.1968,1.1956,1.1977
2018-01-09 00:00:00,1.1968,1.1967,1.1958,1.1973
2018-01-09 04:00:00,1.1967,1.1965,1.1964,1.1976
2018-01-09 08:00:00,1.1965,1.1939,1.1932,1.1971
2018-01-09 12:00:00,1.1939,1.1921,1.1916,1.194
2018-01-09 16:00:00,1.1921,1.1921,1.1917,1.1934
2018-01-09 20:00:00,1.1921,1.1936,1.1916,1.1939
2018-01-10 00:00:00,1.1936,1.1945,1.1928,1.1945
2018-01-10 04:00:00,1.1945,1.1928,1.1927,1.1949
2018-01-10 08:00:00,1.1928,1.1939,1.1923,1.1955
2018-01-10 12:00:00,1.1939,1.1995,1.1932,1.2018
2018-01-10 16:00:00,1.1995,1.196,1.1951,1.2007
2018-01-10 20:00:00,1.196,1.1948,1.1941,1.1968
2018-01-11 00:00:00,1.1947,1.1959,1.1946,1.1963
2018-01-11 04:00:00,1.1959,1.1952,1.1941,1.197
2018-01-11 08:00:00,1.1952,1.1948,1.1929,1.1952
2018-01-11 12:00:00,1.1948,1.2032,1.1936,1.2035
2018-01-11 16:00:00,1.2031,1.2038,1.2031,1.2059
2018-01-11 20:00:00,1.2038,1.2032,1.2027,1.2048
2018-01-12 00:00:00,1.2033,1.2045,1.2031,1.2067
2018-01-12 04:00:00,1.2045,1.2044,1.204,1.2057
2018-01-12 08:00:00,1.2044,1.2125,1.2042,1.2137
2018-01-12 12:00:00,1.2125,1.212,1.2112,1.2149
2018-01-12 16:00:00,1.212,1.2135,1.2111,1.2156
2018-01-12 20:00:00,1.2134,1.2196,1.2133,1.2219
2018-01-15 00:00:00,1.2197,1.2198,1.2188,1.2212
2018-01-15 04:00:00,1.2198,1.2223,1.2192,1.224
2018-01-15 08:00:00,1.2223,1.226,1.2201,1.227
2018-01-15 12:00:00,1.226,1.2283,1.2251,1.2297
2018-01-15 16:00:00,1.2283,1.2272,1.2254,1.2294
2018-01-15 20:00:00,1.2272,1.2265,1.2263,1.2278
2018-01-16 00:00:00,1.2263,1.2266,1.2248,1.2275
2018-01-16 04:00:00,1.2265,1.2263,1.2255,1.228
2018-01-16 08:00:00,1.2263,1.2233,1.2216,1.2283
2018-01-16 12:00:00,1.2233,1.2219,1.2202,1.224
2018-01-16 16:00:00,1.2218,1.2244,1.2195,1.2249
2018-01-16 20:00:00,1.2244,1.226,1.2243,1.2281
2018-01-17 00:00:00,1.226,1.2291,1.2254,1.2323
2018-01-17 04:00:00,1.2291,1.2244,1.2237,1.2297
2018-01-17 08:00:00,1.2244,1.2237,1.2208,1.2251
2018-01-17 12:00:00,1.2236,1.2219,1.2196,1.225
2018-01-17 16:00:00,1.2219,1.2252,1.2213,1.2253
2018-01-17 20:00:00,1.2252,1.2184,1.2177,1.2288
2018-01-18 00:00:00,1.2186,1.2193,1.2165,1.2204
2018-01-18 04:00:00,1.2193,1.2207,1.2173,1.2209
2018-01-18 08:00:00,1.2207,1.2215,1.2186,1.2218
2018-01-18 12:00:00,1.2215,1.2249,1.2212,1.2253
2018-01-18 16:00:00,1.2249,1.2229,1.2221,1.2265
2018-01-18 20:00:00,1.2228,1.2239,1.222,1.2247
2018-01-19 00:00:00,1.2236,1.2244,1.2232,1.2254
2018-01-19 04:00:00,1.2243,1.2261,1.224,1.227
2018-01-19 08:00:00,1.2261,1.2282,1.2251,1.2296
2018-01-19 12:00:00,1.2282,1.2244,1.2239,1.2284
2018-01-19 16:00:00,1.2243,1.2233,1.2219,1.2257
2018-01-19 20:00:00,1.2232,1.2219,1.2215,1.2239
2018-01-22 00:00:00,1.2265,1.2229,1.2225,1.2271
2018-01-22 04:00:00,1.2229,1.2231,1.2216,1.2238
2018-01-22 08:00:00,1.2231,1.225,1.2214,1.2256
2018-01-22 12:00:00,1.225,1.225,1.2233,1.2267
2018-01-22 16:00:00,1.225,1.2244,1.2224,1.2261
2018-01-22 20:00:00,1.2243,1.2262,1.2239,1.2263
2018-01-23 00:00:00,1.2261,1.2266,1.2255,1.2275
2018-01-23 04:00:00,1.2266,1.2258,1.2251,1.2276
2018-01-23 08:00:00,1.2258,1.2238,1.2223,1.2271
2018-01-23 12:00:00,1.2238,1.2259,1.2234,1.2265
2018-01-23 16:00:00,1.2259,1.2279,1.2251,1.2306
2018-01-23 20:00:00,1.2279,1.2298,1.2276,1.23
2018-01-24 00:00:00,1.2299,1.2307,1.2291,1.2315
2018-01-24 04:00:00,1.2307,1.2325,1.2301,1.2335
2018-01-24 08:00:00,1.2325,1.2337,1.2303,1.2356
2018-01-24 12:00:00,1.2337,1.2366,1.2329,1.2368
2018-01-24 16:00:00,1.2366,1.2392,1.2363,1.2403
2018-01-24 20:00:00,1.2391,1.2407,1.239,1.2415
2018-01-25 00:00:00,1.2409,1.241,1.2385,1.2411
2018-01-25 04:00:00,1.241,1.2448,1.2406,1.2449
2018-01-25 08:00:00,1.2448,1.2432,1.2389,1.2459
2018-01-25 12:00:00,1.2432,1.2497,1.2397,1.2498
2018-01-25 16:00:00,1.2497,1.2492,1.2462,1.2538
2018-01-25 20:00:00,1.2492,1.2397,1.2364,1.2507
2018-01-26 00:00:00,1.2392,1.243,1.237,1.2433
2018-01-26 04:00:00,1.243,1.2431,1.2412,1.2432
2018-01-26 08:00:00,1.2431,1.2456,1.2428,1.2494
2018-01-26 12:00:00,1.2456,1.2429,1.2421,1.2467
2018-01-26 16:00:00,1.2429,1.2439,1.2407,1.2448
2018-01-26 20:00:00,1.2439,1.2429,1.2406,1.245
2018-01-29 00:00:00,1.2423,1.2397,1.2396,1.2432
2018-01-29 04:00:00,1.2397,1.2414,1.2385,1.2422
2018-01-29 08:00:00,1.2414,1.2412,1.2388,1.2429
2018-01-29 12:00:00,1.2412,1.2365,1.2359,1.2428
2018-01-29 16:00:00,1.2364,1.2372,1.2337,1.2374
2018-01-29 20:00:00,1.2372,1.2383,1.2369,1.239
2018-01-30 00:00:00,1.2381,1.2385,1.2368,1.2388
2018-01-30 04:00:00,1.2385,1.2364,1.236,1.2387
2018-01-30 08:00:00,1.2364,1.2398,1.2335,1.2408
2018-01-30 12:00:00,1.2398,1.2445,1.2395,1.2448
2018-01-30 16:00:00,1.2445,1.2405,1.2384,1.2454
2018-01-30 20:00:00,1.2405,1.2402,1.2384,1.2407
2018-01-31 00:00:00,1.2402,1.2414,1.2396,1.2425
2018-01-31 04:00:00,1.2415,1.2437,1.2399,1.2438
2018-01-31 08:00:00,1.2437,1.2451,1.2425,1.2463
2018-01-31 12:00:00,1.2453,1.2465,1.2439,1.2473
2018-01-31 16:00:00,1.2465,1.2415,1.2407,1.2475
2018-01-31 20:00:00,1.2415,1.2414,1.2387,1.2438
2018-02-01 00:00:00,1.241,1.2419,1.2404,1.2429
2018-02-01 04:00:00,1.2419,1.2421,1.2414,1.2428
2018-02-01 08:00:00,1.2421,1.2446,1.2385,1.245
2018-02-01 12:00:00,1.2446,1.2449,1.2425,1.2462
2018-02-01 16:00:00,1.2449,1.2478,1.2431,1.2498
2018-02-01 20:00:00,1.2478,1.2506,1.2478,1.2523
2018-02-02 00:00:00,1.2513,1.2499,1.2492,1.2516
2018-02-02 04:00:00,1.2499,1.2496,1.2489,1.2504
2018-02-02 08:00:00,1.2496,1.2487,1.248,1.2518
2018-02-02 12:00:00,1.2487,1.2445,1.2438,1.2499
2018-02-02 16:00:00,1.2445,1.2469,1.2409,1.2478
2018-02-02 20:00:00,1.2469,1.2456,1.2448,1.2491
2018-02-05 00:00:00,1.2431,1.2454,1.2424,1.2459
2018-02-05 04:00:00,1.2454,1.246,1.2444,1.2467
2018-02-05 08:00:00,1.246,1.2461,1.2439,1.2475
2018-02-05 12:00:00,1.2461,1.2438,1.2436,1.2472
2018-02-05 16:00:00,1.2438,1.2429,1.2399,1.2438
2018-02-05 20:00:00,1.2429,1.2366,1.2362,1.2429
2018-02-06 00:00:00,1.2366,1.2375,1.2364,1.2388
2018-02-06 04:00:00,1.2376,1.2376,1.2351,1.2379
2018-02-06 08:00:00,1.2376,1.2403,1.2371,1.2435
2018-02-06 12:00:00,1.2403,1.2344,1.2322,1.2417
2018-02-06 16:00:00,1.2344,1.2391,1.2314,1.2404
2018-02-06 20:00:00,1.2391,1.2376,1.237,1.2405
2018-02-07 00:00:00,1.2375,1.2389,1.237,1.2393
2018-02-07 04:00:00,1.2389,1.2391,1.2378,1.2393
2018-02-07 08:00:00,1.2391,1.2351,1.235,1.2406
2018-02-07 12:00:00,1.2351,1.2337,1.2334,1.2355
2018-02-07 16:00:00,1.2337,1.227,1.2255,1.2345
2018-02-07 20:00:00,1.227,1.2265,1.2246,1.2282
2018-02-08 00:00:00,1.2261,1.2272,1.2252,1.228
2018-02-08 04:00:00,1.2272,1.2275,1.2255,1.2287
2018-02-08 08:00:00,1.2274,1.2231,1.2225,1.2295
2018-02-08 12:00:00,1.2231,1.2276,1.2212,1.2277
2018-02-08 16:00:00,1.2275,1.225,1.2232,1.2295
2018-02-08 20:00:00,1.225,1.2247,1.2242,1.2273
2018-02-09 00:00:00,1.2245,1.2252,1.2243,1.2264
2018-02-09 04:00:00,1.2252,1.2258,1.224,1.2262
2018-02-09 08:00:00,1.2258,1.2265,1.2252,1.2287
2018-02-09 12:00:00,1.2265,1.2277,1.2227,1.228
2018-02-09 16:00:00,1.2276,1.2214,1.2205,1.2277
2018-02-09 20:00:00,1.2214,1.2252,1.221,1.2255
2018-02-12 00:00:00,1.2243,1.2272,1.2241,1.2281
2018-02-12 04:00:00,1.2272,1.2283,1.227,1.2298
2018-02-12 08:00:00,1.2283,1.2264,1.2261,1.2296
2018-02-12 12:00:00,1.2264,1.2243,1.2235,1.2275
2018-02-12 16:00:00,1.2243,1.2275,1.2237,1.2283
2018-02-12 20:00:00,1.2275,1.2291,1.2275,1.2297
2018-02-13 00:00:00,1.2291,1.2294,1.2285,1.2308
2018-02-13 04:00:00,1.2294,1.2314,1.2284,1.2316
2018-02-13 08:00:00,1.2313,1.2314,1.231,1.2338
2018-02-13 12:00:00,1.2314,1.2344,1.2312,1.2356
2018-02-13 16:00:00,1.2343,1.2353,1.2343,1.2371
2018-02-13 20:00:00,1.2353,1.2351,1.2345,1.2366
2018-02-14 00:00:00,1.235,1.2355,1.2347,1.2362
2018-02-14 04:00:00,1.2355,1.2379,1.2354,1.2392
2018-02-14 08:00:00,1.2379,1.2353,1.2351,1.2386
2018-02-14 12:00:00,1.2353,1.2304,1.2276,1.2358
2018-02-14 16:00:00,1.2304,1.2418,1.2301,1.242
2018-02-14 20:00:00,1.2418,1.2448,1.2416,1.2465
2018-02-15 00:00:00,1.2449,1.2461,1.2448,1.2473
2018-02-15 04:00:00,1.2461,1.2466,1.2452,1.2468
2018-02-15 08:00:00,1.2466,1.2487,1.2461,1.251
2018-02-15 12:00:00,1.2487,1.2474,1.2461,1.2495
2018-02-15 16:00:00,1.2474,1.2471,1.2457,1.2506
2018-02-15 20:00:00,1.2472,1.2505,1.247,1.2509
2018-02-16 00:00:00,1.2505,1.2514,1.2497,1.2515
2018-02-16 04:00:00,1.2514,1.2549,1.2507,1.2555
2018-02-16 08:00:00,1.2549,1.2527,1.2523,1.2549
2018-02-16 12:00:00,1.2527,1.2453,1.245,1.2529
2018-02-16 16:00:00,1.2453,1.2441,1.2429,1.246
2018-02-16 20:00:00,1.2441,1.241,1.2393,1.2443
2018-02-19 00:00:00,1.2401,1.2434,1.2401,1.2435
2018-02-19 04:00:00,1.2434,1.2409,1.2404,1.2434
2018-02-19 08:00:00,1.2409,1.2411,1.2388,1.2421
2018-02-19 12:00:00,1.2411,1.2373,1.237,1.2427
2018-02-19 16:00:00,1.2373,1.2413,1.2369,1.2416
2018-02-19 20:00:00,1.2413,1.2406,1.2404,1.2413
2018-02-20 00:00:00,1.2407,1.2394,1.2385,1.2412
2018-02-20 04:00:00,1.2394,1.2385,1.2379,1.2398
2018-02-20 08:00:00,1.2385,1.2344,1.2343,1.2392
2018-02-20 12:00:00,1.2344,1.2325,1.232,1.2356
2018-02-20 16:00:00,1.2326,1.2344,1.2323,1.2362
2018-02-20 20:00:00,1.2344,1.2337,1.233,1.2346
2018-02-21 00:00:00,1.2337,1.2337,1.2329,1.2345
2018-02-21 04:00:00,1.2337,1.2323,1.2317,1.2344
2018-02-21 08:00:00,1.2323,1.2334,1.2308,1.234
2018-02-21 12:00:00,1.2334,1.232,1.23,1.2334
2018-02-21 16:00:00,1.232,1.2327,1.2304,1.2336
2018-02-21 20:00:00,1.2327,1.2283,1.2281,1.236
2018-02-22 00:00:00,1.2282,1.2279,1.2265,1.2286
2018-02-22 04:00:00,1.2279,1.2274,1.2272,1.2284
2018-02-22 08:00:00,1.2275,1.2294,1.226,1.2296
2018-02-22 12:00:00,1.2294,1.2314,1.2265,1.2315
2018-02-22 16:00:00,1.2313,1.2336,1.2306,1.2352
2018-02-22 20:00:00,1.2336,1.2329,1.2319,1.2339
2018-02-23 00:00:00,1.2329,1.2325,1.2316,1.2337
2018-02-23 04:00:00,1.2325,1.2302,1.2296,1.2326
2018-02-23 08:00:00,1.2302,1.2309,1.228,1.2321
2018-02-23 12:00:00,1.2309,1.2298,1.2288,1.2318
2018-02-23 16:00:00,1.2298,1.2306,1.2285,1.2319
2018-02-23 20:00:00,1.2306,1.2295,1.2289,1.2306
2018-02-26 00:00:00,1.2294,1.2298,1.228,1.2305
2018-02-26 04:00:00,1.2298,1.2328,1.2298,1.2328
2018-02-26 08:00:00,1.2328,1.2343,1.2315,1.235
2018-02-26 12:00:00,1.2343,1.2305,1.2305,1.2355
2018-02-26 16:00:00,1.2305,1.2308,1.2278,1.2317
2018-02-26 20:00:00,1.2308,1.2317,1.2302,1.232
2018-02-27 00:00:00,1.2316,1.2336,1.2309,1.2337
2018-02-27 04:00:00,1.2336,1.2326,1.2321,1.2343
2018-02-27 08:00:00,1.2326,1.2331,1.232,1.2346
2018-02-27 12:00:00,1.2331,1.2287,1.2286,1.2338
2018-02-27 16:00:00,1.2287,1.2248,1.2222,1.2299
2018-02-27 20:00:00,1.2248,1.2233,1.2226,1.2255
2018-02-28 00:00:00,1.2232,1.2229,1.2221,1.2239
2018-02-28 04:00:00,1.223,1.2227,1.2215,1.2234
2018-02-28 08:00:00,1.2227,1.222,1.2199,1.2242
2018-02-28 12:00:00,1.222,1.2218,1.2202,1.223
2018-02-28 16:00:00,1.2218,1.2209,1.2188,1.2228
2018-02-28 20:00:00,1.2209,1.2194,1.2193,1.2214
2018-03-01 00:00:00,1.2192,1.2191,1.2184,1.2199
2018-03-01 04:00:00,1.2192,1.2192,1.2186,1.2198
2018-03-01 08:00:00,1.2193,1.2182,1.218,1.2213
2018-03-01 12:00:00,1.2182,1.2187,1.2163,1.2196
2018-03-01 16:00:00,1.2187,1.2212,1.2155,1.2222
2018-03-01 20:00:00,1.2212,1.2267,1.2187,1.2273
2018-03-02 00:00:00,1.2265,1.2274,1.226,1.228
2018-03-02 04:00:00,1.2274,1.2279,1.227,1.2288
2018-03-02 08:00:00,1.2279,1.2276,1.2251,1.2282
2018-03-02 12:00:00,1.2276,1.2309,1.2274,1.2323
2018-03-02 16:00:00,1.2309,1.2312,1.2297,1.2333
2018-03-02 20:00:00,1.2312,1.232,1.2312,1.2336
2018-03-05 00:00:00,1.2327,1.233,1.23,1.2364
2018-03-05 04:00:00,1.233,1.2319,1.2312,1.2331
2018-03-05 08:00:00,1.2319,1.2322,1.2269,1.2334
2018-03-05 12:00:00,1.2322,1.2308,1.2284,1.2332
2018-03-05 16:00:00,1.2308,1.2334,1.2302,1.2349
2018-03-05 20:00:00,1.2334,1.2335,1.2322,1.2339
2018-03-06 00:00:00,1.2336,1.2356,1.2332,1.2363
2018-03-06 04:00:00,1.2356,1.2349,1.2343,1.236
2018-03-06 08:00:00,1.2349,1.2344,1.2328,1.2355
2018-03-06 12:00:00,1.2344,1.2407,1.2334,1.2414
2018-03-06 16:00:00,1.2407,1.2393,1.2386,1.242
2018-03-06 20:00:00,1.2393,1.2404,1.2392,1.2412
2018-03-07 00:00:00,1.2404,1.2414,1.2403,1.2429
2018-03-07 04:00:00,1.2414,1.2419,1.241,1.2423
2018-03-07 08:00:00,1.2419,1.2424,1.2404,1.2434
2018-03-07 12:00:00,1.2424,1.2415,1.2398,1.2444
2018-03-07 16:00:00,1.2415,1.24,1.2385,1.2423
2018-03-07 20:00:00,1.24,1.2411,1.2397,1.2416
2018-03-08 00:00:00,1.241,1.24,1.2396,1.2415
2018-03-08 04:00:00,1.24,1.2404,1.2396,1.241
2018-03-08 08:00:00,1.2404,1.2383,1.2378,1.2415
2018-03-08 12:00:00,1.2383,1.2403,1.2369,1.2446
2018-03-08 16:00:00,1.2403,1.2319,1.2304,1.2405
2018-03-08 20:00:00,1.2319,1.231,1.2298,1.232
2018-03-09 00:00:00,1.2311,1.2299,1.2295,1.2317
2018-03-09 04:00:00,1.2299,1.2315,1.2297,1.2317
2018-03-09 08:00:00,1.2315,1.2302,1.2294,1.2322
2018-03-09 12:00:00,1.2302,1.2293,1.2273,1.2314
2018-03-09 16:00:00,1.2293,1.2317,1.2291,1.2334
2018-03-09 20:00:00,1.2317,1.2305,1.2302,1.2321
2018-03-12 00:00:00,1.2312,1.2311,1.2306,1.2314
2018-03-12 04:00:00,1.2311,1.2325,1.2306,1.2326
2018-03-12 08:00:00,1.2325,1.2334,1.2315,1.2341
2018-03-12 12:00:00,1.2334,1.2301,1.229,1.2335
2018-03-12 16:00:00,1.2301,1.2319,1.2295,1.2326
2018-03-12 20:00:00,1.2319,1.2332,1.2315,1.2346
2018-03-13 00:00:00,1.2339,1.234,1.2333,1.2345
2018-03-13 04:00:00,1.234,1.2328,1.2326,1.2342
2018-03-13 08:00:00,1.2328,1.2334,1.2314,1.2336
2018-03-13 12:00:00,1.2334,1.2366,1.2324,1.2386
2018-03-13 16:00:00,1.2366,1.2401,1.234,1.2408
2018-03-13 20:00:00,1.2401,1.2389,1.2384,1.2406
2018-03-14 00:00:00,1.2389,1.2394,1.2389,1.2399
2018-03-14 04:00:00,1.2394,1.2407,1.239,1.2412
2018-03-14 08:00:00,1.2407,1.2375,1.2363,1.2413
2018-03-14 12:00:00,1.2375,1.2363,1.2361,1.2397
2018-03-14 16:00:00,1.2363,1.2367,1.2347,1.2378
2018-03-14 20:00:00,1.2367,1.2367,1.2365,1.2378
2018-03-15 00:00:00,1.2366,1.2382,1.2365,1.2384
2018-03-15 04:00:00,1.2382,1.2382,1.2375,1.2383
2018-03-15 08:00:00,1.2382,1.2365,1.2361,1.2382
2018-03-15 12:00:00,1.2365,1.2338,1.2335,1.2368
2018-03-15 16:00:00,1.2339,1.2316,1.2311,1.2348
2018-03-15 20:00:00,1.2316,1.2304,1.23,1.2335
2018-03-16 00:00:00,1.2304,1.2304,1.2302,1.231
2018-03-16 04:00:00,1.2304,1.231,1.2295,1.2313
2018-03-16 08:00:00,1.231,1.2318,1.2306,1.2325
2018-03-16 12:00:00,1.2318,1.2309,1.2309,1.2336
2018-03-16 16:00:00,1.2309,1.2291,1.226,1.231
2018-03-16 20:00:00,1.2291,1.2288,1.2277,1.2294
2018-03-19 00:00:00,1.2285,1.2271,1.2271,1.2292
2018-03-19 04:00:00,1.2271,1.2267,1.2265,1.2273
2018-03-19 08:00:00,1.2267,1.228,1.2258,1.2281
2018-03-19 12:00:00,1.228,1.2303,1.2272,1.2326
2018-03-19 16:00:00,1.2303,1.2333,1.2301,1.2337
2018-03-19 20:00:00,1.2333,1.2335,1.2333,1.2359
2018-03-20 00:00:00,1.2336,1.2341,1.2332,1.2345
2018-03-20 04:00:00,1.2341,1.2339,1.2337,1.235
2018-03-20 08:00:00,1.2339,1.2346,1.2334,1.2355
2018-03-20 12:00:00,1.2346,1.2284,1.228,1.2347
2018-03-20 16:00:00,1.2284,1.2254,1.2246,1.2287
2018-03-20 20:00:00,1.2254,1.2241,1.224,1.2264
2018-03-21 00:00:00,1.2241,1.2256,1.2241,1.2257
2018-03-21 04:00:00,1.2256,1.2261,1.225,1.2267
2018-03-21 08:00:00,1.2261,1.228,1.226,1.2291
2018-03-21 12:00:00,1.228,1.2285,1.2264,1.2287
2018-03-21 16:00:00,1.2285,1.2262,1.2257,1.2296
2018-03-21 20:00:00,1.2262,1.2338,1.2251,1.235
2018-03-22 00:00:00,1.2338,1.2368,1.2337,1.2369
2018-03-22 04:00:00,1.2368,1.236,1.2355,1.2369
2018-03-22 08:00:00,1.236,1.2357,1.2342,1.2389
2018-03-22 12:00:00,1.2357,1.2313,1.2307,1.2359
2018-03-22 16:00:00,1.2313,1.2306,1.2285,1.2326
2018-03-22 20:00:00,1.2306,1.2301,1.2292,1.2323
2018-03-23 00:00:00,1.2301,1.2337,1.2301,1.2341
2018-03-23 04:00:00,1.2337,1.2334,1.2326,1.2341
2018-03-23 08:00:00,1.2334,1.2336,1.2317,1.2349
2018-03-23 12:00:00,1.2336,1.2338,1.232,1.236
2018-03-23 16:00:00,1.2338,1.2363,1.2323,1.2367
2018-03-23 20:00:00,1.2363,1.2353,1.2351,1.2373
2018-03-26 00:00:00,1.2352,1.2369,1.2349,1.2381
2018-03-26 04:00:00,1.2369,1.2373,1.2364,1.2381
2018-03-26 08:00:00,1.2373,1.2392,1.2359,1.2399
2018-03-26 12:00:00,1.2392,1.24,1.2392,1.2417
2018-03-26 16:00:00,1.24,1.2444,1.2398,1.245
2018-03-26 20:00:00,1.2444,1.2443,1.2442,1.2462
2018-03-27 00:00:00,1.2447,1.245,1.2444,1.2458
2018-03-27 04:00:00,1.245,1.245,1.2442,1.2455
2018-03-27 08:00:00,1.245,1.243,1.2426,1.2477
2018-03-27 12:00:00,1.243,1.2387,1.2372,1.2431
2018-03-27 16:00:00,1.2387,1.2413,1.2378,1.2416
2018-03-27 20:00:00,1.2413,1.2402,1.2395,1.2415
2018-03-28 00:00:00,1.2403,1.2413,1.2399,1.2416
2018-03-28 04:00:00,1.2413,1.2408,1.2407,1.2422
2018-03-28 08:00:00,1.2408,1.2397,1.2377,1.241
2018-03-28 12:00:00,1.2397,1.2383,1.2377,1.2409
2018-03-28 16:00:00,1.2383,1.2346,1.2335,1.2384
2018-03-28 20:00:00,1.2346,1.2308,1.23,1.2351
2018-03-29 00:00:00,1.2308,1.2312,1.2301,1.2314
2018-03-29 04:00:00,1.2312,1.233,1.2312,1.2331
2018-03-29 08:00:00,1.233,1.2307,1.2295,1.2335
2018-03-29 12:00:00,1.2307,1.2319,1.2297,1.2335
2018-03-29 16:00:00,1.2319,1.229,1.2284,1.2336
2018-03-29 20:00:00,1.229,1.23,1.2286,1.231
2018-03-30 00:00:00,1.23,1.23,1.2289,1.2309
2018-03-30 04:00:00,1.23,1.2312,1.23,1.2318
2018-03-30 08:00:00,1.2312,1.2328,1.2305,1.2331
2018-03-30 12:00:00,1.2328,1.2328,1.2323,1.233
2018-03-30 16:00:00,1.2328,1.2326,1.231,1.2329
2018-03-30 20:00:00,1.2326,1.2326,1.2313,1.2328
2018-04-02 00:00:00,1.2317,1.2322,1.2311,1.2323
2018-04-02 04:00:00,1.2322,1.2317,1.2315,1.2328
2018-04-02 08:00:00,1.2317,1.2329,1.2312,1.2332
2018-04-02 12:00:00,1.2329,1.2336,1.2327,1.2345
2018-04-02 16:00:00,1.2336,1.2294,1.2281,1.2337
2018-04-02 20:00:00,1.2294,1.2301,1.2288,1.2307
2018-04-03 00:00:00,1.2301,1.2303,1.2292,1.2304
2018-04-03 04:00:00,1.2303,1.231,1.2297,1.2312
2018-04-03 08:00:00,1.231,1.2317,1.2303,1.2336
2018-04-03 12:00:00,1.2317,1.2296,1.2286,1.2319
2018-04-03 16:00:00,1.2296,1.2267,1.2254,1.2299
2018-04-03 20:00:00,1.2266,1.227,1.2261,1.2274
2018-04-04 00:00:00,1.2269,1.2279,1.2264,1.2281
2018-04-04 04:00:00,1.2279,1.2278,1.2274,1.2287
2018-04-04 08:00:00,1.2278,1.2292,1.2257,1.2315
2018-04-04 12:00:00,1.2291,1.2297,1.2271,1.2301
2018-04-04 16:00:00,1.2297,1.2294,1.2287,1.231
2018-04-04 20:00:00,1.2294,1.2278,1.2274,1.2294
2018-04-05 00:00:00,1.2278,1.2286,1.2278,1.229
2018-04-05 04:00:00,1.2286,1.2277,1.2275,1.2289
2018-04-05 08:00:00,1.2277,1.2265,1.2249,1.2279
2018-04-05 12:00:00,1.2265,1.225,1.2236,1.2284
2018-04-05 16:00:00,1.225,1.2236,1.2218,1.2269
2018-04-05 20:00:00,1.2236,1.2239,1.2224,1.2241
2018-04-06 00:00:00,1.2239,1.2249,1.2237,1.2254
2018-04-06 04:00:00,1.2249,1.2238,1.2234,1.226
2018-04-06 08:00:00,1.2238,1.2235,1.2215,1.2243
2018-04-06 12:00:00,1.2235,1.2248,1.2219,1.2257
2018-04-06 16:00:00,1.2248,1.2276,1.2244,1.228
2018-04-06 20:00:00,1.2276,1.2281,1.2268,1.2291
2018-04-09 00:00:00,1.2281,1.2275,1.2266,1.2283
2018-04-09 04:00:00,1.2275,1.2277,1.2266,1.2277
2018-04-09 08:00:00,1.2277,1.228,1.226,1.2287
2018-04-09 12:00:00,1.228,1.2313,1.2262,1.2314
2018-04-09 16:00:00,1.2313,1.2318,1.2307,1.2331
2018-04-09 20:00:00,1.2318,1.232,1.2312,1.2326
2018-04-10 00:00:00,1.232,1.2325,1.2318,1.2329
2018-04-10 04:00:00,1.2325,1.2318,1.2307,1.2327
2018-04-10 08:00:00,1.2318,1.2325,1.2303,1.2336
2018-04-10 12:00:00,1.2325,1.2349,1.2318,1.2378
2018-04-10 16:00:00,1.2349,1.234,1.2324,1.2368
2018-04-10 20:00:00,1.234,1.2355,1.234,1.2361
2018-04-11 00:00:00,1.2355,1.2361,1.2351,1.2365
2018-04-11 04:00:00,1.2361,1.2364,1.2353,1.2364
2018-04-11 08:00:00,1.2364,1.2377,1.2362,1.2387
2018-04-11 12:00:00,1.2377,1.2375,1.2362,1.2397
2018-04-11 16:00:00,1.2375,1.2375,1.2368,1.2393
2018-04-11 20:00:00,1.2375,1.2366,1.2347,1.2378
2018-04-12 00:00:00,1.2366,1.2376,1.2362,1.238
2018-04-12 04:00:00,1.2376,1.2358,1.2357,1.2378
2018-04-12 08:00:00,1.2358,1.2346,1.2345,1.2374
2018-04-12 12:00:00,1.2346,1.2316,1.2312,1.2352
2018-04-12 16:00:00,1.2315,1.2334,1.2299,1.2336
2018-04-12 20:00:00,1.2334,1.2326,1.2325,1.2341
2018-04-13 00:00:00,1.2326,1.2329,1.2324,1.2333
2018-04-13 04:00:00,1.2329,1.2329,1.2321,1.2333
2018-04-13 08:00:00,1.2329,1.2335,1.2317,1.2346
2018-04-13 12:00:00,1.2335,1.2316,1.2307,1.234
2018-04-13 16:00:00,1.2316,1.2342,1.2316,1.2344
2018-04-13 20:00:00,1.2342,1.233,1.2329,1.2343
2018-04-16 00:00:00,1.2326,1.2339,1.2325,1.234
2018-04-16 04:00:00,1.2339,1.2331,1.2331,1.2343
2018-04-16 08:00:00,1.2331,1.2364,1.2324,1.2369
2018-04-16 12:00:00,1.2364,1.2381,1.2357,1.2383
2018-04-16 16:00:00,1.2381,1.2383,1.2362,1.2395
2018-04-16 20:00:00,1.2383,1.2379,1.2374,1.2384
2018-04-17 00:00:00,1.2379,1.2384,1.2379,1.2388
2018-04-17 04:00:00,1.2384,1.2382,1.2376,1.2388
2018-04-17 08:00:00,1.2382,1.2385,1.2382,1.2414
2018-04-17 12:00:00,1.2385,1.2348,1.2345,1.2387
2018-04-17 16:00:00,1.2348,1.2355,1.2336,1.2361
2018-04-17 20:00:00,1.2355,1.2369,1.2354,1.2376
2018-04-18 00:00:00,1.237,1.237,1.2366,1.2375
2018-04-18 04:00:00,1.237,1.2377,1.2365,1.2382
2018-04-18 08:00:00,1.2377,1.236,1.2349,1.2381
2018-04-18 12:00:00,1.236,1.2391,1.2342,1.2395
2018-04-18 16:00:00,1.2391,1.239,1.2371,1.2397
2018-04-18 20:00:00,1.239,1.2374,1.2372,1.2393
2018-04-19 00:00:00,1.2374,1.2372,1.237,1.2384
2018-04-19 04:00:00,1.2372,1.2378,1.2365,1.2386
2018-04-19 08:00:00,1.2378,1.2366,1.236,1.24
2018-04-19 12:00:00,1.2366,1.2379,1.2355,1.2385
2018-04-19 16:00:00,1.2379,1.2345,1.2329,1.2385
2018-04-19 20:00:00,1.2345,1.2345,1.2336,1.2359
2018-04-20 00:00:00,1.2345,1.2347,1.2339,1.2349
2018-04-20 04:00:00,1.2347,1.2341,1.2336,1.2348
2018-04-20 08:00:00,1.2341,1.2315,1.2312,1.2353
2018-04-20 12:00:00,1.2315,1.2291,1.229,1.2316
2018-04-20 16:00:00,1.2291,1.2297,1.225,1.23
2018-04-20 20:00:00,1.2297,1.229,1.228,1.2297
2018-04-23 00:00:00,1.2277,1.2271,1.2268,1.2289
2018-04-23 04:00:00,1.2271,1.2272,1.2265,1.228
2018-04-23 08:00:00,1.2272,1.2238,1.2238,1.229
2018-04-23 12:00:00,1.2238,1.2241,1.2225,1.2244
2018-04-23 16:00:00,1.2241,1.2218,1.2211,1.2246
2018-04-23 20:00:00,1.2218,1.2208,1.2198,1.2218
2018-04-24 00:00:00,1.2208,1.2207,1.2202,1.2212
2018-04-24 04:00:00,1.2207,1.2213,1.2185,1.2215
2018-04-24 08:00:00,1.2213,1.2203,1.2182,1.2224
2018-04-24 12:00:00,1.2203,1.2207,1.2196,1.2223
2018-04-24 16:00:00,1.2207,1.224,1.2201,1.2244
2018-04-24 20:00:00,1.224,1.2232,1.2231,1.2245
2018-04-25 00:00:00,1.2231,1.2229,1.2225,1.2239
2018-04-25 04:00:00,1.2229,1.2217,1.2215,1.2231
2018-04-25 08:00:00,1.2217,1.2203,1.2187,1.2218
2018-04-25 12:00:00,1.2203,1.2184,1.217,1.2215
2018-04-25 16:00:00,1.2184,1.2185,1.2168,1.22
2018-04-25 20:00:00,1.2185,1.216,1.216,1.2189
2018-04-26 00:00:00,1.2161,1.2172,1.216,1.2177
2018-04-26 04:00:00,1.2173,1.2176,1.2168,1.2182
2018-04-26 08:00:00,1.2176,1.2171,1.2156,1.2189
2018-04-26 12:00:00,1.2171,1.22,1.2145,1.221
2018-04-26 16:00:00,1.22,1.2126,1.2098,1.2204
2018-04-26 20:00:00,1.2126,1.2103,1.2096,1.213
2018-04-27 00:00:00,1.2103,1.2108,1.2101,1.211
2018-04-27 04:00:00,1.2108,1.2112,1.2097,1.2116
2018-04-27 08:00:00,1.2112,1.2072,1.2065,1.2112
2018-04-27 12:00:00,1.2071,1.2085,1.2055,1.2095
2018-04-27 16:00:00,1.2084,1.2112,1.2073,1.2118
2018-04-27 20:00:00,1.2112,1.2129,1.21,1.2133
2018-04-30 00:00:00,1.2125,1.2129,1.2119,1.2132
2018-04-30 04:00:00,1.2129,1.2129,1.2121,1.2134
2018-04-30 08:00:00,1.2129,1.2104,1.2102,1.2139
2018-04-30 12:00:00,1.2104,1.2087,1.2072,1.2121
2018-04-30 16:00:00,1.2087,1.2101,1.2064,1.2106
2018-04-30 20:00:00,1.2101,1.2077,1.2073,1.2102
2018-05-01 00:00:00,1.2076,1.2079,1.2074,1.2084
2018-05-01 04:00:00,1.2079,1.2072,1.2071,1.2081
2018-05-01 08:00:00,1.2072,1.2034,1.2033,1.2072
2018-05-01 12:00:00,1.2034,1.2025,1.2017,1.2041
2018-05-01 16:00:00,1.2025,1.2016,1.1981,1.2032
2018-05-01 20:00:00,1.2016,1.1992,1.1988,1.2017
2018-05-02 00:00:00,1.1992,1.1991,1.1988,1.2
2018-05-02 04:00:00,1.1991,1.2003,1.1989,1.2011
2018-05-02 08:00:00,1.2003,1.2,1.199,1.2032
2018-05-02 12:00:00,1.2,1.2011,1.1993,1.2013
2018-05-02 16:00:00,1.2011,1.1968,1.1953,1.2012
2018-05-02 20:00:00,1.1968,1.195,1.1938,1.2026
2018-05-03 00:00:00,1.195,1.1967,1.1948,1.1967
2018-05-03 04:00:00,1.1967,1.1988,1.1964,1.1989
2018-05-03 08:00:00,1.1988,1.1986,1.1966,1.2009
2018-05-03 12:00:00,1.1985,1.1979,1.1965,1.2003
2018-05-03 16:00:00,1.198,1.1988,1.1949,1.199
2018-05-03 20:00:00,1.1988,1.1988,1.1971,1.2004
2018-05-04 00:00:00,1.1987,1.1984,1.198,1.1992
2018-05-04 04:00:00,1.1984,1.1986,1.1982,1.1996
2018-05-04 08:00:00,1.1986,1.1963,1.1959,1.1987
2018-05-04 12:00:00,1.1963,1.1967,1.1953,1.1994
2018-05-04 16:00:00,1.1967,1.1963,1.191,1.1967
2018-05-04 20:00:00,1.1963,1.1963,1.1952,1.1966
2018-05-07 00:00:00,1.1958,1.197,1.1953,1.197
2018-05-07 04:00:00,1.197,1.196,1.1959,1.1978
2018-05-07 08:00:00,1.196,1.1931,1.1922,1.1961
2018-05-07 12:00:00,1.1931,1.1919,1.1897,1.1933
2018-05-07 16:00:00,1.1919,1.1933,1.1905,1.1938
2018-05-07 20:00:00,1.1933,1.1922,1.1919,1.1934
2018-05-08 00:00:00,1.1922,1.1936,1.192,1.1939
2018-05-08 04:00:00,1.1936,1.1913,1.1909,1.1936
2018-05-08 08:00:00,1.1913,1.1888,1.1883,1.1933
2018-05-08 12:00:00,1.1889,1.1865,1.1862,1.1896
2018-05-08 16:00:00,1.1865,1.188,1.1838,1.1886
2018-05-08 20:00:00,1.188,1.1864,1.1856,1.1884
2018-05-09 00:00:00,1.1859,1.1854,1.1853,1.187
2018-05-09 04:00:00,1.1854,1.1855,1.1843,1.186
2018-05-09 08:00:00,1.1855,1.1856,1.1823,1.1859
2018-05-09 12:00:00,1.1856,1.1886,1.185,1.1897
2018-05-09 16:00:00,1.1886,1.1855,1.1841,1.1886
2018-05-09 20:00:00,1.1855,1.185,1.1848,1.1868
2018-05-10 00:00:00,1.1849,1.1849,1.1843,1.1856
2018-05-10 04:00:00,1.1849,1.1873,1.1847,1.1875
2018-05-10 08:00:00,1.1873,1.1874,1.1851,1.1879
2018-05-10 12:00:00,1.1874,1.1927,1.1871,1.1936
2018-05-10 16:00:00,1.1927,1.1911,1.1875,1.1947
2018-05-10 20:00:00,1.1911,1.1915,1.1909,1.1934
2018-05-11 00:00:00,1.1914,1.1923,1.1911,1.1924
2018-05-11 04:00:00,1.1923,1.1914,1.1911,1.1925
2018-05-11 08:00:00,1.1914,1.1921,1.1891,1.1926
2018-05-11 12:00:00,1.1921,1.1951,1.1913,1.1959
2018-05-11 16:00:00,1.1951,1.1958,1.1933,1.1968
2018-05-11 20:00:00,1.1958,1.194,1.1935,1.1959
2018-05-14 00:00:00,1.1939,1.1964,1.1939,1.1964
2018-05-14 04:00:00,1.1964,1.1956,1.1956,1.1969
2018-05-14 08:00:00,1.1956,1.1984,1.1951,1.1986
2018-05-14 12:00:00,1.1984,1.1985,1.1973,1.1993
2018-05-14 16:00:00,1.1985,1.1976,1.1962,1.1996
2018-05-14 20:00:00,1.1976,1.1926,1.1926,1.1976
2018-05-15 00:00:00,1.1925,1.1936,1.1923,1.1938
2018-05-15 04:00:00,1.1936,1.1914,1.1913,1.1939
2018-05-15 08:00:00,1.1914,1.1918,1.191,1.1937
2018-05-15 12:00:00,1.1918,1.1847,1.1847,1.1929
2018-05-15 16:00:00,1.1847,1.1865,1.182,1.1876
2018-05-15 20:00:00,1.1865,1.1837,1.1836,1.1867
2018-05-16 00:00:00,1.1838,1.183,1.1817,1.1843
2018-05-16 04:00:00,1.183,1.1832,1.1816,1.1834
2018-05-16 08:00:00,1.1832,1.1837,1.1824,1.1854
2018-05-16 12:00:00,1.1837,1.1767,1.1763,1.1838
2018-05-16 16:00:00,1.1767,1.1812,1.1766,1.182
2018-05-16 20:00:00,1.1813,1.1806,1.1799,1.182
2018-05-17 00:00:00,1.1807,1.1812,1.1803,1.182
2018-05-17 04:00:00,1.1812,1.1819,1.1807,1.1837
2018-05-17 08:00:00,1.1819,1.1815,1.1792,1.1835
2018-05-17 12:00:00,1.1815,1.1806,1.1776,1.1825
2018-05-17 16:00:00,1.1806,1.1805,1.1785,1.1811
2018-05-17 20:00:00,1.1804,1.1793,1.1793,1.1806
2018-05-18 00:00:00,1.1794,1.1805,1.1789,1.1808
2018-05-18 04:00:00,1.1805,1.1805,1.1797,1.1808
2018-05-18 08:00:00,1.1805,1.1806,1.1803,1.1822
2018-05-18 12:00:00,1.1806,1.177,1.1761,1.181
2018-05-18 16:00:00,1.177,1.1784,1.175,1.1789
2018-05-18 20:00:00,1.1784,1.177,1.1765,1.1785
2018-05-21 00:00:00,1.1771,1.1747,1.1744,1.1775
2018-05-21 04:00:00,1.1748,1.175,1.1745,1.1759
2018-05-21 08:00:00,1.175,1.1742,1.1717,1.1753
2018-05-21 12:00:00,1.1742,1.1769,1.1733,1.1774
2018-05-21 16:00:00,1.1769,1.1771,1.1743,1.178
2018-05-21 20:00:00,1.1771,1.1791,1.1766,1.1796
2018-05-22 00:00:00,1.1789,1.1791,1.1786,1.1797
2018-05-22 04:00:00,1.1792,1.1774,1.1774,1.1792
2018-05-22 08:00:00,1.1774,1.1808,1.1757,1.183
2018-05-22 12:00:00,1.1808,1.1781,1.1775,1.1827
2018-05-22 16:00:00,1.1781,1.1784,1.1769,1.1794
2018-05-22 20:00:00,1.1784,1.1778,1.1771,1.1785
2018-05-23 00:00:00,1.1779,1.1783,1.1776,1.179
2018-05-23 04:00:00,1.1783,1.1766,1.175,1.1788
2018-05-23 08:00:00,1.1766,1.1729,1.1699,1.1768
2018-05-23 12:00:00,1.1729,1.1701,1.1692,1.1748
2018-05-23 16:00:00,1.1701,1.1693,1.1685,1.1719
2018-05-23 20:00:00,1.1693,1.1695,1.1676,1.171
2018-05-24 00:00:00,1.1695,1.1707,1.1695,1.1714
2018-05-24 04:00:00,1.1707,1.1709,1.1691,1.1714
2018-05-24 08:00:00,1.1709,1.1738,1.1693,1.1746
2018-05-24 12:00:00,1.1738,1.1727,1.1705,1.1745
2018-05-24 16:00:00,1.1727,1.1732,1.1714,1.1751
2018-05-24 20:00:00,1.1732,1.1719,1.1719,1.1744
2018-05-25 00:00:00,1.1719,1.1718,1.1715,1.1726
2018-05-25 04:00:00,1.1718,1.1709,1.1705,1.1718
2018-05-25 08:00:00,1.1709,1.1727,1.1684,1.1728
2018-05-25 12:00:00,1.1727,1.1677,1.1662,1.1734
2018-05-25 16:00:00,1.1676,1.1661,1.1646,1.168
2018-05-25 20:00:00,1.1661,1.1651,1.1645,1.1676
2018-05-28 00:00:00,1.1682,1.1698,1.1676,1.1705
2018-05-28 04:00:00,1.1698,1.1725,1.1696,1.1725
2018-05-28 08:00:00,1.1725,1.1678,1.1676,1.1728
2018-05-28 12:00:00,1.1678,1.1609,1.1608,1.1679
2018-05-28 16:00:00,1.1609,1.1629,1.1607,1.1633
2018-05-28 20:00:00,1.1629,1.1624,1.1623,1.1629
2018-05-29 00:00:00,1.1624,1.1627,1.1619,1.1633
2018-05-29 04:00:00,1.1627,1.1629,1.1614,1.1633
2018-05-29 08:00:00,1.1629,1.1543,1.1531,1.164
2018-05-29 12:00:00,1.1543,1.1576,1.151,1.1582
2018-05-29 16:00:00,1.1576,1.1546,1.1542,1.159
2018-05-29 20:00:00,1.1546,1.154,1.1519,1.1547
2018-05-30 00:00:00,1.1533,1.1534,1.1532,1.1549
2018-05-30 04:00:00,1.1534,1.1541,1.1519,1.1546
2018-05-30 08:00:00,1.1541,1.1612,1.153,1.1612
2018-05-30 12:00:00,1.1612,1.1625,1.1592,1.1648
2018-05-30 16:00:00,1.1625,1.1664,1.1594,1.1676
2018-05-30 20:00:00,1.1664,1.1662,1.1645,1.167
2018-05-31 00:00:00,1.1661,1.1663,1.1655,1.1671
2018-05-31 04:00:00,1.1663,1.1665,1.1648,1.1672
2018-05-31 08:00:00,1.1665,1.172,1.1659,1.1724
2018-05-31 12:00:00,1.172,1.1673,1.167,1.1724
2018-05-31 16:00:00,1.1673,1.1671,1.1641,1.1699
2018-05-31 20:00:00,1.1671,1.1691,1.1671,1.1697
2018-06-01 00:00:00,1.1686,1.1694,1.1686,1.1706
2018-06-01 04:00:00,1.1694,1.1678,1.1676,1.1697
2018-06-01 08:00:00,1.1678,1.1682,1.1665,1.1703
2018-06-01 12:00:00,1.1682,1.1658,1.1648,1.1718
2018-06-01 16:00:00,1.1658,1.1665,1.1617,1.1684
2018-06-01 20:00:00,1.1665,1.166,1.1654,1.1669
2018-06-04 00:00:00,1.1657,1.1676,1.1657,1.168
2018-06-04 04:00:00,1.1676,1.1692,1.1673,1.1696
2018-06-04 08:00:00,1.1692,1.171,1.1675,1.1718
2018-06-04 12:00:00,1.171,1.1716,1.1708,1.1745
2018-06-04 16:00:00,1.1716,1.1686,1.1677,1.1726
2018-06-04 20:00:00,1.1685,1.1698,1.1685,1.1702
2018-06-05 00:00:00,1.1699,1.1694,1.169,1.1703
2018-06-05 04:00:00,1.1694,1.1687,1.1686,1.1698
2018-06-05 08:00:00,1.1687,1.1705,1.1683,1.1717
2018-06-05 12:00:00,1.1705,1.1666,1.1662,1.1706
2018-06-05 16:00:00,1.1666,1.1715,1.1653,1.1727
2018-06-05 20:00:00,1.1715,1.1717,1.1708,1.1732
2018-06-06 00:00:00,1.1714,1.1725,1.1712,1.1732
2018-06-06 04:00:00,1.1725,1.1715,1.1715,1.1734
2018-06-06 08:00:00,1.1715,1.1742,1.1714,1.1771
2018-06-06 12:00:00,1.1742,1.1766,1.1742,1.178
2018-06-06 16:00:00,1.1766,1.1777,1.1762,1.1796
2018-06-06 20:00:00,1.1777,1.1773,1.1761,1.178
2018-06-07 00:00:00,1.1775,1.1792,1.1773,1.1792
2018-06-07 04:00:00,1.1792,1.1794,1.1784,1.18
2018-06-07 08:00:00,1.1794,1.1821,1.1791,1.1838
2018-06-07 12:00:00,1.1821,1.1834,1.1813,1.184
2018-06-07 16:00:00,1.1834,1.1808,1.1799,1.1837
2018-06-07 20:00:00,1.1808,1.1798,1.1796,1.1823
2018-06-08 00:00:00,1.1798,1.1806,1.1792,1.1808
2018-06-08 04:00:00,1.1806,1.1806,1.1793,1.181
2018-06-08 08:00:00,1.1806,1.1764,1.1759,1.181
2018-06-08 12:00:00,1.1764,1.1748,1.1727,1.1772
2018-06-08 16:00:00,1.1748,1.1773,1.174,1.1778
2018-06-08 20:00:00,1.1773,1.1771,1.1764,1.1778
2018-06-11 00:00:00,1.1774,1.1798,1.1771,1.18
2018-06-11 04:00:00,1.1798,1.1799,1.179,1.1808
2018-06-11 08:00:00,1.1799,1.1784,1.1784,1.1821
2018-06-11 12:00:00,1.1784,1.1798,1.1775,1.1798
2018-06-11 16:00:00,1.1798,1.1788,1.178,1.1814
2018-06-11 20:00:00,1.1788,1.1783,1.1782,1.1792
2018-06-12 00:00:00,1.1782,1.1753,1.1741,1.1785
2018-06-12 04:00:00,1.1753,1.1769,1.1744,1.1771
2018-06-12 08:00:00,1.1769,1.1794,1.1756,1.1809
2018-06-12 12:00:00,1.1793,1.1801,1.1775,1.1803
2018-06-12 16:00:00,1.1801,1.1774,1.1773,1.1801
2018-06-12 20:00:00,1.1773,1.1744,1.1733,1.1774
2018-06-13 00:00:00,1.1744,1.1746,1.1741,1.1752
2018-06-13 04:00:00,1.1746,1.1744,1.174,1.1749
2018-06-13 08:00:00,1.1744,1.1744,1.173,1.1754
2018-06-13 12:00:00,1.1744,1.1774,1.1739,1.1776
2018-06-13 16:00:00,1.1774,1.1791,1.1766,1.1792
2018-06-13 20:00:00,1.1791,1.1791,1.1725,1.1801
2018-06-14 00:00:00,1.1791,1.1795,1.1787,1.1805
2018-06-14 04:00:00,1.1796,1.1804,1.179,1.1806
2018-06-14 08:00:00,1.1804,1.1825,1.1798,1.1828
2018-06-14 12:00:00,1.1825,1.1688,1.1685,1.1852
2018-06-14 16:00:00,1.1688,1.1633,1.1618,1.1689
2018-06-14 20:00:00,1.1633,1.1568,1.1563,1.1641
2018-06-15 00:00:00,1.1569,1.1559,1.1555,1.1585
2018-06-15 04:00:00,1.1559,1.157,1.1559,1.157
2018-06-15 08:00:00,1.157,1.1592,1.1543,1.16
2018-06-15 12:00:00,1.1592,1.1603,1.1559,1.1615
2018-06-15 16:00:00,1.1603,1.1605,1.1596,1.1627
2018-06-15 20:00:00,1.1605,1.1607,1.16,1.1615
2018-06-18 00:00:00,1.1587,1.1578,1.1577,1.1602
2018-06-18 04:00:00,1.1578,1.1591,1.1576,1.1594
2018-06-18 08:00:00,1.1591,1.159,1.1565,1.1599
2018-06-18 12:00:00,1.159,1.1605,1.1589,1.1624
2018-06-18 16:00:00,1.1605,1.1605,1.1595,1.162
2018-06-18 20:00:00,1.1605,1.1622,1.1603,1.1624
2018-06-19 00:00:00,1.1622,1.1634,1.1617,1.1641
2018-06-19 04:00:00,1.1634,1.1627,1.1624,1.1645
2018-06-19 08:00:00,1.1628,1.1554,1.1542,1.1634
2018-06-19 12:00:00,1.1554,1.1554,1.1531,1.1563
2018-06-19 16:00:00,1.1554,1.157,1.1551,1.1588
2018-06-19 20:00:00,1.157,1.1588,1.1568,1.1594
2018-06-20 00:00:00,1.1587,1.1576,1.1576,1.1596
2018-06-20 04:00:00,1.1576,1.157,1.1568,1.1588
2018-06-20 08:00:00,1.157,1.1557,1.1536,1.1593
2018-06-20 12:00:00,1.1558,1.1594,1.1556,1.1597
2018-06-20 16:00:00,1.1594,1.1589,1.1566,1.16
2018-06-20 20:00:00,1.1589,1.157,1.157,1.1596
2018-06-21 00:00:00,1.1572,1.1577,1.157,1.158
2018-06-21 04:00:00,1.1577,1.1562,1.1557,1.1577
2018-06-21 08:00:00,1.1562,1.1519,1.1517,1.1568
2018-06-21 12:00:00,1.1519,1.1589,1.1508,1.1611
2018-06-21 16:00:00,1.1589,1.1607,1.1575,1.1633
2018-06-21 20:00:00,1.1607,1.1603,1.1602,1.1628
2018-06-22 00:00:00,1.16,1.1612,1.1599,1.1618
2018-06-22 04:00:00,1.1612,1.1614,1.1601,1.1615
2018-06-22 08:00:00,1.1614,1.1669,1.1614,1.1674
2018-06-22 12:00:00,1.1669,1.1654,1.1632,1.1675
2018-06-22 16:00:00,1.1654,1.1648,1.1618,1.1666
2018-06-22 20:00:00,1.1648,1.1657,1.1647,1.1668
2018-06-25 00:00:00,1.1665,1.1657,1.1652,1.1673
2018-06-25 04:00:00,1.1657,1.1652,1.1646,1.1661
2018-06-25 08:00:00,1.1652,1.1659,1.1628,1.1671
2018-06-25 12:00:00,1.1659,1.1682,1.1639,1.1702
2018-06-25 16:00:00,1.1682,1.1692,1.1671,1.1702
2018-06-25 20:00:00,1.1692,1.1703,1.1691,1.1713
2018-06-26 00:00:00,1.1703,1.1704,1.1699,1.171
2018-06-26 04:00:00,1.1705,1.1715,1.1701,1.1721
2018-06-26 08:00:00,1.1715,1.1673,1.167,1.1719
2018-06-26 12:00:00,1.1673,1.1671,1.1651,1.1684
2018-06-26 16:00:00,1.1671,1.1658,1.165,1.1677
2018-06-26 20:00:00,1.1658,1.1646,1.1635,1.1661
2018-06-27 00:00:00,1.1645,1.1655,1.1644,1.1655
2018-06-27 04:00:00,1.1654,1.1654,1.1649,1.1664
2018-06-27 08:00:00,1.1655,1.1628,1.1624,1.1672
2018-06-27 12:00:00,1.1628,1.1597,1.1594,1.1643
2018-06-27 16:00:00,1.1597,1.1583,1.1575,1.1613
2018-06-27 20:00:00,1.1583,1.1553,1.1541,1.1589
2018-06-28 00:00:00,1.1553,1.1565,1.1552,1.1565
2018-06-28 04:00:00,1.1565,1.1562,1.156,1.1573
2018-06-28 08:00:00,1.1563,1.1555,1.1527,1.157
2018-06-28 12:00:00,1.1555,1.1565,1.1553,1.1601
2018-06-28 16:00:00,1.1565,1.1583,1.1551,1.1595
2018-06-28 20:00:00,1.1583,1.1568,1.1551,1.1586
2018-06-29 00:00:00,1.1567,1.157,1.1558,1.1576
2018-06-29 04:00:00,1.157,1.1655,1.1565,1.1666
2018-06-29 08:00:00,1.1655,1.165,1.1613,1.1657
2018-06-29 12:00:00,1.165,1.1644,1.1635,1.1665
2018-06-29 16:00:00,1.1644,1.1677,1.1628,1.1683
2018-06-29 20:00:00,1.1677,1.1683,1.1664,1.169
2018-07-02 00:00:00,1.1684,1.1665,1.1662,1.1686
2018-07-02 04:00:00,1.1665,1.165,1.1648,1.1669
2018-07-02 08:00:00,1.165,1.1643,1.1626,1.1656
2018-07-02 12:00:00,1.1643,1.1618,1.1616,1.1648
2018-07-02 16:00:00,1.1618,1.16,1.1591,1.1624
2018-07-02 20:00:00,1.16,1.1639,1.16,1.1648
2018-07-03 00:00:00,1.1639,1.1634,1.1633,1.1644
2018-07-03 04:00:00,1.1635,1.1632,1.162,1.1638
2018-07-03 08:00:00,1.1632,1.1659,1.1627,1.1673
2018-07-03 12:00:00,1.1659,1.1653,1.1644,1.1667
2018-07-03 16:00:00,1.1653,1.165,1.1642,1.1665
2018-07-03 20:00:00,1.165,1.1656,1.1644,1.1664
2018-07-04 00:00:00,1.1656,1.1671,1.1654,1.1672
2018-07-04 04:00:00,1.1671,1.1663,1.166,1.1679
2018-07-04 08:00:00,1.1663,1.1644,1.1636,1.1682
2018-07-04 12:00:00,1.1644,1.1642,1.1631,1.1647
2018-07-04 16:00:00,1.1642,1.1667,1.1637,1.1675
2018-07-04 20:00:00,1.1666,1.1655,1.1647,1.1675
2018-07-05 00:00:00,1.1655,1.1657,1.1653,1.1664
2018-07-05 04:00:00,1.1657,1.1657,1.1655,1.1668
2018-07-05 08:00:00,1.1657,1.1693,1.165,1.1711
2018-07-05 12:00:00,1.1693,1.1714,1.1682,1.172
2018-07-05 16:00:00,1.1714,1.1698,1.1691,1.1714
2018-07-05 20:00:00,1.1698,1.169,1.1672,1.1698
2018-07-06 00:00:00,1.169,1.1693,1.1687,1.1697
2018-07-06 04:00:00,1.1693,1.1686,1.168,1.1696
2018-07-06 08:00:00,1.1686,1.1713,1.1684,1.1727
2018-07-06 12:00:00,1.1713,1.1743,1.1702,1.1764
2018-07-06 16:00:00,1.1744,1.1745,1.1733,1.1768
2018-07-06 20:00:00,1.1745,1.1741,1.1738,1.1749
2018-07-09 00:00:00,1.1741,1.1756,1.1741,1.1759
2018-07-09 04:00:00,1.1756,1.1761,1.175,1.1767
2018-07-09 08:00:00,1.1761,1.1772,1.175,1.1781
2018-07-09 12:00:00,1.1772,1.1777,1.1762,1.1791
2018-07-09 16:00:00,1.1778,1.1747,1.1741,1.1784
2018-07-09 20:00:00,1.1747,1.175,1.1733,1.1754
2018-07-10 00:00:00,1.175,1.176,1.1747,1.1763
2018-07-10 04:00:00,1.1759,1.1741,1.174,1.1762
2018-07-10 08:00:00,1.1741,1.1726,1.1721,1.1755
2018-07-10 12:00:00,1.1726,1.1716,1.169,1.1727
2018-07-10 16:00:00,1.1716,1.1733,1.1704,1.1739
2018-07-10 20:00:00,1.1733,1.1744,1.1732,1.175
2018-07-11 00:00:00,1.1744,1.1727,1.1724,1.1746
2018-07-11 04:00:00,1.1727,1.1727,1.1723,1.1736
2018-07-11 08:00:00,1.1727,1.1709,1.1708,1.1741
2018-07-11 12:00:00,1.1709,1.1752,1.1695,1.1755
2018-07-11 16:00:00,1.1752,1.1699,1.1697,1.1758
2018-07-11 20:00:00,1.1699,1.1672,1.1665,1.17
2018-07-12 00:00:00,1.1673,1.1673,1.167,1.1678
2018-07-12 04:00:00,1.1673,1.1683,1.1671,1.1684
2018-07-12 08:00:00,1.1683,1.1674,1.1671,1.1693
2018-07-12 12:00:00,1.1675,1.1672,1.165,1.1688
2018-07-12 16:00:00,1.1672,1.1682,1.1667,1.1696
2018-07-12 20:00:00,1.1682,1.167,1.1666,1.1687
2018-07-13 00:00:00,1.167,1.1667,1.1655,1.1671
2018-07-13 04:00:00,1.1667,1.1657,1.1657,1.1675
2018-07-13 08:00:00,1.1657,1.1627,1.1613,1.1664
2018-07-13 12:00:00,1.1627,1.1645,1.1616,1.1647
2018-07-13 16:00:00,1.1645,1.1673,1.1637,1.1678
2018-07-13 20:00:00,1.1673,1.1686,1.1666,1.1687
2018-07-16 00:00:00,1.1681,1.1684,1.1676,1.1691
2018-07-16 04:00:00,1.1684,1.1686,1.168,1.1689
2018-07-16 08:00:00,1.1686,1.1696,1.1685,1.1707
2018-07-16 12:00:00,1.1696,1.171,1.1694,1.1725
2018-07-16 16:00:00,1.171,1.1706,1.1694,1.1724
2018-07-16 20:00:00,1.1706,1.1711,1.1706,1.1718
2018-07-17 00:00:00,1.171,1.1707,1.1705,1.1715
2018-07-17 04:00:00,1.1707,1.1718,1.1701,1.1721
2018-07-17 08:00:00,1.1718,1.1741,1.171,1.1743
2018-07-17 12:00:00,1.1742,1.1697,1.1691,1.1745
2018-07-17 16:00:00,1.1697,1.1654,1.1653,1.1704
2018-07-17 20:00:00,1.1654,1.1661,1.1649,1.1669
2018-07-18 00:00:00,1.166,1.1658,1.1648,1.1662
2018-07-18 04:00:00,1.1658,1.1641,1.1641,1.1665
2018-07-18 08:00:00,1.1641,1.1622,1.1607,1.1645
2018-07-18 12:00:00,1.1622,1.1623,1.1602,1.1633
2018-07-18 16:00:00,1.1623,1.1653,1.1622,1.1662
2018-07-18 20:00:00,1.1653,1.1638,1.1638,1.1657
2018-07-19 00:00:00,1.1637,1.1653,1.1636,1.1654
2018-07-19 04:00:00,1.1653,1.1648,1.164,1.1657
2018-07-19 08:00:00,1.1648,1.1613,1.1604,1.165
2018-07-19 12:00:00,1.1613,1.1586,1.1575,1.1616
2018-07-19 16:00:00,1.1586,1.1607,1.1584,1.1622
2018-07-19 20:00:00,1.1607,1.1641,1.1606,1.1679
2018-07-20 00:00:00,1.1641,1.1654,1.164,1.1657
2018-07-20 04:00:00,1.1654,1.1664,1.1626,1.1665
2018-07-20 08:00:00,1.1664,1.1641,1.1633,1.1674
2018-07-20 12:00:00,1.1641,1.1713,1.164,1.1715
2018-07-20 16:00:00,1.1713,1.1709,1.1701,1.1723
2018-07-20 20:00:00,1.1709,1.1721,1.1707,1.1739
2018-07-23 00:00:00,1.1728,1.1744,1.1723,1.1747
2018-07-23 04:00:00,1.1744,1.1733,1.1732,1.175
2018-07-23 08:00:00,1.1733,1.1706,1.1704,1.1743
2018-07-23 12:00:00,1.1706,1.1718,1.1687,1.1728
2018-07-23 16:00:00,1.1718,1.1699,1.1691,1.1723
2018-07-23 20:00:00,1.1699,1.1691,1.1684,1.1707
2018-07-24 00:00:00,1.1692,1.1692,1.1685,1.1695
2018-07-24 04:00:00,1.1692,1.1677,1.1675,1.1702
2018-07-24 08:00:00,1.1677,1.1685,1.1655,1.1705
2018-07-24 12:00:00,1.1685,1.1694,1.1681,1.1717
2018-07-24 16:00:00,1.1694,1.1682,1.1675,1.1717
2018-07-24 20:00:00,1.1682,1.1684,1.1673,1.1689
2018-07-25 00:00:00,1.1681,1.1688,1.1678,1.1693
2018-07-25 04:00:00,1.1688,1.1678,1.1675,1.1698
2018-07-25 08:00:00,1.1678,1.1696,1.1678,1.17
2018-07-25 12:00:00,1.1696,1.1699,1.1686,1.1705
2018-07-25 16:00:00,1.1699,1.1679,1.1664,1.1712
2018-07-25 20:00:00,1.1679,1.1728,1.1677,1.1739
2018-07-26 00:00:00,1.1729,1.1735,1.1721,1.1739
2018-07-26 04:00:00,1.1735,1.1731,1.173,1.1744
2018-07-26 08:00:00,1.1731,1.1713,1.1711,1.1743
2018-07-26 12:00:00,1.1713,1.1694,1.1692,1.1731
2018-07-26 16:00:00,1.1694,1.1663,1.1649,1.17
2018-07-26 20:00:00,1.1663,1.1642,1.164,1.1664
2018-07-27 00:00:00,1.1641,1.1642,1.1638,1.1645
2018-07-27 04:00:00,1.1642,1.1647,1.1638,1.1655
2018-07-27 08:00:00,1.1647,1.1626,1.1625,1.1658
2018-07-27 12:00:00,1.1626,1.1639,1.162,1.1642
2018-07-27 16:00:00,1.1639,1.1658,1.1637,1.1662
2018-07-27 20:00:00,1.1658,1.1656,1.1652,1.1664
2018-07-30 00:00:00,1.1654,1.166,1.1654,1.1665
2018-07-30 04:00:00,1.166,1.1655,1.165,1.1662
2018-07-30 08:00:00,1.1655,1.1677,1.1648,1.1677
2018-07-30 12:00:00,1.1677,1.1695,1.1674,1.1695
2018-07-30 16:00:00,1.1695,1.1716,1.1692,1.1719
2018-07-30 20:00:00,1.1716,1.1705,1.1702,1.1717
2018-07-31 00:00:00,1.1705,1.1709,1.1703,1.1711
2018-07-31 04:00:00,1.1709,1.1716,1.17,1.1719
2018-07-31 08:00:00,1.1716,1.1726,1.1708,1.1731
2018-07-31 12:00:00,1.1726,1.1727,1.1714,1.1746
2018-07-31 16:00:00,1.1727,1.1705,1.1692,1.1728
2018-07-31 20:00:00,1.1705,1.1691,1.1684,1.1706
2018-08-01 00:00:00,1.1692,1.169,1.1685,1.1693
2018-08-01 04:00:00,1.169,1.1678,1.1676,1.1692
2018-08-01 08:00:00,1.1678,1.1682,1.1672,1.1694
2018-08-01 12:00:00,1.1682,1.169,1.1677,1.17
2018-08-01 16:00:00,1.169,1.1668,1.166,1.1692
2018-08-01 20:00:00,1.1668,1.1659,1.1657,1.1678
2018-08-02 00:00:00,1.1659,1.1662,1.1658,1.1666
2018-08-02 04:00:00,1.1662,1.1647,1.1645,1.1667
2018-08-02 08:00:00,1.1647,1.162,1.1618,1.1654
2018-08-02 12:00:00,1.162,1.1626,1.1601,1.1631
2018-08-02 16:00:00,1.1626,1.1609,1.1606,1.1632
2018-08-02 20:00:00,1.1609,1.1584,1.1582,1.161
2018-08-03 00:00:00,1.1585,1.1588,1.1582,1.159
2018-08-03 04:00:00,1.1588,1.1592,1.1581,1.1593
2018-08-03 08:00:00,1.1592,1.1579,1.1561,1.1595
2018-08-03 12:00:00,1.1579,1.1595,1.1572,1.1611
2018-08-03 16:00:00,1.1595,1.1595,1.156,1.1603
2018-08-03 20:00:00,1.1595,1.1566,1.1564,1.1596
2018-08-06 00:00:00,1.1568,1.1562,1.1557,1.1571
2018-08-06 04:00:00,1.1562,1.1557,1.1556,1.1569
2018-08-06 08:00:00,1.1557,1.1558,1.155,1.157
2018-08-06 12:00:00,1.1558,1.1543,1.153,1.1564
2018-08-06 16:00:00,1.1543,1.1562,1.1541,1.1571
2018-08-06 20:00:00,1.1562,1.1553,1.1548,1.1563
2018-08-07 00:00:00,1.1553,1.1561,1.155,1.1562
2018-08-07 04:00:00,1.1561,1.1558,1.1555,1.1564
2018-08-07 08:00:00,1.1558,1.1587,1.1552,1.1591
2018-08-07 12:00:00,1.1588,1.1604,1.1583,1.1608
2018-08-07 16:00:00,1.1604,1.1593,1.1586,1.1606
2018-08-07 20:00:00,1.1593,1.1598,1.1582,1.16
2018-08-08 00:00:00,1.1598,1.1601,1.1595,1.1608
2018-08-08 04:00:00,1.1601,1.1624,1.16,1.1628
2018-08-08 08:00:00,1.1624,1.1589,1.1584,1.1628
2018-08-08 12:00:00,1.1589,1.1582,1.1573,1.1604
2018-08-08 16:00:00,1.1582,1.1595,1.1581,1.1609
2018-08-08 20:00:00,1.1595,1.161,1.1594,1.162
2018-08-09 00:00:00,1.161,1.1608,1.1606,1.1615
2018-08-09 04:00:00,1.1608,1.1606,1.1601,1.1619
2018-08-09 08:00:00,1.1606,1.1593,1.1576,1.1616
2018-08-09 12:00:00,1.1593,1.1599,1.1587,1.1607
2018-08-09 16:00:00,1.1599,1.1557,1.1556,1.1599
2018-08-09 20:00:00,1.1557,1.1527,1.1526,1.1559
2018-08-10 00:00:00,1.1526,1.1534,1.1516,1.1535
2018-08-10 04:00:00,1.1534,1.1516,1.1516,1.1536
2018-08-10 08:00:00,1.1516,1.1457,1.1432,1.1522
2018-08-10 12:00:00,1.1457,1.1444,1.1439,1.1482
2018-08-10 16:00:00,1.1444,1.1402,1.1394,1.1449
2018-08-10 20:00:00,1.1402,1.1408,1.1388,1.1427
2018-08-13 00:00:00,1.1377,1.1378,1.1372,1.1412
2018-08-13 04:00:00,1.1378,1.1367,1.1365,1.1388
2018-08-13 08:00:00,1.1367,1.1383,1.1365,1.1407
2018-08-13 12:00:00,1.1383,1.1417,1.1372,1.1425
2018-08-13 16:00:00,1.1417,1.1394,1.1387,1.1433
2018-08-13 20:00:00,1.1394,1.1409,1.1385,1.141
2018-08-14 00:00:00,1.1409,1.1403,1.1395,1.1412
2018-08-14 04:00:00,1.1403,1.1402,1.1401,1.1418
2018-08-14 08:00:00,1.1402,1.1386,1.1384,1.1429
2018-08-14 12:00:00,1.1386,1.139,1.138,1.1419
2018-08-14 16:00:00,1.139,1.1342,1.1338,1.1396
2018-08-14 20:00:00,1.1342,1.1344,1.133,1.1349
2018-08-15 00:00:00,1.1346,1.1337,1.1336,1.135
2018-08-15 04:00:00,1.1337,1.1326,1.132,1.1346
2018-08-15 08:00:00,1.1326,1.1325,1.1316,1.1346
2018-08-15 12:00:00,1.1325,1.1316,1.1309,1.1332
2018-08-15 16:00:00,1.1316,1.1344,1.1301,1.135
2018-08-15 20:00:00,1.1344,1.1344,1.1335,1.1355
2018-08-16 00:00:00,1.1346,1.1344,1.1336,1.1353
2018-08-16 04:00:00,1.1344,1.1383,1.1343,1.1391
2018-08-16 08:00:00,1.1383,1.1382,1.1357,1.1399
2018-08-16 12:00:00,1.1382,1.1365,1.136,1.1391
2018-08-16 16:00:00,1.1365,1.1364,1.1356,1.1409
2018-08-16 20:00:00,1.1364,1.1376,1.1348,1.1378
2018-08-17 00:00:00,1.1376,1.1373,1.1366,1.1378
2018-08-17 04:00:00,1.1373,1.1379,1.1371,1.1389
2018-08-17 08:00:00,1.1379,1.1396,1.1373,1.142
2018-08-17 12:00:00,1.1397,1.1406,1.1374,1.1412
2018-08-17 16:00:00,1.1406,1.141,1.1401,1.1422
2018-08-17 20:00:00,1.141,1.1441,1.1408,1.1445
2018-08-20 00:00:00,1.1438,1.1433,1.1432,1.144
2018-08-20 04:00:00,1.1433,1.1426,1.1425,1.1435
2018-08-20 08:00:00,1.1426,1.1407,1.1404,1.1427
2018-08-20 12:00:00,1.1407,1.1424,1.1394,1.1432
2018-08-20 16:00:00,1.1423,1.1459,1.1421,1.1464
2018-08-20 20:00:00,1.1459,1.148,1.1456,1.1485
2018-08-21 00:00:00,1.1481,1.1522,1.1479,1.1543
2018-08-21 04:00:00,1.1522,1.1531,1.151,1.1534
2018-08-21 08:00:00,1.1531,1.1534,1.1505,1.154
2018-08-21 12:00:00,1.1534,1.1504,1.1492,1.1535
2018-08-21 16:00:00,1.1504,1.1559,1.1497,1.1573
2018-08-21 20:00:00,1.156,1.157,1.1557,1.1601
2018-08-22 00:00:00,1.157,1.1577,1.1567,1.1582
2018-08-22 04:00:00,1.1577,1.1576,1.157,1.1582
2018-08-22 08:00:00,1.1576,1.1573,1.1553,1.158
2018-08-22 12:00:00,1.1574,1.1618,1.1573,1.162
2018-08-22 16:00:00,1.1618,1.159,1.1584,1.1623
2018-08-22 20:00:00,1.159,1.1596,1.1581,1.162
2018-08-23 00:00:00,1.1595,1.1566,1.1563,1.16
2018-08-23 04:00:00,1.1566,1.1556,1.1542,1.1572
2018-08-23 08:00:00,1.1556,1.1564,1.1548,1.1575
2018-08-23 12:00:00,1.1564,1.1574,1.155,1.159
2018-08-23 16:00:00,1.1574,1.1555,1.155,1.1591
2018-08-23 20:00:00,1.1555,1.1538,1.153,1.1556
2018-08-24 00:00:00,1.1538,1.1548,1.1535,1.1551
2018-08-24 04:00:00,1.1548,1.1563,1.1542,1.1563
2018-08-24 08:00:00,1.1563,1.1563,1.1555,1.158
2018-08-24 12:00:00,1.1563,1.1593,1.1558,1.16
2018-08-24 16:00:00,1.1593,1.1624,1.1581,1.164
2018-08-24 20:00:00,1.1624,1.1621,1.1618,1.1636
2018-08-27 00:00:00,1.1619,1.1637,1.1619,1.1654
2018-08-27 04:00:00,1.1636,1.1619,1.1618,1.1637
2018-08-27 08:00:00,1.1618,1.161,1.1594,1.1624
2018-08-27 12:00:00,1.161,1.1638,1.1605,1.1643
2018-08-27 16:00:00,1.1638,1.1688,1.1633,1.1692
2018-08-27 20:00:00,1.1688,1.1678,1.1675,1.1694
2018-08-28 00:00:00,1.1678,1.1691,1.1677,1.1697
2018-08-28 04:00:00,1.1691,1.1674,1.167,1.1692
2018-08-28 08:00:00,1.1674,1.1692,1.1663,1.17
2018-08-28 12:00:00,1.1692,1.1716,1.1688,1.1722
2018-08-28 16:00:00,1.1716,1.1718,1.1703,1.1734
2018-08-28 20:00:00,1.1718,1.1694,1.1691,1.1722
2018-08-29 00:00:00,1.1695,1.1686,1.1684,1.1697
2018-08-29 04:00:00,1.1686,1.1696,1.1683,1.1697
2018-08-29 08:00:00,1.1696,1.1666,1.1663,1.1696
2018-08-29 12:00:00,1.1666,1.1665,1.1652,1.1676
2018-08-29 16:00:00,1.1665,1.1705,1.1662,1.1708
2018-08-29 20:00:00,1.1705,1.1706,1.1689,1.171
2018-08-30 00:00:00,1.1706,1.1706,1.1702,1.1714
2018-08-30 04:00:00,1.1706,1.1699,1.1695,1.1711
2018-08-30 08:00:00,1.1699,1.1687,1.1675,1.1718
2018-08-30 12:00:00,1.1687,1.1677,1.1677,1.1709
2018-08-30 16:00:00,1.1678,1.1657,1.1642,1.1683
2018-08-30 20:00:00,1.1657,1.167,1.165,1.1679
2018-08-31 00:00:00,1.1666,1.1665,1.166,1.167
2018-08-31 04:00:00,1.1665,1.167,1.166,1.1677
2018-08-31 08:00:00,1.167,1.1669,1.1667,1.169
2018-08-31 12:00:00,1.1669,1.164,1.1633,1.1673
2018-08-31 16:00:00,1.164,1.1595,1.1585,1.1652
2018-08-31 20:00:00,1.1595,1.1608,1.1589,1.1611
2018-09-03 00:00:00,1.1608,1.1597,1.1592,1.1608
2018-09-03 04:00:00,1.1597,1.1606,1.1589,1.1606
2018-09-03 08:00:00,1.1606,1.1611,1.1591,1.1626
2018-09-03 12:00:00,1.1611,1.1607,1.1596,1.162
2018-09-03 16:00:00,1.1607,1.1617,1.1604,1.1628
2018-09-03 20:00:00,1.1617,1.1618,1.1614,1.1621
2018-09-04 00:00:00,1.1618,1.1604,1.1602,1.1621
2018-09-04 04:00:00,1.1604,1.1604,1.1596,1.1606
2018-09-04 08:00:00,1.1604,1.1565,1.1558,1.1611
2018-09-04 12:00:00,1.1565,1.1561,1.155,1.1569
2018-09-04 16:00:00,1.1561,1.158,1.153,1.1585
2018-09-04 20:00:00,1.158,1.158,1.1573,1.159
2018-09-05 00:00:00,1.1581,1.1585,1.1577,1.1588
2018-09-05 04:00:00,1.1585,1.1595,1.1581,1.1608
2018-09-05 08:00:00,1.1595,1.1568,1.1543,1.1596
2018-09-05 12:00:00,1.1569,1.1585,1.1567,1.1598
2018-09-05 16:00:00,1.1585,1.1621,1.1583,1.164
2018-09-05 20:00:00,1.1621,1.1629,1.162,1.1634
2018-09-06 00:00:00,1.163,1.1645,1.163,1.1659
2018-09-06 04:00:00,1.1645,1.1634,1.163,1.1651
2018-09-06 08:00:00,1.1634,1.1636,1.1614,1.1642
2018-09-06 12:00:00,1.1636,1.1642,1.1616,1.1655
2018-09-06 16:00:00,1.1642,1.1625,1.1605,1.1647
2018-09-06 20:00:00,1.1625,1.1622,1.1614,1.1633
2018-09-07 00:00:00,1.1622,1.1618,1.1615,1.1625
2018-09-07 04:00:00,1.1618,1.1629,1.1614,1.1629
2018-09-07 08:00:00,1.1629,1.1644,1.1614,1.1649
2018-09-07 12:00:00,1.1644,1.1567,1.1567,1.165
2018-09-07 16:00:00,1.1567,1.1561,1.1556,1.1594
2018-09-07 20:00:00,1.1561,1.1554,1.1551,1.1567
2018-09-10 00:00:00,1.1551,1.1564,1.1548,1.1564
2018-09-10 04:00:00,1.1564,1.1547,1.154,1.1564
2018-09-10 08:00:00,1.1547,1.1571,1.1526,1.1574
2018-09-10 12:00:00,1.1571,1.1603,1.1568,1.1605
2018-09-10 16:00:00,1.1603,1.1601,1.1597,1.1616
2018-09-10 20:00:00,1.1601,1.1592,1.1592,1.1603
2018-09-11 00:00:00,1.1593,1.1589,1.1589,1.16
2018-09-11 04:00:00,1.1589,1.1601,1.1578,1.1604
2018-09-11 08:00:00,1.1601,1.1615,1.1597,1.1644
2018-09-11 12:00:00,1.1615,1.1578,1.1565,1.1617
2018-09-11 16:00:00,1.1578,1.1588,1.1574,1.1599
2018-09-11 20:00:00,1.1588,1.1605,1.1584,1.1613
2018-09-12 00:00:00,1.1605,1.1597,1.1591,1.1606
2018-09-12 04:00:00,1.1597,1.1587,1.1583,1.1598
2018-09-12 08:00:00,1.1587,1.1591,1.157,1.1605
2018-09-12 12:00:00,1.1591,1.1592,1.1572,1.1599
2018-09-12 16:00:00,1.1592,1.1629,1.1587,1.165
2018-09-12 20:00:00,1.1629,1.1625,1.1623,1.1641
2018-09-13 00:00:00,1.1626,1.1635,1.1625,1.1636
2018-09-13 04:00:00,1.1635,1.1623,1.1623,1.1643
2018-09-13 08:00:00,1.1623,1.1615,1.1615,1.1633
2018-09-13 12:00:00,1.1615,1.1679,1.1609,1.1681
2018-09-13 16:00:00,1.1679,1.1678,1.1668,1.1701
2018-09-13 20:00:00,1.1678,1.169,1.1676,1.1695
2018-09-14 00:00:00,1.169,1.1691,1.1687,1.1696
2018-09-14 04:00:00,1.1691,1.1697,1.1689,1.1698
2018-09-14 08:00:00,1.1697,1.1706,1.169,1.1722
2018-09-14 12:00:00,1.1706,1.1667,1.1665,1.1709
2018-09-14 16:00:00,1.1667,1.1638,1.1626,1.1672
2018-09-14 20:00:00,1.1638,1.1622,1.1621,1.1638
2018-09-17 00:00:00,1.1622,1.163,1.1622,1.1633
2018-09-17 04:00:00,1.163,1.1637,1.1625,1.1637
2018-09-17 08:00:00,1.1636,1.1653,1.1618,1.1661
2018-09-17 12:00:00,1.1653,1.1685,1.1647,1.1686
2018-09-17 16:00:00,1.1685,1.1696,1.1681,1.1698
2018-09-17 20:00:00,1.1696,1.1682,1.1681,1.1698
2018-09-18 00:00:00,1.1682,1.1674,1.1667,1.1688
2018-09-18 04:00:00,1.1674,1.1691,1.1672,1.1703
2018-09-18 08:00:00,1.1691,1.1687,1.1673,1.1718
2018-09-18 12:00:00,1.1687,1.1707,1.1672,1.171
2018-09-18 16:00:00,1.1707,1.1659,1.1655,1.1725
2018-09-18 20:00:00,1.1659,1.1665,1.1652,1.1674
2018-09-19 00:00:00,1.1664,1.1667,1.1663,1.1682
2018-09-19 04:00:00,1.1667,1.1675,1.1656,1.1678
2018-09-19 08:00:00,1.1675,1.1702,1.1673,1.1715
2018-09-19 12:00:00,1.1702,1.1675,1.1661,1.1706
2018-09-19 16:00:00,1.1675,1.1683,1.165,1.1693
2018-09-19 20:00:00,1.1683,1.1672,1.1669,1.1683
2018-09-20 00:00:00,1.1672,1.1681,1.1669,1.1682
2018-09-20 04:00:00,1.1681,1.1679,1.1676,1.1687
2018-09-20 08:00:00,1.1679,1.1692,1.1677,1.1709
2018-09-20 12:00:00,1.1692,1.177,1.1686,1.1777
2018-09-20 16:00:00,1.177,1.1758,1.1739,1.1777
2018-09-20 20:00:00,1.1758,1.1776,1.1757,1.1785
2018-09-21 00:00:00,1.1776,1.1783,1.1774,1.1784
2018-09-21 04:00:00,1.1784,1.1779,1.1776,1.1787
2018-09-21 08:00:00,1.1779,1.1793,1.1769,1.1803
2018-09-21 12:00:00,1.1793,1.1758,1.1751,1.1794
2018-09-21 16:00:00,1.1758,1.1742,1.1733,1.1767
2018-09-21 20:00:00,1.1742,1.1753,1.174,1.1755
2018-09-24 00:00:00,1.1742,1.1747,1.1738,1.1753
2018-09-24 04:00:00,1.1747,1.1744,1.1737,1.1748
2018-09-24 08:00:00,1.1744,1.1768,1.1724,1.1768
2018-09-24 12:00:00,1.1768,1.1752,1.1752,1.1775
2018-09-24 16:00:00,1.1752,1.1765,1.175,1.1815
2018-09-24 20:00:00,1.1765,1.1747,1.1744,1.1766
2018-09-25 00:00:00,1.1748,1.1752,1.1746,1.1759
2018-09-25 04:00:00,1.1752,1.1741,1.1731,1.1756
2018-09-25 08:00:00,1.1741,1.1761,1.1734,1.1774
2018-09-25 12:00:00,1.1761,1.1779,1.1758,1.179
2018-09-25 16:00:00,1.1779,1.1772,1.1765,1.1793
2018-09-25 20:00:00,1.1772,1.1765,1.1761,1.1776
2018-09-26 00:00:00,1.1765,1.1757,1.1757,1.177
2018-09-26 04:00:00,1.1758,1.1763,1.1756,1.1768
2018-09-26 08:00:00,1.1763,1.1767,1.1758,1.1776
2018-09-26 12:00:00,1.1767,1.1741,1.173,1.177
2018-09-26 16:00:00,1.1741,1.1752,1.1726,1.1758
2018-09-26 20:00:00,1.1752,1.1736,1.1731,1.1798
2018-09-27 00:00:00,1.1736,1.1754,1.1736,1.1757
2018-09-27 04:00:00,1.1754,1.1749,1.174,1.1756
2018-09-27 08:00:00,1.1749,1.1711,1.1685,1.1751
2018-09-27 12:00:00,1.1711,1.1675,1.1673,1.172
2018-09-27 16:00:00,1.1675,1.1673,1.1663,1.1696
2018-09-27 20:00:00,1.1673,1.164,1.1639,1.1673
2018-09-28 00:00:00,1.164,1.1643,1.1633,1.1644
2018-09-28 04:00:00,1.1643,1.1646,1.1638,1.1649
2018-09-28 08:00:00,1.1646,1.1614,1.1612,1.1651
2018-09-28 12:00:00,1.1614,1.1585,1.157,1.1617
2018-09-28 16:00:00,1.1585,1.1614,1.1572,1.163
2018-09-28 20:00:00,1.1614,1.1603,1.1602,1.1618
2018-10-01 00:00:00,1.1617,1.1607,1.1603,1.1617
2018-10-01 04:00:00,1.1607,1.1595,1.1591,1.1609
2018-10-01 08:00:00,1.1595,1.1607,1.1574,1.1608
2018-10-01 12:00:00,1.1607,1.161,1.1588,1.1625
2018-10-01 16:00:00,1.161,1.1569,1.1564,1.1611
2018-10-01 20:00:00,1.1569,1.1578,1.1564,1.1581
2018-10-02 00:00:00,1.1579,1.1576,1.1573,1.158
2018-10-02 04:00:00,1.1576,1.1569,1.1569,1.158
2018-10-02 08:00:00,1.157,1.1515,1.1512,1.157
2018-10-02 12:00:00,1.1514,1.1538,1.1505,1.1546
2018-10-02 16:00:00,1.1539,1.1551,1.1529,1.157
2018-10-02 20:00:00,1.1551,1.1546,1.154,1.1555
2018-10-03 00:00:00,1.1546,1.1544,1.1543,1.1554
2018-10-03 04:00:00,1.1545,1.1578,1.1536,1.1594
2018-10-03 08:00:00,1.1578,1.1575,1.1566,1.1593
2018-10-03 12:00:00,1.1575,1.1529,1.1528,1.1575
2018-10-03 16:00:00,1.1529,1.1515,1.1512,1.1547
2018-10-03 20:00:00,1.1515,1.1476,1.1464,1.1526
2018-10-04 00:00:00,1.1473,1.1477,1.1469,1.1494
2018-10-04 04:00:00,1.1477,1.147,1.1463,1.1477
2018-10-04 08:00:00,1.147,1.1486,1.1466,1.1499
2018-10-04 12:00:00,1.1486,1.1508,1.1486,1.1516
2018-10-04 16:00:00,1.1508,1.1504,1.1499,1.1543
2018-10-04 20:00:00,1.1504,1.1513,1.1493,1.152
2018-10-05 00:00:00,1.1514,1.1513,1.151,1.152
2018-10-05 04:00:00,1.1513,1.1509,1.1505,1.1518
2018-10-05 08:00:00,1.1509,1.1492,1.1491,1.1516
2018-10-05 12:00:00,1.1492,1.1532,1.1484,1.1538
2018-10-05 16:00:00,1.1533,1.1513,1.1498,1.155
2018-10-05 20:00:00,1.1513,1.1519,1.1511,1.1532
2018-10-08 00:00:00,1.1521,1.1521,1.1518,1.153
2018-10-08 04:00:00,1.1521,1.1512,1.151,1.1521
2018-10-08 08:00:00,1.1512,1.1474,1.1472,1.1516
2018-10-08 12:00:00,1.1474,1.1463,1.146,1.1487
2018-10-08 16:00:00,1.1464,1.148,1.146,1.149
2018-10-08 20:00:00,1.148,1.1491,1.1471,1.1499
2018-10-09 00:00:00,1.1478,1.1489,1.1478,1.1496
2018-10-09 04:00:00,1.1489,1.1498,1.1485,1.1503
2018-10-09 08:00:00,1.1498,1.1478,1.1464,1.15
2018-10-09 12:00:00,1.1478,1.145,1.1432,1.1479
2018-10-09 16:00:00,1.145,1.148,1.1443,1.1491
2018-10-09 20:00:00,1.148,1.1489,1.1476,1.1503
2018-10-10 00:00:00,1.1488,1.1508,1.1481,1.1509
2018-10-10 04:00:00,1.1508,1.1506,1.1505,1.1516
2018-10-10 08:00:00,1.1506,1.1486,1.1483,1.1515
2018-10-10 12:00:00,1.1486,1.1502,1.148,1.1507
2018-10-10 16:00:00,1.1502,1.1539,1.1502,1.1546
2018-10-10 20:00:00,1.1539,1.1518,1.1514,1.1543
2018-10-11 00:00:00,1.1519,1.1536,1.1518,1.1542
2018-10-11 04:00:00,1.1537,1.1562,1.1534,1.1572
2018-10-11 08:00:00,1.1562,1.1546,1.1535,1.1563
2018-10-11 12:00:00,1.1546,1.1574,1.1543,1.1599
2018-10-11 16:00:00,1.1574,1.1575,1.1545,1.1583
2018-10-11 20:00:00,1.1575,1.1593,1.1573,1.1599
2018-10-12 00:00:00,1.158,1.1598,1.158,1.1603
2018-10-12 04:00:00,1.1598,1.1606,1.1594,1.1609
2018-10-12 08:00:00,1.1606,1.1587,1.1576,1.1611
2018-10-12 12:00:00,1.1587,1.1558,1.1553,1.1589
2018-10-12 16:00:00,1.1558,1.1562,1.1534,1.1569
2018-10-12 20:00:00,1.1563,1.1558,1.1553,1.1566
2018-10-15 00:00:00,1.1558,1.1549,1.1541,1.1558
2018-10-15 04:00:00,1.1549,1.1549,1.1543,1.1554
2018-10-15 08:00:00,1.155,1.1573,1.1544,1.1576
2018-10-15 12:00:00,1.1572,1.1606,1.157,1.1606
2018-10-15 16:00:00,1.1606,1.1584,1.1578,1.1606
2018-10-15 20:00:00,1.1584,1.1579,1.1574,1.1588
2018-10-16 00:00:00,1.1579,1.159,1.1577,1.1593
2018-10-16 04:00:00,1.159,1.1573,1.1572,1.1592
2018-10-16 08:00:00,1.1573,1.1587,1.1566,1.1599
2018-10-16 12:00:00,1.1587,1.1588,1.1566,1.1591
2018-10-16 16:00:00,1.1588,1.1583,1.1574,1.1621
2018-10-16 20:00:00,1.1583,1.1573,1.1571,1.1587
2018-10-17 00:00:00,1.1573,1.1577,1.1571,1.158
2018-10-17 04:00:00,1.1577,1.1558,1.1557,1.158
2018-10-17 08:00:00,1.1558,1.1565,1.1548,1.1578
2018-10-17 12:00:00,1.1566,1.1535,1.1521,1.1575
2018-10-17 16:00:00,1.1535,1.1528,1.1525,1.1547
2018-10-17 20:00:00,1.1528,1.15,1.1496,1.1528
2018-10-18 00:00:00,1.15,1.1502,1.1495,1.1505
2018-10-18 04:00:00,1.1502,1.15,1.1494,1.1505
2018-10-18 08:00:00,1.15,1.1518,1.1482,1.1521
2018-10-18 12:00:00,1.1518,1.1501,1.15,1.1527
2018-10-18 16:00:00,1.1501,1.1472,1.1466,1.1518
2018-10-18 20:00:00,1.1472,1.1452,1.1449,1.1472
2018-10-19 00:00:00,1.1452,1.1458,1.1451,1.146
2018-10-19 04:00:00,1.1458,1.1459,1.1454,1.1462
2018-10-19 08:00:00,1.1459,1.1449,1.1433,1.147
2018-10-19 12:00:00,1.1449,1.1465,1.1441,1.1477
2018-10-19 16:00:00,1.1465,1.152,1.1461,1.1535
2018-10-19 20:00:00,1.152,1.1515,1.1502,1.1524
2018-10-22 00:00:00,1.1516,1.1503,1.1498,1.1518
2018-10-22 04:00:00,1.1503,1.1511,1.1501,1.1519
2018-10-22 08:00:00,1.1511,1.1515,1.1509,1.155
2018-10-22 12:00:00,1.1515,1.1485,1.1485,1.1516
2018-10-22 16:00:00,1.1486,1.1469,1.1456,1.1488
2018-10-22 20:00:00,1.1469,1.1463,1.1463,1.1476
2018-10-23 00:00:00,1.1464,1.1461,1.1459,1.1468
2018-10-23 04:00:00,1.1461,1.1456,1.1452,1.1466
2018-10-23 08:00:00,1.1456,1.1467,1.1439,1.1474
2018-10-23 12:00:00,1.1467,1.1466,1.1456,1.1486
2018-10-23 16:00:00,1.1466,1.1482,1.1449,1.1494
2018-10-23 20:00:00,1.1482,1.147,1.1466,1.149
2018-10-24 00:00:00,1.147,1.1469,1.1468,1.1475
2018-10-24 04:00:00,1.1469,1.1468,1.1461,1.1475
2018-10-24 08:00:00,1.1468,1.1416,1.1407,1.1477
2018-10-24 12:00:00,1.1416,1.1405,1.1379,1.1426
2018-10-24 16:00:00,1.1405,1.1394,1.1386,1.141
2018-10-24 20:00:00,1.1394,1.1391,1.1381,1.1403
2018-10-25 00:00:00,1.1391,1.1407,1.139,1.141
2018-10-25 04:00:00,1.1407,1.1413,1.1405,1.1414
2018-10-25 08:00:00,1.1412,1.141,1.1395,1.142
2018-10-25 12:00:00,1.141,1.143,1.1401,1.1433
2018-10-25 16:00:00,1.143,1.1372,1.1364,1.1432
2018-10-25 20:00:00,1.1372,1.1375,1.1356,1.1375
2018-10-26 00:00:00,1.1373,1.1368,1.1367,1.1377
2018-10-26 04:00:00,1.1368,1.1369,1.1361,1.1375
2018-10-26 08:00:00,1.1369,1.1379,1.1358,1.1384
2018-10-26 12:00:00,1.1379,1.1345,1.1336,1.138
2018-10-26 16:00:00,1.1345,1.1396,1.1344,1.1413
2018-10-26 20:00:00,1.1396,1.1402,1.1391,1.1421
2018-10-29 00:00:00,1.1393,1.139,1.139,1.1404
2018-10-29 04:00:00,1.139,1.1392,1.1386,1.1397
2018-10-29 08:00:00,1.1392,1.1383,1.1379,1.1413
2018-10-29 12:00:00,1.1383,1.1386,1.1361,1.1416
2018-10-29 16:00:00,1.1386,1.1379,1.1368,1.14
2018-10-29 20:00:00,1.1379,1.1372,1.1371,1.1396
2018-10-30 00:00:00,1.1372,1.1376,1.1371,1.1379
2018-10-30 04:00:00,1.1376,1.1381,1.1373,1.1385
2018-10-30 08:00:00,1.1381,1.1378,1.1358,1.1388
2018-10-30 12:00:00,1.1378,1.1371,1.1346,1.1379
2018-10-30 16:00:00,1.1371,1.1352,1.1352,1.1382
2018-10-30 20:00:00,1.1352,1.1343,1.1341,1.1358
2018-10-31 00:00:00,1.1342,1.1342,1.134,1.1347
2018-10-31 04:00:00,1.1342,1.1342,1.1336,1.135
2018-10-31 08:00:00,1.1342,1.1354,1.1336,1.136
2018-10-31 12:00:00,1.1354,1.1322,1.1321,1.1356
2018-10-31 16:00:00,1.1322,1.1314,1.1305,1.1347
2018-10-31 20:00:00,1.1314,1.1311,1.1302,1.1328
2018-11-01 00:00:00,1.131,1.1328,1.1307,1.1331
2018-11-01 04:00:00,1.1328,1.1343,1.1326,1.135
2018-11-01 08:00:00,1.1343,1.1378,1.1338,1.1381
2018-11-01 12:00:00,1.1378,1.1388,1.1369,1.1404
2018-11-01 16:00:00,1.1388,1.1407,1.1385,1.1413
2018-11-01 20:00:00,1.1407,1.1408,1.1405,1.1424
2018-11-02 00:00:00,1.1407,1.1401,1.1399,1.1412
2018-11-02 04:00:00,1.1401,1.1409,1.1391,1.1418
2018-11-02 08:00:00,1.1409,1.143,1.1408,1.1443
2018-11-02 12:00:00,1.143,1.1417,1.1411,1.1456
2018-11-02 16:00:00,1.1417,1.1386,1.1372,1.1431
2018-11-02 20:00:00,1.1386,1.1388,1.1376,1.1401
2018-11-05 00:00:00,1.1386,1.1389,1.1385,1.14
2018-11-05 04:00:00,1.1389,1.139,1.1383,1.1392
2018-11-05 08:00:00,1.139,1.1382,1.1375,1.1399
2018-11-05 12:00:00,1.1382,1.1378,1.1353,1.1388
2018-11-05 16:00:00,1.1378,1.1395,1.1378,1.1406
2018-11-05 20:00:00,1.1395,1.1407,1.1395,1.1424
2018-11-06 00:00:00,1.1407,1.1407,1.1406,1.1414
2018-11-06 04:00:00,1.1407,1.1405,1.1399,1.1411
2018-11-06 08:00:00,1.1405,1.1406,1.1402,1.1426
2018-11-06 12:00:00,1.1406,1.1427,1.1392,1.1438
2018-11-06 16:00:00,1.1427,1.1412,1.1406,1.143
2018-11-06 20:00:00,1.1412,1.1426,1.1406,1.1427
2018-11-07 00:00:00,1.1426,1.142,1.1398,1.1473
2018-11-07 04:00:00,1.142,1.1452,1.1395,1.1471
2018-11-07 08:00:00,1.1452,1.1491,1.1431,1.1494
2018-11-07 12:00:00,1.1491,1.1479,1.1474,1.15
2018-11-07 16:00:00,1.1479,1.1464,1.1456,1.1487
2018-11-07 20:00:00,1.1464,1.1425,1.1425,1.1468
2018-11-08 00:00:00,1.1426,1.1433,1.1425,1.1437
2018-11-08 04:00:00,1.1433,1.1434,1.1423,1.1434
2018-11-08 08:00:00,1.1434,1.1423,1.1412,1.1445
2018-11-08 12:00:00,1.1423,1.1427,1.1404,1.1432
2018-11-08 16:00:00,1.1427,1.1393,1.1389,1.1447
2018-11-08 20:00:00,1.1393,1.1363,1.1352,1.141
2018-11-09 00:00:00,1.1363,1.1359,1.1358,1.1369
2018-11-09 04:00:00,1.1359,1.1349,1.1341,1.1361
2018-11-09 08:00:00,1.1349,1.1338,1.133,1.1351
2018-11-09 12:00:00,1.1338,1.1351,1.1327,1.1357
2018-11-09 16:00:00,1.1351,1.1332,1.1316,1.136
2018-11-09 20:00:00,1.1332,1.1335,1.1327,1.134
2018-11-12 00:00:00,1.1323,1.1325,1.1314,1.1328
2018-11-12 04:00:00,1.1325,1.131,1.1307,1.1331
2018-11-12 08:00:00,1.131,1.1257,1.124,1.1312
2018-11-12 12:00:00,1.1257,1.1272,1.1247,1.1278
2018-11-12 16:00:00,1.1272,1.1245,1.1242,1.1273
2018-11-12 20:00:00,1.1245,1.1218,1.1216,1.1246
2018-11-13 00:00:00,1.1218,1.1236,1.1217,1.1237
2018-11-13 04:00:00,1.1236,1.124,1.1229,1.1252
2018-11-13 08:00:00,1.124,1.1235,1.1225,1.1257
2018-11-13 12:00:00,1.1235,1.1268,1.1222,1.1272
2018-11-13 16:00:00,1.1268,1.1279,1.1264,1.1294
2018-11-13 20:00:00,1.1279,1.1287,1.1252,1.1292
2018-11-14 00:00:00,1.1287,1.1307,1.1286,1.1322
2018-11-14 04:00:00,1.1307,1.129,1.1286,1.1309
2018-11-14 08:00:00,1.129,1.127,1.1267,1.1302
2018-11-14 12:00:00,1.127,1.1285,1.1263,1.1311
2018-11-14 16:00:00,1.1285,1.1293,1.1283,1.1348
2018-11-14 20:00:00,1.1293,1.1307,1.1276,1.1345
2018-11-15 00:00:00,1.1307,1.1315,1.1307,1.1324
2018-11-15 04:00:00,1.1315,1.1333,1.1315,1.1342
2018-11-15 08:00:00,1.1333,1.1286,1.1285,1.1352
2018-11-15 12:00:00,1.1286,1.129,1.127,1.1318
2018-11-15 16:00:00,1.129,1.1315,1.1288,1.1341
2018-11-15 20:00:00,1.1315,1.1325,1.1309,1.1363
2018-11-16 00:00:00,1.1325,1.1339,1.1321,1.1343
2018-11-16 04:00:00,1.1339,1.1342,1.1331,1.1343
2018-11-16 08:00:00,1.1342,1.134,1.1336,1.1368
2018-11-16 12:00:00,1.134,1.1389,1.1322,1.1392
2018-11-16 16:00:00,1.1389,1.1412,1.1389,1.142
2018-11-16 20:00:00,1.1412,1.1417,1.1403,1.142
2018-11-19 00:00:00,1.1413,1.1412,1.1406,1.1421
2018-11-19 04:00:00,1.1412,1.1397,1.1396,1.1414
2018-11-19 08:00:00,1.1397,1.1427,1.1394,1.1429
2018-11-19 12:00:00,1.1427,1.1428,1.1415,1.1438
2018-11-19 16:00:00,1.1428,1.1458,1.1424,1.1465
2018-11-19 20:00:00,1.1458,1.1452,1.1449,1.1458
2018-11-20 00:00:00,1.1451,1.1447,1.1443,1.1458
2018-11-20 04:00:00,1.1447,1.1448,1.1445,1.1456
2018-11-20 08:00:00,1.1448,1.1428,1.1422,1.1472
2018-11-20 12:00:00,1.1428,1.1407,1.1404,1.1439
2018-11-20 16:00:00,1.1407,1.1376,1.1373,1.1413
2018-11-20 20:00:00,1.1376,1.1369,1.1359,1.1376
2018-11-21 00:00:00,1.1369,1.1369,1.1365,1.1373
2018-11-21 04:00:00,1.137,1.138,1.1368,1.1382
2018-11-21 08:00:00,1.138,1.1384,1.1378,1.141
2018-11-21 12:00:00,1.1384,1.1412,1.1367,1.1425
2018-11-21 16:00:00,1.1412,1.1396,1.138,1.1415
2018-11-21 20:00:00,1.1396,1.1382,1.1381,1.1397
2018-11-22 00:00:00,1.1382,1.139,1.138,1.1392
2018-11-22 04:00:00,1.139,1.1397,1.139,1.1401
2018-11-22 08:00:00,1.1397,1.1403,1.1394,1.1412
2018-11-22 12:00:00,1.1403,1.1403,1.1398,1.1434
2018-11-22 16:00:00,1.1403,1.1408,1.1391,1.1414
2018-11-22 20:00:00,1.1408,1.14,1.14,1.1409
2018-11-23 00:00:00,1.14,1.1407,1.1399,1.1408
2018-11-23 04:00:00,1.1407,1.1415,1.1404,1.1417
2018-11-23 08:00:00,1.1415,1.1374,1.1365,1.1421
2018-11-23 12:00:00,1.1374,1.1351,1.1338,1.138
2018-11-23 16:00:00,1.1351,1.1335,1.1331,1.1359
2018-11-23 20:00:00,1.1335,1.1332,1.1327,1.1336
2018-11-26 00:00:00,1.1341,1.1331,1.1326,1.1341
2018-11-26 04:00:00,1.1331,1.1348,1.1328,1.1349
2018-11-26 08:00:00,1.1348,1.1374,1.1344,1.1384
2018-11-26 12:00:00,1.1374,1.1365,1.1355,1.1377
2018-11-26 16:00:00,1.1365,1.1339,1.1334,1.1367
2018-11-26 20:00:00,1.1339,1.1327,1.1325,1.1342
2018-11-27 00:00:00,1.1327,1.1329,1.1326,1.1335
2018-11-27 04:00:00,1.1329,1.1343,1.1328,1.1343
2018-11-27 08:00:00,1.1343,1.131,1.1305,1.1344
2018-11-27 12:00:00,1.131,1.132,1.1309,1.1337
2018-11-27 16:00:00,1.132,1.1285,1.1277,1.133
2018-11-27 20:00:00,1.1285,1.1285,1.1281,1.1303
2018-11-28 00:00:00,1.1286,1.1288,1.1285,1.1299
2018-11-28 04:00:00,1.1288,1.1294,1.1288,1.1298
2018-11-28 08:00:00,1.1295,1.1281,1.1267,1.1301
2018-11-28 12:00:00,1.1281,1.1288,1.1278,1.1294
2018-11-28 16:00:00,1.1288,1.1344,1.1268,1.137
2018-11-28 20:00:00,1.1344,1.1366,1.1338,1.1388
2018-11-29 00:00:00,1.1366,1.1371,1.1363,1.1372
2018-11-29 04:00:00,1.1371,1.1386,1.1369,1.1392
2018-11-29 08:00:00,1.1386,1.1371,1.1365,1.1398
2018-11-29 12:00:00,1.1371,1.1372,1.1349,1.1402
2018-11-29 16:00:00,1.1372,1.1373,1.1363,1.1398
2018-11-29 20:00:00,1.1373,1.1392,1.1364,1.1396
2018-11-30 00:00:00,1.1392,1.1391,1.1384,1.1397
2018-11-30 04:00:00,1.1391,1.1392,1.1388,1.1401
2018-11-30 08:00:00,1.1392,1.1371,1.137,1.1397
2018-11-30 12:00:00,1.1371,1.1357,1.1356,1.138
2018-11-30 16:00:00,1.1357,1.1315,1.1311,1.1369
2018-11-30 20:00:00,1.1315,1.1315,1.1305,1.1322
2018-12-03 00:00:00,1.1342,1.1339,1.1328,1.1347
2018-12-03 04:00:00,1.1339,1.1366,1.1339,1.137
2018-12-03 08:00:00,1.1366,1.1366,1.1354,1.138
2018-12-03 12:00:00,1.1366,1.1324,1.1319,1.1366
2018-12-03 16:00:00,1.1324,1.1353,1.1324,1.1364
2018-12-03 20:00:00,1.1353,1.1353,1.1339,1.1356
2018-12-04 00:00:00,1.1353,1.1366,1.135,1.1367
2018-12-04 04:00:00,1.1366,1.1375,1.1362,1.1382
2018-12-04 08:00:00,1.1375,1.1411,1.1374,1.1419
2018-12-04 12:00:00,1.1411,1.139,1.1384,1.1417
2018-12-04 16:00:00,1.139,1.1343,1.1318,1.1399
2018-12-04 20:00:00,1.1343,1.1342,1.1335,1.1349
2018-12-05 00:00:00,1.1342,1.1336,1.1333,1.1346
2018-12-05 04:00:00,1.1336,1.1319,1.1318,1.1336
2018-12-05 08:00:00,1.1319,1.1337,1.1317,1.1345
2018-12-05 12:00:00,1.1337,1.1356,1.1332,1.1361
2018-12-05 16:00:00,1.1356,1.135,1.1311,1.1359
2018-12-05 20:00:00,1.135,1.1344,1.1339,1.1354
2018-12-06 00:00:00,1.1344,1.1348,1.1344,1.1352
2018-12-06 04:00:00,1.1348,1.1346,1.1339,1.1353
2018-12-06 08:00:00,1.1346,1.1341,1.1321,1.1346
2018-12-06 12:00:00,1.1341,1.136,1.1323,1.1368
2018-12-06 16:00:00,1.136,1.1386,1.1358,1.1413
2018-12-06 20:00:00,1.1386,1.1369,1.1368,1.1393
2018-12-07 00:00:00,1.1369,1.1376,1.1368,1.1381
2018-12-07 04:00:00,1.1376,1.1367,1.1366,1.1382
2018-12-07 08:00:00,1.1367,1.1366,1.136,1.1383
2018-12-07 12:00:00,1.1366,1.1389,1.1363,1.1415
2018-12-07 16:00:00,1.1389,1.1395,1.1374,1.1405
2018-12-07 20:00:00,1.1395,1.1402,1.1392,1.1424
2018-12-10 00:00:00,1.1392,1.1437,1.1391,1.144
2018-12-10 04:00:00,1.1437,1.1436,1.1425,1.1443
2018-12-10 08:00:00,1.1436,1.1412,1.1406,1.144
2018-12-10 12:00:00,1.1412,1.1411,1.1402,1.1428
2018-12-10 16:00:00,1.1411,1.136,1.1357,1.1415
2018-12-10 20:00:00,1.136,1.1355,1.135,1.1362
2018-12-11 00:00:00,1.1355,1.1363,1.1351,1.1365
2018-12-11 04:00:00,1.1363,1.1371,1.1362,1.1372
2018-12-11 08:00:00,1.1371,1.1382,1.1358,1.1387
2018-12-11 12:00:00,1.1382,1.137,1.1367,1.14
2018-12-11 16:00:00,1.137,1.1319,1.1306,1.1372
2018-12-11 20:00:00,1.1319,1.1315,1.1312,1.1328
2018-12-12 00:00:00,1.1315,1.1331,1.1315,1.1334
2018-12-12 04:00:00,1.1331,1.1333,1.1323,1.1334
2018-12-12 08:00:00,1.1333,1.1333,1.1315,1.1338
2018-12-12 12:00:00,1.1333,1.136,1.1325,1.1365
2018-12-12 16:00:00,1.136,1.1377,1.1342,1.1379
2018-12-12 20:00:00,1.1377,1.1368,1.1358,1.1387
2018-12-13 00:00:00,1.1368,1.1368,1.136,1.1377
2018-12-13 04:00:00,1.1368,1.1366,1.1363,1.1372
2018-12-13 08:00:00,1.1366,1.1378,1.1364,1.1393
2018-12-13 12:00:00,1.1378,1.1345,1.1339,1.1392
2018-12-13 16:00:00,1.1345,1.1357,1.1331,1.137
2018-12-13 20:00:00,1.1357,1.1356,1.1355,1.1372
2018-12-14 00:00:00,1.1356,1.1363,1.1356,1.1365
2018-12-14 04:00:00,1.1363,1.1361,1.1355,1.1363
2018-12-14 08:00:00,1.1361,1.1293,1.1286,1.1361
2018-12-14 12:00:00,1.1293,1.1274,1.127,1.1307
2018-12-14 16:00:00,1.1274,1.1301,1.1272,1.1308
2018-12-14 20:00:00,1.1301,1.13,1.1295,1.1308
2018-12-17 00:00:00,1.1303,1.1307,1.1302,1.1311
2018-12-17 04:00:00,1.1307,1.1308,1.1306,1.1313
2018-12-17 08:00:00,1.1308,1.1329,1.1306,1.1331
2018-12-17 12:00:00,1.1329,1.135,1.1327,1.1354
2018-12-17 16:00:00,1.135,1.1351,1.133,1.1355
2018-12-17 20:00:00,1.1351,1.1347,1.1344,1.1358
2018-12-18 00:00:00,1.1347,1.1359,1.1344,1.136
2018-12-18 04:00:00,1.1359,1.1345,1.134,1.1359
2018-12-18 08:00:00,1.1345,1.1376,1.1337,1.1382
2018-12-18 12:00:00,1.1376,1.1379,1.1373,1.1402
2018-12-18 16:00:00,1.1379,1.136,1.1357,1.138
2018-12-18 20:00:00,1.136,1.1362,1.135,1.1375
2018-12-19 00:00:00,1.1362,1.1381,1.136,1.1387
2018-12-19 04:00:00,1.1381,1.1388,1.1378,1.139
2018-12-19 08:00:00,1.1388,1.1389,1.1381,1.1406
2018-12-19 12:00:00,1.1389,1.1401,1.1383,1.1414
2018-12-19 16:00:00,1.1401,1.1425,1.1401,1.144
2018-12-19 20:00:00,1.1425,1.1372,1.1364,1.1438
2018-12-20 00:00:00,1.1372,1.1382,1.137,1.1389
2018-12-20 04:00:00,1.1382,1.1389,1.1378,1.1389
2018-12-20 08:00:00,1.1389,1.1478,1.1385,1.1481
2018-12-20 12:00:00,1.1478,1.1446,1.1444,1.1486
2018-12-20 16:00:00,1.1446,1.1459,1.1402,1.1465
2018-12-20 20:00:00,1.1459,1.1445,1.1444,1.1485
2018-12-21 00:00:00,1.1445,1.1452,1.1443,1.1462
2018-12-21 04:00:00,1.1452,1.1447,1.1442,1.1455
2018-12-21 08:00:00,1.1447,1.1428,1.1412,1.1474
2018-12-21 12:00:00,1.1428,1.1411,1.14,1.1429
2018-12-21 16:00:00,1.1411,1.1386,1.1382,1.1424
2018-12-21 20:00:00,1.1386,1.1365,1.1356,1.1386
2018-12-24 00:00:00,1.1368,1.138,1.136,1.1381
2018-12-24 04:00:00,1.138,1.1391,1.1378,1.1393
2018-12-24 08:00:00,1.1391,1.1395,1.1374,1.1408
2018-12-24 12:00:00,1.1395,1.1414,1.1389,1.1417
2018-12-24 16:00:00,1.1414,1.141,1.14,1.1439
2018-12-24 20:00:00,1.141,1.1416,1.1403,1.1422
2018-12-26 00:00:00,1.1412,1.141,1.139,1.142
2018-12-26 04:00:00,1.141,1.1403,1.1398,1.1416
2018-12-26 08:00:00,1.1403,1.1384,1.1381,1.1408
2018-12-26 12:00:00,1.1384,1.1389,1.1375,1.139
2018-12-26 16:00:00,1.1389,1.1356,1.1355,1.1414
2018-12-26 20:00:00,1.1356,1.135,1.1343,1.1367
2018-12-27 00:00:00,1.135,1.1374,1.135,1.1378
2018-12-27 04:00:00,1.1374,1.1383,1.1373,1.139
2018-12-27 08:00:00,1.1383,1.1394,1.1372,1.14
2018-12-27 12:00:00,1.1394,1.1398,1.1364,1.1409
2018-12-27 16:00:00,1.1397,1.1436,1.1392,1.145
2018-12-27 20:00:00,1.1436,1.1428,1.1427,1.1454
2018-12-28 00:00:00,1.1428,1.1448,1.1426,1.1449
2018-12-28 04:00:00,1.1448,1.1455,1.1447,1.1467
2018-12-28 08:00:00,1.1455,1.1443,1.1431,1.1467
2018-12-28 12:00:00,1.1443,1.1461,1.1438,1.1473
2018-12-28 16:00:00,1.1461,1.144,1.143,1.1469
2018-12-28 20:00:00,1.144,1.144,1.1434,1.1454
2018-12-31 00:00:00,1.1437,1.1439,1.1436,1.145
2018-12-31 04:00:00,1.1439,1.1429,1.1421,1.1441
2018-12-31 08:00:00,1.1429,1.1436,1.1424,1.1447
2018-12-31 12:00:00,1.1436,1.1446,1.1435,1.1466
2018-12-31 16:00:00,1.1446,1.1452,1.1426,1.146
2018-12-31 20:00:00,1.1452,1.146,1.1443,1.1468
2019-01-02 00:00:00,1.1462,1.1452,1.1446,1.1468
2019-01-02 04:00:00,1.1452,1.1478,1.1443,1.1479
2019-01-02 08:00:00,1.1478,1.1434,1.1422,1.1497
2019-01-02 12:00:00,1.1434,1.1372,1.1367,1.1442
2019-01-02 16:00:00,1.1372,1.1335,1.1331,1.1375
2019-01-02 20:00:00,1.1335,1.1342,1.1325,1.1348
2019-01-03 00:00:00,1.1342,1.1349,1.1306,1.1354
2019-01-03 04:00:00,1.1349,1.1361,1.1346,1.1372
2019-01-03 08:00:00,1.1361,1.1376,1.1354,1.1384
2019-01-03 12:00:00,1.1376,1.1365,1.1337,1.138
2019-01-03 16:00:00,1.1365,1.1399,1.1362,1.1411
2019-01-03 20:00:00,1.1399,1.1392,1.1383,1.1407
2019-01-04 00:00:00,1.139,1.1404,1.1384,1.1412
2019-01-04 04:00:00,1.1404,1.139,1.1388,1.1408
2019-01-04 08:00:00,1.139,1.1403,1.1383,1.1419
2019-01-04 12:00:00,1.1403,1.1371,1.1363,1.1416
2019-01-04 16:00:00,1.1371,1.1405,1.1346,1.1418
2019-01-04 20:00:00,1.1405,1.1396,1.1394,1.1411
2019-01-07 00:00:00,1.1395,1.1421,1.1395,1.1423
2019-01-07 04:00:00,1.1421,1.1424,1.1416,1.143
2019-01-07 08:00:00,1.1423,1.1441,1.141,1.1448
2019-01-07 12:00:00,1.1441,1.1458,1.1433,1.1459
2019-01-07 16:00:00,1.1458,1.1469,1.1454,1.1473
2019-01-07 20:00:00,1.1469,1.1473,1.1468,1.1483
2019-01-08 00:00:00,1.1473,1.1448,1.1447,1.1485
2019-01-08 04:00:00,1.1448,1.1444,1.1432,1.1454
2019-01-08 08:00:00,1.1444,1.1452,1.1433,1.1461
2019-01-08 12:00:00,1.1452,1.1427,1.1422,1.1469
2019-01-08 16:00:00,1.1428,1.1454,1.1425,1.1456
2019-01-08 20:00:00,1.1454,1.144,1.1436,1.1459
2019-01-09 00:00:00,1.144,1.1458,1.1437,1.1466
2019-01-09 04:00:00,1.1458,1.1461,1.1449,1.1464
2019-01-09 08:00:00,1.1461,1.1461,1.1454,1.1479
2019-01-09 12:00:00,1.1461,1.1462,1.1439,1.1464
2019-01-09 16:00:00,1.1462,1.1533,1.1462,1.1541
2019-01-09 20:00:00,1.1533,1.1542,1.1529,1.1558
2019-01-10 00:00:00,1.1542,1.1554,1.1538,1.1561
2019-01-10 04:00:00,1.1554,1.1561,1.1549,1.157
2019-01-10 08:00:00,1.1561,1.1524,1.152,1.1561
2019-01-10 12:00:00,1.1524,1.152,1.1518,1.1545
2019-01-10 16:00:00,1.152,1.1506,1.1497,1.1531
2019-01-10 20:00:00,1.1506,1.1499,1.1484,1.1514
2019-01-11 00:00:00,1.1499,1.1518,1.1496,1.1523
2019-01-11 04:00:00,1.1518,1.1525,1.1514,1.1531
2019-01-11 08:00:00,1.1525,1.152,1.1517,1.1532
2019-01-11 12:00:00,1.152,1.1527,1.1516,1.1541
2019-01-11 16:00:00,1.1527,1.1483,1.1458,1.1527
2019-01-11 20:00:00,1.1483,1.1465,1.1458,1.1484
2019-01-14 00:00:00,1.1459,1.1476,1.1459,1.1478
2019-01-14 04:00:00,1.1476,1.1478,1.1466,1.1482
2019-01-14 08:00:00,1.1479,1.1463,1.1454,1.1482
2019-01-14 12:00:00,1.1462,1.146,1.1451,1.1474
2019-01-14 16:00:00,1.1459,1.1477,1.1454,1.1481
2019-01-14 20:00:00,1.1477,1.1468,1.1464,1.1477
2019-01-15 00:00:00,1.1468,1.1485,1.1464,1.149
2019-01-15 04:00:00,1.1485,1.1483,1.1476,1.149
2019-01-15 08:00:00,1.1483,1.1434,1.1423,1.1483
2019-01-15 12:00:00,1.1434,1.1439,1.1412,1.1444
2019-01-15 16:00:00,1.1439,1.139,1.1383,1.1455
2019-01-15 20:00:00,1.139,1.1412,1.1382,1.1418
2019-01-16 00:00:00,1.1412,1.1398,1.1397,1.1415
2019-01-16 04:00:00,1.1398,1.1412,1.1396,1.1415
2019-01-16 08:00:00,1.1412,1.141,1.1391,1.1425
2019-01-16 12:00:00,1.141,1.139,1.1378,1.1412
2019-01-16 16:00:00,1.139,1.14,1.139,1.1411
2019-01-16 20:00:00,1.14,1.1391,1.139,1.141
2019-01-17 00:00:00,1.1391,1.1394,1.1391,1.1401
2019-01-17 04:00:00,1.1394,1.1388,1.1379,1.1397
2019-01-17 08:00:00,1.1388,1.1394,1.1371,1.1402
2019-01-17 12:00:00,1.1394,1.1398,1.1383,1.1406
2019-01-17 16:00:00,1.1398,1.1386,1.137,1.1401
2019-01-17 20:00:00,1.1386,1.1387,1.138,1.14
2019-01-18 00:00:00,1.1387,1.1395,1.1386,1.14
2019-01-18 04:00:00,1.1395,1.1389,1.1387,1.1397
2019-01-18 08:00:00,1.1389,1.1398,1.1388,1.1401
2019-01-18 12:00:00,1.1398,1.1398,1.1397,1.141
2019-01-18 16:00:00,1.1398,1.1358,1.1353,1.1401
2019-01-18 20:00:00,1.1358,1.1364,1.1358,1.1372
2019-01-21 00:00:00,1.1362,1.1376,1.1361,1.1377
2019-01-21 04:00:00,1.1376,1.1378,1.1373,1.138
2019-01-21 08:00:00,1.1378,1.1371,1.1366,1.1391
2019-01-21 12:00:00,1.1371,1.1361,1.1357,1.138
2019-01-21 16:00:00,1.1361,1.1368,1.1357,1.1371
2019-01-21 20:00:00,1.1368,1.1364,1.1364,1.1372
2019-01-22 00:00:00,1.1364,1.137,1.1363,1.1373
2019-01-22 04:00:00,1.137,1.1358,1.1356,1.1371
2019-01-22 08:00:00,1.1358,1.1361,1.1346,1.1365
2019-01-22 12:00:00,1.1361,1.1346,1.1345,1.1367
2019-01-22 16:00:00,1.1346,1.1369,1.1336,1.1371
2019-01-22 20:00:00,1.1369,1.136,1.1352,1.1374
2019-01-23 00:00:00,1.136,1.1365,1.136,1.1368
2019-01-23 04:00:00,1.1365,1.1368,1.1363,1.1369
2019-01-23 08:00:00,1.1368,1.1356,1.1353,1.1372
2019-01-23 12:00:00,1.1356,1.1354,1.135,1.137
2019-01-23 16:00:00,1.1354,1.1393,1.1352,1.1394
2019-01-23 20:00:00,1.1393,1.1379,1.1379,1.1394
2019-01-24 00:00:00,1.1379,1.1387,1.1378,1.1392
2019-01-24 04:00:00,1.1387,1.1385,1.1383,1.139
2019-01-24 08:00:00,1.1385,1.1347,1.134,1.1388
2019-01-24 12:00:00,1.1347,1.1336,1.1306,1.1359
2019-01-24 16:00:00,1.1336,1.1299,1.1295,1.1376
2019-01-24 20:00:00,1.1299,1.1301,1.1289,1.1314
2019-01-25 00:00:00,1.1301,1.1308,1.1301,1.1316
2019-01-25 04:00:00,1.1308,1.1322,1.1307,1.1328
2019-01-25 08:00:00,1.1322,1.133,1.1315,1.1335
2019-01-25 12:00:00,1.133,1.1357,1.1327,1.1358
2019-01-25 16:00:00,1.1357,1.1406,1.1356,1.1415
2019-01-25 20:00:00,1.1406,1.1404,1.1402,1.1418
2019-01-28 00:00:00,1.1402,1.1415,1.1401,1.1419
2019-01-28 04:00:00,1.1415,1.1412,1.1409,1.1426
2019-01-28 08:00:00,1.1412,1.1408,1.139,1.1416
2019-01-28 12:00:00,1.1408,1.1417,1.1406,1.1424
2019-01-28 16:00:00,1.1417,1.1434,1.1405,1.1444
2019-01-28 20:00:00,1.1434,1.1426,1.1425,1.1439
2019-01-29 00:00:00,1.1426,1.1425,1.142,1.1434
2019-01-29 04:00:00,1.1425,1.1433,1.1425,1.1434
2019-01-29 08:00:00,1.1433,1.1441,1.1431,1.145
2019-01-29 12:00:00,1.1441,1.1426,1.1418,1.1446
2019-01-29 16:00:00,1.1426,1.1428,1.1411,1.144
2019-01-29 20:00:00,1.1428,1.1431,1.1422,1.1441
2019-01-30 00:00:00,1.1431,1.1439,1.1426,1.1441
2019-01-30 04:00:00,1.1439,1.1445,1.1436,1.1446
2019-01-30 08:00:00,1.1445,1.143,1.1424,1.145
2019-01-30 12:00:00,1.143,1.1426,1.1422,1.1441
2019-01-30 16:00:00,1.1426,1.1419,1.1406,1.1427
2019-01-30 20:00:00,1.1419,1.1479,1.1414,1.1502
2019-01-31 00:00:00,1.1479,1.1493,1.1478,1.1496
2019-01-31 04:00:00,1.1493,1.1505,1.1492,1.1509
2019-01-31 08:00:00,1.1505,1.1484,1.1483,1.1514
2019-01-31 12:00:00,1.1484,1.1494,1.1472,1.1496
2019-01-31 16:00:00,1.1494,1.145,1.1436,1.1496
2019-01-31 20:00:00,1.145,1.1445,1.144,1.145
2019-02-01 00:00:00,1.1445,1.1443,1.1438,1.145
2019-02-01 04:00:00,1.1443,1.1437,1.1434,1.1447
2019-02-01 08:00:00,1.1437,1.1467,1.1435,1.1468
2019-02-01 12:00:00,1.1467,1.1474,1.1453,1.1486
2019-02-01 16:00:00,1.1474,1.1469,1.1448,1.1489
2019-02-01 20:00:00,1.1469,1.1454,1.1453,1.1469
2019-02-04 00:00:00,1.1451,1.1458,1.1451,1.146
2019-02-04 04:00:00,1.1458,1.1443,1.1441,1.146
2019-02-04 08:00:00,1.1444,1.1445,1.1438,1.1453
2019-02-04 12:00:00,1.1445,1.1449,1.1441,1.1454
2019-02-04 16:00:00,1.1449,1.1431,1.1424,1.145
2019-02-04 20:00:00,1.1431,1.1435,1.1427,1.1437
2019-02-05 00:00:00,1.1435,1.1438,1.1433,1.144
2019-02-05 04:00:00,1.1438,1.1434,1.1431,1.144
2019-02-05 08:00:00,1.1434,1.1419,1.1412,1.1434
2019-02-05 12:00:00,1.1419,1.1429,1.1413,1.1433
2019-02-05 16:00:00,1.1429,1.1409,1.1401,1.1434
2019-02-05 20:00:00,1.1409,1.1405,1.1401,1.1417
2019-02-06 00:00:00,1.1405,1.1401,1.1398,1.141
2019-02-06 04:00:00,1.1401,1.1397,1.1396,1.1406
2019-02-06 08:00:00,1.1397,1.1388,1.138,1.1398
2019-02-06 12:00:00,1.1388,1.1387,1.1383,1.1399
2019-02-06 16:00:00,1.1387,1.1375,1.1374,1.139
2019-02-06 20:00:00,1.1375,1.1361,1.1361,1.1376
2019-02-07 00:00:00,1.1361,1.1361,1.1359,1.1369
2019-02-07 04:00:00,1.1361,1.136,1.1357,1.1364
2019-02-07 08:00:00,1.136,1.1345,1.134,1.1367
2019-02-07 12:00:00,1.1345,1.1331,1.1324,1.1348
2019-02-07 16:00:00,1.1331,1.1349,1.1331,1.136
2019-02-07 20:00:00,1.1349,1.1339,1.1336,1.1356
2019-02-08 00:00:00,1.1339,1.1338,1.1335,1.1345
2019-02-08 04:00:00,1.1338,1.1339,1.1336,1.1344
2019-02-08 08:00:00,1.1339,1.1326,1.1323,1.1343
2019-02-08 12:00:00,1.1326,1.1347,1.1326,1.1351
2019-02-08 16:00:00,1.1347,1.133,1.1321,1.1349
2019-02-08 20:00:00,1.133,1.1324,1.1321,1.1331
2019-02-11 00:00:00,1.132,1.1327,1.1315,1.1328
2019-02-11 04:00:00,1.1327,1.1324,1.1318,1.1328
2019-02-11 08:00:00,1.1324,1.1303,1.1302,1.133
2019-02-11 12:00:00,1.1303,1.131,1.1297,1.1322
2019-02-11 16:00:00,1.131,1.1271,1.1269,1.1312
2019-02-11 20:00:00,1.1271,1.1275,1.1267,1.1279
2019-02-12 00:00:00,1.1275,1.1282,1.1272,1.1283
2019-02-12 04:00:00,1.1282,1.1279,1.1275,1.1285
2019-02-12 08:00:00,1.128,1.1274,1.1258,1.129
2019-02-12 12:00:00,1.1274,1.1293,1.1273,1.1298
2019-02-12 16:00:00,1.1293,1.132,1.1287,1.1323
2019-02-12 20:00:00,1.132,1.1325,1.132,1.134
2019-02-13 00:00:00,1.1325,1.1335,1.1325,1.1338
2019-02-13 04:00:00,1.1335,1.1338,1.1334,1.1342
2019-02-13 08:00:00,1.1338,1.1321,1.1313,1.1339
2019-02-13 12:00:00,1.1321,1.1291,1.1289,1.1331
2019-02-13 16:00:00,1.1291,1.1276,1.1273,1.1304
2019-02-13 20:00:00,1.1276,1.126,1.126,1.1283
2019-02-14 00:00:00,1.126,1.127,1.1249,1.127
2019-02-14 04:00:00,1.127,1.128,1.1269,1.1284
2019-02-14 08:00:00,1.128,1.1266,1.125,1.1295
2019-02-14 12:00:00,1.1266,1.1303,1.1261,1.131
2019-02-14 16:00:00,1.1303,1.1297,1.1265,1.1305
2019-02-14 20:00:00,1.1297,1.1294,1.1291,1.1303
2019-02-15 00:00:00,1.1294,1.1287,1.1286,1.1297
2019-02-15 04:00:00,1.1287,1.1285,1.1283,1.1289
2019-02-15 08:00:00,1.1285,1.1283,1.1268,1.1291
2019-02-15 12:00:00,1.1283,1.1253,1.1234,1.1286
2019-02-15 16:00:00,1.1253,1.1273,1.1252,1.1286
2019-02-15 20:00:00,1.1273,1.1293,1.1272,1.1306
2019-02-18 08:00:00,1.1303,1.1316,1.1295,1.1319
2019-02-18 12:00:00,1.1316,1.1322,1.1311,1.1334
2019-02-18 16:00:00,1.1322,1.1311,1.1302,1.1327
2019-02-18 20:00:00,1.1311,1.1309,1.1307,1.1316
2019-02-19 00:00:00,1.1309,1.1304,1.1302,1.1314
2019-02-19 04:00:00,1.1304,1.13,1.1293,1.1305
2019-02-19 08:00:00,1.13,1.1303,1.1294,1.1325
2019-02-19 12:00:00,1.1303,1.1296,1.1276,1.1314
2019-02-19 16:00:00,1.1296,1.1348,1.1296,1.1358
2019-02-19 20:00:00,1.1348,1.134,1.1336,1.1354
2019-02-20 00:00:00,1.134,1.1354,1.1335,1.1356
2019-02-20 04:00:00,1.1355,1.1338,1.1338,1.1356
2019-02-20 08:00:00,1.1338,1.1347,1.1332,1.1358
2019-02-20 12:00:00,1.1347,1.1337,1.1325,1.1347
2019-02-20 16:00:00,1.1337,1.1366,1.133,1.1371
2019-02-20 20:00:00,1.1366,1.1335,1.1335,1.1371
2019-02-21 00:00:00,1.1335,1.1334,1.1333,1.1348
2019-02-21 04:00:00,1.1334,1.1336,1.1334,1.1353
2019-02-21 08:00:00,1.1336,1.1327,1.1319,1.1363
2019-02-21 12:00:00,1.1327,1.1362,1.1324,1.1367
2019-02-21 16:00:00,1.1362,1.133,1.1323,1.1366
2019-02-21 20:00:00,1.133,1.1332,1.1327,1.1341
2019-02-22 00:00:00,1.1332,1.1338,1.133,1.1342
2019-02-22 04:00:00,1.1338,1.1338,1.1332,1.134
2019-02-22 08:00:00,1.1338,1.134,1.1336,1.1352
2019-02-22 12:00:00,1.134,1.1336,1.1316,1.1345
2019-02-22 16:00:00,1.1336,1.1345,1.1328,1.1356
2019-02-22 20:00:00,1.1345,1.1332,1.133,1.1349
2019-02-25 00:00:00,1.1328,1.1345,1.1328,1.1349
2019-02-25 04:00:00,1.1345,1.1343,1.1337,1.1345
2019-02-25 08:00:00,1.1343,1.1349,1.1342,1.1359
2019-02-25 12:00:00,1.1349,1.1355,1.1348,1.1368
2019-02-25 16:00:00,1.1355,1.1348,1.1337,1.1361
2019-02-25 20:00:00,1.1348,1.1357,1.1345,1.1367
2019-02-26 00:00:00,1.1357,1.1357,1.1354,1.1365
2019-02-26 04:00:00,1.1357,1.1359,1.1356,1.1368
2019-02-26 08:00:00,1.1359,1.1367,1.1346,1.1368
2019-02-26 12:00:00,1.1367,1.1372,1.1355,1.1376
2019-02-26 16:00:00,1.1372,1.138,1.1345,1.138
2019-02-26 20:00:00,1.138,1.1388,1.1372,1.1403
2019-02-27 00:00:00,1.1388,1.1386,1.1382,1.1396
2019-02-27 04:00:00,1.1385,1.1378,1.1375,1.1387
2019-02-27 08:00:00,1.1378,1.1395,1.1373,1.1398
2019-02-27 12:00:00,1.1395,1.1385,1.138,1.1404
2019-02-27 16:00:00,1.1385,1.1369,1.1362,1.1395
2019-02-27 20:00:00,1.1369,1.1369,1.1367,1.1377
2019-02-28 00:00:00,1.1369,1.1377,1.1366,1.138
2019-02-28 04:00:00,1.1377,1.1376,1.1374,1.138
2019-02-28 08:00:00,1.1376,1.1391,1.1367,1.1394
2019-02-28 12:00:00,1.1391,1.1386,1.1382,1.142
2019-02-28 16:00:00,1.1386,1.1382,1.1359,1.1396
2019-02-28 20:00:00,1.1382,1.1368,1.1368,1.1388
2019-03-01 00:00:00,1.1368,1.1372,1.1368,1.1375
2019-03-01 04:00:00,1.1372,1.1371,1.1364,1.1375
2019-03-01 08:00:00,1.1371,1.136,1.1353,1.1374
2019-03-01 12:00:00,1.136,1.1382,1.1355,1.1388
2019-03-01 16:00:00,1.1382,1.1365,1.1365,1.1409
2019-03-01 20:00:00,1.1365,1.1363,1.1354,1.1368
2019-03-04 00:00:00,1.1376,1.1369,1.1367,1.1381
2019-03-04 04:00:00,1.1369,1.1362,1.1362,1.1371
2019-03-04 08:00:00,1.1362,1.1343,1.1334,1.1369
2019-03-04 12:00:00,1.1343,1.1343,1.1328,1.1346
2019-03-04 16:00:00,1.1343,1.1332,1.1309,1.1343
2019-03-04 20:00:00,1.1332,1.1338,1.1325,1.1343
2019-03-05 00:00:00,1.1338,1.1333,1.1333,1.1341
2019-03-05 04:00:00,1.1333,1.1329,1.1325,1.1338
2019-03-05 08:00:00,1.1329,1.1327,1.1316,1.1338
2019-03-05 12:00:00,1.1327,1.1331,1.132,1.1339
2019-03-05 16:00:00,1.1331,1.1297,1.129,1.1335
2019-03-05 20:00:00,1.1297,1.1307,1.1294,1.1311
2019-03-06 00:00:00,1.1307,1.1303,1.1298,1.1308
2019-03-06 04:00:00,1.1303,1.1298,1.129,1.1304
2019-03-06 08:00:00,1.1298,1.1301,1.1294,1.131
2019-03-06 12:00:00,1.1301,1.1305,1.1285,1.1315
2019-03-06 16:00:00,1.1305,1.1308,1.1304,1.1325
2019-03-06 20:00:00,1.1308,1.1306,1.1304,1.1312
2019-03-07 00:00:00,1.1306,1.1309,1.1306,1.1316
2019-03-07 04:00:00,1.1309,1.1306,1.1303,1.131
2019-03-07 08:00:00,1.1306,1.1309,1.1301,1.1314
2019-03-07 12:00:00,1.1309,1.126,1.1254,1.132
2019-03-07 16:00:00,1.126,1.1225,1.1206,1.1261
2019-03-07 20:00:00,1.1225,1.1193,1.1176,1.1226
2019-03-08 00:00:00,1.1193,1.1189,1.1185,1.1199
2019-03-08 04:00:00,1.1189,1.1202,1.1186,1.1202
2019-03-08 08:00:00,1.1202,1.1213,1.1197,1.1215
2019-03-08 12:00:00,1.1213,1.1225,1.1209,1.1241
2019-03-08 16:00:00,1.1225,1.124,1.1222,1.1246
2019-03-08 20:00:00,1.124,1.1233,1.123,1.1243
2019-03-11 00:00:00,1.1231,1.1228,1.1223,1.1238
2019-03-11 04:00:00,1.1228,1.1234,1.1224,1.1234
2019-03-11 08:00:00,1.1234,1.1246,1.1232,1.1251
2019-03-11 12:00:00,1.1246,1.1237,1.1233,1.1259
2019-03-11 16:00:00,1.1237,1.1233,1.1222,1.1255
2019-03-11 20:00:00,1.1233,1.1244,1.123,1.125
2019-03-12 00:00:00,1.1244,1.1259,1.1244,1.1274
2019-03-12 04:00:00,1.1259,1.1251,1.1251,1.1266
2019-03-12 08:00:00,1.1251,1.1282,1.1251,1.1283
2019-03-12 12:00:00,1.1282,1.1282,1.125,1.1285
2019-03-12 16:00:00,1.1282,1.1294,1.1267,1.1295
2019-03-12 20:00:00,1.1294,1.1286,1.1282,1.1305
2019-03-13 00:00:00,1.1286,1.1288,1.1285,1.129
2019-03-13 04:00:00,1.1288,1.1283,1.1283,1.129
2019-03-13 08:00:00,1.1283,1.1294,1.1277,1.1297
2019-03-13 12:00:00,1.1294,1.1294,1.1289,1.1305
2019-03-13 16:00:00,1.1294,1.1306,1.1291,1.1315
2019-03-13 20:00:00,1.1306,1.1326,1.13,1.1339
2019-03-14 00:00:00,1.1326,1.1327,1.1324,1.1338
2019-03-14 04:00:00,1.1327,1.1319,1.1318,1.1332
2019-03-14 08:00:00,1.1319,1.1326,1.1312,1.1336
2019-03-14 12:00:00,1.1326,1.1301,1.1296,1.1326
2019-03-14 16:00:00,1.1301,1.13,1.1294,1.131
2019-03-14 20:00:00,1.13,1.1303,1.1297,1.1308
2019-03-15 00:00:00,1.1303,1.1306,1.1298,1.131
2019-03-15 04:00:00,1.1306,1.1319,1.1304,1.1327
2019-03-15 08:00:00,1.1319,1.1324,1.1315,1.1329
2019-03-15 12:00:00,1.1324,1.1304,1.1303,1.1327
2019-03-15 16:00:00,1.1304,1.1318,1.13,1.1344
2019-03-15 20:00:00,1.1318,1.1324,1.1317,1.133
2019-03-18 00:00:00,1.1321,1.1321,1.1319,1.1328
2019-03-18 04:00:00,1.1321,1.1336,1.132,1.1339
2019-03-18 08:00:00,1.1336,1.1345,1.1332,1.1351
2019-03-18 12:00:00,1.1345,1.1346,1.134,1.1359
2019-03-18 16:00:00,1.1346,1.133,1.1326,1.135
2019-03-18 20:00:00,1.133,1.1336,1.1325,1.1343
2019-03-19 00:00:00,1.1336,1.1338,1.1333,1.134
2019-03-19 04:00:00,1.1338,1.1346,1.1337,1.1349
2019-03-19 08:00:00,1.1346,1.1355,1.1342,1.1357
2019-03-19 12:00:00,1.1355,1.1352,1.1347,1.1362
2019-03-19 16:00:00,1.1352,1.1349,1.1339,1.1361
2019-03-19 20:00:00,1.1349,1.1351,1.1348,1.1359
2019-03-20 00:00:00,1.1351,1.1347,1.1347,1.1357
2019-03-20 04:00:00,1.1347,1.1346,1.1343,1.1351
2019-03-20 08:00:00,1.1346,1.1343,1.1336,1.1354
2019-03-20 12:00:00,1.1343,1.1355,1.1342,1.1366
2019-03-20 16:00:00,1.1355,1.135,1.1346,1.1364
2019-03-20 20:00:00,1.135,1.1413,1.1347,1.1448
2019-03-21 00:00:00,1.1413,1.1432,1.1412,1.1435
2019-03-21 04:00:00,1.1432,1.1426,1.1421,1.1438
2019-03-21 08:00:00,1.1426,1.1399,1.1393,1.143
2019-03-21 12:00:00,1.1399,1.1385,1.1384,1.1407
2019-03-21 16:00:00,1.1385,1.1352,1.1343,1.1395
2019-03-21 20:00:00,1.1352,1.1372,1.1343,1.1377
2019-03-22 00:00:00,1.1372,1.1367,1.1361,1.1379
2019-03-22 04:00:00,1.1367,1.1378,1.1365,1.1378
2019-03-22 08:00:00,1.1378,1.1303,1.1288,1.1391
2019-03-22 12:00:00,1.1303,1.1306,1.1293,1.132
2019-03-22 16:00:00,1.1306,1.1284,1.1273,1.1316
2019-03-22 20:00:00,1.1284,1.13,1.1282,1.1302
2019-03-25 00:00:00,1.129,1.129,1.1286,1.1301
2019-03-25 04:00:00,1.129,1.1298,1.129,1.1301
2019-03-25 08:00:00,1.1298,1.1308,1.1295,1.1314
2019-03-25 12:00:00,1.1308,1.1319,1.1304,1.1325
2019-03-25 16:00:00,1.1319,1.1312,1.1311,1.1332
2019-03-25 20:00:00,1.1312,1.1311,1.131,1.1326
2019-03-26 00:00:00,1.1311,1.1318,1.131,1.1319
2019-03-26 04:00:00,1.1318,1.1311,1.1311,1.1322
2019-03-26 08:00:00,1.1311,1.1307,1.1303,1.1317
2019-03-26 12:00:00,1.1307,1.1288,1.1285,1.1326
2019-03-26 16:00:00,1.1288,1.1288,1.1278,1.13
2019-03-26 20:00:00,1.1288,1.1265,1.1263,1.1295
2019-03-27 00:00:00,1.1265,1.1267,1.1261,1.1277
2019-03-27 04:00:00,1.1267,1.1258,1.1251,1.1267
2019-03-27 08:00:00,1.1258,1.1276,1.1247,1.1278
2019-03-27 12:00:00,1.1276,1.1271,1.1266,1.1286
2019-03-27 16:00:00,1.1271,1.1263,1.1242,1.1272
2019-03-27 20:00:00,1.1263,1.1244,1.1243,1.1268
2019-03-28 00:00:00,1.1244,1.1248,1.1244,1.1255
2019-03-28 04:00:00,1.1248,1.1255,1.1243,1.1258
2019-03-28 08:00:00,1.1255,1.1252,1.1234,1.1261
2019-03-28 12:00:00,1.1252,1.1221,1.1221,1.1259
2019-03-28 16:00:00,1.1221,1.1227,1.1214,1.1239
2019-03-28 20:00:00,1.1227,1.122,1.122,1.1238
2019-03-29 00:00:00,1.122,1.1232,1.1219,1.1235
2019-03-29 04:00:00,1.1232,1.123,1.1223,1.1233
2019-03-29 08:00:00,1.123,1.123,1.1222,1.1239
2019-03-29 12:00:00,1.123,1.1232,1.121,1.1247
2019-03-29 16:00:00,1.1232,1.1225,1.1221,1.1242
2019-03-29 20:00:00,1.1225,1.1218,1.1213,1.1227
2019-04-01 00:00:00,1.1226,1.1228,1.122,1.1231
2019-04-01 04:00:00,1.1228,1.1234,1.1224,1.1235
2019-04-01 08:00:00,1.1234,1.1247,1.1228,1.125
2019-04-01 12:00:00,1.1247,1.1235,1.1227,1.1249
2019-04-01 16:00:00,1.1235,1.1206,1.1204,1.1245
2019-04-01 20:00:00,1.1206,1.1212,1.1204,1.1214
2019-04-02 00:00:00,1.1212,1.1206,1.1198,1.1212
2019-04-02 04:00:00,1.1206,1.1202,1.1196,1.1206
2019-04-02 08:00:00,1.1202,1.1198,1.119,1.1212
2019-04-02 12:00:00,1.1198,1.1206,1.1197,1.1212
2019-04-02 16:00:00,1.1206,1.1197,1.1184,1.1208
2019-04-02 20:00:00,1.1197,1.1204,1.1192,1.1216
2019-04-03 00:00:00,1.1204,1.1216,1.12,1.1217
2019-04-03 04:00:00,1.1216,1.1223,1.1213,1.1227
2019-04-03 08:00:00,1.1223,1.1243,1.1215,1.1245
2019-04-03 12:00:00,1.1243,1.1235,1.1234,1.1255
2019-04-03 16:00:00,1.1235,1.1244,1.1225,1.1249
2019-04-03 20:00:00,1.1244,1.1232,1.1232,1.1248
2019-04-04 00:00:00,1.1232,1.1245,1.1232,1.1248
2019-04-04 04:00:00,1.1245,1.1241,1.1237,1.1246
2019-04-04 08:00:00,1.1241,1.1232,1.1231,1.1248
2019-04-04 12:00:00,1.1232,1.1218,1.1213,1.1236
2019-04-04 16:00:00,1.1218,1.1219,1.1206,1.1225
2019-04-04 20:00:00,1.1219,1.122,1.1213,1.1227
2019-04-05 00:00:00,1.122,1.1222,1.1218,1.1229
2019-04-05 04:00:00,1.1222,1.1227,1.1222,1.1228
2019-04-05 08:00:00,1.1227,1.123,1.1225,1.1237
2019-04-05 12:00:00,1.123,1.1236,1.1217,1.1248
2019-04-05 16:00:00,1.1236,1.1215,1.121,1.1239
2019-04-05 20:00:00,1.1215,1.1217,1.1211,1.1219
2019-04-08 00:00:00,1.1214,1.1218,1.1211,1.1222
2019-04-08 04:00:00,1.1218,1.1231,1.1215,1.1232
2019-04-08 08:00:00,1.1231,1.1234,1.1222,1.1237
2019-04-08 12:00:00,1.1234,1.1261,1.1231,1.1265
2019-04-08 16:00:00,1.1261,1.1267,1.1258,1.1275
2019-04-08 20:00:00,1.1267,1.1261,1.1258,1.1269
2019-04-09 00:00:00,1.1261,1.1259,1.1255,1.1265
2019-04-09 04:00:00,1.1259,1.1266,1.1258,1.1269
2019-04-09 08:00:00,1.1266,1.128,1.1256,1.128
2019-04-09 12:00:00,1.128,1.1279,1.1266,1.1283
2019-04-09 16:00:00,1.1279,1.127,1.1268,1.1284
2019-04-09 20:00:00,1.127,1.1261,1.1261,1.1273
2019-04-10 00:00:00,1.1261,1.1258,1.1258,1.1267
2019-04-10 04:00:00,1.1258,1.1261,1.1255,1.1264
2019-04-10 08:00:00,1.1261,1.127,1.1259,1.1274
2019-04-10 12:00:00,1.127,1.1256,1.1254,1.1288
2019-04-10 16:00:00,1.1256,1.1276,1.123,1.1279
2019-04-10 20:00:00,1.1276,1.1273,1.1263,1.1278
2019-04-11 00:00:00,1.1273,1.1276,1.1271,1.1279
2019-04-11 04:00:00,1.1276,1.128,1.1273,1.1281
2019-04-11 08:00:00,1.128,1.1279,1.1275,1.1288
2019-04-11 12:00:00,1.1279,1.126,1.1255,1.1285
2019-04-11 16:00:00,1.126,1.1258,1.1256,1.1276
2019-04-11 20:00:00,1.1258,1.1251,1.125,1.1262
2019-04-12 00:00:00,1.1251,1.1284,1.1251,1.1292
2019-04-12 04:00:00,1.1284,1.1291,1.1277,1.1295
2019-04-12 08:00:00,1.1291,1.1306,1.1282,1.131
2019-04-12 12:00:00,1.1305,1.132,1.1304,1.1322
2019-04-12 16:00:00,1.132,1.1299,1.1295,1.1324
2019-04-12 20:00:00,1.1299,1.1298,1.1293,1.13
2019-04-15 00:00:00,1.1304,1.1304,1.1299,1.1307
2019-04-15 04:00:00,1.1304,1.1309,1.1302,1.1315
2019-04-15 08:00:00,1.1309,1.1318,1.1303,1.1321
2019-04-15 12:00:00,1.1318,1.1313,1.1306,1.132
2019-04-15 16:00:00,1.1313,1.1307,1.1297,1.1316
2019-04-15 20:00:00,1.1307,1.1303,1.13,1.1308
2019-04-16 00:00:00,1.1303,1.1306,1.13,1.1307
2019-04-16 04:00:00,1.1306,1.1304,1.1293,1.1306
2019-04-16 08:00:00,1.1304,1.1305,1.1299,1.1314
2019-04-16 12:00:00,1.1305,1.1297,1.128,1.1312
2019-04-16 16:00:00,1.1297,1.1284,1.128,1.1306
2019-04-16 20:00:00,1.1284,1.128,1.128,1.129
2019-04-17 00:00:00,1.128,1.1287,1.1279,1.1288
2019-04-17 04:00:00,1.1287,1.1303,1.1284,1.1304
2019-04-17 08:00:00,1.1303,1.1316,1.1303,1.1324
2019-04-17 12:00:00,1.1316,1.1304,1.13,1.1319
2019-04-17 16:00:00,1.1304,1.1296,1.1291,1.1307
2019-04-17 20:00:00,1.1296,1.1294,1.1293,1.1303
2019-04-18 00:00:00,1.1294,1.1298,1.1293,1.13
2019-04-18 04:00:00,1.1298,1.1295,1.129,1.1301
2019-04-18 08:00:00,1.1295,1.1261,1.1243,1.1304
2019-04-18 12:00:00,1.1261,1.124,1.1238,1.1261
2019-04-18 16:00:00,1.124,1.123,1.1229,1.1254
2019-04-18 20:00:00,1.123,1.1229,1.1226,1.1234
2019-04-19 00:00:00,1.1229,1.124,1.1227,1.124
2019-04-19 04:00:00,1.124,1.1238,1.1232,1.1242
2019-04-19 08:00:00,1.1238,1.1246,1.1238,1.1247
2019-04-19 12:00:00,1.1246,1.1244,1.1242,1.1247
2019-04-19 16:00:00,1.1244,1.1245,1.1242,1.1248
2019-04-19 20:00:00,1.1245,1.124,1.124,1.1246
2019-04-22 00:00:00,1.1241,1.1242,1.1237,1.1245
2019-04-22 04:00:00,1.1242,1.1238,1.1236,1.1244
2019-04-22 08:00:00,1.1238,1.1246,1.1237,1.1248
2019-04-22 12:00:00,1.1246,1.1249,1.1246,1.1255
2019-04-22 16:00:00,1.1249,1.1258,1.1248,1.1262
2019-04-22 20:00:00,1.1258,1.1257,1.1256,1.1262
2019-04-23 00:00:00,1.1257,1.1245,1.1245,1.126
2019-04-23 04:00:00,1.1245,1.125,1.1245,1.1255
2019-04-23 08:00:00,1.125,1.125,1.1242,1.1258
2019-04-23 12:00:00,1.125,1.1218,1.1217,1.1261
2019-04-23 16:00:00,1.1218,1.1213,1.1192,1.1218
2019-04-23 20:00:00,1.1213,1.1227,1.1209,1.1228
2019-04-24 00:00:00,1.1227,1.1218,1.1217,1.1227
2019-04-24 04:00:00,1.1218,1.1216,1.1209,1.1221
2019-04-24 08:00:00,1.1216,1.1218,1.1195,1.122
2019-04-24 12:00:00,1.1218,1.1203,1.1203,1.1223
2019-04-24 16:00:00,1.1203,1.1159,1.1156,1.121
2019-04-24 20:00:00,1.1159,1.1152,1.1141,1.1165
2019-04-25 00:00:00,1.1152,1.1152,1.1145,1.1159
2019-04-25 04:00:00,1.1152,1.1157,1.1145,1.116
2019-04-25 08:00:00,1.1157,1.1147,1.1135,1.1162
2019-04-25 12:00:00,1.1147,1.1131,1.1118,1.1148
2019-04-25 16:00:00,1.1131,1.1136,1.113,1.1155
2019-04-25 20:00:00,1.1137,1.113,1.1127,1.1139
2019-04-26 00:00:00,1.113,1.1129,1.1124,1.1139
2019-04-26 04:00:00,1.1129,1.1135,1.1127,1.1141
2019-04-26 08:00:00,1.1135,1.1142,1.1129,1.1147
2019-04-26 12:00:00,1.1142,1.1148,1.1111,1.1159
2019-04-26 16:00:00,1.1148,1.1163,1.1142,1.1174
2019-04-26 20:00:00,1.1163,1.1147,1.1147,1.1166
2019-04-29 00:00:00,1.1146,1.1149,1.1146,1.1152
2019-04-29 04:00:00,1.1149,1.1158,1.1145,1.116
2019-04-29 08:00:00,1.1158,1.1165,1.1156,1.1167
2019-04-29 12:00:00,1.1165,1.1155,1.1145,1.1166
2019-04-29 16:00:00,1.1155,1.1181,1.1149,1.1184
2019-04-29 20:00:00,1.1181,1.1184,1.1177,1.1187
2019-04-30 00:00:00,1.1184,1.119,1.1182,1.1191
2019-04-30 04:00:00,1.119,1.1188,1.1179,1.1193
2019-04-30 08:00:00,1.1188,1.1206,1.1176,1.1208
2019-04-30 12:00:00,1.1206,1.1219,1.1204,1.1228
2019-04-30 16:00:00,1.1219,1.1217,1.1197,1.1229
2019-04-30 20:00:00,1.1217,1.1214,1.1213,1.1226
2019-05-01 00:00:00,1.1214,1.1218,1.1211,1.1218
2019-05-01 04:00:00,1.1218,1.1217,1.1214,1.122
2019-05-01 08:00:00,1.1217,1.1228,1.1214,1.123
2019-05-01 12:00:00,1.1228,1.1224,1.1222,1.124
2019-05-01 16:00:00,1.1224,1.1242,1.1223,1.125
2019-05-01 20:00:00,1.1242,1.1195,1.1187,1.1265
2019-05-02 00:00:00,1.1195,1.1206,1.1194,1.1206
2019-05-02 04:00:00,1.1206,1.1207,1.12,1.1209
2019-05-02 08:00:00,1.1207,1.1208,1.1191,1.1219
2019-05-02 12:00:00,1.1208,1.1196,1.1196,1.1213
2019-05-02 16:00:00,1.1196,1.1178,1.1172,1.1202
2019-05-02 20:00:00,1.1178,1.1171,1.1171,1.1181
2019-05-03 00:00:00,1.1171,1.1177,1.117,1.1178
2019-05-03 04:00:00,1.1177,1.1168,1.1167,1.1177
2019-05-03 08:00:00,1.1168,1.1165,1.1158,1.1173
2019-05-03 12:00:00,1.1165,1.116,1.1135,1.1166
2019-05-03 16:00:00,1.116,1.1195,1.1154,1.1201
2019-05-03 20:00:00,1.1196,1.1201,1.119,1.1205
2019-05-06 00:00:00,1.1173,1.1185,1.1169,1.12
2019-05-06 04:00:00,1.1185,1.1191,1.1183,1.1196
2019-05-06 08:00:00,1.1191,1.1184,1.1183,1.1195
2019-05-06 12:00:00,1.1184,1.1183,1.1179,1.1204
2019-05-06 16:00:00,1.1183,1.1203,1.118,1.1207
2019-05-06 20:00:00,1.1203,1.1199,1.1198,1.1209
2019-05-07 00:00:00,1.1199,1.12,1.1191,1.1203
2019-05-07 04:00:00,1.12,1.1213,1.1197,1.1214
2019-05-07 08:00:00,1.1213,1.1196,1.1193,1.1218
2019-05-07 12:00:00,1.1196,1.1183,1.1177,1.1206
2019-05-07 16:00:00,1.1183,1.1175,1.1167,1.1193
2019-05-07 20:00:00,1.1175,1.1192,1.117,1.1193
2019-05-08 00:00:00,1.1192,1.1192,1.1188,1.1195
2019-05-08 04:00:00,1.1192,1.1205,1.1192,1.1207
2019-05-08 08:00:00,1.1205,1.1198,1.1196,1.1213
2019-05-08 12:00:00,1.1198,1.1199,1.1189,1.1208
2019-05-08 16:00:00,1.1199,1.1189,1.1183,1.1214
2019-05-08 20:00:00,1.1189,1.1191,1.1183,1.1195
2019-05-09 00:00:00,1.1191,1.1191,1.1189,1.1198
2019-05-09 04:00:00,1.1191,1.1195,1.1186,1.1196
2019-05-09 08:00:00,1.1195,1.1189,1.1173,1.1203
2019-05-09 12:00:00,1.1189,1.1197,1.1185,1.1201
2019-05-09 16:00:00,1.1197,1.1215,1.1191,1.1251
2019-05-09 20:00:00,1.1215,1.1213,1.121,1.1228
2019-05-10 00:00:00,1.1213,1.1229,1.1213,1.123
2019-05-10 04:00:00,1.1229,1.1226,1.1225,1.1235
2019-05-10 08:00:00,1.1226,1.1231,1.1218,1.1233
2019-05-10 12:00:00,1.1231,1.1242,1.1223,1.1247
2019-05-10 16:00:00,1.1242,1.1236,1.1233,1.1254
2019-05-10 20:00:00,1.1236,1.1234,1.1228,1.1239
2019-05-13 00:00:00,1.1234,1.1232,1.1231,1.1242
2019-05-13 04:00:00,1.1232,1.123,1.1228,1.1235
2019-05-13 08:00:00,1.123,1.123,1.1223,1.1237
2019-05-13 12:00:00,1.123,1.1257,1.1228,1.1263
2019-05-13 16:00:00,1.1257,1.1235,1.1228,1.1263
2019-05-13 20:00:00,1.1235,1.1221,1.1221,1.1238
2019-05-14 00:00:00,1.1221,1.1236,1.1219,1.1237
2019-05-14 04:00:00,1.1236,1.124,1.1231,1.1241
2019-05-14 08:00:00,1.124,1.1242,1.1229,1.1244
2019-05-14 12:00:00,1.1242,1.1214,1.1204,1.1243
2019-05-14 16:00:00,1.1214,1.121,1.1204,1.122
2019-05-14 20:00:00,1.121,1.1204,1.1201,1.1217
2019-05-15 00:00:00,1.1204,1.1203,1.1201,1.1208
2019-05-15 04:00:00,1.1203,1.121,1.1203,1.121
2019-05-15 08:00:00,1.121,1.1214,1.1198,1.1217
2019-05-15 12:00:00,1.1214,1.1184,1.1178,1.1214
2019-05-15 16:00:00,1.1184,1.1206,1.1179,1.1225
2019-05-15 20:00:00,1.1206,1.12,1.1197,1.1208
2019-05-16 00:00:00,1.12,1.1206,1.12,1.1209
2019-05-16 04:00:00,1.1206,1.121,1.1202,1.121
2019-05-16 08:00:00,1.121,1.1221,1.1204,1.1221
2019-05-16 12:00:00,1.1221,1.1188,1.1187,1.1224
2019-05-16 16:00:00,1.1188,1.1177,1.1172,1.1193
2019-05-16 20:00:00,1.1177,1.1173,1.1166,1.118
2019-05-17 00:00:00,1.1173,1.1175,1.1171,1.1176
2019-05-17 04:00:00,1.1175,1.1179,1.1175,1.118
2019-05-17 08:00:00,1.1179,1.1174,1.1169,1.1184
2019-05-17 12:00:00,1.1174,1.1176,1.1158,1.1179
2019-05-17 16:00:00,1.1176,1.1164,1.1155,1.1178
2019-05-17 20:00:00,1.1164,1.1158,1.1155,1.1167
2019-05-20 00:00:00,1.1161,1.1164,1.1159,1.1167
2019-05-20 04:00:00,1.1164,1.1154,1.1153,1.1168
2019-05-20 08:00:00,1.1154,1.1155,1.1151,1.1166
2019-05-20 12:00:00,1.1155,1.1164,1.1153,1.1167
2019-05-20 16:00:00,1.1164,1.1168,1.1156,1.1175
2019-05-20 20:00:00,1.1168,1.1165,1.1165,1.117
2019-05-21 00:00:00,1.1165,1.1165,1.1164,1.1172
2019-05-21 04:00:00,1.1165,1.116,1.116,1.1167
2019-05-21 08:00:00,1.116,1.1147,1.1142,1.116
2019-05-21 12:00:00,1.1147,1.1158,1.1144,1.1161
2019-05-21 16:00:00,1.1158,1.116,1.1149,1.1188
2019-05-21 20:00:00,1.116,1.116,1.1154,1.1165
2019-05-22 00:00:00,1.116,1.1161,1.1158,1.1166
2019-05-22 04:00:00,1.1161,1.1155,1.1153,1.1166
2019-05-22 08:00:00,1.1155,1.1159,1.1149,1.1164
2019-05-22 12:00:00,1.1159,1.1167,1.1158,1.118
2019-05-22 16:00:00,1.1167,1.1157,1.1151,1.1169
2019-05-22 20:00:00,1.1157,1.115,1.115,1.1164
2019-05-23 00:00:00,1.115,1.1153,1.115,1.1157
2019-05-23 04:00:00,1.1153,1.1149,1.1148,1.1154
2019-05-23 08:00:00,1.1149,1.114,1.113,1.1152
2019-05-23 12:00:00,1.114,1.1136,1.1129,1.1144
2019-05-23 16:00:00,1.1136,1.1182,1.1107,1.1183
2019-05-23 20:00:00,1.1182,1.1181,1.1176,1.1187
2019-05-24 00:00:00,1.1181,1.118,1.1171,1.1185
2019-05-24 04:00:00,1.118,1.1181,1.1178,1.1183
2019-05-24 08:00:00,1.1181,1.1185,1.1181,1.1206
2019-05-24 12:00:00,1.1185,1.1196,1.1178,1.12
2019-05-24 16:00:00,1.1196,1.1205,1.1188,1.121
2019-05-24 20:00:00,1.1205,1.1205,1.1205,1.1212
2019-05-27 00:00:00,1.1209,1.1207,1.1203,1.1212
2019-05-27 04:00:00,1.1207,1.1207,1.1206,1.1215
2019-05-27 08:00:00,1.1207,1.1193,1.1192,1.1211
2019-05-27 12:00:00,1.1193,1.1196,1.1191,1.1199
2019-05-27 16:00:00,1.1196,1.1191,1.1187,1.12
2019-05-27 20:00:00,1.1191,1.1191,1.1188,1.1194
2019-05-28 00:00:00,1.1191,1.1192,1.119,1.1196
2019-05-28 04:00:00,1.1192,1.1182,1.1178,1.1194
2019-05-28 08:00:00,1.1182,1.1192,1.1175,1.1195
2019-05-28 12:00:00,1.1192,1.1189,1.1182,1.1198
2019-05-28 16:00:00,1.1189,1.1165,1.1162,1.1195
2019-05-28 20:00:00,1.1165,1.116,1.1159,1.1172
2019-05-29 00:00:00,1.116,1.1169,1.116,1.1172
2019-05-29 04:00:00,1.1169,1.1164,1.1162,1.1171
2019-05-29 08:00:00,1.1164,1.1155,1.1152,1.1169
2019-05-29 12:00:00,1.1155,1.115,1.1147,1.1159
2019-05-29 16:00:00,1.115,1.1134,1.1124,1.1153
2019-05-29 20:00:00,1.1134,1.1131,1.1126,1.1139
2019-05-30 00:00:00,1.1131,1.114,1.1131,1.1143
2019-05-30 04:00:00,1.114,1.114,1.1134,1.1143
2019-05-30 08:00:00,1.114,1.1134,1.1124,1.114
2019-05-30 12:00:00,1.1134,1.1131,1.113,1.1143
2019-05-30 16:00:00,1.1131,1.1136,1.1116,1.114
2019-05-30 20:00:00,1.1136,1.1129,1.1128,1.114
2019-05-31 00:00:00,1.1129,1.1134,1.1128,1.114
2019-05-31 04:00:00,1.1134,1.1128,1.1125,1.1139
2019-05-31 08:00:00,1.1128,1.1148,1.1127,1.1155
2019-05-31 12:00:00,1.1148,1.1156,1.1141,1.1165
2019-05-31 16:00:00,1.1156,1.1162,1.1137,1.118
2019-05-31 20:00:00,1.1162,1.1168,1.1157,1.1178
2019-06-03 00:00:00,1.1164,1.1179,1.1161,1.1182
2019-06-03 04:00:00,1.1179,1.1177,1.1176,1.119
2019-06-03 08:00:00,1.1177,1.1179,1.116,1.118
2019-06-03 12:00:00,1.1179,1.1195,1.1169,1.12
2019-06-03 16:00:00,1.1195,1.1216,1.1185,1.1218
2019-06-03 20:00:00,1.1216,1.124,1.1215,1.1262
2019-06-04 00:00:00,1.124,1.125,1.124,1.1255
2019-06-04 04:00:00,1.125,1.1247,1.1244,1.1258
2019-06-04 08:00:00,1.1247,1.1248,1.1243,1.1277
2019-06-04 12:00:00,1.1248,1.1235,1.1231,1.1263
2019-06-04 16:00:00,1.1235,1.1245,1.1226,1.1267
2019-06-04 20:00:00,1.1245,1.1251,1.1243,1.1267
2019-06-05 00:00:00,1.1251,1.1258,1.125,1.1261
2019-06-05 04:00:00,1.1258,1.126,1.1256,1.1266
2019-06-05 08:00:00,1.126,1.1279,1.1257,1.1285
2019-06-05 12:00:00,1.1279,1.1293,1.1252,1.1306
2019-06-05 16:00:00,1.1293,1.1235,1.1231,1.1296
2019-06-05 20:00:00,1.1235,1.122,1.122,1.1236
2019-06-06 00:00:00,1.122,1.1227,1.122,1.1232
2019-06-06 04:00:00,1.1227,1.1233,1.1224,1.1233
2019-06-06 08:00:00,1.1233,1.124,1.1223,1.1242
2019-06-06 12:00:00,1.124,1.1286,1.1201,1.1309
2019-06-06 16:00:00,1.1286,1.1293,1.1244,1.13
2019-06-06 20:00:00,1.1293,1.1275,1.1267,1.1295
2019-06-07 00:00:00,1.1275,1.1275,1.1272,1.1279
2019-06-07 04:00:00,1.1275,1.1267,1.1266,1.1275
2019-06-07 08:00:00,1.1267,1.1265,1.1257,1.127
2019-06-07 12:00:00,1.1265,1.1317,1.1251,1.1327
2019-06-07 16:00:00,1.1317,1.134,1.1308,1.1348
2019-06-07 20:00:00,1.134,1.1331,1.1327,1.1344
2019-06-10 00:00:00,1.1324,1.1316,1.1314,1.1331
2019-06-10 04:00:00,1.1316,1.1308,1.1307,1.1317
2019-06-10 08:00:00,1.1308,1.1296,1.129,1.1313
2019-06-10 12:00:00,1.1296,1.1308,1.1296,1.1311
2019-06-10 16:00:00,1.1308,1.1316,1.1291,1.132
2019-06-10 20:00:00,1.1316,1.1311,1.131,1.1324
2019-06-11 00:00:00,1.1311,1.1315,1.1309,1.1319
2019-06-11 04:00:00,1.1315,1.1317,1.1307,1.1319
2019-06-11 08:00:00,1.1317,1.1313,1.1312,1.1332
2019-06-11 12:00:00,1.1313,1.1318,1.1301,1.1327
2019-06-11 16:00:00,1.1318,1.1329,1.1309,1.1332
2019-06-11 20:00:00,1.1329,1.1325,1.1325,1.1337
2019-06-12 00:00:00,1.1325,1.1329,1.1325,1.1332
2019-06-12 04:00:00,1.1329,1.1334,1.1326,1.1335
2019-06-12 08:00:00,1.1334,1.1334,1.1329,1.1343
2019-06-12 12:00:00,1.1334,1.132,1.1312,1.134
2019-06-12 16:00:00,1.132,1.1297,1.1289,1.1326
2019-06-12 20:00:00,1.1297,1.1287,1.1282,1.1298
2019-06-13 00:00:00,1.1287,1.1291,1.1287,1.1295
2019-06-13 04:00:00,1.1291,1.1298,1.1288,1.1298
2019-06-13 08:00:00,1.1298,1.1292,1.1286,1.1304
2019-06-13 12:00:00,1.1292,1.1278,1.1274,1.1297
2019-06-13 16:00:00,1.1278,1.1276,1.1268,1.1284
2019-06-13 20:00:00,1.1276,1.1276,1.1273,1.1285
2019-06-14 00:00:00,1.1276,1.1279,1.1275,1.1282
2019-06-14 04:00:00,1.1279,1.1273,1.127,1.1281
2019-06-14 08:00:00,1.1273,1.128,1.127,1.1289
2019-06-14 12:00:00,1.128,1.1231,1.1231,1.128
2019-06-14 16:00:00,1.1231,1.1209,1.1206,1.1246
2019-06-14 20:00:00,1.1209,1.1211,1.1203,1.1214
2019-06-17 00:00:00,1.121,1.1219,1.121,1.1222
2019-06-17 04:00:00,1.1219,1.1217,1.1214,1.1224
2019-06-17 08:00:00,1.1217,1.1214,1.1204,1.1219
2019-06-17 12:00:00,1.1214,1.1237,1.1211,1.1247
2019-06-17 16:00:00,1.1237,1.1226,1.1221,1.1244
2019-06-17 20:00:00,1.1226,1.1217,1.1214,1.1228
2019-06-18 00:00:00,1.1217,1.1225,1.1217,1.1226
2019-06-18 04:00:00,1.1225,1.1233,1.1225,1.1234
2019-06-18 08:00:00,1.1233,1.119,1.1188,1.1243
2019-06-18 12:00:00,1.119,1.1199,1.1181,1.121
2019-06-18 16:00:00,1.1199,1.1201,1.1182,1.1213
2019-06-18 20:00:00,1.1201,1.1194,1.119,1.1204
2019-06-19 00:00:00,1.1194,1.12,1.1193,1.1202
2019-06-19 04:00:00,1.12,1.1188,1.1187,1.1201
2019-06-19 08:00:00,1.1188,1.12,1.1188,1.1206
2019-06-19 12:00:00,1.12,1.1205,1.1197,1.1208
2019-06-19 16:00:00,1.1205,1.1215,1.1201,1.122
2019-06-19 20:00:00,1.1215,1.1226,1.1213,1.1254
2019-06-20 00:00:00,1.1226,1.1257,1.1226,1.1258
2019-06-20 04:00:00,1.1257,1.1262,1.1256,1.1273
2019-06-20 08:00:00,1.1262,1.129,1.126,1.1301
2019-06-20 12:00:00,1.129,1.1302,1.1286,1.1317
2019-06-20 16:00:00,1.1302,1.1292,1.1271,1.1308
2019-06-20 20:00:00,1.1292,1.1291,1.1286,1.1298
2019-06-21 00:00:00,1.1291,1.1295,1.1289,1.1299
2019-06-21 04:00:00,1.1295,1.1295,1.1292,1.1309
2019-06-21 08:00:00,1.1295,1.1303,1.1283,1.1316
2019-06-21 12:00:00,1.1303,1.1325,1.1297,1.1327
2019-06-21 16:00:00,1.1325,1.1341,1.1308,1.1344
2019-06-21 20:00:00,1.1341,1.1368,1.134,1.1378
2019-06-24 00:00:00,1.1371,1.1382,1.1366,1.1386
2019-06-24 04:00:00,1.1382,1.1375,1.1375,1.1386
2019-06-24 08:00:00,1.1375,1.1386,1.1372,1.1395
2019-06-24 12:00:00,1.1386,1.1388,1.1384,1.1398
2019-06-24 16:00:00,1.1388,1.1389,1.1379,1.1401
2019-06-24 20:00:00,1.1389,1.1397,1.1384,1.1404
2019-06-25 00:00:00,1.1397,1.1402,1.1395,1.1406
2019-06-25 04:00:00,1.1402,1.141,1.1401,1.1412
2019-06-25 08:00:00,1.141,1.1385,1.1381,1.141
2019-06-25 12:00:00,1.1385,1.1394,1.1377,1.1394
2019-06-25 16:00:00,1.1394,1.1363,1.136,1.1399
2019-06-25 20:00:00,1.1363,1.1365,1.1344,1.139
2019-06-26 00:00:00,1.1365,1.1362,1.136,1.1372
2019-06-26 04:00:00,1.1362,1.1356,1.1353,1.1362
2019-06-26 08:00:00,1.1356,1.1359,1.1354,1.1374
2019-06-26 12:00:00,1.1359,1.1359,1.1351,1.1369
2019-06-26 16:00:00,1.1359,1.1383,1.1347,1.1391
2019-06-26 20:00:00,1.1383,1.1367,1.1364,1.1383
2019-06-27 00:00:00,1.1367,1.1373,1.1367,1.1376
2019-06-27 04:00:00,1.1373,1.1353,1.1349,1.1374
2019-06-27 08:00:00,1.1353,1.1372,1.1348,1.1374
2019-06-27 12:00:00,1.1372,1.1366,1.1364,1.1382
2019-06-27 16:00:00,1.1366,1.1366,1.1356,1.1375
2019-06-27 20:00:00,1.1366,1.1369,1.1365,1.1374
2019-06-28 00:00:00,1.1369,1.137,1.1365,1.1376
2019-06-28 04:00:00,1.137,1.1363,1.1363,1.1372
2019-06-28 08:00:00,1.1363,1.139,1.1361,1.1393
2019-06-28 12:00:00,1.139,1.1385,1.1368,1.1393
2019-06-28 16:00:00,1.1385,1.1359,1.1351,1.1392
2019-06-28 20:00:00,1.1359,1.1369,1.1356,1.1378
2019-07-01 00:00:00,1.136,1.1354,1.1354,1.1371
2019-07-01 04:00:00,1.1354,1.1348,1.1348,1.1357
2019-07-01 08:00:00,1.1348,1.1331,1.1317,1.1349
2019-07-01 12:00:00,1.1331,1.1346,1.1321,1.136
2019-07-01 16:00:00,1.1346,1.1294,1.1292,1.1349
2019-07-01 20:00:00,1.1294,1.1284,1.1281,1.1295
2019-07-02 00:00:00,1.1284,1.1284,1.128,1.129
2019-07-02 04:00:00,1.1284,1.129,1.1275,1.129
2019-07-02 08:00:00,1.129,1.1293,1.1286,1.13
2019-07-02 12:00:00,1.1293,1.1298,1.1289,1.1322
2019-07-02 16:00:00,1.1298,1.1307,1.1286,1.1312
2019-07-02 20:00:00,1.1307,1.1284,1.1282,1.1307
2019-07-03 00:00:00,1.1284,1.1293,1.1284,1.1294
2019-07-03 04:00:00,1.1293,1.1288,1.1286,1.1295
2019-07-03 08:00:00,1.1288,1.1288,1.1268,1.129
2019-07-03 12:00:00,1.1288,1.1283,1.1277,1.13
2019-07-03 16:00:00,1.1283,1.1281,1.1272,1.1312
2019-07-03 20:00:00,1.1281,1.1276,1.1275,1.1285
2019-07-04 00:00:00,1.1276,1.1287,1.1276,1.1289
2019-07-04 04:00:00,1.1287,1.1286,1.1282,1.1295
2019-07-04 08:00:00,1.1286,1.128,1.1279,1.129
2019-07-04 12:00:00,1.128,1.1283,1.1277,1.129
2019-07-04 16:00:00,1.1283,1.1281,1.1273,1.1284
2019-07-04 20:00:00,1.1281,1.1284,1.1281,1.1286
2019-07-05 00:00:00,1.1284,1.128,1.128,1.1288
2019-07-05 04:00:00,1.128,1.1281,1.1278,1.1284
2019-07-05 08:00:00,1.1281,1.1262,1.1261,1.1282
2019-07-05 12:00:00,1.1262,1.1244,1.1232,1.127
2019-07-05 16:00:00,1.1244,1.1219,1.1207,1.1244
2019-07-05 20:00:00,1.1219,1.1226,1.1216,1.1228
2019-07-08 00:00:00,1.1221,1.1221,1.122,1.123
2019-07-08 04:00:00,1.1221,1.1231,1.1221,1.1231
2019-07-08 08:00:00,1.1231,1.1231,1.1219,1.1234
2019-07-08 12:00:00,1.1231,1.1223,1.1213,1.1233
2019-07-08 16:00:00,1.1223,1.1215,1.1207,1.1224
2019-07-08 20:00:00,1.1215,1.1214,1.1208,1.1221
2019-07-09 00:00:00,1.1214,1.1216,1.1213,1.1219
2019-07-09 04:00:00,1.1216,1.1218,1.121,1.1218
2019-07-09 08:00:00,1.1218,1.1199,1.1196,1.1218
2019-07-09 12:00:00,1.1199,1.1205,1.1193,1.1209
2019-07-09 16:00:00,1.1205,1.1208,1.12,1.1211
2019-07-09 20:00:00,1.1208,1.1208,1.1203,1.1214
2019-07-10 00:00:00,1.1208,1.1203,1.1202,1.1209
2019-07-10 04:00:00,1.1203,1.1208,1.1202,1.121
2019-07-10 08:00:00,1.1207,1.1225,1.1203,1.1227
2019-07-10 12:00:00,1.1225,1.125,1.1212,1.1256
2019-07-10 16:00:00,1.125,1.1259,1.1236,1.1264
2019-07-10 20:00:00,1.1259,1.125,1.125,1.1262
2019-07-11 00:00:00,1.125,1.1261,1.125,1.1265
2019-07-11 04:00:00,1.1261,1.1276,1.1258,1.1281
2019-07-11 08:00:00,1.1276,1.1274,1.1267,1.1279
2019-07-11 12:00:00,1.1274,1.1267,1.1262,1.1286
2019-07-11 16:00:00,1.1267,1.1254,1.1245,1.1273
2019-07-11 20:00:00,1.1254,1.1253,1.1246,1.1261
2019-07-12 00:00:00,1.1253,1.1258,1.1249,1.126
2019-07-12 04:00:00,1.1258,1.1271,1.1258,1.1274
2019-07-12 08:00:00,1.1271,1.1262,1.1261,1.1275
2019-07-12 12:00:00,1.1262,1.1245,1.1238,1.1267
2019-07-12 16:00:00,1.1245,1.1268,1.1241,1.1268
2019-07-12 20:00:00,1.1268,1.127,1.1264,1.1274
2019-07-15 00:00:00,1.1268,1.1274,1.1262,1.1275
2019-07-15 04:00:00,1.1274,1.1272,1.1264,1.1274
2019-07-15 08:00:00,1.1272,1.1273,1.127,1.1284
2019-07-15 12:00:00,1.1273,1.1266,1.1261,1.1284
2019-07-15 16:00:00,1.1266,1.1259,1.1253,1.1271
2019-07-15 20:00:00,1.1259,1.1257,1.1254,1.126
2019-07-16 00:00:00,1.1257,1.1258,1.1257,1.1263
2019-07-16 04:00:00,1.1258,1.126,1.1255,1.1263
2019-07-16 08:00:00,1.126,1.1245,1.1236,1.1262
2019-07-16 12:00:00,1.1245,1.1219,1.1209,1.1246
2019-07-16 16:00:00,1.1219,1.1212,1.1208,1.1224
2019-07-16 20:00:00,1.1212,1.1209,1.1202,1.122
2019-07-17 00:00:00,1.1209,1.1212,1.1207,1.1213
2019-07-17 04:00:00,1.1212,1.1216,1.1208,1.1216
2019-07-17 08:00:00,1.1216,1.1211,1.12,1.1217
2019-07-17 12:00:00,1.1211,1.1212,1.121,1.1222
2019-07-17 16:00:00,1.1212,1.1225,1.1211,1.1234
2019-07-17 20:00:00,1.1225,1.1224,1.1219,1.1231
2019-07-18 00:00:00,1.1224,1.1238,1.1224,1.1239
2019-07-18 04:00:00,1.1238,1.1237,1.1233,1.1242
2019-07-18 08:00:00,1.1237,1.1239,1.1234,1.1244
2019-07-18 12:00:00,1.1239,1.1217,1.1205,1.124
2019-07-18 16:00:00,1.1217,1.1224,1.1213,1.123
2019-07-18 20:00:00,1.1224,1.1275,1.1222,1.1281
2019-07-19 00:00:00,1.1275,1.1261,1.124,1.1282
2019-07-19 04:00:00,1.1261,1.1259,1.1258,1.1268
2019-07-19 08:00:00,1.1259,1.1251,1.125,1.1265
2019-07-19 12:00:00,1.1251,1.1226,1.1217,1.1252
2019-07-19 16:00:00,1.1226,1.1229,1.1214,1.1239
2019-07-19 20:00:00,1.1229,1.122,1.1203,1.123
2019-07-22 00:00:00,1.1214,1.1212,1.121,1.122
2019-07-22 04:00:00,1.1212,1.1218,1.1208,1.1221
2019-07-22 08:00:00,1.1218,1.1217,1.1212,1.1224
2019-07-22 12:00:00,1.1217,1.1218,1.1207,1.1224
2019-07-22 16:00:00,1.1218,1.1218,1.1212,1.1225
2019-07-22 20:00:00,1.1218,1.1208,1.1206,1.122
2019-07-23 00:00:00,1.1208,1.1205,1.1203,1.121
2019-07-23 04:00:00,1.1205,1.1192,1.119,1.1205
2019-07-23 08:00:00,1.1192,1.1183,1.1181,1.1196
2019-07-23 12:00:00,1.1183,1.1169,1.1168,1.1185
2019-07-23 16:00:00,1.1169,1.1151,1.1148,1.117
2019-07-23 20:00:00,1.1151,1.1151,1.1146,1.1158
2019-07-24 00:00:00,1.1151,1.1148,1.1144,1.1155
2019-07-24 04:00:00,1.1148,1.1145,1.1143,1.115
2019-07-24 08:00:00,1.1145,1.1138,1.1127,1.1155
2019-07-24 12:00:00,1.1138,1.1142,1.1136,1.1155
2019-07-24 16:00:00,1.1142,1.1145,1.1139,1.1156
2019-07-24 20:00:00,1.1145,1.1139,1.1133,1.1146
2019-07-25 00:00:00,1.1139,1.1136,1.1134,1.1144
2019-07-25 04:00:00,1.1136,1.1135,1.1134,1.1141
2019-07-25 08:00:00,1.1135,1.1129,1.1122,1.1137
2019-07-25 12:00:00,1.1129,1.1155,1.1101,1.1162
2019-07-25 16:00:00,1.1155,1.1133,1.1132,1.1188
2019-07-25 20:00:00,1.1133,1.1146,1.1126,1.1151
2019-07-26 00:00:00,1.1146,1.1146,1.1142,1.115
2019-07-26 04:00:00,1.1146,1.1147,1.1145,1.1151
2019-07-26 08:00:00,1.1147,1.1136,1.1132,1.1148
2019-07-26 12:00:00,1.1136,1.1133,1.1125,1.1147
2019-07-26 16:00:00,1.1133,1.1122,1.1112,1.1142
2019-07-26 20:00:00,1.1122,1.1127,1.1119,1.1132
2019-07-29 00:00:00,1.1126,1.1136,1.1126,1.1138
2019-07-29 04:00:00,1.1136,1.1127,1.1126,1.1139
2019-07-29 08:00:00,1.1127,1.1123,1.1117,1.1129
2019-07-29 12:00:00,1.1123,1.1123,1.1113,1.1129
2019-07-29 16:00:00,1.1123,1.114,1.1118,1.1144
2019-07-29 20:00:00,1.114,1.1145,1.1139,1.1151
2019-07-30 00:00:00,1.1145,1.1142,1.114,1.1147
2019-07-30 04:00:00,1.1142,1.1137,1.1133,1.1144
2019-07-30 08:00:00,1.1137,1.1147,1.1132,1.1149
2019-07-30 12:00:00,1.1147,1.1154,1.114,1.116
2019-07-30 16:00:00,1.1154,1.1152,1.1138,1.1155
2019-07-30 20:00:00,1.1152,1.1154,1.1149,1.1161
2019-07-31 00:00:00,1.1154,1.1153,1.1153,1.1159
2019-07-31 04:00:00,1.1153,1.1155,1.1148,1.1156
2019-07-31 08:00:00,1.1155,1.1144,1.1143,1.1162
2019-07-31 12:00:00,1.1144,1.1151,1.1143,1.1153
2019-07-31 16:00:00,1.1151,1.1128,1.112,1.1152
2019-07-31 20:00:00,1.1128,1.1075,1.106,1.1139
2019-08-01 00:00:00,1.1075,1.1041,1.1034,1.1081
2019-08-01 04:00:00,1.1041,1.1053,1.1037,1.1053
2019-08-01 08:00:00,1.1053,1.1047,1.1032,1.1054
2019-08-01 12:00:00,1.1047,1.103,1.1027,1.105
2019-08-01 16:00:00,1.103,1.1068,1.1027,1.107
2019-08-01 20:00:00,1.1068,1.1084,1.1064,1.1096
2019-08-02 00:00:00,1.1084,1.1089,1.1074,1.1097
2019-08-02 04:00:00,1.1089,1.1082,1.107,1.1095
2019-08-02 08:00:00,1.1082,1.1096,1.1077,1.1115
2019-08-02 12:00:00,1.1096,1.1085,1.1078,1.1107
2019-08-02 16:00:00,1.1085,1.1114,1.1081,1.1116
2019-08-02 20:00:00,1.1114,1.1105,1.1104,1.1116
2019-08-05 00:00:00,1.1107,1.1126,1.1104,1.1133
2019-08-05 04:00:00,1.1126,1.1128,1.1112,1.1132
2019-08-05 08:00:00,1.1128,1.1147,1.1114,1.1148
2019-08-05 12:00:00,1.1147,1.1177,1.1142,1.1184
2019-08-05 16:00:00,1.1177,1.1211,1.117,1.1213
2019-08-05 20:00:00,1.1211,1.1202,1.1194,1.1212
2019-08-06 00:00:00,1.1203,1.1243,1.1199,1.125
2019-08-06 04:00:00,1.1243,1.1203,1.119,1.1243
2019-08-06 08:00:00,1.1203,1.1199,1.1197,1.1219
2019-08-06 12:00:00,1.1199,1.118,1.1177,1.1205
2019-08-06 16:00:00,1.118,1.1197,1.1167,1.1206
2019-08-06 20:00:00,1.1197,1.1198,1.1191,1.1207
2019-08-07 00:00:00,1.1198,1.1209,1.1198,1.1218
2019-08-07 04:00:00,1.1209,1.1211,1.1205,1.122
2019-08-07 08:00:00,1.1211,1.1191,1.1187,1.1212
2019-08-07 12:00:00,1.1191,1.1207,1.1179,1.1209
2019-08-07 16:00:00,1.1207,1.1227,1.1203,1.1242
2019-08-07 20:00:00,1.1227,1.1198,1.1198,1.1231
2019-08-08 00:00:00,1.1198,1.121,1.1198,1.1214
2019-08-08 04:00:00,1.121,1.121,1.1201,1.1212
2019-08-08 08:00:00,1.121,1.1215,1.12,1.1228
2019-08-08 12:00:00,1.1215,1.1204,1.1181,1.1221
2019-08-08 16:00:00,1.1204,1.1205,1.1187,1.1232
2019-08-08 20:00:00,1.1205,1.1179,1.1177,1.121
2019-08-09 00:00:00,1.1179,1.1193,1.1178,1.1195
2019-08-09 04:00:00,1.1193,1.1195,1.119,1.1197
2019-08-09 08:00:00,1.1195,1.1194,1.1183,1.1198
2019-08-09 12:00:00,1.1194,1.1202,1.1193,1.1208
2019-08-09 16:00:00,1.1202,1.1211,1.1188,1.1223
2019-08-09 20:00:00,1.1211,1.1201,1.12,1.1212
2019-08-12 00:00:00,1.1198,1.1205,1.1196,1.1208
2019-08-12 04:00:00,1.1205,1.1209,1.1203,1.121
2019-08-12 08:00:00,1.1209,1.1176,1.1162,1.1211
2019-08-12 12:00:00,1.1176,1.121,1.1173,1.1214
2019-08-12 16:00:00,1.121,1.1212,1.1208,1.1231
2019-08-12 20:00:00,1.1212,1.1213,1.121,1.1223
2019-08-13 00:00:00,1.1213,1.1206,1.1206,1.1221
2019-08-13 04:00:00,1.1206,1.119,1.1182,1.121
2019-08-13 08:00:00,1.119,1.1192,1.1186,1.1198
2019-08-13 12:00:00,1.1192,1.1217,1.1184,1.1229
2019-08-13 16:00:00,1.1217,1.118,1.117,1.1219
2019-08-13 20:00:00,1.118,1.117,1.117,1.1186
2019-08-14 00:00:00,1.117,1.1178,1.117,1.1178
2019-08-14 04:00:00,1.1178,1.1172,1.1169,1.118
2019-08-14 08:00:00,1.1172,1.1176,1.1165,1.1185
2019-08-14 12:00:00,1.1176,1.1177,1.1166,1.1191
2019-08-14 16:00:00,1.1177,1.1144,1.1136,1.118
2019-08-14 20:00:00,1.1144,1.1137,1.113,1.1146
2019-08-15 00:00:00,1.1137,1.1142,1.1133,1.1145
2019-08-15 04:00:00,1.1142,1.1151,1.1139,1.1152
2019-08-15 08:00:00,1.1151,1.1148,1.114,1.1154
2019-08-15 12:00:00,1.1148,1.1142,1.1135,1.1158
2019-08-15 16:00:00,1.1142,1.1099,1.1091,1.1145
2019-08-15 20:00:00,1.1099,1.1106,1.1096,1.1119
2019-08-16 00:00:00,1.1106,1.1104,1.11,1.1112
2019-08-16 04:00:00,1.1104,1.1103,1.1096,1.1104
2019-08-16 08:00:00,1.1103,1.1084,1.1082,1.1106
2019-08-16 12:00:00,1.1084,1.1074,1.1066,1.1087
2019-08-16 16:00:00,1.1074,1.1093,1.1069,1.1107
2019-08-16 20:00:00,1.1093,1.1089,1.1089,1.1103
2019-08-19 00:00:00,1.1093,1.1091,1.1088,1.1101
2019-08-19 04:00:00,1.1091,1.1092,1.1088,1.1094
2019-08-19 08:00:00,1.1091,1.1102,1.1088,1.111
2019-08-19 12:00:00,1.1102,1.1099,1.1096,1.1114
2019-08-19 16:00:00,1.1099,1.1093,1.1093,1.1104
2019-08-19 20:00:00,1.1093,1.1077,1.1076,1.1097
2019-08-20 00:00:00,1.1077,1.1085,1.1077,1.1088
2019-08-20 04:00:00,1.1085,1.1087,1.1084,1.1088
2019-08-20 08:00:00,1.1087,1.1078,1.1071,1.1087
2019-08-20 12:00:00,1.1078,1.1077,1.1074,1.1085
2019-08-20 16:00:00,1.1078,1.1099,1.1066,1.11
2019-08-20 20:00:00,1.1099,1.1098,1.1096,1.1107
2019-08-21 00:00:00,1.1098,1.1092,1.1092,1.1103
2019-08-21 04:00:00,1.1092,1.1094,1.1091,1.1105
2019-08-21 08:00:00,1.1094,1.1098,1.1088,1.1106
2019-08-21 12:00:00,1.1098,1.1103,1.1094,1.1107
2019-08-21 16:00:00,1.1103,1.1103,1.1092,1.1105
2019-08-21 20:00:00,1.1103,1.1084,1.108,1.1105
2019-08-22 00:00:00,1.1084,1.1086,1.1084,1.1092
2019-08-22 04:00:00,1.1086,1.1082,1.1081,1.109
2019-08-22 08:00:00,1.1082,1.1099,1.1076,1.1113
2019-08-22 12:00:00,1.1099,1.108,1.1064,1.1099
2019-08-22 16:00:00,1.108,1.1082,1.1068,1.1099
2019-08-22 20:00:00,1.1082,1.1079,1.1078,1.1089
2019-08-23 00:00:00,1.1079,1.1079,1.1079,1.1086
2019-08-23 04:00:00,1.1079,1.1069,1.1061,1.1081
2019-08-23 08:00:00,1.1069,1.1068,1.1065,1.1074
2019-08-23 12:00:00,1.1068,1.1063,1.1052,1.1073
2019-08-23 16:00:00,1.1063,1.1138,1.1053,1.1148
2019-08-23 20:00:00,1.1138,1.1145,1.1133,1.1153
2019-08-26 00:00:00,1.1148,1.1143,1.1136,1.1164
2019-08-26 04:00:00,1.1143,1.1143,1.1132,1.1148
2019-08-26 08:00:00,1.1143,1.1115,1.1111,1.1153
2019-08-26 12:00:00,1.1115,1.1111,1.1106,1.1124
2019-08-26 16:00:00,1.1111,1.111,1.1107,1.1124
2019-08-26 20:00:00,1.111,1.1099,1.1094,1.111
2019-08-27 00:00:00,1.1099,1.1103,1.1098,1.1106
2019-08-27 04:00:00,1.1103,1.1098,1.1098,1.1107
2019-08-27 08:00:00,1.1098,1.1113,1.1098,1.1116
2019-08-27 12:00:00,1.1113,1.1109,1.11,1.1115
2019-08-27 16:00:00,1.1109,1.1097,1.1086,1.1109
2019-08-27 20:00:00,1.1097,1.1088,1.1087,1.1097
2019-08-28 00:00:00,1.1088,1.1088,1.1086,1.1094
2019-08-28 04:00:00,1.1088,1.1087,1.1084,1.109
2019-08-28 08:00:00,1.1087,1.1089,1.1083,1.1098
2019-08-28 12:00:00,1.1089,1.1082,1.108,1.1098
2019-08-28 16:00:00,1.1082,1.1079,1.1073,1.1086
2019-08-28 20:00:00,1.1079,1.1077,1.1075,1.1086
2019-08-29 00:00:00,1.1077,1.1085,1.1077,1.1087
2019-08-29 04:00:00,1.1085,1.1081,1.108,1.1087
2019-08-29 08:00:00,1.1081,1.1076,1.1075,1.1086
2019-08-29 12:00:00,1.1076,1.107,1.1069,1.1082
2019-08-29 16:00:00,1.107,1.1053,1.105,1.1094
2019-08-29 20:00:00,1.1053,1.1056,1.1042,1.1058
2019-08-30 00:00:00,1.1056,1.1054,1.1052,1.106
2019-08-30 04:00:00,1.1054,1.1045,1.1042,1.1054
2019-08-30 08:00:00,1.1045,1.1038,1.1033,1.1052
2019-08-30 12:00:00,1.1038,1.1038,1.1034,1.1046
2019-08-30 16:00:00,1.1038,1.0987,1.0985,1.105
2019-08-30 20:00:00,1.0987,1.0994,1.0963,1.0994
2019-09-02 00:00:00,1.099,1.0987,1.0983,1.0997
2019-09-02 04:00:00,1.0988,1.0988,1.0984,1.0993
2019-09-02 08:00:00,1.0988,1.0973,1.097,1.0993
2019-09-02 12:00:00,1.0973,1.0966,1.0958,1.0975
2019-09-02 16:00:00,1.0966,1.0973,1.096,1.0976
2019-09-02 20:00:00,1.0973,1.0965,1.0962,1.0974
2019-09-03 00:00:00,1.0965,1.0954,1.0951,1.0972
2019-09-03 04:00:00,1.0954,1.094,1.0931,1.0954
2019-09-03 08:00:00,1.094,1.095,1.0933,1.0951
2019-09-03 12:00:00,1.0949,1.094,1.0926,1.0949
2019-09-03 16:00:00,1.094,1.097,1.0928,1.0979
2019-09-03 20:00:00,1.097,1.0972,1.0965,1.0976
2019-09-04 00:00:00,1.0972,1.0974,1.0968,1.0979
2019-09-04 04:00:00,1.0974,1.0975,1.0972,1.098
2019-09-04 08:00:00,1.0975,1.1007,1.0973,1.1013
2019-09-04 12:00:00,1.1007,1.1016,1.1003,1.1024
2019-09-04 16:00:00,1.1016,1.1026,1.101,1.1033
2019-09-04 20:00:00,1.1026,1.1034,1.1022,1.1038
2019-09-05 00:00:00,1.1034,1.1034,1.1031,1.1038
2019-09-05 04:00:00,1.1034,1.1027,1.1024,1.1039
2019-09-05 08:00:00,1.1027,1.1037,1.1016,1.1044
2019-09-05 12:00:00,1.1037,1.106,1.1035,1.1067
2019-09-05 16:00:00,1.106,1.1041,1.1035,1.1085
2019-09-05 20:00:00,1.1041,1.1034,1.1032,1.1043
2019-09-06 00:00:00,1.1034,1.103,1.103,1.1038
2019-09-06 04:00:00,1.103,1.1038,1.103,1.1038
2019-09-06 08:00:00,1.1038,1.1037,1.1036,1.1051
2019-09-06 12:00:00,1.1037,1.104,1.102,1.1047
2019-09-06 16:00:00,1.104,1.1035,1.1027,1.1057
2019-09-06 20:00:00,1.1035,1.1025,1.1024,1.1039
2019-09-09 00:00:00,1.1025,1.1017,1.1015,1.1027
2019-09-09 04:00:00,1.1017,1.1027,1.1015,1.1029
2019-09-09 08:00:00,1.1027,1.1034,1.1022,1.1037
2019-09-09 12:00:00,1.1034,1.1043,1.1021,1.1059
2019-09-09 16:00:00,1.1043,1.106,1.1042,1.1068
2019-09-09 20:00:00,1.106,1.1044,1.1044,1.1061
2019-09-10 00:00:00,1.1044,1.1043,1.1043,1.1053
2019-09-10 04:00:00,1.1043,1.1043,1.104,1.1047
2019-09-10 08:00:00,1.1043,1.1038,1.1037,1.1059
2019-09-10 12:00:00,1.1038,1.104,1.1032,1.1047
2019-09-10 16:00:00,1.104,1.1041,1.1031,1.1052
2019-09-10 20:00:00,1.1041,1.1043,1.1036,1.1049
2019-09-11 00:00:00,1.1043,1.1047,1.1036,1.1055
2019-09-11 04:00:00,1.1047,1.1053,1.1044,1.1056
2019-09-11 08:00:00,1.1053,1.1026,1.1023,1.1053
2019-09-11 12:00:00,1.1025,1.1001,1.0997,1.1028
2019-09-11 16:00:00,1.1001,1.1007,1.0985,1.1008
2019-09-11 20:00:00,1.1007,1.101,1.1004,1.1014
2019-09-12 00:00:00,1.101,1.101,1.1007,1.1014
2019-09-12 04:00:00,1.101,1.1014,1.1009,1.1015
2019-09-12 08:00:00,1.1014,1.1027,1.1005,1.1032
2019-09-12 12:00:00,1.1027,1.0946,1.0927,1.1069
2019-09-12 16:00:00,1.0946,1.1068,1.094,1.108
2019-09-12 20:00:00,1.1068,1.1063,1.1061,1.1087
2019-09-13 00:00:00,1.1063,1.1064,1.1055,1.1067
2019-09-13 04:00:00,1.1064,1.1069,1.1063,1.1073
2019-09-13 08:00:00,1.1069,1.1092,1.1068,1.1109
2019-09-13 12:00:00,1.1092,1.1088,1.1079,1.1107
2019-09-13 16:00:00,1.1088,1.1076,1.1061,1.1088
2019-09-13 20:00:00,1.1076,1.1075,1.1067,1.108
2019-09-16 00:00:00,1.1074,1.1076,1.107,1.1086
2019-09-16 04:00:00,1.1076,1.1073,1.107,1.108
2019-09-16 08:00:00,1.1073,1.1059,1.1058,1.1082
2019-09-16 12:00:00,1.1059,1.1027,1.1025,1.1069
2019-09-16 16:00:00,1.1027,1.1002,1.0993,1.1027
2019-09-16 20:00:00,1.1002,1.0999,1.0994,1.1011
2019-09-17 00:00:00,1.0999,1.1009,1.0997,1.1012
2019-09-17 04:00:00,1.1009,1.1013,1.1001,1.1014
2019-09-17 08:00:00,1.1013,1.1014,1.099,1.1023
2019-09-17 12:00:00,1.1014,1.1027,1.1007,1.1032
2019-09-17 16:00:00,1.1027,1.107,1.102,1.1071
2019-09-17 20:00:00,1.107,1.1071,1.1065,1.1074
2019-09-18 00:00:00,1.1071,1.107,1.1068,1.1076
2019-09-18 04:00:00,1.107,1.1064,1.1064,1.1072
2019-09-18 08:00:00,1.1064,1.1042,1.1041,1.1069
2019-09-18 12:00:00,1.1042,1.1056,1.1037,1.1058
2019-09-18 16:00:00,1.1056,1.1063,1.1051,1.1068
2019-09-18 20:00:00,1.1063,1.1029,1.1014,1.1068
2019-09-19 00:00:00,1.1029,1.1025,1.1023,1.1035
2019-09-19 04:00:00,1.1025,1.1039,1.1024,1.104
2019-09-19 08:00:00,1.1039,1.1059,1.1035,1.1065
2019-09-19 12:00:00,1.1059,1.1067,1.1056,1.1073
2019-09-19 16:00:00,1.1067,1.1045,1.1038,1.107
2019-09-19 20:00:00,1.1045,1.104,1.104,1.1062
2019-09-20 00:00:00,1.104,1.105,1.104,1.1052
2019-09-20 04:00:00,1.105,1.1058,1.105,1.106
2019-09-20 08:00:00,1.1058,1.1047,1.1046,1.1068
2019-09-20 12:00:00,1.1047,1.1026,1.1019,1.1054
2019-09-20 16:00:00,1.1026,1.1007,1.0996,1.1026
2019-09-20 20:00:00,1.1007,1.1019,1.1006,1.1022
2019-09-23 00:00:00,1.1011,1.1017,1.1011,1.102
2019-09-23 04:00:00,1.1017,1.1023,1.1016,1.1025
2019-09-23 08:00:00,1.1023,1.0977,1.0966,1.1025
2019-09-23 12:00:00,1.0977,1.0986,1.0966,1.0996
2019-09-23 16:00:00,1.0986,1.0987,1.098,1.1
2019-09-23 20:00:00,1.0987,1.0992,1.0986,1.0998
2019-09-24 00:00:00,1.0992,1.0992,1.0989,1.0997
2019-09-24 04:00:00,1.0992,1.099,1.0986,1.0994
2019-09-24 08:00:00,1.099,1.0994,1.0984,1.0996
2019-09-24 12:00:00,1.0994,1.1007,1.0987,1.1009
2019-09-24 16:00:00,1.1007,1.1014,1.0994,1.1019
2019-09-24 20:00:00,1.1014,1.1018,1.0998,1.1024
2019-09-25 00:00:00,1.1018,1.1007,1.1007,1.1023
2019-09-25 04:00:00,1.1007,1.0996,1.0995,1.101
2019-09-25 08:00:00,1.0996,1.1002,1.0992,1.1003
2019-09-25 12:00:00,1.1002,1.0986,1.0977,1.1005
2019-09-25 16:00:00,1.0986,1.0943,1.094,1.0988
2019-09-25 20:00:00,1.0943,1.0941,1.0937,1.0949
2019-09-26 00:00:00,1.0941,1.0952,1.0941,1.0955
2019-09-26 04:00:00,1.0952,1.0962,1.0951,1.0965
2019-09-26 08:00:00,1.0962,1.0939,1.0933,1.0962
2019-09-26 12:00:00,1.0939,1.0947,1.0922,1.0956
2019-09-26 16:00:00,1.0947,1.0925,1.0922,1.0967
2019-09-26 20:00:00,1.0925,1.0919,1.0908,1.0933
2019-09-27 00:00:00,1.0919,1.0916,1.0904,1.0923
2019-09-27 04:00:00,1.0916,1.0921,1.0912,1.0926
2019-09-27 08:00:00,1.0922,1.0924,1.0907,1.0929
2019-09-27 12:00:00,1.0924,1.0937,1.092,1.0949
2019-09-27 16:00:00,1.0937,1.0944,1.0926,1.0959
2019-09-27 20:00:00,1.0944,1.0941,1.0938,1.0948
2019-09-30 00:00:00,1.094,1.0937,1.0936,1.0946
2019-09-30 04:00:00,1.0937,1.0936,1.093,1.0937
2019-09-30 08:00:00,1.0936,1.0934,1.0931,1.0948
2019-09-30 12:00:00,1.0934,1.0899,1.0885,1.0934
2019-09-30 16:00:00,1.0899,1.0903,1.0891,1.0914
2019-09-30 20:00:00,1.0903,1.0898,1.0893,1.0906
2019-10-01 00:00:00,1.0898,1.0896,1.0895,1.0901
2019-10-01 04:00:00,1.0896,1.0891,1.0886,1.0897
2019-10-01 08:00:00,1.0891,1.0893,1.0879,1.0896
2019-10-01 12:00:00,1.0893,1.0895,1.0889,1.0908
2019-10-01 16:00:00,1.0895,1.0938,1.0884,1.0943
2019-10-01 20:00:00,1.0938,1.0932,1.0925,1.094
2019-10-02 00:00:00,1.0932,1.0939,1.0928,1.0941
2019-10-02 04:00:00,1.0939,1.0933,1.0931,1.094
2019-10-02 08:00:00,1.0933,1.0905,1.0904,1.0937
2019-10-02 12:00:00,1.0905,1.0931,1.0905,1.0935
2019-10-02 16:00:00,1.0931,1.0958,1.0929,1.0959
2019-10-02 20:00:00,1.0958,1.0959,1.0955,1.0964
2019-10-03 00:00:00,1.0959,1.096,1.0958,1.0965
2019-10-03 04:00:00,1.096,1.0958,1.0955,1.0962
2019-10-03 08:00:00,1.0958,1.0963,1.0941,1.0974
2019-10-03 12:00:00,1.0963,1.0962,1.0945,1.097
2019-10-03 16:00:00,1.0962,1.0983,1.0952,1.0999
2019-10-03 20:00:00,1.0983,1.0962,1.0962,1.0987
2019-10-04 00:00:00,1.0962,1.0979,1.0962,1.0979
2019-10-04 04:00:00,1.0979,1.0971,1.0971,1.0984
2019-10-04 08:00:00,1.0971,1.0974,1.0964,1.0978
2019-10-04 12:00:00,1.0974,1.0965,1.0957,1.0999
2019-10-04 16:00:00,1.0965,1.0984,1.0959,1.0987
2019-10-04 20:00:00,1.0984,1.0977,1.0972,1.0986
2019-10-07 00:00:00,1.098,1.0988,1.0973,1.0988
2019-10-07 04:00:00,1.0988,1.098,1.0978,1.099
2019-10-07 08:00:00,1.098,1.0964,1.0962,1.0984
2019-10-07 12:00:00,1.0964,1.0998,1.0963,1.0998
2019-10-07 16:00:00,1.0998,1.0983,1.0978,1.1001
2019-10-07 20:00:00,1.0983,1.0969,1.0969,1.0985
2019-10-08 00:00:00,1.0969,1.0969,1.0965,1.0974
2019-10-08 04:00:00,1.0969,1.0976,1.0966,1.0978
2019-10-08 08:00:00,1.0976,1.0991,1.0973,1.0992
2019-10-08 12:00:00,1.0991,1.0984,1.0982,1.0996
2019-10-08 16:00:00,1.0984,1.0953,1.0945,1.0987
2019-10-08 20:00:00,1.0953,1.0955,1.0941,1.0962
2019-10-09 00:00:00,1.0955,1.0958,1.095,1.0961
2019-10-09 04:00:00,1.0958,1.0962,1.0957,1.0966
2019-10-09 08:00:00,1.0962,1.0984,1.0956,1.099
2019-10-09 12:00:00,1.0984,1.0975,1.0971,1.099
2019-10-09 16:00:00,1.0975,1.0973,1.097,1.0984
2019-10-09 20:00:00,1.0973,1.0969,1.0968,1.0982
2019-10-10 00:00:00,1.0969,1.0982,1.0969,1.099
2019-10-10 04:00:00,1.0982,1.0986,1.098,1.0993
2019-10-10 08:00:00,1.0986,1.1017,1.0983,1.102
2019-10-10 12:00:00,1.1017,1.1023,1.1013,1.1034
2019-10-10 16:00:00,1.1023,1.1016,1.1002,1.1028
2019-10-10 20:00:00,1.1016,1.1005,1.1003,1.1022
2019-10-11 00:00:00,1.1005,1.1006,1.1004,1.1014
2019-10-11 04:00:00,1.1006,1.1016,1.1006,1.1019
2019-10-11 08:00:00,1.1016,1.1009,1.1001,1.1023
2019-10-11 12:00:00,1.101,1.1046,1.1007,1.1062
2019-10-11 16:00:00,1.1046,1.1051,1.1025,1.1063
2019-10-11 20:00:00,1.1051,1.1035,1.1033,1.1052
2019-10-14 00:00:00,1.1033,1.1028,1.1024,1.1038
2019-10-14 04:00:00,1.1028,1.1031,1.1024,1.1035
2019-10-14 08:00:00,1.1031,1.103,1.1013,1.1034
2019-10-14 12:00:00,1.103,1.1024,1.1024,1.1043
2019-10-14 16:00:00,1.1024,1.103,1.1018,1.1031
2019-10-14 20:00:00,1.103,1.1025,1.1023,1.1033
2019-10-15 00:00:00,1.1025,1.1025,1.1021,1.103
2019-10-15 04:00:00,1.1025,1.1028,1.1025,1.1033
2019-10-15 08:00:00,1.1028,1.1026,1.1013,1.1046
2019-10-15 12:00:00,1.1026,1.1005,1.0995,1.1027
2019-10-15 16:00:00,1.1005,1.1023,1.0991,1.1045
2019-10-15 20:00:00,1.1023,1.1032,1.1017,1.1038
2019-10-16 00:00:00,1.1032,1.1032,1.1024,1.1035
2019-10-16 04:00:00,1.1032,1.103,1.1024,1.1032
2019-10-16 08:00:00,1.103,1.1036,1.1029,1.106
2019-10-16 12:00:00,1.1036,1.104,1.1022,1.1049
2019-10-16 16:00:00,1.104,1.1081,1.1039,1.1085
2019-10-16 20:00:00,1.1081,1.1071,1.1065,1.1081
2019-10-17 00:00:00,1.1071,1.1083,1.107,1.1085
2019-10-17 04:00:00,1.1083,1.1076,1.1075,1.1084
2019-10-17 08:00:00,1.1076,1.109,1.1065,1.1093
2019-10-17 12:00:00,1.109,1.1117,1.109,1.114
2019-10-17 16:00:00,1.1117,1.1126,1.111,1.1132
2019-10-17 20:00:00,1.1126,1.1121,1.112,1.1129
2019-10-18 00:00:00,1.1121,1.1128,1.1121,1.1129
2019-10-18 04:00:00,1.1128,1.1122,1.1121,1.1131
2019-10-18 08:00:00,1.1122,1.1128,1.1115,1.1131
2019-10-18 12:00:00,1.1128,1.1147,1.1125,1.115
2019-10-18 16:00:00,1.1147,1.1158,1.1135,1.116
2019-10-18 20:00:00,1.1158,1.117,1.1156,1.1171
2019-10-21 00:00:00,1.1162,1.1162,1.1149,1.1163
2019-10-21 04:00:00,1.1162,1.1157,1.1154,1.1162
2019-10-21 08:00:00,1.1157,1.1167,1.1149,1.1179
2019-10-21 12:00:00,1.1167,1.1161,1.116,1.1174
2019-10-21 16:00:00,1.1161,1.1151,1.1138,1.1163
2019-10-21 20:00:00,1.1151,1.1149,1.1145,1.1154
2019-10-22 00:00:00,1.1149,1.1154,1.1144,1.1154
2019-10-22 04:00:00,1.1154,1.1153,1.1147,1.1157
2019-10-22 08:00:00,1.1153,1.1141,1.1133,1.1157
2019-10-22 12:00:00,1.1141,1.1127,1.1123,1.1148
2019-10-22 16:00:00,1.1127,1.114,1.1125,1.1146
2019-10-22 20:00:00,1.114,1.1124,1.1118,1.1154
2019-10-23 00:00:00,1.1124,1.1126,1.1123,1.1131
2019-10-23 04:00:00,1.1126,1.1121,1.1116,1.1127
2019-10-23 08:00:00,1.1121,1.1118,1.1118,1.1129
2019-10-23 12:00:00,1.1118,1.1123,1.1106,1.1125
2019-10-23 16:00:00,1.1122,1.1121,1.1112,1.1124
2019-10-23 20:00:00,1.1121,1.113,1.1119,1.114
2019-10-24 00:00:00,1.113,1.1131,1.1129,1.1133
2019-10-24 04:00:00,1.1131,1.1134,1.1131,1.1142
2019-10-24 08:00:00,1.1134,1.1132,1.1124,1.1163
2019-10-24 12:00:00,1.1132,1.1149,1.112,1.1154
2019-10-24 16:00:00,1.1149,1.1107,1.1093,1.1152
2019-10-24 20:00:00,1.1107,1.1103,1.1099,1.1111
2019-10-25 00:00:00,1.1103,1.1102,1.1101,1.1107
2019-10-25 04:00:00,1.1102,1.1102,1.1101,1.1105
2019-10-25 08:00:00,1.1102,1.1121,1.1101,1.1123
2019-10-25 12:00:00,1.1121,1.11,1.1096,1.1123
2019-10-25 16:00:00,1.11,1.1074,1.1073,1.1105
2019-10-25 20:00:00,1.1074,1.1079,1.1073,1.1082
2019-10-28 00:00:00,1.1078,1.1082,1.1078,1.1084
2019-10-28 04:00:00,1.1082,1.1083,1.1076,1.1084
2019-10-28 08:00:00,1.1083,1.1091,1.1082,1.1097
2019-10-28 12:00:00,1.1091,1.1087,1.1087,1.1107
2019-10-28 16:00:00,1.1087,1.1099,1.1084,1.1099
2019-10-28 20:00:00,1.1099,1.1099,1.1097,1.1103
2019-10-29 00:00:00,1.1099,1.1098,1.1097,1.1102
2019-10-29 04:00:00,1.1098,1.1093,1.1091,1.1102
2019-10-29 08:00:00,1.1093,1.1079,1.1077,1.1095
2019-10-29 12:00:00,1.1079,1.1095,1.1073,1.1096
2019-10-29 16:00:00,1.1095,1.1109,1.1093,1.1119
2019-10-29 20:00:00,1.1109,1.1111,1.1105,1.1114
2019-10-30 00:00:00,1.1111,1.1109,1.1107,1.1114
2019-10-30 04:00:00,1.1109,1.1109,1.1106,1.1113
2019-10-30 08:00:00,1.1109,1.1119,1.1108,1.1123
2019-10-30 12:00:00,1.1119,1.1114,1.1102,1.1127
2019-10-30 16:00:00,1.1114,1.1121,1.1103,1.1126
2019-10-30 20:00:00,1.1121,1.115,1.108,1.1152
2019-10-31 00:00:00,1.115,1.1162,1.1148,1.1162
2019-10-31 04:00:00,1.1162,1.1165,1.1159,1.117
2019-10-31 08:00:00,1.1165,1.1175,1.1157,1.1176
2019-10-31 12:00:00,1.1175,1.1153,1.1144,1.1175
2019-10-31 16:00:00,1.1153,1.115,1.1131,1.1159
2019-10-31 20:00:00,1.115,1.1151,1.114,1.1154
2019-11-01 00:00:00,1.1151,1.1155,1.1149,1.1157
2019-11-01 04:00:00,1.1155,1.1164,1.1155,1.1167
2019-11-01 08:00:00,1.1164,1.116,1.1155,1.1169
2019-11-01 12:00:00,1.1161,1.1131,1.1128,1.1161
2019-11-01 16:00:00,1.1131,1.1168,1.1131,1.1172
2019-11-01 20:00:00,1.1168,1.1164,1.1159,1.117
2019-11-04 00:00:00,1.1169,1.1167,1.116,1.1169
2019-11-04 04:00:00,1.1167,1.1168,1.1165,1.1174
2019-11-04 08:00:00,1.1168,1.1165,1.1149,1.1175
2019-11-04 12:00:00,1.1165,1.1156,1.1152,1.117
2019-11-04 16:00:00,1.1156,1.1141,1.114,1.1157
2019-11-04 20:00:00,1.1141,1.1127,1.1125,1.1143
2019-11-05 00:00:00,1.1127,1.1125,1.1122,1.1131
2019-11-05 04:00:00,1.1125,1.1128,1.1113,1.1128
2019-11-05 08:00:00,1.1128,1.1129,1.1124,1.114
2019-11-05 12:00:00,1.1129,1.1099,1.1095,1.1131
2019-11-05 16:00:00,1.1099,1.1068,1.1064,1.11
2019-11-05 20:00:00,1.1068,1.1074,1.1063,1.1075
2019-11-06 00:00:00,1.1074,1.1075,1.1067,1.1076
2019-11-06 04:00:00,1.1075,1.1076,1.107,1.108
2019-11-06 08:00:00,1.1076,1.1091,1.1072,1.1093
2019-11-06 12:00:00,1.1091,1.1088,1.1077,1.1092
2019-11-06 16:00:00,1.1088,1.1066,1.1065,1.1088
2019-11-06 20:00:00,1.1066,1.1065,1.1065,1.1073
2019-11-07 00:00:00,1.1065,1.1064,1.1063,1.1072
2019-11-07 04:00:00,1.1064,1.1061,1.1055,1.1066
2019-11-07 08:00:00,1.1061,1.1078,1.1058,1.1084
2019-11-07 12:00:00,1.1078,1.1067,1.1065,1.1092
2019-11-07 16:00:00,1.1067,1.1041,1.1036,1.1069
2019-11-07 20:00:00,1.1041,1.105,1.1038,1.1054
2019-11-08 00:00:00,1.105,1.1052,1.1046,1.1053
2019-11-08 04:00:00,1.1052,1.1052,1.1047,1.1054
2019-11-08 08:00:00,1.1052,1.1038,1.1038,1.1055
2019-11-08 12:00:00,1.1038,1.103,1.1026,1.1048
2019-11-08 16:00:00,1.103,1.102,1.1017,1.1033
2019-11-08 20:00:00,1.102,1.1019,1.1018,1.1024
2019-11-11 00:00:00,1.1018,1.1018,1.1016,1.1024
2019-11-11 04:00:00,1.1018,1.1025,1.1017,1.1025
2019-11-11 08:00:00,1.1025,1.103,1.1021,1.1033
2019-11-11 12:00:00,1.103,1.1038,1.1026,1.1043
2019-11-11 16:00:00,1.1038,1.1039,1.1031,1.1041
2019-11-11 20:00:00,1.1039,1.1032,1.1031,1.1039
2019-11-12 00:00:00,1.1032,1.1028,1.1028,1.1038
2019-11-12 04:00:00,1.1028,1.1035,1.1026,1.1036
2019-11-12 08:00:00,1.1035,1.1033,1.1019,1.1039
2019-11-12 12:00:00,1.1033,1.102,1.1011,1.1037
2019-11-12 16:00:00,1.102,1.1011,1.1002,1.1023
2019-11-12 20:00:00,1.1011,1.1008,1.1005,1.1015
2019-11-13 00:00:00,1.1008,1.101,1.1007,1.1014
2019-11-13 04:00:00,1.101,1.1015,1.1008,1.1016
2019-11-13 08:00:00,1.1015,1.1015,1.0999,1.1018
2019-11-13 12:00:00,1.1015,1.1008,1.1,1.102
2019-11-13 16:00:00,1.1008,1.0999,1.0995,1.1016
2019-11-13 20:00:00,1.0999,1.1007,1.0998,1.1009
2019-11-14 00:00:00,1.1007,1.1004,1.1003,1.1011
2019-11-14 04:00:00,1.1004,1.0998,1.0995,1.1006
2019-11-14 08:00:00,1.0998,1.1001,1.0994,1.1016
2019-11-14 12:00:00,1.1001,1.0998,1.0989,1.1004
2019-11-14 16:00:00,1.0998,1.1018,1.0993,1.1021
2019-11-14 20:00:00,1.1018,1.102,1.1016,1.1028
2019-11-15 00:00:00,1.102,1.1025,1.1019,1.1027
2019-11-15 04:00:00,1.1025,1.1022,1.1021,1.103
2019-11-15 08:00:00,1.1022,1.1019,1.1015,1.1025
2019-11-15 12:00:00,1.1019,1.1042,1.1019,1.1043
2019-11-15 16:00:00,1.1042,1.1054,1.1038,1.1055
2019-11-15 20:00:00,1.1054,1.1052,1.1051,1.1057
2019-11-18 00:00:00,1.1048,1.1058,1.1048,1.1059
2019-11-18 04:00:00,1.1058,1.1061,1.1058,1.1064
2019-11-18 08:00:00,1.1061,1.1062,1.1055,1.1068
2019-11-18 12:00:00,1.1062,1.1056,1.1054,1.1067
2019-11-18 16:00:00,1.1056,1.1082,1.1055,1.109
2019-11-18 20:00:00,1.1082,1.1071,1.1071,1.1083
2019-11-19 00:00:00,1.1071,1.107,1.1062,1.1074
2019-11-19 04:00:00,1.107,1.1075,1.1069,1.1079
2019-11-19 08:00:00,1.1075,1.1068,1.1064,1.1082
2019-11-19 12:00:00,1.1068,1.1078,1.1065,1.1081
2019-11-19 16:00:00,1.1078,1.108,1.1072,1.1084
2019-11-19 20:00:00,1.108,1.1077,1.1076,1.1083
2019-11-20 00:00:00,1.1077,1.1072,1.107,1.108
2019-11-20 04:00:00,1.1072,1.1074,1.107,1.1077
2019-11-20 08:00:00,1.1074,1.1064,1.1056,1.1074
2019-11-20 12:00:00,1.1064,1.1064,1.1053,1.1069
2019-11-20 16:00:00,1.1064,1.1067,1.1058,1.1081
2019-11-20 20:00:00,1.1067,1.1071,1.1063,1.1075
2019-11-21 00:00:00,1.1071,1.1077,1.1071,1.1079
2019-11-21 04:00:00,1.1077,1.1076,1.1074,1.1079
2019-11-21 08:00:00,1.1076,1.1086,1.1071,1.1089
2019-11-21 12:00:00,1.1086,1.1076,1.1075,1.1097
2019-11-21 16:00:00,1.1076,1.1063,1.1061,1.1082
2019-11-21 20:00:00,1.1062,1.1058,1.1052,1.1063
2019-11-22 00:00:00,1.1058,1.1064,1.1053,1.1066
2019-11-22 04:00:00,1.1064,1.1066,1.1062,1.1067
2019-11-22 08:00:00,1.1066,1.1061,1.1047,1.1087
2019-11-22 12:00:00,1.1061,1.1058,1.1051,1.1068
2019-11-22 16:00:00,1.1058,1.1024,1.1022,1.106
2019-11-22 20:00:00,1.1024,1.1019,1.1014,1.1029
2019-11-25 00:00:00,1.1018,1.1023,1.1017,1.1025
2019-11-25 04:00:00,1.1023,1.1029,1.1019,1.103
2019-11-25 08:00:00,1.1029,1.1013,1.101,1.1032
2019-11-25 12:00:00,1.1013,1.1016,1.1005,1.1019
2019-11-25 16:00:00,1.1016,1.1006,1.1003,1.1025
2019-11-25 20:00:00,1.1006,1.1012,1.1004,1.1014
2019-11-26 00:00:00,1.1012,1.1012,1.1007,1.1016
2019-11-26 04:00:00,1.1012,1.1015,1.1009,1.1017
2019-11-26 08:00:00,1.1015,1.1014,1.1011,1.102
2019-11-26 12:00:00,1.1014,1.1017,1.1014,1.1025
2019-11-26 16:00:00,1.1017,1.102,1.1007,1.1022
2019-11-26 20:00:00,1.102,1.1021,1.1017,1.1026
2019-11-27 00:00:00,1.1021,1.1016,1.1015,1.1025
2019-11-27 04:00:00,1.1016,1.1009,1.1008,1.1018
2019-11-27 08:00:00,1.1009,1.1009,1.1003,1.1014
2019-11-27 12:00:00,1.1009,1.1002,1.0998,1.1013
2019-11-27 16:00:00,1.1002,1.1,1.0992,1.1006
2019-11-27 20:00:00,1.1,1.0999,1.0997,1.1008
2019-11-28 00:00:00,1.0999,1.1007,1.0999,1.1011
2019-11-28 04:00:00,1.1007,1.1007,1.1004,1.1008
2019-11-28 08:00:00,1.1007,1.1014,1.1005,1.1018
2019-11-28 12:00:00,1.1014,1.1008,1.1,1.1015
2019-11-28 16:00:00,1.1008,1.1008,1.1002,1.101
2019-11-28 20:00:00,1.1008,1.1006,1.1006,1.1011
2019-11-29 00:00:00,1.1006,1.1012,1.1006,1.1012
2019-11-29 04:00:00,1.1012,1.101,1.1009,1.1013
2019-11-29 08:00:00,1.101,1.1005,1.1002,1.1013
2019-11-29 12:00:00,1.1005,1.0993,1.0981,1.1007
2019-11-29 16:00:00,1.0993,1.1016,1.099,1.1028
2019-11-29 20:00:00,1.1016,1.102,1.1016,1.1023
