,0,1
0,0.01,5.0
1,0.01,6.0
2,0.01,7.0
3,0.01,8.0
4,0.01,9.0
5,0.01,10.0
6,0.01,11.0
7,0.01,12.0
8,0.01,13.0
9,0.01,14.0
10,0.01,15.0
11,0.01,16.0
12,0.01,17.0
13,0.01,18.0
14,0.01,19.0
15,0.01,20.0
16,0.01,21.0
17,0.01,22.0
18,0.01,23.0
19,0.01,24.0
20,0.025025125628140705,5.0
21,0.025025125628140705,6.0
22,0.025025125628140705,7.0
23,0.025025125628140705,8.0
24,0.025025125628140705,9.0
25,0.025025125628140705,10.0
26,0.025025125628140705,11.0
27,0.025025125628140705,12.0
28,0.025025125628140705,13.0
29,0.025025125628140705,14.0
30,0.025025125628140705,15.0
31,0.025025125628140705,16.0
32,0.025025125628140705,17.0
33,0.025025125628140705,18.0
34,0.025025125628140705,19.0
35,0.025025125628140705,20.0
36,0.025025125628140705,21.0
37,0.025025125628140705,22.0
38,0.025025125628140705,23.0
39,0.025025125628140705,24.0
40,0.04005025125628141,5.0
41,0.04005025125628141,6.0
42,0.04005025125628141,7.0
43,0.04005025125628141,8.0
44,0.04005025125628141,9.0
45,0.04005025125628141,10.0
46,0.04005025125628141,11.0
47,0.04005025125628141,12.0
48,0.04005025125628141,13.0
49,0.04005025125628141,14.0
50,0.04005025125628141,15.0
51,0.04005025125628141,16.0
52,0.04005025125628141,17.0
53,0.04005025125628141,18.0
54,0.04005025125628141,19.0
55,0.04005025125628141,20.0
56,0.04005025125628141,21.0
57,0.04005025125628141,22.0
58,0.04005025125628141,23.0
59,0.04005025125628141,24.0
60,0.055075376884422114,5.0
61,0.055075376884422114,6.0
62,0.055075376884422114,7.0
63,0.055075376884422114,8.0
64,0.055075376884422114,9.0
65,0.055075376884422114,10.0
66,0.055075376884422114,11.0
67,0.055075376884422114,12.0
68,0.055075376884422114,13.0
69,0.055075376884422114,14.0
70,0.055075376884422114,15.0
71,0.055075376884422114,16.0
72,0.055075376884422114,17.0
73,0.055075376884422114,18.0
74,0.055075376884422114,19.0
75,0.055075376884422114,20.0
76,0.055075376884422114,21.0
77,0.055075376884422114,22.0
78,0.055075376884422114,23.0
79,0.055075376884422114,24.0
80,0.07010050251256282,5.0
81,0.07010050251256282,6.0
82,0.07010050251256282,7.0
83,0.07010050251256282,8.0
84,0.07010050251256282,9.0
85,0.07010050251256282,10.0
86,0.07010050251256282,11.0
87,0.07010050251256282,12.0
88,0.07010050251256282,13.0
89,0.07010050251256282,14.0
90,0.07010050251256282,15.0
91,0.07010050251256282,16.0
92,0.07010050251256282,17.0
93,0.07010050251256282,18.0
94,0.07010050251256282,19.0
95,0.07010050251256282,20.0
96,0.07010050251256282,21.0
97,0.07010050251256282,22.0
98,0.07010050251256282,23.0
99,0.07010050251256282,24.0
100,0.08512562814070351,5.0
101,0.08512562814070351,6.0
102,0.08512562814070351,7.0
103,0.08512562814070351,8.0
104,0.08512562814070351,9.0
105,0.08512562814070351,10.0
106,0.08512562814070351,11.0
107,0.08512562814070351,12.0
108,0.08512562814070351,13.0
109,0.08512562814070351,14.0
110,0.08512562814070351,15.0
111,0.08512562814070351,16.0
112,0.08512562814070351,17.0
113,0.08512562814070351,18.0
114,0.08512562814070351,19.0
115,0.08512562814070351,20.0
116,0.08512562814070351,21.0
117,0.08512562814070351,22.0
118,0.08512562814070351,23.0
119,0.08512562814070351,24.0
120,0.10015075376884422,5.0
121,0.10015075376884422,6.0
122,0.10015075376884422,7.0
123,0.10015075376884422,8.0
124,0.10015075376884422,9.0
125,0.10015075376884422,10.0
126,0.10015075376884422,11.0
127,0.10015075376884422,12.0
128,0.10015075376884422,13.0
129,0.10015075376884422,14.0
130,0.10015075376884422,15.0
131,0.10015075376884422,16.0
132,0.10015075376884422,17.0
133,0.10015075376884422,18.0
134,0.10015075376884422,19.0
135,0.10015075376884422,20.0
136,0.10015075376884422,21.0
137,0.10015075376884422,22.0
138,0.10015075376884422,23.0
139,0.10015075376884422,24.0
140,0.11517587939698493,5.0
141,0.11517587939698493,6.0
142,0.11517587939698493,7.0
143,0.11517587939698493,8.0
144,0.11517587939698493,9.0
145,0.11517587939698493,10.0
146,0.11517587939698493,11.0
147,0.11517587939698493,12.0
148,0.11517587939698493,13.0
149,0.11517587939698493,14.0
150,0.11517587939698493,15.0
151,0.11517587939698493,16.0
152,0.11517587939698493,17.0
153,0.11517587939698493,18.0
154,0.11517587939698493,19.0
155,0.11517587939698493,20.0
156,0.11517587939698493,21.0
157,0.11517587939698493,22.0
158,0.11517587939698493,23.0
159,0.11517587939698493,24.0
160,0.13020100502512563,5.0
161,0.13020100502512563,6.0
162,0.13020100502512563,7.0
163,0.13020100502512563,8.0
164,0.13020100502512563,9.0
165,0.13020100502512563,10.0
166,0.13020100502512563,11.0
167,0.13020100502512563,12.0
168,0.13020100502512563,13.0
169,0.13020100502512563,14.0
170,0.13020100502512563,15.0
171,0.13020100502512563,16.0
172,0.13020100502512563,17.0
173,0.13020100502512563,18.0
174,0.13020100502512563,19.0
175,0.13020100502512563,20.0
176,0.13020100502512563,21.0
177,0.13020100502512563,22.0
178,0.13020100502512563,23.0
179,0.13020100502512563,24.0
180,0.14522613065326634,5.0
181,0.14522613065326634,6.0
182,0.14522613065326634,7.0
183,0.14522613065326634,8.0
184,0.14522613065326634,9.0
185,0.14522613065326634,10.0
186,0.14522613065326634,11.0
187,0.14522613065326634,12.0
188,0.14522613065326634,13.0
189,0.14522613065326634,14.0
190,0.14522613065326634,15.0
191,0.14522613065326634,16.0
192,0.14522613065326634,17.0
193,0.14522613065326634,18.0
194,0.14522613065326634,19.0
195,0.14522613065326634,20.0
196,0.14522613065326634,21.0
197,0.14522613065326634,22.0
198,0.14522613065326634,23.0
199,0.14522613065326634,24.0
200,0.16025125628140705,5.0
201,0.16025125628140705,6.0
202,0.16025125628140705,7.0
203,0.16025125628140705,8.0
204,0.16025125628140705,9.0
205,0.16025125628140705,10.0
206,0.16025125628140705,11.0
207,0.16025125628140705,12.0
208,0.16025125628140705,13.0
209,0.16025125628140705,14.0
210,0.16025125628140705,15.0
211,0.16025125628140705,16.0
212,0.16025125628140705,17.0
213,0.16025125628140705,18.0
214,0.16025125628140705,19.0
215,0.16025125628140705,20.0
216,0.16025125628140705,21.0
217,0.16025125628140705,22.0
218,0.16025125628140705,23.0
219,0.16025125628140705,24.0
220,0.17527638190954775,5.0
221,0.17527638190954775,6.0
222,0.17527638190954775,7.0
223,0.17527638190954775,8.0
224,0.17527638190954775,9.0
225,0.17527638190954775,10.0
226,0.17527638190954775,11.0
227,0.17527638190954775,12.0
228,0.17527638190954775,13.0
229,0.17527638190954775,14.0
230,0.17527638190954775,15.0
231,0.17527638190954775,16.0
232,0.17527638190954775,17.0
233,0.17527638190954775,18.0
234,0.17527638190954775,19.0
235,0.17527638190954775,20.0
236,0.17527638190954775,21.0
237,0.17527638190954775,22.0
238,0.17527638190954775,23.0
239,0.17527638190954775,24.0
240,0.19030150753768846,5.0
241,0.19030150753768846,6.0
242,0.19030150753768846,7.0
243,0.19030150753768846,8.0
244,0.19030150753768846,9.0
245,0.19030150753768846,10.0
246,0.19030150753768846,11.0
247,0.19030150753768846,12.0
248,0.19030150753768846,13.0
249,0.19030150753768846,14.0
250,0.19030150753768846,15.0
251,0.19030150753768846,16.0
252,0.19030150753768846,17.0
253,0.19030150753768846,18.0
254,0.19030150753768846,19.0
255,0.19030150753768846,20.0
256,0.19030150753768846,21.0
257,0.19030150753768846,22.0
258,0.19030150753768846,23.0
259,0.19030150753768846,24.0
260,0.20532663316582916,5.0
261,0.20532663316582916,6.0
262,0.20532663316582916,7.0
263,0.20532663316582916,8.0
264,0.20532663316582916,9.0
265,0.20532663316582916,10.0
266,0.20532663316582916,11.0
267,0.20532663316582916,12.0
268,0.20532663316582916,13.0
269,0.20532663316582916,14.0
270,0.20532663316582916,15.0
271,0.20532663316582916,16.0
272,0.20532663316582916,17.0
273,0.20532663316582916,18.0
274,0.20532663316582916,19.0
275,0.20532663316582916,20.0
276,0.20532663316582916,21.0
277,0.20532663316582916,22.0
278,0.20532663316582916,23.0
279,0.20532663316582916,24.0
280,0.22035175879396987,5.0
281,0.22035175879396987,6.0
282,0.22035175879396987,7.0
283,0.22035175879396987,8.0
284,0.22035175879396987,9.0
285,0.22035175879396987,10.0
286,0.22035175879396987,11.0
287,0.22035175879396987,12.0
288,0.22035175879396987,13.0
289,0.22035175879396987,14.0
290,0.22035175879396987,15.0
291,0.22035175879396987,16.0
292,0.22035175879396987,17.0
293,0.22035175879396987,18.0
294,0.22035175879396987,19.0
295,0.22035175879396987,20.0
296,0.22035175879396987,21.0
297,0.22035175879396987,22.0
298,0.22035175879396987,23.0
299,0.22035175879396987,24.0
300,0.23537688442211058,5.0
301,0.23537688442211058,6.0
302,0.23537688442211058,7.0
303,0.23537688442211058,8.0
304,0.23537688442211058,9.0
305,0.23537688442211058,10.0
306,0.23537688442211058,11.0
307,0.23537688442211058,12.0
308,0.23537688442211058,13.0
309,0.23537688442211058,14.0
310,0.23537688442211058,15.0
311,0.23537688442211058,16.0
312,0.23537688442211058,17.0
313,0.23537688442211058,18.0
314,0.23537688442211058,19.0
315,0.23537688442211058,20.0
316,0.23537688442211058,21.0
317,0.23537688442211058,22.0
318,0.23537688442211058,23.0
319,0.23537688442211058,24.0
320,0.25040201005025126,5.0
321,0.25040201005025126,6.0
322,0.25040201005025126,7.0
323,0.25040201005025126,8.0
324,0.25040201005025126,9.0
325,0.25040201005025126,10.0
326,0.25040201005025126,11.0
327,0.25040201005025126,12.0
328,0.25040201005025126,13.0
329,0.25040201005025126,14.0
330,0.25040201005025126,15.0
331,0.25040201005025126,16.0
332,0.25040201005025126,17.0
333,0.25040201005025126,18.0
334,0.25040201005025126,19.0
335,0.25040201005025126,20.0
336,0.25040201005025126,21.0
337,0.25040201005025126,22.0
338,0.25040201005025126,23.0
339,0.25040201005025126,24.0
340,0.265427135678392,5.0
341,0.265427135678392,6.0
342,0.265427135678392,7.0
343,0.265427135678392,8.0
344,0.265427135678392,9.0
345,0.265427135678392,10.0
346,0.265427135678392,11.0
347,0.265427135678392,12.0
348,0.265427135678392,13.0
349,0.265427135678392,14.0
350,0.265427135678392,15.0
351,0.265427135678392,16.0
352,0.265427135678392,17.0
353,0.265427135678392,18.0
354,0.265427135678392,19.0
355,0.265427135678392,20.0
356,0.265427135678392,21.0
357,0.265427135678392,22.0
358,0.265427135678392,23.0
359,0.265427135678392,24.0
360,0.28045226130653267,5.0
361,0.28045226130653267,6.0
362,0.28045226130653267,7.0
363,0.28045226130653267,8.0
364,0.28045226130653267,9.0
365,0.28045226130653267,10.0
366,0.28045226130653267,11.0
367,0.28045226130653267,12.0
368,0.28045226130653267,13.0
369,0.28045226130653267,14.0
370,0.28045226130653267,15.0
371,0.28045226130653267,16.0
372,0.28045226130653267,17.0
373,0.28045226130653267,18.0
374,0.28045226130653267,19.0
375,0.28045226130653267,20.0
376,0.28045226130653267,21.0
377,0.28045226130653267,22.0
378,0.28045226130653267,23.0
379,0.28045226130653267,24.0
380,0.2954773869346734,5.0
381,0.2954773869346734,6.0
382,0.2954773869346734,7.0
383,0.2954773869346734,8.0
384,0.2954773869346734,9.0
385,0.2954773869346734,10.0
386,0.2954773869346734,11.0
387,0.2954773869346734,12.0
388,0.2954773869346734,13.0
389,0.2954773869346734,14.0
390,0.2954773869346734,15.0
391,0.2954773869346734,16.0
392,0.2954773869346734,17.0
393,0.2954773869346734,18.0
394,0.2954773869346734,19.0
395,0.2954773869346734,20.0
396,0.2954773869346734,21.0
397,0.2954773869346734,22.0
398,0.2954773869346734,23.0
399,0.2954773869346734,24.0
400,0.3105025125628141,5.0
401,0.3105025125628141,6.0
402,0.3105025125628141,7.0
403,0.3105025125628141,8.0
404,0.3105025125628141,9.0
405,0.3105025125628141,10.0
406,0.3105025125628141,11.0
407,0.3105025125628141,12.0
408,0.3105025125628141,13.0
409,0.3105025125628141,14.0
410,0.3105025125628141,15.0
411,0.3105025125628141,16.0
412,0.3105025125628141,17.0
413,0.3105025125628141,18.0
414,0.3105025125628141,19.0
415,0.3105025125628141,20.0
416,0.3105025125628141,21.0
417,0.3105025125628141,22.0
418,0.3105025125628141,23.0
419,0.3105025125628141,24.0
420,0.3255276381909548,5.0
421,0.3255276381909548,6.0
422,0.3255276381909548,7.0
423,0.3255276381909548,8.0
424,0.3255276381909548,9.0
425,0.3255276381909548,10.0
426,0.3255276381909548,11.0
427,0.3255276381909548,12.0
428,0.3255276381909548,13.0
429,0.3255276381909548,14.0
430,0.3255276381909548,15.0
431,0.3255276381909548,16.0
432,0.3255276381909548,17.0
433,0.3255276381909548,18.0
434,0.3255276381909548,19.0
435,0.3255276381909548,20.0
436,0.3255276381909548,21.0
437,0.3255276381909548,22.0
438,0.3255276381909548,23.0
439,0.3255276381909548,24.0
440,0.3405527638190955,5.0
441,0.3405527638190955,6.0
442,0.3405527638190955,7.0
443,0.3405527638190955,8.0
444,0.3405527638190955,9.0
445,0.3405527638190955,10.0
446,0.3405527638190955,11.0
447,0.3405527638190955,12.0
448,0.3405527638190955,13.0
449,0.3405527638190955,14.0
450,0.3405527638190955,15.0
451,0.3405527638190955,16.0
452,0.3405527638190955,17.0
453,0.3405527638190955,18.0
454,0.3405527638190955,19.0
455,0.3405527638190955,20.0
456,0.3405527638190955,21.0
457,0.3405527638190955,22.0
458,0.3405527638190955,23.0
459,0.3405527638190955,24.0
460,0.35557788944723623,5.0
461,0.35557788944723623,6.0
462,0.35557788944723623,7.0
463,0.35557788944723623,8.0
464,0.35557788944723623,9.0
465,0.35557788944723623,10.0
466,0.35557788944723623,11.0
467,0.35557788944723623,12.0
468,0.35557788944723623,13.0
469,0.35557788944723623,14.0
470,0.35557788944723623,15.0
471,0.35557788944723623,16.0
472,0.35557788944723623,17.0
473,0.35557788944723623,18.0
474,0.35557788944723623,19.0
475,0.35557788944723623,20.0
476,0.35557788944723623,21.0
477,0.35557788944723623,22.0
478,0.35557788944723623,23.0
479,0.35557788944723623,24.0
480,0.3706030150753769,5.0
481,0.3706030150753769,6.0
482,0.3706030150753769,7.0
483,0.3706030150753769,8.0
484,0.3706030150753769,9.0
485,0.3706030150753769,10.0
486,0.3706030150753769,11.0
487,0.3706030150753769,12.0
488,0.3706030150753769,13.0
489,0.3706030150753769,14.0
490,0.3706030150753769,15.0
491,0.3706030150753769,16.0
492,0.3706030150753769,17.0
493,0.3706030150753769,18.0
494,0.3706030150753769,19.0
495,0.3706030150753769,20.0
496,0.3706030150753769,21.0
497,0.3706030150753769,22.0
498,0.3706030150753769,23.0
499,0.3706030150753769,24.0
500,0.38562814070351764,5.0
501,0.38562814070351764,6.0
502,0.38562814070351764,7.0
503,0.38562814070351764,8.0
504,0.38562814070351764,9.0
505,0.38562814070351764,10.0
506,0.38562814070351764,11.0
507,0.38562814070351764,12.0
508,0.38562814070351764,13.0
509,0.38562814070351764,14.0
510,0.38562814070351764,15.0
511,0.38562814070351764,16.0
512,0.38562814070351764,17.0
513,0.38562814070351764,18.0
514,0.38562814070351764,19.0
515,0.38562814070351764,20.0
516,0.38562814070351764,21.0
517,0.38562814070351764,22.0
518,0.38562814070351764,23.0
519,0.38562814070351764,24.0
520,0.4006532663316583,5.0
521,0.4006532663316583,6.0
522,0.4006532663316583,7.0
523,0.4006532663316583,8.0
524,0.4006532663316583,9.0
525,0.4006532663316583,10.0
526,0.4006532663316583,11.0
527,0.4006532663316583,12.0
528,0.4006532663316583,13.0
529,0.4006532663316583,14.0
530,0.4006532663316583,15.0
531,0.4006532663316583,16.0
532,0.4006532663316583,17.0
533,0.4006532663316583,18.0
534,0.4006532663316583,19.0
535,0.4006532663316583,20.0
536,0.4006532663316583,21.0
537,0.4006532663316583,22.0
538,0.4006532663316583,23.0
539,0.4006532663316583,24.0
540,0.41567839195979905,5.0
541,0.41567839195979905,6.0
542,0.41567839195979905,7.0
543,0.41567839195979905,8.0
544,0.41567839195979905,9.0
545,0.41567839195979905,10.0
546,0.41567839195979905,11.0
547,0.41567839195979905,12.0
548,0.41567839195979905,13.0
549,0.41567839195979905,14.0
550,0.41567839195979905,15.0
551,0.41567839195979905,16.0
552,0.41567839195979905,17.0
553,0.41567839195979905,18.0
554,0.41567839195979905,19.0
555,0.41567839195979905,20.0
556,0.41567839195979905,21.0
557,0.41567839195979905,22.0
558,0.41567839195979905,23.0
559,0.41567839195979905,24.0
560,0.43070351758793973,5.0
561,0.43070351758793973,6.0
562,0.43070351758793973,7.0
563,0.43070351758793973,8.0
564,0.43070351758793973,9.0
565,0.43070351758793973,10.0
566,0.43070351758793973,11.0
567,0.43070351758793973,12.0
568,0.43070351758793973,13.0
569,0.43070351758793973,14.0
570,0.43070351758793973,15.0
571,0.43070351758793973,16.0
572,0.43070351758793973,17.0
573,0.43070351758793973,18.0
574,0.43070351758793973,19.0
575,0.43070351758793973,20.0
576,0.43070351758793973,21.0
577,0.43070351758793973,22.0
578,0.43070351758793973,23.0
579,0.43070351758793973,24.0
580,0.44572864321608047,5.0
581,0.44572864321608047,6.0
582,0.44572864321608047,7.0
583,0.44572864321608047,8.0
584,0.44572864321608047,9.0
585,0.44572864321608047,10.0
586,0.44572864321608047,11.0
587,0.44572864321608047,12.0
588,0.44572864321608047,13.0
589,0.44572864321608047,14.0
590,0.44572864321608047,15.0
591,0.44572864321608047,16.0
592,0.44572864321608047,17.0
593,0.44572864321608047,18.0
594,0.44572864321608047,19.0
595,0.44572864321608047,20.0
596,0.44572864321608047,21.0
597,0.44572864321608047,22.0
598,0.44572864321608047,23.0
599,0.44572864321608047,24.0
600,0.46075376884422115,5.0
601,0.46075376884422115,6.0
602,0.46075376884422115,7.0
603,0.46075376884422115,8.0
604,0.46075376884422115,9.0
605,0.46075376884422115,10.0
606,0.46075376884422115,11.0
607,0.46075376884422115,12.0
608,0.46075376884422115,13.0
609,0.46075376884422115,14.0
610,0.46075376884422115,15.0
611,0.46075376884422115,16.0
612,0.46075376884422115,17.0
613,0.46075376884422115,18.0
614,0.46075376884422115,19.0
615,0.46075376884422115,20.0
616,0.46075376884422115,21.0
617,0.46075376884422115,22.0
618,0.46075376884422115,23.0
619,0.46075376884422115,24.0
620,0.4757788944723619,5.0
621,0.4757788944723619,6.0
622,0.4757788944723619,7.0
623,0.4757788944723619,8.0
624,0.4757788944723619,9.0
625,0.4757788944723619,10.0
626,0.4757788944723619,11.0
627,0.4757788944723619,12.0
628,0.4757788944723619,13.0
629,0.4757788944723619,14.0
630,0.4757788944723619,15.0
631,0.4757788944723619,16.0
632,0.4757788944723619,17.0
633,0.4757788944723619,18.0
634,0.4757788944723619,19.0
635,0.4757788944723619,20.0
636,0.4757788944723619,21.0
637,0.4757788944723619,22.0
638,0.4757788944723619,23.0
639,0.4757788944723619,24.0
640,0.49080402010050256,5.0
641,0.49080402010050256,6.0
642,0.49080402010050256,7.0
643,0.49080402010050256,8.0
644,0.49080402010050256,9.0
645,0.49080402010050256,10.0
646,0.49080402010050256,11.0
647,0.49080402010050256,12.0
648,0.49080402010050256,13.0
649,0.49080402010050256,14.0
650,0.49080402010050256,15.0
651,0.49080402010050256,16.0
652,0.49080402010050256,17.0
653,0.49080402010050256,18.0
654,0.49080402010050256,19.0
655,0.49080402010050256,20.0
656,0.49080402010050256,21.0
657,0.49080402010050256,22.0
658,0.49080402010050256,23.0
659,0.49080402010050256,24.0
660,0.5058291457286432,5.0
661,0.5058291457286432,6.0
662,0.5058291457286432,7.0
663,0.5058291457286432,8.0
664,0.5058291457286432,9.0
665,0.5058291457286432,10.0
666,0.5058291457286432,11.0
667,0.5058291457286432,12.0
668,0.5058291457286432,13.0
669,0.5058291457286432,14.0
670,0.5058291457286432,15.0
671,0.5058291457286432,16.0
672,0.5058291457286432,17.0
673,0.5058291457286432,18.0
674,0.5058291457286432,19.0
675,0.5058291457286432,20.0
676,0.5058291457286432,21.0
677,0.5058291457286432,22.0
678,0.5058291457286432,23.0
679,0.5058291457286432,24.0
680,0.520854271356784,5.0
681,0.520854271356784,6.0
682,0.520854271356784,7.0
683,0.520854271356784,8.0
684,0.520854271356784,9.0
685,0.520854271356784,10.0
686,0.520854271356784,11.0
687,0.520854271356784,12.0
688,0.520854271356784,13.0
689,0.520854271356784,14.0
690,0.520854271356784,15.0
691,0.520854271356784,16.0
692,0.520854271356784,17.0
693,0.520854271356784,18.0
694,0.520854271356784,19.0
695,0.520854271356784,20.0
696,0.520854271356784,21.0
697,0.520854271356784,22.0
698,0.520854271356784,23.0
699,0.520854271356784,24.0
700,0.5358793969849247,5.0
701,0.5358793969849247,6.0
702,0.5358793969849247,7.0
703,0.5358793969849247,8.0
704,0.5358793969849247,9.0
705,0.5358793969849247,10.0
706,0.5358793969849247,11.0
707,0.5358793969849247,12.0
708,0.5358793969849247,13.0
709,0.5358793969849247,14.0
710,0.5358793969849247,15.0
711,0.5358793969849247,16.0
712,0.5358793969849247,17.0
713,0.5358793969849247,18.0
714,0.5358793969849247,19.0
715,0.5358793969849247,20.0
716,0.5358793969849247,21.0
717,0.5358793969849247,22.0
718,0.5358793969849247,23.0
719,0.5358793969849247,24.0
720,0.5509045226130653,5.0
721,0.5509045226130653,6.0
722,0.5509045226130653,7.0
723,0.5509045226130653,8.0
724,0.5509045226130653,9.0
725,0.5509045226130653,10.0
726,0.5509045226130653,11.0
727,0.5509045226130653,12.0
728,0.5509045226130653,13.0
729,0.5509045226130653,14.0
730,0.5509045226130653,15.0
731,0.5509045226130653,16.0
732,0.5509045226130653,17.0
733,0.5509045226130653,18.0
734,0.5509045226130653,19.0
735,0.5509045226130653,20.0
736,0.5509045226130653,21.0
737,0.5509045226130653,22.0
738,0.5509045226130653,23.0
739,0.5509045226130653,24.0
740,0.5659296482412061,5.0
741,0.5659296482412061,6.0
742,0.5659296482412061,7.0
743,0.5659296482412061,8.0
744,0.5659296482412061,9.0
745,0.5659296482412061,10.0
746,0.5659296482412061,11.0
747,0.5659296482412061,12.0
748,0.5659296482412061,13.0
749,0.5659296482412061,14.0
750,0.5659296482412061,15.0
751,0.5659296482412061,16.0
752,0.5659296482412061,17.0
753,0.5659296482412061,18.0
754,0.5659296482412061,19.0
755,0.5659296482412061,20.0
756,0.5659296482412061,21.0
757,0.5659296482412061,22.0
758,0.5659296482412061,23.0
759,0.5659296482412061,24.0
760,0.5809547738693468,5.0
761,0.5809547738693468,6.0
762,0.5809547738693468,7.0
763,0.5809547738693468,8.0
764,0.5809547738693468,9.0
765,0.5809547738693468,10.0
766,0.5809547738693468,11.0
767,0.5809547738693468,12.0
768,0.5809547738693468,13.0
769,0.5809547738693468,14.0
770,0.5809547738693468,15.0
771,0.5809547738693468,16.0
772,0.5809547738693468,17.0
773,0.5809547738693468,18.0
774,0.5809547738693468,19.0
775,0.5809547738693468,20.0
776,0.5809547738693468,21.0
777,0.5809547738693468,22.0
778,0.5809547738693468,23.0
779,0.5809547738693468,24.0
780,0.5959798994974875,5.0
781,0.5959798994974875,6.0
782,0.5959798994974875,7.0
783,0.5959798994974875,8.0
784,0.5959798994974875,9.0
785,0.5959798994974875,10.0
786,0.5959798994974875,11.0
787,0.5959798994974875,12.0
788,0.5959798994974875,13.0
789,0.5959798994974875,14.0
790,0.5959798994974875,15.0
791,0.5959798994974875,16.0
792,0.5959798994974875,17.0
793,0.5959798994974875,18.0
794,0.5959798994974875,19.0
795,0.5959798994974875,20.0
796,0.5959798994974875,21.0
797,0.5959798994974875,22.0
798,0.5959798994974875,23.0
799,0.5959798994974875,24.0
800,0.6110050251256282,5.0
801,0.6110050251256282,6.0
802,0.6110050251256282,7.0
803,0.6110050251256282,8.0
804,0.6110050251256282,9.0
805,0.6110050251256282,10.0
806,0.6110050251256282,11.0
807,0.6110050251256282,12.0
808,0.6110050251256282,13.0
809,0.6110050251256282,14.0
810,0.6110050251256282,15.0
811,0.6110050251256282,16.0
812,0.6110050251256282,17.0
813,0.6110050251256282,18.0
814,0.6110050251256282,19.0
815,0.6110050251256282,20.0
816,0.6110050251256282,21.0
817,0.6110050251256282,22.0
818,0.6110050251256282,23.0
819,0.6110050251256282,24.0
820,0.6260301507537689,5.0
821,0.6260301507537689,6.0
822,0.6260301507537689,7.0
823,0.6260301507537689,8.0
824,0.6260301507537689,9.0
825,0.6260301507537689,10.0
826,0.6260301507537689,11.0
827,0.6260301507537689,12.0
828,0.6260301507537689,13.0
829,0.6260301507537689,14.0
830,0.6260301507537689,15.0
831,0.6260301507537689,16.0
832,0.6260301507537689,17.0
833,0.6260301507537689,18.0
834,0.6260301507537689,19.0
835,0.6260301507537689,20.0
836,0.6260301507537689,21.0
837,0.6260301507537689,22.0
838,0.6260301507537689,23.0
839,0.6260301507537689,24.0
840,0.6410552763819096,5.0
841,0.6410552763819096,6.0
842,0.6410552763819096,7.0
843,0.6410552763819096,8.0
844,0.6410552763819096,9.0
845,0.6410552763819096,10.0
846,0.6410552763819096,11.0
847,0.6410552763819096,12.0
848,0.6410552763819096,13.0
849,0.6410552763819096,14.0
850,0.6410552763819096,15.0
851,0.6410552763819096,16.0
852,0.6410552763819096,17.0
853,0.6410552763819096,18.0
854,0.6410552763819096,19.0
855,0.6410552763819096,20.0
856,0.6410552763819096,21.0
857,0.6410552763819096,22.0
858,0.6410552763819096,23.0
859,0.6410552763819096,24.0
860,0.6560804020100504,5.0
861,0.6560804020100504,6.0
862,0.6560804020100504,7.0
863,0.6560804020100504,8.0
864,0.6560804020100504,9.0
865,0.6560804020100504,10.0
866,0.6560804020100504,11.0
867,0.6560804020100504,12.0
868,0.6560804020100504,13.0
869,0.6560804020100504,14.0
870,0.6560804020100504,15.0
871,0.6560804020100504,16.0
872,0.6560804020100504,17.0
873,0.6560804020100504,18.0
874,0.6560804020100504,19.0
875,0.6560804020100504,20.0
876,0.6560804020100504,21.0
877,0.6560804020100504,22.0
878,0.6560804020100504,23.0
879,0.6560804020100504,24.0
880,0.671105527638191,5.0
881,0.671105527638191,6.0
882,0.671105527638191,7.0
883,0.671105527638191,8.0
884,0.671105527638191,9.0
885,0.671105527638191,10.0
886,0.671105527638191,11.0
887,0.671105527638191,12.0
888,0.671105527638191,13.0
889,0.671105527638191,14.0
890,0.671105527638191,15.0
891,0.671105527638191,16.0
892,0.671105527638191,17.0
893,0.671105527638191,18.0
894,0.671105527638191,19.0
895,0.671105527638191,20.0
896,0.671105527638191,21.0
897,0.671105527638191,22.0
898,0.671105527638191,23.0
899,0.671105527638191,24.0
900,0.6861306532663317,5.0
901,0.6861306532663317,6.0
902,0.6861306532663317,7.0
903,0.6861306532663317,8.0
904,0.6861306532663317,9.0
905,0.6861306532663317,10.0
906,0.6861306532663317,11.0
907,0.6861306532663317,12.0
908,0.6861306532663317,13.0
909,0.6861306532663317,14.0
910,0.6861306532663317,15.0
911,0.6861306532663317,16.0
912,0.6861306532663317,17.0
913,0.6861306532663317,18.0
914,0.6861306532663317,19.0
915,0.6861306532663317,20.0
916,0.6861306532663317,21.0
917,0.6861306532663317,22.0
918,0.6861306532663317,23.0
919,0.6861306532663317,24.0
920,0.7011557788944724,5.0
921,0.7011557788944724,6.0
922,0.7011557788944724,7.0
923,0.7011557788944724,8.0
924,0.7011557788944724,9.0
925,0.7011557788944724,10.0
926,0.7011557788944724,11.0
927,0.7011557788944724,12.0
928,0.7011557788944724,13.0
929,0.7011557788944724,14.0
930,0.7011557788944724,15.0
931,0.7011557788944724,16.0
932,0.7011557788944724,17.0
933,0.7011557788944724,18.0
934,0.7011557788944724,19.0
935,0.7011557788944724,20.0
936,0.7011557788944724,21.0
937,0.7011557788944724,22.0
938,0.7011557788944724,23.0
939,0.7011557788944724,24.0
940,0.7161809045226132,5.0
941,0.7161809045226132,6.0
942,0.7161809045226132,7.0
943,0.7161809045226132,8.0
944,0.7161809045226132,9.0
945,0.7161809045226132,10.0
946,0.7161809045226132,11.0
947,0.7161809045226132,12.0
948,0.7161809045226132,13.0
949,0.7161809045226132,14.0
950,0.7161809045226132,15.0
951,0.7161809045226132,16.0
952,0.7161809045226132,17.0
953,0.7161809045226132,18.0
954,0.7161809045226132,19.0
955,0.7161809045226132,20.0
956,0.7161809045226132,21.0
957,0.7161809045226132,22.0
958,0.7161809045226132,23.0
959,0.7161809045226132,24.0
960,0.7312060301507538,5.0
961,0.7312060301507538,6.0
962,0.7312060301507538,7.0
963,0.7312060301507538,8.0
964,0.7312060301507538,9.0
965,0.7312060301507538,10.0
966,0.7312060301507538,11.0
967,0.7312060301507538,12.0
968,0.7312060301507538,13.0
969,0.7312060301507538,14.0
970,0.7312060301507538,15.0
971,0.7312060301507538,16.0
972,0.7312060301507538,17.0
973,0.7312060301507538,18.0
974,0.7312060301507538,19.0
975,0.7312060301507538,20.0
976,0.7312060301507538,21.0
977,0.7312060301507538,22.0
978,0.7312060301507538,23.0
979,0.7312060301507538,24.0
980,0.7462311557788945,5.0
981,0.7462311557788945,6.0
982,0.7462311557788945,7.0
983,0.7462311557788945,8.0
984,0.7462311557788945,9.0
985,0.7462311557788945,10.0
986,0.7462311557788945,11.0
987,0.7462311557788945,12.0
988,0.7462311557788945,13.0
989,0.7462311557788945,14.0
990,0.7462311557788945,15.0
991,0.7462311557788945,16.0
992,0.7462311557788945,17.0
993,0.7462311557788945,18.0
994,0.7462311557788945,19.0
995,0.7462311557788945,20.0
996,0.7462311557788945,21.0
997,0.7462311557788945,22.0
998,0.7462311557788945,23.0
999,0.7462311557788945,24.0
1000,0.7612562814070353,5.0
1001,0.7612562814070353,6.0
1002,0.7612562814070353,7.0
1003,0.7612562814070353,8.0
1004,0.7612562814070353,9.0
1005,0.7612562814070353,10.0
1006,0.7612562814070353,11.0
1007,0.7612562814070353,12.0
1008,0.7612562814070353,13.0
1009,0.7612562814070353,14.0
1010,0.7612562814070353,15.0
1011,0.7612562814070353,16.0
1012,0.7612562814070353,17.0
1013,0.7612562814070353,18.0
1014,0.7612562814070353,19.0
1015,0.7612562814070353,20.0
1016,0.7612562814070353,21.0
1017,0.7612562814070353,22.0
1018,0.7612562814070353,23.0
1019,0.7612562814070353,24.0
1020,0.7762814070351759,5.0
1021,0.7762814070351759,6.0
1022,0.7762814070351759,7.0
1023,0.7762814070351759,8.0
1024,0.7762814070351759,9.0
1025,0.7762814070351759,10.0
1026,0.7762814070351759,11.0
1027,0.7762814070351759,12.0
1028,0.7762814070351759,13.0
1029,0.7762814070351759,14.0
1030,0.7762814070351759,15.0
1031,0.7762814070351759,16.0
1032,0.7762814070351759,17.0
1033,0.7762814070351759,18.0
1034,0.7762814070351759,19.0
1035,0.7762814070351759,20.0
1036,0.7762814070351759,21.0
1037,0.7762814070351759,22.0
1038,0.7762814070351759,23.0
1039,0.7762814070351759,24.0
1040,0.7913065326633166,5.0
1041,0.7913065326633166,6.0
1042,0.7913065326633166,7.0
1043,0.7913065326633166,8.0
1044,0.7913065326633166,9.0
1045,0.7913065326633166,10.0
1046,0.7913065326633166,11.0
1047,0.7913065326633166,12.0
1048,0.7913065326633166,13.0
1049,0.7913065326633166,14.0
1050,0.7913065326633166,15.0
1051,0.7913065326633166,16.0
1052,0.7913065326633166,17.0
1053,0.7913065326633166,18.0
1054,0.7913065326633166,19.0
1055,0.7913065326633166,20.0
1056,0.7913065326633166,21.0
1057,0.7913065326633166,22.0
1058,0.7913065326633166,23.0
1059,0.7913065326633166,24.0
1060,0.8063316582914574,5.0
1061,0.8063316582914574,6.0
1062,0.8063316582914574,7.0
1063,0.8063316582914574,8.0
1064,0.8063316582914574,9.0
1065,0.8063316582914574,10.0
1066,0.8063316582914574,11.0
1067,0.8063316582914574,12.0
1068,0.8063316582914574,13.0
1069,0.8063316582914574,14.0
1070,0.8063316582914574,15.0
1071,0.8063316582914574,16.0
1072,0.8063316582914574,17.0
1073,0.8063316582914574,18.0
1074,0.8063316582914574,19.0
1075,0.8063316582914574,20.0
1076,0.8063316582914574,21.0
1077,0.8063316582914574,22.0
1078,0.8063316582914574,23.0
1079,0.8063316582914574,24.0
1080,0.8213567839195981,5.0
1081,0.8213567839195981,6.0
1082,0.8213567839195981,7.0
1083,0.8213567839195981,8.0
1084,0.8213567839195981,9.0
1085,0.8213567839195981,10.0
1086,0.8213567839195981,11.0
1087,0.8213567839195981,12.0
1088,0.8213567839195981,13.0
1089,0.8213567839195981,14.0
1090,0.8213567839195981,15.0
1091,0.8213567839195981,16.0
1092,0.8213567839195981,17.0
1093,0.8213567839195981,18.0
1094,0.8213567839195981,19.0
1095,0.8213567839195981,20.0
1096,0.8213567839195981,21.0
1097,0.8213567839195981,22.0
1098,0.8213567839195981,23.0
1099,0.8213567839195981,24.0
1100,0.8363819095477387,5.0
1101,0.8363819095477387,6.0
1102,0.8363819095477387,7.0
1103,0.8363819095477387,8.0
1104,0.8363819095477387,9.0
1105,0.8363819095477387,10.0
1106,0.8363819095477387,11.0
1107,0.8363819095477387,12.0
1108,0.8363819095477387,13.0
1109,0.8363819095477387,14.0
1110,0.8363819095477387,15.0
1111,0.8363819095477387,16.0
1112,0.8363819095477387,17.0
1113,0.8363819095477387,18.0
1114,0.8363819095477387,19.0
1115,0.8363819095477387,20.0
1116,0.8363819095477387,21.0
1117,0.8363819095477387,22.0
1118,0.8363819095477387,23.0
1119,0.8363819095477387,24.0
1120,0.8514070351758795,5.0
1121,0.8514070351758795,6.0
1122,0.8514070351758795,7.0
1123,0.8514070351758795,8.0
1124,0.8514070351758795,9.0
1125,0.8514070351758795,10.0
1126,0.8514070351758795,11.0
1127,0.8514070351758795,12.0
1128,0.8514070351758795,13.0
1129,0.8514070351758795,14.0
1130,0.8514070351758795,15.0
1131,0.8514070351758795,16.0
1132,0.8514070351758795,17.0
1133,0.8514070351758795,18.0
1134,0.8514070351758795,19.0
1135,0.8514070351758795,20.0
1136,0.8514070351758795,21.0
1137,0.8514070351758795,22.0
1138,0.8514070351758795,23.0
1139,0.8514070351758795,24.0
1140,0.8664321608040202,5.0
1141,0.8664321608040202,6.0
1142,0.8664321608040202,7.0
1143,0.8664321608040202,8.0
1144,0.8664321608040202,9.0
1145,0.8664321608040202,10.0
1146,0.8664321608040202,11.0
1147,0.8664321608040202,12.0
1148,0.8664321608040202,13.0
1149,0.8664321608040202,14.0
1150,0.8664321608040202,15.0
1151,0.8664321608040202,16.0
1152,0.8664321608040202,17.0
1153,0.8664321608040202,18.0
1154,0.8664321608040202,19.0
1155,0.8664321608040202,20.0
1156,0.8664321608040202,21.0
1157,0.8664321608040202,22.0
1158,0.8664321608040202,23.0
1159,0.8664321608040202,24.0
1160,0.8814572864321609,5.0
1161,0.8814572864321609,6.0
1162,0.8814572864321609,7.0
1163,0.8814572864321609,8.0
1164,0.8814572864321609,9.0
1165,0.8814572864321609,10.0
1166,0.8814572864321609,11.0
1167,0.8814572864321609,12.0
1168,0.8814572864321609,13.0
1169,0.8814572864321609,14.0
1170,0.8814572864321609,15.0
1171,0.8814572864321609,16.0
1172,0.8814572864321609,17.0
1173,0.8814572864321609,18.0
1174,0.8814572864321609,19.0
1175,0.8814572864321609,20.0
1176,0.8814572864321609,21.0
1177,0.8814572864321609,22.0
1178,0.8814572864321609,23.0
1179,0.8814572864321609,24.0
1180,0.8964824120603015,5.0
1181,0.8964824120603015,6.0
1182,0.8964824120603015,7.0
1183,0.8964824120603015,8.0
1184,0.8964824120603015,9.0
1185,0.8964824120603015,10.0
1186,0.8964824120603015,11.0
1187,0.8964824120603015,12.0
1188,0.8964824120603015,13.0
1189,0.8964824120603015,14.0
1190,0.8964824120603015,15.0
1191,0.8964824120603015,16.0
1192,0.8964824120603015,17.0
1193,0.8964824120603015,18.0
1194,0.8964824120603015,19.0
1195,0.8964824120603015,20.0
1196,0.8964824120603015,21.0
1197,0.8964824120603015,22.0
1198,0.8964824120603015,23.0
1199,0.8964824120603015,24.0
1200,0.9115075376884423,5.0
1201,0.9115075376884423,6.0
1202,0.9115075376884423,7.0
1203,0.9115075376884423,8.0
1204,0.9115075376884423,9.0
1205,0.9115075376884423,10.0
1206,0.9115075376884423,11.0
1207,0.9115075376884423,12.0
1208,0.9115075376884423,13.0
1209,0.9115075376884423,14.0
1210,0.9115075376884423,15.0
1211,0.9115075376884423,16.0
1212,0.9115075376884423,17.0
1213,0.9115075376884423,18.0
1214,0.9115075376884423,19.0
1215,0.9115075376884423,20.0
1216,0.9115075376884423,21.0
1217,0.9115075376884423,22.0
1218,0.9115075376884423,23.0
1219,0.9115075376884423,24.0
1220,0.926532663316583,5.0
1221,0.926532663316583,6.0
1222,0.926532663316583,7.0
1223,0.926532663316583,8.0
1224,0.926532663316583,9.0
1225,0.926532663316583,10.0
1226,0.926532663316583,11.0
1227,0.926532663316583,12.0
1228,0.926532663316583,13.0
1229,0.926532663316583,14.0
1230,0.926532663316583,15.0
1231,0.926532663316583,16.0
1232,0.926532663316583,17.0
1233,0.926532663316583,18.0
1234,0.926532663316583,19.0
1235,0.926532663316583,20.0
1236,0.926532663316583,21.0
1237,0.926532663316583,22.0
1238,0.926532663316583,23.0
1239,0.926532663316583,24.0
1240,0.9415577889447238,5.0
1241,0.9415577889447238,6.0
1242,0.9415577889447238,7.0
1243,0.9415577889447238,8.0
1244,0.9415577889447238,9.0
1245,0.9415577889447238,10.0
1246,0.9415577889447238,11.0
1247,0.9415577889447238,12.0
1248,0.9415577889447238,13.0
1249,0.9415577889447238,14.0
1250,0.9415577889447238,15.0
1251,0.9415577889447238,16.0
1252,0.9415577889447238,17.0
1253,0.9415577889447238,18.0
1254,0.9415577889447238,19.0
1255,0.9415577889447238,20.0
1256,0.9415577889447238,21.0
1257,0.9415577889447238,22.0
1258,0.9415577889447238,23.0
1259,0.9415577889447238,24.0
1260,0.9565829145728644,5.0
1261,0.9565829145728644,6.0
1262,0.9565829145728644,7.0
1263,0.9565829145728644,8.0
1264,0.9565829145728644,9.0
1265,0.9565829145728644,10.0
1266,0.9565829145728644,11.0
1267,0.9565829145728644,12.0
1268,0.9565829145728644,13.0
1269,0.9565829145728644,14.0
1270,0.9565829145728644,15.0
1271,0.9565829145728644,16.0
1272,0.9565829145728644,17.0
1273,0.9565829145728644,18.0
1274,0.9565829145728644,19.0
1275,0.9565829145728644,20.0
1276,0.9565829145728644,21.0
1277,0.9565829145728644,22.0
1278,0.9565829145728644,23.0
1279,0.9565829145728644,24.0
1280,0.9716080402010051,5.0
1281,0.9716080402010051,6.0
1282,0.9716080402010051,7.0
1283,0.9716080402010051,8.0
1284,0.9716080402010051,9.0
1285,0.9716080402010051,10.0
1286,0.9716080402010051,11.0
1287,0.9716080402010051,12.0
1288,0.9716080402010051,13.0
1289,0.9716080402010051,14.0
1290,0.9716080402010051,15.0
1291,0.9716080402010051,16.0
1292,0.9716080402010051,17.0
1293,0.9716080402010051,18.0
1294,0.9716080402010051,19.0
1295,0.9716080402010051,20.0
1296,0.9716080402010051,21.0
1297,0.9716080402010051,22.0
1298,0.9716080402010051,23.0
1299,0.9716080402010051,24.0
1300,0.9866331658291458,5.0
1301,0.9866331658291458,6.0
1302,0.9866331658291458,7.0
1303,0.9866331658291458,8.0
1304,0.9866331658291458,9.0
1305,0.9866331658291458,10.0
1306,0.9866331658291458,11.0
1307,0.9866331658291458,12.0
1308,0.9866331658291458,13.0
1309,0.9866331658291458,14.0
1310,0.9866331658291458,15.0
1311,0.9866331658291458,16.0
1312,0.9866331658291458,17.0
1313,0.9866331658291458,18.0
1314,0.9866331658291458,19.0
1315,0.9866331658291458,20.0
1316,0.9866331658291458,21.0
1317,0.9866331658291458,22.0
1318,0.9866331658291458,23.0
1319,0.9866331658291458,24.0
1320,1.0016582914572865,5.0
1321,1.0016582914572865,6.0
1322,1.0016582914572865,7.0
1323,1.0016582914572865,8.0
1324,1.0016582914572865,9.0
1325,1.0016582914572865,10.0
1326,1.0016582914572865,11.0
1327,1.0016582914572865,12.0
1328,1.0016582914572865,13.0
1329,1.0016582914572865,14.0
1330,1.0016582914572865,15.0
1331,1.0016582914572865,16.0
1332,1.0016582914572865,17.0
1333,1.0016582914572865,18.0
1334,1.0016582914572865,19.0
1335,1.0016582914572865,20.0
1336,1.0016582914572865,21.0
1337,1.0016582914572865,22.0
1338,1.0016582914572865,23.0
1339,1.0016582914572865,24.0
1340,1.0166834170854273,5.0
1341,1.0166834170854273,6.0
1342,1.0166834170854273,7.0
1343,1.0166834170854273,8.0
1344,1.0166834170854273,9.0
1345,1.0166834170854273,10.0
1346,1.0166834170854273,11.0
1347,1.0166834170854273,12.0
1348,1.0166834170854273,13.0
1349,1.0166834170854273,14.0
1350,1.0166834170854273,15.0
1351,1.0166834170854273,16.0
1352,1.0166834170854273,17.0
1353,1.0166834170854273,18.0
1354,1.0166834170854273,19.0
1355,1.0166834170854273,20.0
1356,1.0166834170854273,21.0
1357,1.0166834170854273,22.0
1358,1.0166834170854273,23.0
1359,1.0166834170854273,24.0
1360,1.031708542713568,5.0
1361,1.031708542713568,6.0
1362,1.031708542713568,7.0
1363,1.031708542713568,8.0
1364,1.031708542713568,9.0
1365,1.031708542713568,10.0
1366,1.031708542713568,11.0
1367,1.031708542713568,12.0
1368,1.031708542713568,13.0
1369,1.031708542713568,14.0
1370,1.031708542713568,15.0
1371,1.031708542713568,16.0
1372,1.031708542713568,17.0
1373,1.031708542713568,18.0
1374,1.031708542713568,19.0
1375,1.031708542713568,20.0
1376,1.031708542713568,21.0
1377,1.031708542713568,22.0
1378,1.031708542713568,23.0
1379,1.031708542713568,24.0
1380,1.0467336683417086,5.0
1381,1.0467336683417086,6.0
1382,1.0467336683417086,7.0
1383,1.0467336683417086,8.0
1384,1.0467336683417086,9.0
1385,1.0467336683417086,10.0
1386,1.0467336683417086,11.0
1387,1.0467336683417086,12.0
1388,1.0467336683417086,13.0
1389,1.0467336683417086,14.0
1390,1.0467336683417086,15.0
1391,1.0467336683417086,16.0
1392,1.0467336683417086,17.0
1393,1.0467336683417086,18.0
1394,1.0467336683417086,19.0
1395,1.0467336683417086,20.0
1396,1.0467336683417086,21.0
1397,1.0467336683417086,22.0
1398,1.0467336683417086,23.0
1399,1.0467336683417086,24.0
1400,1.0617587939698494,5.0
1401,1.0617587939698494,6.0
1402,1.0617587939698494,7.0
1403,1.0617587939698494,8.0
1404,1.0617587939698494,9.0
1405,1.0617587939698494,10.0
1406,1.0617587939698494,11.0
1407,1.0617587939698494,12.0
1408,1.0617587939698494,13.0
1409,1.0617587939698494,14.0
1410,1.0617587939698494,15.0
1411,1.0617587939698494,16.0
1412,1.0617587939698494,17.0
1413,1.0617587939698494,18.0
1414,1.0617587939698494,19.0
1415,1.0617587939698494,20.0
1416,1.0617587939698494,21.0
1417,1.0617587939698494,22.0
1418,1.0617587939698494,23.0
1419,1.0617587939698494,24.0
1420,1.07678391959799,5.0
1421,1.07678391959799,6.0
1422,1.07678391959799,7.0
1423,1.07678391959799,8.0
1424,1.07678391959799,9.0
1425,1.07678391959799,10.0
1426,1.07678391959799,11.0
1427,1.07678391959799,12.0
1428,1.07678391959799,13.0
1429,1.07678391959799,14.0
1430,1.07678391959799,15.0
1431,1.07678391959799,16.0
1432,1.07678391959799,17.0
1433,1.07678391959799,18.0
1434,1.07678391959799,19.0
1435,1.07678391959799,20.0
1436,1.07678391959799,21.0
1437,1.07678391959799,22.0
1438,1.07678391959799,23.0
1439,1.07678391959799,24.0
1440,1.0918090452261306,5.0
1441,1.0918090452261306,6.0
1442,1.0918090452261306,7.0
1443,1.0918090452261306,8.0
1444,1.0918090452261306,9.0
1445,1.0918090452261306,10.0
1446,1.0918090452261306,11.0
1447,1.0918090452261306,12.0
1448,1.0918090452261306,13.0
1449,1.0918090452261306,14.0
1450,1.0918090452261306,15.0
1451,1.0918090452261306,16.0
1452,1.0918090452261306,17.0
1453,1.0918090452261306,18.0
1454,1.0918090452261306,19.0
1455,1.0918090452261306,20.0
1456,1.0918090452261306,21.0
1457,1.0918090452261306,22.0
1458,1.0918090452261306,23.0
1459,1.0918090452261306,24.0
1460,1.1068341708542715,5.0
1461,1.1068341708542715,6.0
1462,1.1068341708542715,7.0
1463,1.1068341708542715,8.0
1464,1.1068341708542715,9.0
1465,1.1068341708542715,10.0
1466,1.1068341708542715,11.0
1467,1.1068341708542715,12.0
1468,1.1068341708542715,13.0
1469,1.1068341708542715,14.0
1470,1.1068341708542715,15.0
1471,1.1068341708542715,16.0
1472,1.1068341708542715,17.0
1473,1.1068341708542715,18.0
1474,1.1068341708542715,19.0
1475,1.1068341708542715,20.0
1476,1.1068341708542715,21.0
1477,1.1068341708542715,22.0
1478,1.1068341708542715,23.0
1479,1.1068341708542715,24.0
1480,1.1218592964824121,5.0
1481,1.1218592964824121,6.0
1482,1.1218592964824121,7.0
1483,1.1218592964824121,8.0
1484,1.1218592964824121,9.0
1485,1.1218592964824121,10.0
1486,1.1218592964824121,11.0
1487,1.1218592964824121,12.0
1488,1.1218592964824121,13.0
1489,1.1218592964824121,14.0
1490,1.1218592964824121,15.0
1491,1.1218592964824121,16.0
1492,1.1218592964824121,17.0
1493,1.1218592964824121,18.0
1494,1.1218592964824121,19.0
1495,1.1218592964824121,20.0
1496,1.1218592964824121,21.0
1497,1.1218592964824121,22.0
1498,1.1218592964824121,23.0
1499,1.1218592964824121,24.0
1500,1.136884422110553,5.0
1501,1.136884422110553,6.0
1502,1.136884422110553,7.0
1503,1.136884422110553,8.0
1504,1.136884422110553,9.0
1505,1.136884422110553,10.0
1506,1.136884422110553,11.0
1507,1.136884422110553,12.0
1508,1.136884422110553,13.0
1509,1.136884422110553,14.0
1510,1.136884422110553,15.0
1511,1.136884422110553,16.0
1512,1.136884422110553,17.0
1513,1.136884422110553,18.0
1514,1.136884422110553,19.0
1515,1.136884422110553,20.0
1516,1.136884422110553,21.0
1517,1.136884422110553,22.0
1518,1.136884422110553,23.0
1519,1.136884422110553,24.0
1520,1.1519095477386936,5.0
1521,1.1519095477386936,6.0
1522,1.1519095477386936,7.0
1523,1.1519095477386936,8.0
1524,1.1519095477386936,9.0
1525,1.1519095477386936,10.0
1526,1.1519095477386936,11.0
1527,1.1519095477386936,12.0
1528,1.1519095477386936,13.0
1529,1.1519095477386936,14.0
1530,1.1519095477386936,15.0
1531,1.1519095477386936,16.0
1532,1.1519095477386936,17.0
1533,1.1519095477386936,18.0
1534,1.1519095477386936,19.0
1535,1.1519095477386936,20.0
1536,1.1519095477386936,21.0
1537,1.1519095477386936,22.0
1538,1.1519095477386936,23.0
1539,1.1519095477386936,24.0
1540,1.1669346733668342,5.0
1541,1.1669346733668342,6.0
1542,1.1669346733668342,7.0
1543,1.1669346733668342,8.0
1544,1.1669346733668342,9.0
1545,1.1669346733668342,10.0
1546,1.1669346733668342,11.0
1547,1.1669346733668342,12.0
1548,1.1669346733668342,13.0
1549,1.1669346733668342,14.0
1550,1.1669346733668342,15.0
1551,1.1669346733668342,16.0
1552,1.1669346733668342,17.0
1553,1.1669346733668342,18.0
1554,1.1669346733668342,19.0
1555,1.1669346733668342,20.0
1556,1.1669346733668342,21.0
1557,1.1669346733668342,22.0
1558,1.1669346733668342,23.0
1559,1.1669346733668342,24.0
1560,1.181959798994975,5.0
1561,1.181959798994975,6.0
1562,1.181959798994975,7.0
1563,1.181959798994975,8.0
1564,1.181959798994975,9.0
1565,1.181959798994975,10.0
1566,1.181959798994975,11.0
1567,1.181959798994975,12.0
1568,1.181959798994975,13.0
1569,1.181959798994975,14.0
1570,1.181959798994975,15.0
1571,1.181959798994975,16.0
1572,1.181959798994975,17.0
1573,1.181959798994975,18.0
1574,1.181959798994975,19.0
1575,1.181959798994975,20.0
1576,1.181959798994975,21.0
1577,1.181959798994975,22.0
1578,1.181959798994975,23.0
1579,1.181959798994975,24.0
1580,1.1969849246231157,5.0
1581,1.1969849246231157,6.0
1582,1.1969849246231157,7.0
1583,1.1969849246231157,8.0
1584,1.1969849246231157,9.0
1585,1.1969849246231157,10.0
1586,1.1969849246231157,11.0
1587,1.1969849246231157,12.0
1588,1.1969849246231157,13.0
1589,1.1969849246231157,14.0
1590,1.1969849246231157,15.0
1591,1.1969849246231157,16.0
1592,1.1969849246231157,17.0
1593,1.1969849246231157,18.0
1594,1.1969849246231157,19.0
1595,1.1969849246231157,20.0
1596,1.1969849246231157,21.0
1597,1.1969849246231157,22.0
1598,1.1969849246231157,23.0
1599,1.1969849246231157,24.0
1600,1.2120100502512563,5.0
1601,1.2120100502512563,6.0
1602,1.2120100502512563,7.0
1603,1.2120100502512563,8.0
1604,1.2120100502512563,9.0
1605,1.2120100502512563,10.0
1606,1.2120100502512563,11.0
1607,1.2120100502512563,12.0
1608,1.2120100502512563,13.0
1609,1.2120100502512563,14.0
1610,1.2120100502512563,15.0
1611,1.2120100502512563,16.0
1612,1.2120100502512563,17.0
1613,1.2120100502512563,18.0
1614,1.2120100502512563,19.0
1615,1.2120100502512563,20.0
1616,1.2120100502512563,21.0
1617,1.2120100502512563,22.0
1618,1.2120100502512563,23.0
1619,1.2120100502512563,24.0
1620,1.2270351758793971,5.0
1621,1.2270351758793971,6.0
1622,1.2270351758793971,7.0
1623,1.2270351758793971,8.0
1624,1.2270351758793971,9.0
1625,1.2270351758793971,10.0
1626,1.2270351758793971,11.0
1627,1.2270351758793971,12.0
1628,1.2270351758793971,13.0
1629,1.2270351758793971,14.0
1630,1.2270351758793971,15.0
1631,1.2270351758793971,16.0
1632,1.2270351758793971,17.0
1633,1.2270351758793971,18.0
1634,1.2270351758793971,19.0
1635,1.2270351758793971,20.0
1636,1.2270351758793971,21.0
1637,1.2270351758793971,22.0
1638,1.2270351758793971,23.0
1639,1.2270351758793971,24.0
1640,1.2420603015075378,5.0
1641,1.2420603015075378,6.0
1642,1.2420603015075378,7.0
1643,1.2420603015075378,8.0
1644,1.2420603015075378,9.0
1645,1.2420603015075378,10.0
1646,1.2420603015075378,11.0
1647,1.2420603015075378,12.0
1648,1.2420603015075378,13.0
1649,1.2420603015075378,14.0
1650,1.2420603015075378,15.0
1651,1.2420603015075378,16.0
1652,1.2420603015075378,17.0
1653,1.2420603015075378,18.0
1654,1.2420603015075378,19.0
1655,1.2420603015075378,20.0
1656,1.2420603015075378,21.0
1657,1.2420603015075378,22.0
1658,1.2420603015075378,23.0
1659,1.2420603015075378,24.0
1660,1.2570854271356784,5.0
1661,1.2570854271356784,6.0
1662,1.2570854271356784,7.0
1663,1.2570854271356784,8.0
1664,1.2570854271356784,9.0
1665,1.2570854271356784,10.0
1666,1.2570854271356784,11.0
1667,1.2570854271356784,12.0
1668,1.2570854271356784,13.0
1669,1.2570854271356784,14.0
1670,1.2570854271356784,15.0
1671,1.2570854271356784,16.0
1672,1.2570854271356784,17.0
1673,1.2570854271356784,18.0
1674,1.2570854271356784,19.0
1675,1.2570854271356784,20.0
1676,1.2570854271356784,21.0
1677,1.2570854271356784,22.0
1678,1.2570854271356784,23.0
1679,1.2570854271356784,24.0
1680,1.2721105527638192,5.0
1681,1.2721105527638192,6.0
1682,1.2721105527638192,7.0
1683,1.2721105527638192,8.0
1684,1.2721105527638192,9.0
1685,1.2721105527638192,10.0
1686,1.2721105527638192,11.0
1687,1.2721105527638192,12.0
1688,1.2721105527638192,13.0
1689,1.2721105527638192,14.0
1690,1.2721105527638192,15.0
1691,1.2721105527638192,16.0
1692,1.2721105527638192,17.0
1693,1.2721105527638192,18.0
1694,1.2721105527638192,19.0
1695,1.2721105527638192,20.0
1696,1.2721105527638192,21.0
1697,1.2721105527638192,22.0
1698,1.2721105527638192,23.0
1699,1.2721105527638192,24.0
1700,1.2871356783919599,5.0
1701,1.2871356783919599,6.0
1702,1.2871356783919599,7.0
1703,1.2871356783919599,8.0
1704,1.2871356783919599,9.0
1705,1.2871356783919599,10.0
1706,1.2871356783919599,11.0
1707,1.2871356783919599,12.0
1708,1.2871356783919599,13.0
1709,1.2871356783919599,14.0
1710,1.2871356783919599,15.0
1711,1.2871356783919599,16.0
1712,1.2871356783919599,17.0
1713,1.2871356783919599,18.0
1714,1.2871356783919599,19.0
1715,1.2871356783919599,20.0
1716,1.2871356783919599,21.0
1717,1.2871356783919599,22.0
1718,1.2871356783919599,23.0
1719,1.2871356783919599,24.0
1720,1.3021608040201007,5.0
1721,1.3021608040201007,6.0
1722,1.3021608040201007,7.0
1723,1.3021608040201007,8.0
1724,1.3021608040201007,9.0
1725,1.3021608040201007,10.0
1726,1.3021608040201007,11.0
1727,1.3021608040201007,12.0
1728,1.3021608040201007,13.0
1729,1.3021608040201007,14.0
1730,1.3021608040201007,15.0
1731,1.3021608040201007,16.0
1732,1.3021608040201007,17.0
1733,1.3021608040201007,18.0
1734,1.3021608040201007,19.0
1735,1.3021608040201007,20.0
1736,1.3021608040201007,21.0
1737,1.3021608040201007,22.0
1738,1.3021608040201007,23.0
1739,1.3021608040201007,24.0
1740,1.3171859296482413,5.0
1741,1.3171859296482413,6.0
1742,1.3171859296482413,7.0
1743,1.3171859296482413,8.0
1744,1.3171859296482413,9.0
1745,1.3171859296482413,10.0
1746,1.3171859296482413,11.0
1747,1.3171859296482413,12.0
1748,1.3171859296482413,13.0
1749,1.3171859296482413,14.0
1750,1.3171859296482413,15.0
1751,1.3171859296482413,16.0
1752,1.3171859296482413,17.0
1753,1.3171859296482413,18.0
1754,1.3171859296482413,19.0
1755,1.3171859296482413,20.0
1756,1.3171859296482413,21.0
1757,1.3171859296482413,22.0
1758,1.3171859296482413,23.0
1759,1.3171859296482413,24.0
1760,1.332211055276382,5.0
1761,1.332211055276382,6.0
1762,1.332211055276382,7.0
1763,1.332211055276382,8.0
1764,1.332211055276382,9.0
1765,1.332211055276382,10.0
1766,1.332211055276382,11.0
1767,1.332211055276382,12.0
1768,1.332211055276382,13.0
1769,1.332211055276382,14.0
1770,1.332211055276382,15.0
1771,1.332211055276382,16.0
1772,1.332211055276382,17.0
1773,1.332211055276382,18.0
1774,1.332211055276382,19.0
1775,1.332211055276382,20.0
1776,1.332211055276382,21.0
1777,1.332211055276382,22.0
1778,1.332211055276382,23.0
1779,1.332211055276382,24.0
1780,1.3472361809045228,5.0
1781,1.3472361809045228,6.0
1782,1.3472361809045228,7.0
1783,1.3472361809045228,8.0
1784,1.3472361809045228,9.0
1785,1.3472361809045228,10.0
1786,1.3472361809045228,11.0
1787,1.3472361809045228,12.0
1788,1.3472361809045228,13.0
1789,1.3472361809045228,14.0
1790,1.3472361809045228,15.0
1791,1.3472361809045228,16.0
1792,1.3472361809045228,17.0
1793,1.3472361809045228,18.0
1794,1.3472361809045228,19.0
1795,1.3472361809045228,20.0
1796,1.3472361809045228,21.0
1797,1.3472361809045228,22.0
1798,1.3472361809045228,23.0
1799,1.3472361809045228,24.0
1800,1.3622613065326634,5.0
1801,1.3622613065326634,6.0
1802,1.3622613065326634,7.0
1803,1.3622613065326634,8.0
1804,1.3622613065326634,9.0
1805,1.3622613065326634,10.0
1806,1.3622613065326634,11.0
1807,1.3622613065326634,12.0
1808,1.3622613065326634,13.0
1809,1.3622613065326634,14.0
1810,1.3622613065326634,15.0
1811,1.3622613065326634,16.0
1812,1.3622613065326634,17.0
1813,1.3622613065326634,18.0
1814,1.3622613065326634,19.0
1815,1.3622613065326634,20.0
1816,1.3622613065326634,21.0
1817,1.3622613065326634,22.0
1818,1.3622613065326634,23.0
1819,1.3622613065326634,24.0
1820,1.377286432160804,5.0
1821,1.377286432160804,6.0
1822,1.377286432160804,7.0
1823,1.377286432160804,8.0
1824,1.377286432160804,9.0
1825,1.377286432160804,10.0
1826,1.377286432160804,11.0
1827,1.377286432160804,12.0
1828,1.377286432160804,13.0
1829,1.377286432160804,14.0
1830,1.377286432160804,15.0
1831,1.377286432160804,16.0
1832,1.377286432160804,17.0
1833,1.377286432160804,18.0
1834,1.377286432160804,19.0
1835,1.377286432160804,20.0
1836,1.377286432160804,21.0
1837,1.377286432160804,22.0
1838,1.377286432160804,23.0
1839,1.377286432160804,24.0
1840,1.3923115577889449,5.0
1841,1.3923115577889449,6.0
1842,1.3923115577889449,7.0
1843,1.3923115577889449,8.0
1844,1.3923115577889449,9.0
1845,1.3923115577889449,10.0
1846,1.3923115577889449,11.0
1847,1.3923115577889449,12.0
1848,1.3923115577889449,13.0
1849,1.3923115577889449,14.0
1850,1.3923115577889449,15.0
1851,1.3923115577889449,16.0
1852,1.3923115577889449,17.0
1853,1.3923115577889449,18.0
1854,1.3923115577889449,19.0
1855,1.3923115577889449,20.0
1856,1.3923115577889449,21.0
1857,1.3923115577889449,22.0
1858,1.3923115577889449,23.0
1859,1.3923115577889449,24.0
1860,1.4073366834170855,5.0
1861,1.4073366834170855,6.0
1862,1.4073366834170855,7.0
1863,1.4073366834170855,8.0
1864,1.4073366834170855,9.0
1865,1.4073366834170855,10.0
1866,1.4073366834170855,11.0
1867,1.4073366834170855,12.0
1868,1.4073366834170855,13.0
1869,1.4073366834170855,14.0
1870,1.4073366834170855,15.0
1871,1.4073366834170855,16.0
1872,1.4073366834170855,17.0
1873,1.4073366834170855,18.0
1874,1.4073366834170855,19.0
1875,1.4073366834170855,20.0
1876,1.4073366834170855,21.0
1877,1.4073366834170855,22.0
1878,1.4073366834170855,23.0
1879,1.4073366834170855,24.0
1880,1.4223618090452264,5.0
1881,1.4223618090452264,6.0
1882,1.4223618090452264,7.0
1883,1.4223618090452264,8.0
1884,1.4223618090452264,9.0
1885,1.4223618090452264,10.0
1886,1.4223618090452264,11.0
1887,1.4223618090452264,12.0
1888,1.4223618090452264,13.0
1889,1.4223618090452264,14.0
1890,1.4223618090452264,15.0
1891,1.4223618090452264,16.0
1892,1.4223618090452264,17.0
1893,1.4223618090452264,18.0
1894,1.4223618090452264,19.0
1895,1.4223618090452264,20.0
1896,1.4223618090452264,21.0
1897,1.4223618090452264,22.0
1898,1.4223618090452264,23.0
1899,1.4223618090452264,24.0
1900,1.437386934673367,5.0
1901,1.437386934673367,6.0
1902,1.437386934673367,7.0
1903,1.437386934673367,8.0
1904,1.437386934673367,9.0
1905,1.437386934673367,10.0
1906,1.437386934673367,11.0
1907,1.437386934673367,12.0
1908,1.437386934673367,13.0
1909,1.437386934673367,14.0
1910,1.437386934673367,15.0
1911,1.437386934673367,16.0
1912,1.437386934673367,17.0
1913,1.437386934673367,18.0
1914,1.437386934673367,19.0
1915,1.437386934673367,20.0
1916,1.437386934673367,21.0
1917,1.437386934673367,22.0
1918,1.437386934673367,23.0
1919,1.437386934673367,24.0
1920,1.4524120603015076,5.0
1921,1.4524120603015076,6.0
1922,1.4524120603015076,7.0
1923,1.4524120603015076,8.0
1924,1.4524120603015076,9.0
1925,1.4524120603015076,10.0
1926,1.4524120603015076,11.0
1927,1.4524120603015076,12.0
1928,1.4524120603015076,13.0
1929,1.4524120603015076,14.0
1930,1.4524120603015076,15.0
1931,1.4524120603015076,16.0
1932,1.4524120603015076,17.0
1933,1.4524120603015076,18.0
1934,1.4524120603015076,19.0
1935,1.4524120603015076,20.0
1936,1.4524120603015076,21.0
1937,1.4524120603015076,22.0
1938,1.4524120603015076,23.0
1939,1.4524120603015076,24.0
1940,1.4674371859296484,5.0
1941,1.4674371859296484,6.0
1942,1.4674371859296484,7.0
1943,1.4674371859296484,8.0
1944,1.4674371859296484,9.0
1945,1.4674371859296484,10.0
1946,1.4674371859296484,11.0
1947,1.4674371859296484,12.0
1948,1.4674371859296484,13.0
1949,1.4674371859296484,14.0
1950,1.4674371859296484,15.0
1951,1.4674371859296484,16.0
1952,1.4674371859296484,17.0
1953,1.4674371859296484,18.0
1954,1.4674371859296484,19.0
1955,1.4674371859296484,20.0
1956,1.4674371859296484,21.0
1957,1.4674371859296484,22.0
1958,1.4674371859296484,23.0
1959,1.4674371859296484,24.0
1960,1.482462311557789,5.0
1961,1.482462311557789,6.0
1962,1.482462311557789,7.0
1963,1.482462311557789,8.0
1964,1.482462311557789,9.0
1965,1.482462311557789,10.0
1966,1.482462311557789,11.0
1967,1.482462311557789,12.0
1968,1.482462311557789,13.0
1969,1.482462311557789,14.0
1970,1.482462311557789,15.0
1971,1.482462311557789,16.0
1972,1.482462311557789,17.0
1973,1.482462311557789,18.0
1974,1.482462311557789,19.0
1975,1.482462311557789,20.0
1976,1.482462311557789,21.0
1977,1.482462311557789,22.0
1978,1.482462311557789,23.0
1979,1.482462311557789,24.0
1980,1.4974874371859297,5.0
1981,1.4974874371859297,6.0
1982,1.4974874371859297,7.0
1983,1.4974874371859297,8.0
1984,1.4974874371859297,9.0
1985,1.4974874371859297,10.0
1986,1.4974874371859297,11.0
1987,1.4974874371859297,12.0
1988,1.4974874371859297,13.0
1989,1.4974874371859297,14.0
1990,1.4974874371859297,15.0
1991,1.4974874371859297,16.0
1992,1.4974874371859297,17.0
1993,1.4974874371859297,18.0
1994,1.4974874371859297,19.0
1995,1.4974874371859297,20.0
1996,1.4974874371859297,21.0
1997,1.4974874371859297,22.0
1998,1.4974874371859297,23.0
1999,1.4974874371859297,24.0
2000,1.5125125628140705,5.0
2001,1.5125125628140705,6.0
2002,1.5125125628140705,7.0
2003,1.5125125628140705,8.0
2004,1.5125125628140705,9.0
2005,1.5125125628140705,10.0
2006,1.5125125628140705,11.0
2007,1.5125125628140705,12.0
2008,1.5125125628140705,13.0
2009,1.5125125628140705,14.0
2010,1.5125125628140705,15.0
2011,1.5125125628140705,16.0
2012,1.5125125628140705,17.0
2013,1.5125125628140705,18.0
2014,1.5125125628140705,19.0
2015,1.5125125628140705,20.0
2016,1.5125125628140705,21.0
2017,1.5125125628140705,22.0
2018,1.5125125628140705,23.0
2019,1.5125125628140705,24.0
2020,1.5275376884422112,5.0
2021,1.5275376884422112,6.0
2022,1.5275376884422112,7.0
2023,1.5275376884422112,8.0
2024,1.5275376884422112,9.0
2025,1.5275376884422112,10.0
2026,1.5275376884422112,11.0
2027,1.5275376884422112,12.0
2028,1.5275376884422112,13.0
2029,1.5275376884422112,14.0
2030,1.5275376884422112,15.0
2031,1.5275376884422112,16.0
2032,1.5275376884422112,17.0
2033,1.5275376884422112,18.0
2034,1.5275376884422112,19.0
2035,1.5275376884422112,20.0
2036,1.5275376884422112,21.0
2037,1.5275376884422112,22.0
2038,1.5275376884422112,23.0
2039,1.5275376884422112,24.0
2040,1.5425628140703518,5.0
2041,1.5425628140703518,6.0
2042,1.5425628140703518,7.0
2043,1.5425628140703518,8.0
2044,1.5425628140703518,9.0
2045,1.5425628140703518,10.0
2046,1.5425628140703518,11.0
2047,1.5425628140703518,12.0
2048,1.5425628140703518,13.0
2049,1.5425628140703518,14.0
2050,1.5425628140703518,15.0
2051,1.5425628140703518,16.0
2052,1.5425628140703518,17.0
2053,1.5425628140703518,18.0
2054,1.5425628140703518,19.0
2055,1.5425628140703518,20.0
2056,1.5425628140703518,21.0
2057,1.5425628140703518,22.0
2058,1.5425628140703518,23.0
2059,1.5425628140703518,24.0
2060,1.5575879396984926,5.0
2061,1.5575879396984926,6.0
2062,1.5575879396984926,7.0
2063,1.5575879396984926,8.0
2064,1.5575879396984926,9.0
2065,1.5575879396984926,10.0
2066,1.5575879396984926,11.0
2067,1.5575879396984926,12.0
2068,1.5575879396984926,13.0
2069,1.5575879396984926,14.0
2070,1.5575879396984926,15.0
2071,1.5575879396984926,16.0
2072,1.5575879396984926,17.0
2073,1.5575879396984926,18.0
2074,1.5575879396984926,19.0
2075,1.5575879396984926,20.0
2076,1.5575879396984926,21.0
2077,1.5575879396984926,22.0
2078,1.5575879396984926,23.0
2079,1.5575879396984926,24.0
2080,1.5726130653266333,5.0
2081,1.5726130653266333,6.0
2082,1.5726130653266333,7.0
2083,1.5726130653266333,8.0
2084,1.5726130653266333,9.0
2085,1.5726130653266333,10.0
2086,1.5726130653266333,11.0
2087,1.5726130653266333,12.0
2088,1.5726130653266333,13.0
2089,1.5726130653266333,14.0
2090,1.5726130653266333,15.0
2091,1.5726130653266333,16.0
2092,1.5726130653266333,17.0
2093,1.5726130653266333,18.0
2094,1.5726130653266333,19.0
2095,1.5726130653266333,20.0
2096,1.5726130653266333,21.0
2097,1.5726130653266333,22.0
2098,1.5726130653266333,23.0
2099,1.5726130653266333,24.0
2100,1.587638190954774,5.0
2101,1.587638190954774,6.0
2102,1.587638190954774,7.0
2103,1.587638190954774,8.0
2104,1.587638190954774,9.0
2105,1.587638190954774,10.0
2106,1.587638190954774,11.0
2107,1.587638190954774,12.0
2108,1.587638190954774,13.0
2109,1.587638190954774,14.0
2110,1.587638190954774,15.0
2111,1.587638190954774,16.0
2112,1.587638190954774,17.0
2113,1.587638190954774,18.0
2114,1.587638190954774,19.0
2115,1.587638190954774,20.0
2116,1.587638190954774,21.0
2117,1.587638190954774,22.0
2118,1.587638190954774,23.0
2119,1.587638190954774,24.0
2120,1.6026633165829147,5.0
2121,1.6026633165829147,6.0
2122,1.6026633165829147,7.0
2123,1.6026633165829147,8.0
2124,1.6026633165829147,9.0
2125,1.6026633165829147,10.0
2126,1.6026633165829147,11.0
2127,1.6026633165829147,12.0
2128,1.6026633165829147,13.0
2129,1.6026633165829147,14.0
2130,1.6026633165829147,15.0
2131,1.6026633165829147,16.0
2132,1.6026633165829147,17.0
2133,1.6026633165829147,18.0
2134,1.6026633165829147,19.0
2135,1.6026633165829147,20.0
2136,1.6026633165829147,21.0
2137,1.6026633165829147,22.0
2138,1.6026633165829147,23.0
2139,1.6026633165829147,24.0
2140,1.6176884422110553,5.0
2141,1.6176884422110553,6.0
2142,1.6176884422110553,7.0
2143,1.6176884422110553,8.0
2144,1.6176884422110553,9.0
2145,1.6176884422110553,10.0
2146,1.6176884422110553,11.0
2147,1.6176884422110553,12.0
2148,1.6176884422110553,13.0
2149,1.6176884422110553,14.0
2150,1.6176884422110553,15.0
2151,1.6176884422110553,16.0
2152,1.6176884422110553,17.0
2153,1.6176884422110553,18.0
2154,1.6176884422110553,19.0
2155,1.6176884422110553,20.0
2156,1.6176884422110553,21.0
2157,1.6176884422110553,22.0
2158,1.6176884422110553,23.0
2159,1.6176884422110553,24.0
2160,1.6327135678391962,5.0
2161,1.6327135678391962,6.0
2162,1.6327135678391962,7.0
2163,1.6327135678391962,8.0
2164,1.6327135678391962,9.0
2165,1.6327135678391962,10.0
2166,1.6327135678391962,11.0
2167,1.6327135678391962,12.0
2168,1.6327135678391962,13.0
2169,1.6327135678391962,14.0
2170,1.6327135678391962,15.0
2171,1.6327135678391962,16.0
2172,1.6327135678391962,17.0
2173,1.6327135678391962,18.0
2174,1.6327135678391962,19.0
2175,1.6327135678391962,20.0
2176,1.6327135678391962,21.0
2177,1.6327135678391962,22.0
2178,1.6327135678391962,23.0
2179,1.6327135678391962,24.0
2180,1.6477386934673368,5.0
2181,1.6477386934673368,6.0
2182,1.6477386934673368,7.0
2183,1.6477386934673368,8.0
2184,1.6477386934673368,9.0
2185,1.6477386934673368,10.0
2186,1.6477386934673368,11.0
2187,1.6477386934673368,12.0
2188,1.6477386934673368,13.0
2189,1.6477386934673368,14.0
2190,1.6477386934673368,15.0
2191,1.6477386934673368,16.0
2192,1.6477386934673368,17.0
2193,1.6477386934673368,18.0
2194,1.6477386934673368,19.0
2195,1.6477386934673368,20.0
2196,1.6477386934673368,21.0
2197,1.6477386934673368,22.0
2198,1.6477386934673368,23.0
2199,1.6477386934673368,24.0
2200,1.6627638190954774,5.0
2201,1.6627638190954774,6.0
2202,1.6627638190954774,7.0
2203,1.6627638190954774,8.0
2204,1.6627638190954774,9.0
2205,1.6627638190954774,10.0
2206,1.6627638190954774,11.0
2207,1.6627638190954774,12.0
2208,1.6627638190954774,13.0
2209,1.6627638190954774,14.0
2210,1.6627638190954774,15.0
2211,1.6627638190954774,16.0
2212,1.6627638190954774,17.0
2213,1.6627638190954774,18.0
2214,1.6627638190954774,19.0
2215,1.6627638190954774,20.0
2216,1.6627638190954774,21.0
2217,1.6627638190954774,22.0
2218,1.6627638190954774,23.0
2219,1.6627638190954774,24.0
2220,1.6777889447236183,5.0
2221,1.6777889447236183,6.0
2222,1.6777889447236183,7.0
2223,1.6777889447236183,8.0
2224,1.6777889447236183,9.0
2225,1.6777889447236183,10.0
2226,1.6777889447236183,11.0
2227,1.6777889447236183,12.0
2228,1.6777889447236183,13.0
2229,1.6777889447236183,14.0
2230,1.6777889447236183,15.0
2231,1.6777889447236183,16.0
2232,1.6777889447236183,17.0
2233,1.6777889447236183,18.0
2234,1.6777889447236183,19.0
2235,1.6777889447236183,20.0
2236,1.6777889447236183,21.0
2237,1.6777889447236183,22.0
2238,1.6777889447236183,23.0
2239,1.6777889447236183,24.0
2240,1.692814070351759,5.0
2241,1.692814070351759,6.0
2242,1.692814070351759,7.0
2243,1.692814070351759,8.0
2244,1.692814070351759,9.0
2245,1.692814070351759,10.0
2246,1.692814070351759,11.0
2247,1.692814070351759,12.0
2248,1.692814070351759,13.0
2249,1.692814070351759,14.0
2250,1.692814070351759,15.0
2251,1.692814070351759,16.0
2252,1.692814070351759,17.0
2253,1.692814070351759,18.0
2254,1.692814070351759,19.0
2255,1.692814070351759,20.0
2256,1.692814070351759,21.0
2257,1.692814070351759,22.0
2258,1.692814070351759,23.0
2259,1.692814070351759,24.0
2260,1.7078391959798995,5.0
2261,1.7078391959798995,6.0
2262,1.7078391959798995,7.0
2263,1.7078391959798995,8.0
2264,1.7078391959798995,9.0
2265,1.7078391959798995,10.0
2266,1.7078391959798995,11.0
2267,1.7078391959798995,12.0
2268,1.7078391959798995,13.0
2269,1.7078391959798995,14.0
2270,1.7078391959798995,15.0
2271,1.7078391959798995,16.0
2272,1.7078391959798995,17.0
2273,1.7078391959798995,18.0
2274,1.7078391959798995,19.0
2275,1.7078391959798995,20.0
2276,1.7078391959798995,21.0
2277,1.7078391959798995,22.0
2278,1.7078391959798995,23.0
2279,1.7078391959798995,24.0
2280,1.7228643216080404,5.0
2281,1.7228643216080404,6.0
2282,1.7228643216080404,7.0
2283,1.7228643216080404,8.0
2284,1.7228643216080404,9.0
2285,1.7228643216080404,10.0
2286,1.7228643216080404,11.0
2287,1.7228643216080404,12.0
2288,1.7228643216080404,13.0
2289,1.7228643216080404,14.0
2290,1.7228643216080404,15.0
2291,1.7228643216080404,16.0
2292,1.7228643216080404,17.0
2293,1.7228643216080404,18.0
2294,1.7228643216080404,19.0
2295,1.7228643216080404,20.0
2296,1.7228643216080404,21.0
2297,1.7228643216080404,22.0
2298,1.7228643216080404,23.0
2299,1.7228643216080404,24.0
2300,1.737889447236181,5.0
2301,1.737889447236181,6.0
2302,1.737889447236181,7.0
2303,1.737889447236181,8.0
2304,1.737889447236181,9.0
2305,1.737889447236181,10.0
2306,1.737889447236181,11.0
2307,1.737889447236181,12.0
2308,1.737889447236181,13.0
2309,1.737889447236181,14.0
2310,1.737889447236181,15.0
2311,1.737889447236181,16.0
2312,1.737889447236181,17.0
2313,1.737889447236181,18.0
2314,1.737889447236181,19.0
2315,1.737889447236181,20.0
2316,1.737889447236181,21.0
2317,1.737889447236181,22.0
2318,1.737889447236181,23.0
2319,1.737889447236181,24.0
2320,1.7529145728643218,5.0
2321,1.7529145728643218,6.0
2322,1.7529145728643218,7.0
2323,1.7529145728643218,8.0
2324,1.7529145728643218,9.0
2325,1.7529145728643218,10.0
2326,1.7529145728643218,11.0
2327,1.7529145728643218,12.0
2328,1.7529145728643218,13.0
2329,1.7529145728643218,14.0
2330,1.7529145728643218,15.0
2331,1.7529145728643218,16.0
2332,1.7529145728643218,17.0
2333,1.7529145728643218,18.0
2334,1.7529145728643218,19.0
2335,1.7529145728643218,20.0
2336,1.7529145728643218,21.0
2337,1.7529145728643218,22.0
2338,1.7529145728643218,23.0
2339,1.7529145728643218,24.0
2340,1.7679396984924625,5.0
2341,1.7679396984924625,6.0
2342,1.7679396984924625,7.0
2343,1.7679396984924625,8.0
2344,1.7679396984924625,9.0
2345,1.7679396984924625,10.0
2346,1.7679396984924625,11.0
2347,1.7679396984924625,12.0
2348,1.7679396984924625,13.0
2349,1.7679396984924625,14.0
2350,1.7679396984924625,15.0
2351,1.7679396984924625,16.0
2352,1.7679396984924625,17.0
2353,1.7679396984924625,18.0
2354,1.7679396984924625,19.0
2355,1.7679396984924625,20.0
2356,1.7679396984924625,21.0
2357,1.7679396984924625,22.0
2358,1.7679396984924625,23.0
2359,1.7679396984924625,24.0
2360,1.782964824120603,5.0
2361,1.782964824120603,6.0
2362,1.782964824120603,7.0
2363,1.782964824120603,8.0
2364,1.782964824120603,9.0
2365,1.782964824120603,10.0
2366,1.782964824120603,11.0
2367,1.782964824120603,12.0
2368,1.782964824120603,13.0
2369,1.782964824120603,14.0
2370,1.782964824120603,15.0
2371,1.782964824120603,16.0
2372,1.782964824120603,17.0
2373,1.782964824120603,18.0
2374,1.782964824120603,19.0
2375,1.782964824120603,20.0
2376,1.782964824120603,21.0
2377,1.782964824120603,22.0
2378,1.782964824120603,23.0
2379,1.782964824120603,24.0
2380,1.797989949748744,5.0
2381,1.797989949748744,6.0
2382,1.797989949748744,7.0
2383,1.797989949748744,8.0
2384,1.797989949748744,9.0
2385,1.797989949748744,10.0
2386,1.797989949748744,11.0
2387,1.797989949748744,12.0
2388,1.797989949748744,13.0
2389,1.797989949748744,14.0
2390,1.797989949748744,15.0
2391,1.797989949748744,16.0
2392,1.797989949748744,17.0
2393,1.797989949748744,18.0
2394,1.797989949748744,19.0
2395,1.797989949748744,20.0
2396,1.797989949748744,21.0
2397,1.797989949748744,22.0
2398,1.797989949748744,23.0
2399,1.797989949748744,24.0
2400,1.8130150753768846,5.0
2401,1.8130150753768846,6.0
2402,1.8130150753768846,7.0
2403,1.8130150753768846,8.0
2404,1.8130150753768846,9.0
2405,1.8130150753768846,10.0
2406,1.8130150753768846,11.0
2407,1.8130150753768846,12.0
2408,1.8130150753768846,13.0
2409,1.8130150753768846,14.0
2410,1.8130150753768846,15.0
2411,1.8130150753768846,16.0
2412,1.8130150753768846,17.0
2413,1.8130150753768846,18.0
2414,1.8130150753768846,19.0
2415,1.8130150753768846,20.0
2416,1.8130150753768846,21.0
2417,1.8130150753768846,22.0
2418,1.8130150753768846,23.0
2419,1.8130150753768846,24.0
2420,1.8280402010050252,5.0
2421,1.8280402010050252,6.0
2422,1.8280402010050252,7.0
2423,1.8280402010050252,8.0
2424,1.8280402010050252,9.0
2425,1.8280402010050252,10.0
2426,1.8280402010050252,11.0
2427,1.8280402010050252,12.0
2428,1.8280402010050252,13.0
2429,1.8280402010050252,14.0
2430,1.8280402010050252,15.0
2431,1.8280402010050252,16.0
2432,1.8280402010050252,17.0
2433,1.8280402010050252,18.0
2434,1.8280402010050252,19.0
2435,1.8280402010050252,20.0
2436,1.8280402010050252,21.0
2437,1.8280402010050252,22.0
2438,1.8280402010050252,23.0
2439,1.8280402010050252,24.0
2440,1.843065326633166,5.0
2441,1.843065326633166,6.0
2442,1.843065326633166,7.0
2443,1.843065326633166,8.0
2444,1.843065326633166,9.0
2445,1.843065326633166,10.0
2446,1.843065326633166,11.0
2447,1.843065326633166,12.0
2448,1.843065326633166,13.0
2449,1.843065326633166,14.0
2450,1.843065326633166,15.0
2451,1.843065326633166,16.0
2452,1.843065326633166,17.0
2453,1.843065326633166,18.0
2454,1.843065326633166,19.0
2455,1.843065326633166,20.0
2456,1.843065326633166,21.0
2457,1.843065326633166,22.0
2458,1.843065326633166,23.0
2459,1.843065326633166,24.0
2460,1.8580904522613066,5.0
2461,1.8580904522613066,6.0
2462,1.8580904522613066,7.0
2463,1.8580904522613066,8.0
2464,1.8580904522613066,9.0
2465,1.8580904522613066,10.0
2466,1.8580904522613066,11.0
2467,1.8580904522613066,12.0
2468,1.8580904522613066,13.0
2469,1.8580904522613066,14.0
2470,1.8580904522613066,15.0
2471,1.8580904522613066,16.0
2472,1.8580904522613066,17.0
2473,1.8580904522613066,18.0
2474,1.8580904522613066,19.0
2475,1.8580904522613066,20.0
2476,1.8580904522613066,21.0
2477,1.8580904522613066,22.0
2478,1.8580904522613066,23.0
2479,1.8580904522613066,24.0
2480,1.8731155778894475,5.0
2481,1.8731155778894475,6.0
2482,1.8731155778894475,7.0
2483,1.8731155778894475,8.0
2484,1.8731155778894475,9.0
2485,1.8731155778894475,10.0
2486,1.8731155778894475,11.0
2487,1.8731155778894475,12.0
2488,1.8731155778894475,13.0
2489,1.8731155778894475,14.0
2490,1.8731155778894475,15.0
2491,1.8731155778894475,16.0
2492,1.8731155778894475,17.0
2493,1.8731155778894475,18.0
2494,1.8731155778894475,19.0
2495,1.8731155778894475,20.0
2496,1.8731155778894475,21.0
2497,1.8731155778894475,22.0
2498,1.8731155778894475,23.0
2499,1.8731155778894475,24.0
2500,1.8881407035175881,5.0
2501,1.8881407035175881,6.0
2502,1.8881407035175881,7.0
2503,1.8881407035175881,8.0
2504,1.8881407035175881,9.0
2505,1.8881407035175881,10.0
2506,1.8881407035175881,11.0
2507,1.8881407035175881,12.0
2508,1.8881407035175881,13.0
2509,1.8881407035175881,14.0
2510,1.8881407035175881,15.0
2511,1.8881407035175881,16.0
2512,1.8881407035175881,17.0
2513,1.8881407035175881,18.0
2514,1.8881407035175881,19.0
2515,1.8881407035175881,20.0
2516,1.8881407035175881,21.0
2517,1.8881407035175881,22.0
2518,1.8881407035175881,23.0
2519,1.8881407035175881,24.0
2520,1.9031658291457287,5.0
2521,1.9031658291457287,6.0
2522,1.9031658291457287,7.0
2523,1.9031658291457287,8.0
2524,1.9031658291457287,9.0
2525,1.9031658291457287,10.0
2526,1.9031658291457287,11.0
2527,1.9031658291457287,12.0
2528,1.9031658291457287,13.0
2529,1.9031658291457287,14.0
2530,1.9031658291457287,15.0
2531,1.9031658291457287,16.0
2532,1.9031658291457287,17.0
2533,1.9031658291457287,18.0
2534,1.9031658291457287,19.0
2535,1.9031658291457287,20.0
2536,1.9031658291457287,21.0
2537,1.9031658291457287,22.0
2538,1.9031658291457287,23.0
2539,1.9031658291457287,24.0
2540,1.9181909547738696,5.0
2541,1.9181909547738696,6.0
2542,1.9181909547738696,7.0
2543,1.9181909547738696,8.0
2544,1.9181909547738696,9.0
2545,1.9181909547738696,10.0
2546,1.9181909547738696,11.0
2547,1.9181909547738696,12.0
2548,1.9181909547738696,13.0
2549,1.9181909547738696,14.0
2550,1.9181909547738696,15.0
2551,1.9181909547738696,16.0
2552,1.9181909547738696,17.0
2553,1.9181909547738696,18.0
2554,1.9181909547738696,19.0
2555,1.9181909547738696,20.0
2556,1.9181909547738696,21.0
2557,1.9181909547738696,22.0
2558,1.9181909547738696,23.0
2559,1.9181909547738696,24.0
2560,1.9332160804020102,5.0
2561,1.9332160804020102,6.0
2562,1.9332160804020102,7.0
2563,1.9332160804020102,8.0
2564,1.9332160804020102,9.0
2565,1.9332160804020102,10.0
2566,1.9332160804020102,11.0
2567,1.9332160804020102,12.0
2568,1.9332160804020102,13.0
2569,1.9332160804020102,14.0
2570,1.9332160804020102,15.0
2571,1.9332160804020102,16.0
2572,1.9332160804020102,17.0
2573,1.9332160804020102,18.0
2574,1.9332160804020102,19.0
2575,1.9332160804020102,20.0
2576,1.9332160804020102,21.0
2577,1.9332160804020102,22.0
2578,1.9332160804020102,23.0
2579,1.9332160804020102,24.0
2580,1.9482412060301508,5.0
2581,1.9482412060301508,6.0
2582,1.9482412060301508,7.0
2583,1.9482412060301508,8.0
2584,1.9482412060301508,9.0
2585,1.9482412060301508,10.0
2586,1.9482412060301508,11.0
2587,1.9482412060301508,12.0
2588,1.9482412060301508,13.0
2589,1.9482412060301508,14.0
2590,1.9482412060301508,15.0
2591,1.9482412060301508,16.0
2592,1.9482412060301508,17.0
2593,1.9482412060301508,18.0
2594,1.9482412060301508,19.0
2595,1.9482412060301508,20.0
2596,1.9482412060301508,21.0
2597,1.9482412060301508,22.0
2598,1.9482412060301508,23.0
2599,1.9482412060301508,24.0
2600,1.9632663316582917,5.0
2601,1.9632663316582917,6.0
2602,1.9632663316582917,7.0
2603,1.9632663316582917,8.0
2604,1.9632663316582917,9.0
2605,1.9632663316582917,10.0
2606,1.9632663316582917,11.0
2607,1.9632663316582917,12.0
2608,1.9632663316582917,13.0
2609,1.9632663316582917,14.0
2610,1.9632663316582917,15.0
2611,1.9632663316582917,16.0
2612,1.9632663316582917,17.0
2613,1.9632663316582917,18.0
2614,1.9632663316582917,19.0
2615,1.9632663316582917,20.0
2616,1.9632663316582917,21.0
2617,1.9632663316582917,22.0
2618,1.9632663316582917,23.0
2619,1.9632663316582917,24.0
2620,1.9782914572864323,5.0
2621,1.9782914572864323,6.0
2622,1.9782914572864323,7.0
2623,1.9782914572864323,8.0
2624,1.9782914572864323,9.0
2625,1.9782914572864323,10.0
2626,1.9782914572864323,11.0
2627,1.9782914572864323,12.0
2628,1.9782914572864323,13.0
2629,1.9782914572864323,14.0
2630,1.9782914572864323,15.0
2631,1.9782914572864323,16.0
2632,1.9782914572864323,17.0
2633,1.9782914572864323,18.0
2634,1.9782914572864323,19.0
2635,1.9782914572864323,20.0
2636,1.9782914572864323,21.0
2637,1.9782914572864323,22.0
2638,1.9782914572864323,23.0
2639,1.9782914572864323,24.0
2640,1.993316582914573,5.0
2641,1.993316582914573,6.0
2642,1.993316582914573,7.0
2643,1.993316582914573,8.0
2644,1.993316582914573,9.0
2645,1.993316582914573,10.0
2646,1.993316582914573,11.0
2647,1.993316582914573,12.0
2648,1.993316582914573,13.0
2649,1.993316582914573,14.0
2650,1.993316582914573,15.0
2651,1.993316582914573,16.0
2652,1.993316582914573,17.0
2653,1.993316582914573,18.0
2654,1.993316582914573,19.0
2655,1.993316582914573,20.0
2656,1.993316582914573,21.0
2657,1.993316582914573,22.0
2658,1.993316582914573,23.0
2659,1.993316582914573,24.0
2660,2.0083417085427135,5.0
2661,2.0083417085427135,6.0
2662,2.0083417085427135,7.0
2663,2.0083417085427135,8.0
2664,2.0083417085427135,9.0
2665,2.0083417085427135,10.0
2666,2.0083417085427135,11.0
2667,2.0083417085427135,12.0
2668,2.0083417085427135,13.0
2669,2.0083417085427135,14.0
2670,2.0083417085427135,15.0
2671,2.0083417085427135,16.0
2672,2.0083417085427135,17.0
2673,2.0083417085427135,18.0
2674,2.0083417085427135,19.0
2675,2.0083417085427135,20.0
2676,2.0083417085427135,21.0
2677,2.0083417085427135,22.0
2678,2.0083417085427135,23.0
2679,2.0083417085427135,24.0
2680,2.0233668341708544,5.0
2681,2.0233668341708544,6.0
2682,2.0233668341708544,7.0
2683,2.0233668341708544,8.0
2684,2.0233668341708544,9.0
2685,2.0233668341708544,10.0
2686,2.0233668341708544,11.0
2687,2.0233668341708544,12.0
2688,2.0233668341708544,13.0
2689,2.0233668341708544,14.0
2690,2.0233668341708544,15.0
2691,2.0233668341708544,16.0
2692,2.0233668341708544,17.0
2693,2.0233668341708544,18.0
2694,2.0233668341708544,19.0
2695,2.0233668341708544,20.0
2696,2.0233668341708544,21.0
2697,2.0233668341708544,22.0
2698,2.0233668341708544,23.0
2699,2.0233668341708544,24.0
2700,2.038391959798995,5.0
2701,2.038391959798995,6.0
2702,2.038391959798995,7.0
2703,2.038391959798995,8.0
2704,2.038391959798995,9.0
2705,2.038391959798995,10.0
2706,2.038391959798995,11.0
2707,2.038391959798995,12.0
2708,2.038391959798995,13.0
2709,2.038391959798995,14.0
2710,2.038391959798995,15.0
2711,2.038391959798995,16.0
2712,2.038391959798995,17.0
2713,2.038391959798995,18.0
2714,2.038391959798995,19.0
2715,2.038391959798995,20.0
2716,2.038391959798995,21.0
2717,2.038391959798995,22.0
2718,2.038391959798995,23.0
2719,2.038391959798995,24.0
2720,2.0534170854271356,5.0
2721,2.0534170854271356,6.0
2722,2.0534170854271356,7.0
2723,2.0534170854271356,8.0
2724,2.0534170854271356,9.0
2725,2.0534170854271356,10.0
2726,2.0534170854271356,11.0
2727,2.0534170854271356,12.0
2728,2.0534170854271356,13.0
2729,2.0534170854271356,14.0
2730,2.0534170854271356,15.0
2731,2.0534170854271356,16.0
2732,2.0534170854271356,17.0
2733,2.0534170854271356,18.0
2734,2.0534170854271356,19.0
2735,2.0534170854271356,20.0
2736,2.0534170854271356,21.0
2737,2.0534170854271356,22.0
2738,2.0534170854271356,23.0
2739,2.0534170854271356,24.0
2740,2.0684422110552765,5.0
2741,2.0684422110552765,6.0
2742,2.0684422110552765,7.0
2743,2.0684422110552765,8.0
2744,2.0684422110552765,9.0
2745,2.0684422110552765,10.0
2746,2.0684422110552765,11.0
2747,2.0684422110552765,12.0
2748,2.0684422110552765,13.0
2749,2.0684422110552765,14.0
2750,2.0684422110552765,15.0
2751,2.0684422110552765,16.0
2752,2.0684422110552765,17.0
2753,2.0684422110552765,18.0
2754,2.0684422110552765,19.0
2755,2.0684422110552765,20.0
2756,2.0684422110552765,21.0
2757,2.0684422110552765,22.0
2758,2.0684422110552765,23.0
2759,2.0684422110552765,24.0
2760,2.083467336683417,5.0
2761,2.083467336683417,6.0
2762,2.083467336683417,7.0
2763,2.083467336683417,8.0
2764,2.083467336683417,9.0
2765,2.083467336683417,10.0
2766,2.083467336683417,11.0
2767,2.083467336683417,12.0
2768,2.083467336683417,13.0
2769,2.083467336683417,14.0
2770,2.083467336683417,15.0
2771,2.083467336683417,16.0
2772,2.083467336683417,17.0
2773,2.083467336683417,18.0
2774,2.083467336683417,19.0
2775,2.083467336683417,20.0
2776,2.083467336683417,21.0
2777,2.083467336683417,22.0
2778,2.083467336683417,23.0
2779,2.083467336683417,24.0
2780,2.0984924623115577,5.0
2781,2.0984924623115577,6.0
2782,2.0984924623115577,7.0
2783,2.0984924623115577,8.0
2784,2.0984924623115577,9.0
2785,2.0984924623115577,10.0
2786,2.0984924623115577,11.0
2787,2.0984924623115577,12.0
2788,2.0984924623115577,13.0
2789,2.0984924623115577,14.0
2790,2.0984924623115577,15.0
2791,2.0984924623115577,16.0
2792,2.0984924623115577,17.0
2793,2.0984924623115577,18.0
2794,2.0984924623115577,19.0
2795,2.0984924623115577,20.0
2796,2.0984924623115577,21.0
2797,2.0984924623115577,22.0
2798,2.0984924623115577,23.0
2799,2.0984924623115577,24.0
2800,2.1135175879396986,5.0
2801,2.1135175879396986,6.0
2802,2.1135175879396986,7.0
2803,2.1135175879396986,8.0
2804,2.1135175879396986,9.0
2805,2.1135175879396986,10.0
2806,2.1135175879396986,11.0
2807,2.1135175879396986,12.0
2808,2.1135175879396986,13.0
2809,2.1135175879396986,14.0
2810,2.1135175879396986,15.0
2811,2.1135175879396986,16.0
2812,2.1135175879396986,17.0
2813,2.1135175879396986,18.0
2814,2.1135175879396986,19.0
2815,2.1135175879396986,20.0
2816,2.1135175879396986,21.0
2817,2.1135175879396986,22.0
2818,2.1135175879396986,23.0
2819,2.1135175879396986,24.0
2820,2.128542713567839,5.0
2821,2.128542713567839,6.0
2822,2.128542713567839,7.0
2823,2.128542713567839,8.0
2824,2.128542713567839,9.0
2825,2.128542713567839,10.0
2826,2.128542713567839,11.0
2827,2.128542713567839,12.0
2828,2.128542713567839,13.0
2829,2.128542713567839,14.0
2830,2.128542713567839,15.0
2831,2.128542713567839,16.0
2832,2.128542713567839,17.0
2833,2.128542713567839,18.0
2834,2.128542713567839,19.0
2835,2.128542713567839,20.0
2836,2.128542713567839,21.0
2837,2.128542713567839,22.0
2838,2.128542713567839,23.0
2839,2.128542713567839,24.0
2840,2.14356783919598,5.0
2841,2.14356783919598,6.0
2842,2.14356783919598,7.0
2843,2.14356783919598,8.0
2844,2.14356783919598,9.0
2845,2.14356783919598,10.0
2846,2.14356783919598,11.0
2847,2.14356783919598,12.0
2848,2.14356783919598,13.0
2849,2.14356783919598,14.0
2850,2.14356783919598,15.0
2851,2.14356783919598,16.0
2852,2.14356783919598,17.0
2853,2.14356783919598,18.0
2854,2.14356783919598,19.0
2855,2.14356783919598,20.0
2856,2.14356783919598,21.0
2857,2.14356783919598,22.0
2858,2.14356783919598,23.0
2859,2.14356783919598,24.0
2860,2.1585929648241207,5.0
2861,2.1585929648241207,6.0
2862,2.1585929648241207,7.0
2863,2.1585929648241207,8.0
2864,2.1585929648241207,9.0
2865,2.1585929648241207,10.0
2866,2.1585929648241207,11.0
2867,2.1585929648241207,12.0
2868,2.1585929648241207,13.0
2869,2.1585929648241207,14.0
2870,2.1585929648241207,15.0
2871,2.1585929648241207,16.0
2872,2.1585929648241207,17.0
2873,2.1585929648241207,18.0
2874,2.1585929648241207,19.0
2875,2.1585929648241207,20.0
2876,2.1585929648241207,21.0
2877,2.1585929648241207,22.0
2878,2.1585929648241207,23.0
2879,2.1585929648241207,24.0
2880,2.173618090452261,5.0
2881,2.173618090452261,6.0
2882,2.173618090452261,7.0
2883,2.173618090452261,8.0
2884,2.173618090452261,9.0
2885,2.173618090452261,10.0
2886,2.173618090452261,11.0
2887,2.173618090452261,12.0
2888,2.173618090452261,13.0
2889,2.173618090452261,14.0
2890,2.173618090452261,15.0
2891,2.173618090452261,16.0
2892,2.173618090452261,17.0
2893,2.173618090452261,18.0
2894,2.173618090452261,19.0
2895,2.173618090452261,20.0
2896,2.173618090452261,21.0
2897,2.173618090452261,22.0
2898,2.173618090452261,23.0
2899,2.173618090452261,24.0
2900,2.188643216080402,5.0
2901,2.188643216080402,6.0
2902,2.188643216080402,7.0
2903,2.188643216080402,8.0
2904,2.188643216080402,9.0
2905,2.188643216080402,10.0
2906,2.188643216080402,11.0
2907,2.188643216080402,12.0
2908,2.188643216080402,13.0
2909,2.188643216080402,14.0
2910,2.188643216080402,15.0
2911,2.188643216080402,16.0
2912,2.188643216080402,17.0
2913,2.188643216080402,18.0
2914,2.188643216080402,19.0
2915,2.188643216080402,20.0
2916,2.188643216080402,21.0
2917,2.188643216080402,22.0
2918,2.188643216080402,23.0
2919,2.188643216080402,24.0
2920,2.2036683417085428,5.0
2921,2.2036683417085428,6.0
2922,2.2036683417085428,7.0
2923,2.2036683417085428,8.0
2924,2.2036683417085428,9.0
2925,2.2036683417085428,10.0
2926,2.2036683417085428,11.0
2927,2.2036683417085428,12.0
2928,2.2036683417085428,13.0
2929,2.2036683417085428,14.0
2930,2.2036683417085428,15.0
2931,2.2036683417085428,16.0
2932,2.2036683417085428,17.0
2933,2.2036683417085428,18.0
2934,2.2036683417085428,19.0
2935,2.2036683417085428,20.0
2936,2.2036683417085428,21.0
2937,2.2036683417085428,22.0
2938,2.2036683417085428,23.0
2939,2.2036683417085428,24.0
2940,2.218693467336683,5.0
2941,2.218693467336683,6.0
2942,2.218693467336683,7.0
2943,2.218693467336683,8.0
2944,2.218693467336683,9.0
2945,2.218693467336683,10.0
2946,2.218693467336683,11.0
2947,2.218693467336683,12.0
2948,2.218693467336683,13.0
2949,2.218693467336683,14.0
2950,2.218693467336683,15.0
2951,2.218693467336683,16.0
2952,2.218693467336683,17.0
2953,2.218693467336683,18.0
2954,2.218693467336683,19.0
2955,2.218693467336683,20.0
2956,2.218693467336683,21.0
2957,2.218693467336683,22.0
2958,2.218693467336683,23.0
2959,2.218693467336683,24.0
2960,2.233718592964824,5.0
2961,2.233718592964824,6.0
2962,2.233718592964824,7.0
2963,2.233718592964824,8.0
2964,2.233718592964824,9.0
2965,2.233718592964824,10.0
2966,2.233718592964824,11.0
2967,2.233718592964824,12.0
2968,2.233718592964824,13.0
2969,2.233718592964824,14.0
2970,2.233718592964824,15.0
2971,2.233718592964824,16.0
2972,2.233718592964824,17.0
2973,2.233718592964824,18.0
2974,2.233718592964824,19.0
2975,2.233718592964824,20.0
2976,2.233718592964824,21.0
2977,2.233718592964824,22.0
2978,2.233718592964824,23.0
2979,2.233718592964824,24.0
2980,2.248743718592965,5.0
2981,2.248743718592965,6.0
2982,2.248743718592965,7.0
2983,2.248743718592965,8.0
2984,2.248743718592965,9.0
2985,2.248743718592965,10.0
2986,2.248743718592965,11.0
2987,2.248743718592965,12.0
2988,2.248743718592965,13.0
2989,2.248743718592965,14.0
2990,2.248743718592965,15.0
2991,2.248743718592965,16.0
2992,2.248743718592965,17.0
2993,2.248743718592965,18.0
2994,2.248743718592965,19.0
2995,2.248743718592965,20.0
2996,2.248743718592965,21.0
2997,2.248743718592965,22.0
2998,2.248743718592965,23.0
2999,2.248743718592965,24.0
3000,2.2637688442211057,5.0
3001,2.2637688442211057,6.0
3002,2.2637688442211057,7.0
3003,2.2637688442211057,8.0
3004,2.2637688442211057,9.0
3005,2.2637688442211057,10.0
3006,2.2637688442211057,11.0
3007,2.2637688442211057,12.0
3008,2.2637688442211057,13.0
3009,2.2637688442211057,14.0
3010,2.2637688442211057,15.0
3011,2.2637688442211057,16.0
3012,2.2637688442211057,17.0
3013,2.2637688442211057,18.0
3014,2.2637688442211057,19.0
3015,2.2637688442211057,20.0
3016,2.2637688442211057,21.0
3017,2.2637688442211057,22.0
3018,2.2637688442211057,23.0
3019,2.2637688442211057,24.0
3020,2.278793969849246,5.0
3021,2.278793969849246,6.0
3022,2.278793969849246,7.0
3023,2.278793969849246,8.0
3024,2.278793969849246,9.0
3025,2.278793969849246,10.0
3026,2.278793969849246,11.0
3027,2.278793969849246,12.0
3028,2.278793969849246,13.0
3029,2.278793969849246,14.0
3030,2.278793969849246,15.0
3031,2.278793969849246,16.0
3032,2.278793969849246,17.0
3033,2.278793969849246,18.0
3034,2.278793969849246,19.0
3035,2.278793969849246,20.0
3036,2.278793969849246,21.0
3037,2.278793969849246,22.0
3038,2.278793969849246,23.0
3039,2.278793969849246,24.0
3040,2.293819095477387,5.0
3041,2.293819095477387,6.0
3042,2.293819095477387,7.0
3043,2.293819095477387,8.0
3044,2.293819095477387,9.0
3045,2.293819095477387,10.0
3046,2.293819095477387,11.0
3047,2.293819095477387,12.0
3048,2.293819095477387,13.0
3049,2.293819095477387,14.0
3050,2.293819095477387,15.0
3051,2.293819095477387,16.0
3052,2.293819095477387,17.0
3053,2.293819095477387,18.0
3054,2.293819095477387,19.0
3055,2.293819095477387,20.0
3056,2.293819095477387,21.0
3057,2.293819095477387,22.0
3058,2.293819095477387,23.0
3059,2.293819095477387,24.0
3060,2.308844221105528,5.0
3061,2.308844221105528,6.0
3062,2.308844221105528,7.0
3063,2.308844221105528,8.0
3064,2.308844221105528,9.0
3065,2.308844221105528,10.0
3066,2.308844221105528,11.0
3067,2.308844221105528,12.0
3068,2.308844221105528,13.0
3069,2.308844221105528,14.0
3070,2.308844221105528,15.0
3071,2.308844221105528,16.0
3072,2.308844221105528,17.0
3073,2.308844221105528,18.0
3074,2.308844221105528,19.0
3075,2.308844221105528,20.0
3076,2.308844221105528,21.0
3077,2.308844221105528,22.0
3078,2.308844221105528,23.0
3079,2.308844221105528,24.0
3080,2.323869346733668,5.0
3081,2.323869346733668,6.0
3082,2.323869346733668,7.0
3083,2.323869346733668,8.0
3084,2.323869346733668,9.0
3085,2.323869346733668,10.0
3086,2.323869346733668,11.0
3087,2.323869346733668,12.0
3088,2.323869346733668,13.0
3089,2.323869346733668,14.0
3090,2.323869346733668,15.0
3091,2.323869346733668,16.0
3092,2.323869346733668,17.0
3093,2.323869346733668,18.0
3094,2.323869346733668,19.0
3095,2.323869346733668,20.0
3096,2.323869346733668,21.0
3097,2.323869346733668,22.0
3098,2.323869346733668,23.0
3099,2.323869346733668,24.0
3100,2.338894472361809,5.0
3101,2.338894472361809,6.0
3102,2.338894472361809,7.0
3103,2.338894472361809,8.0
3104,2.338894472361809,9.0
3105,2.338894472361809,10.0
3106,2.338894472361809,11.0
3107,2.338894472361809,12.0
3108,2.338894472361809,13.0
3109,2.338894472361809,14.0
3110,2.338894472361809,15.0
3111,2.338894472361809,16.0
3112,2.338894472361809,17.0
3113,2.338894472361809,18.0
3114,2.338894472361809,19.0
3115,2.338894472361809,20.0
3116,2.338894472361809,21.0
3117,2.338894472361809,22.0
3118,2.338894472361809,23.0
3119,2.338894472361809,24.0
3120,2.35391959798995,5.0
3121,2.35391959798995,6.0
3122,2.35391959798995,7.0
3123,2.35391959798995,8.0
3124,2.35391959798995,9.0
3125,2.35391959798995,10.0
3126,2.35391959798995,11.0
3127,2.35391959798995,12.0
3128,2.35391959798995,13.0
3129,2.35391959798995,14.0
3130,2.35391959798995,15.0
3131,2.35391959798995,16.0
3132,2.35391959798995,17.0
3133,2.35391959798995,18.0
3134,2.35391959798995,19.0
3135,2.35391959798995,20.0
3136,2.35391959798995,21.0
3137,2.35391959798995,22.0
3138,2.35391959798995,23.0
3139,2.35391959798995,24.0
3140,2.3689447236180903,5.0
3141,2.3689447236180903,6.0
3142,2.3689447236180903,7.0
3143,2.3689447236180903,8.0
3144,2.3689447236180903,9.0
3145,2.3689447236180903,10.0
3146,2.3689447236180903,11.0
3147,2.3689447236180903,12.0
3148,2.3689447236180903,13.0
3149,2.3689447236180903,14.0
3150,2.3689447236180903,15.0
3151,2.3689447236180903,16.0
3152,2.3689447236180903,17.0
3153,2.3689447236180903,18.0
3154,2.3689447236180903,19.0
3155,2.3689447236180903,20.0
3156,2.3689447236180903,21.0
3157,2.3689447236180903,22.0
3158,2.3689447236180903,23.0
3159,2.3689447236180903,24.0
3160,2.383969849246231,5.0
3161,2.383969849246231,6.0
3162,2.383969849246231,7.0
3163,2.383969849246231,8.0
3164,2.383969849246231,9.0
3165,2.383969849246231,10.0
3166,2.383969849246231,11.0
3167,2.383969849246231,12.0
3168,2.383969849246231,13.0
3169,2.383969849246231,14.0
3170,2.383969849246231,15.0
3171,2.383969849246231,16.0
3172,2.383969849246231,17.0
3173,2.383969849246231,18.0
3174,2.383969849246231,19.0
3175,2.383969849246231,20.0
3176,2.383969849246231,21.0
3177,2.383969849246231,22.0
3178,2.383969849246231,23.0
3179,2.383969849246231,24.0
3180,2.398994974874372,5.0
3181,2.398994974874372,6.0
3182,2.398994974874372,7.0
3183,2.398994974874372,8.0
3184,2.398994974874372,9.0
3185,2.398994974874372,10.0
3186,2.398994974874372,11.0
3187,2.398994974874372,12.0
3188,2.398994974874372,13.0
3189,2.398994974874372,14.0
3190,2.398994974874372,15.0
3191,2.398994974874372,16.0
3192,2.398994974874372,17.0
3193,2.398994974874372,18.0
3194,2.398994974874372,19.0
3195,2.398994974874372,20.0
3196,2.398994974874372,21.0
3197,2.398994974874372,22.0
3198,2.398994974874372,23.0
3199,2.398994974874372,24.0
3200,2.4140201005025124,5.0
3201,2.4140201005025124,6.0
3202,2.4140201005025124,7.0
3203,2.4140201005025124,8.0
3204,2.4140201005025124,9.0
3205,2.4140201005025124,10.0
3206,2.4140201005025124,11.0
3207,2.4140201005025124,12.0
3208,2.4140201005025124,13.0
3209,2.4140201005025124,14.0
3210,2.4140201005025124,15.0
3211,2.4140201005025124,16.0
3212,2.4140201005025124,17.0
3213,2.4140201005025124,18.0
3214,2.4140201005025124,19.0
3215,2.4140201005025124,20.0
3216,2.4140201005025124,21.0
3217,2.4140201005025124,22.0
3218,2.4140201005025124,23.0
3219,2.4140201005025124,24.0
3220,2.429045226130653,5.0
3221,2.429045226130653,6.0
3222,2.429045226130653,7.0
3223,2.429045226130653,8.0
3224,2.429045226130653,9.0
3225,2.429045226130653,10.0
3226,2.429045226130653,11.0
3227,2.429045226130653,12.0
3228,2.429045226130653,13.0
3229,2.429045226130653,14.0
3230,2.429045226130653,15.0
3231,2.429045226130653,16.0
3232,2.429045226130653,17.0
3233,2.429045226130653,18.0
3234,2.429045226130653,19.0
3235,2.429045226130653,20.0
3236,2.429045226130653,21.0
3237,2.429045226130653,22.0
3238,2.429045226130653,23.0
3239,2.429045226130653,24.0
3240,2.444070351758794,5.0
3241,2.444070351758794,6.0
3242,2.444070351758794,7.0
3243,2.444070351758794,8.0
3244,2.444070351758794,9.0
3245,2.444070351758794,10.0
3246,2.444070351758794,11.0
3247,2.444070351758794,12.0
3248,2.444070351758794,13.0
3249,2.444070351758794,14.0
3250,2.444070351758794,15.0
3251,2.444070351758794,16.0
3252,2.444070351758794,17.0
3253,2.444070351758794,18.0
3254,2.444070351758794,19.0
3255,2.444070351758794,20.0
3256,2.444070351758794,21.0
3257,2.444070351758794,22.0
3258,2.444070351758794,23.0
3259,2.444070351758794,24.0
3260,2.4590954773869345,5.0
3261,2.4590954773869345,6.0
3262,2.4590954773869345,7.0
3263,2.4590954773869345,8.0
3264,2.4590954773869345,9.0
3265,2.4590954773869345,10.0
3266,2.4590954773869345,11.0
3267,2.4590954773869345,12.0
3268,2.4590954773869345,13.0
3269,2.4590954773869345,14.0
3270,2.4590954773869345,15.0
3271,2.4590954773869345,16.0
3272,2.4590954773869345,17.0
3273,2.4590954773869345,18.0
3274,2.4590954773869345,19.0
3275,2.4590954773869345,20.0
3276,2.4590954773869345,21.0
3277,2.4590954773869345,22.0
3278,2.4590954773869345,23.0
3279,2.4590954773869345,24.0
3280,2.4741206030150753,5.0
3281,2.4741206030150753,6.0
3282,2.4741206030150753,7.0
3283,2.4741206030150753,8.0
3284,2.4741206030150753,9.0
3285,2.4741206030150753,10.0
3286,2.4741206030150753,11.0
3287,2.4741206030150753,12.0
3288,2.4741206030150753,13.0
3289,2.4741206030150753,14.0
3290,2.4741206030150753,15.0
3291,2.4741206030150753,16.0
3292,2.4741206030150753,17.0
3293,2.4741206030150753,18.0
3294,2.4741206030150753,19.0
3295,2.4741206030150753,20.0
3296,2.4741206030150753,21.0
3297,2.4741206030150753,22.0
3298,2.4741206030150753,23.0
3299,2.4741206030150753,24.0
3300,2.489145728643216,5.0
3301,2.489145728643216,6.0
3302,2.489145728643216,7.0
3303,2.489145728643216,8.0
3304,2.489145728643216,9.0
3305,2.489145728643216,10.0
3306,2.489145728643216,11.0
3307,2.489145728643216,12.0
3308,2.489145728643216,13.0
3309,2.489145728643216,14.0
3310,2.489145728643216,15.0
3311,2.489145728643216,16.0
3312,2.489145728643216,17.0
3313,2.489145728643216,18.0
3314,2.489145728643216,19.0
3315,2.489145728643216,20.0
3316,2.489145728643216,21.0
3317,2.489145728643216,22.0
3318,2.489145728643216,23.0
3319,2.489145728643216,24.0
3320,2.5041708542713565,5.0
3321,2.5041708542713565,6.0
3322,2.5041708542713565,7.0
3323,2.5041708542713565,8.0
3324,2.5041708542713565,9.0
3325,2.5041708542713565,10.0
3326,2.5041708542713565,11.0
3327,2.5041708542713565,12.0
3328,2.5041708542713565,13.0
3329,2.5041708542713565,14.0
3330,2.5041708542713565,15.0
3331,2.5041708542713565,16.0
3332,2.5041708542713565,17.0
3333,2.5041708542713565,18.0
3334,2.5041708542713565,19.0
3335,2.5041708542713565,20.0
3336,2.5041708542713565,21.0
3337,2.5041708542713565,22.0
3338,2.5041708542713565,23.0
3339,2.5041708542713565,24.0
3340,2.5191959798994974,5.0
3341,2.5191959798994974,6.0
3342,2.5191959798994974,7.0
3343,2.5191959798994974,8.0
3344,2.5191959798994974,9.0
3345,2.5191959798994974,10.0
3346,2.5191959798994974,11.0
3347,2.5191959798994974,12.0
3348,2.5191959798994974,13.0
3349,2.5191959798994974,14.0
3350,2.5191959798994974,15.0
3351,2.5191959798994974,16.0
3352,2.5191959798994974,17.0
3353,2.5191959798994974,18.0
3354,2.5191959798994974,19.0
3355,2.5191959798994974,20.0
3356,2.5191959798994974,21.0
3357,2.5191959798994974,22.0
3358,2.5191959798994974,23.0
3359,2.5191959798994974,24.0
3360,2.5342211055276382,5.0
3361,2.5342211055276382,6.0
3362,2.5342211055276382,7.0
3363,2.5342211055276382,8.0
3364,2.5342211055276382,9.0
3365,2.5342211055276382,10.0
3366,2.5342211055276382,11.0
3367,2.5342211055276382,12.0
3368,2.5342211055276382,13.0
3369,2.5342211055276382,14.0
3370,2.5342211055276382,15.0
3371,2.5342211055276382,16.0
3372,2.5342211055276382,17.0
3373,2.5342211055276382,18.0
3374,2.5342211055276382,19.0
3375,2.5342211055276382,20.0
3376,2.5342211055276382,21.0
3377,2.5342211055276382,22.0
3378,2.5342211055276382,23.0
3379,2.5342211055276382,24.0
3380,2.549246231155779,5.0
3381,2.549246231155779,6.0
3382,2.549246231155779,7.0
3383,2.549246231155779,8.0
3384,2.549246231155779,9.0
3385,2.549246231155779,10.0
3386,2.549246231155779,11.0
3387,2.549246231155779,12.0
3388,2.549246231155779,13.0
3389,2.549246231155779,14.0
3390,2.549246231155779,15.0
3391,2.549246231155779,16.0
3392,2.549246231155779,17.0
3393,2.549246231155779,18.0
3394,2.549246231155779,19.0
3395,2.549246231155779,20.0
3396,2.549246231155779,21.0
3397,2.549246231155779,22.0
3398,2.549246231155779,23.0
3399,2.549246231155779,24.0
3400,2.5642713567839195,5.0
3401,2.5642713567839195,6.0
3402,2.5642713567839195,7.0
3403,2.5642713567839195,8.0
3404,2.5642713567839195,9.0
3405,2.5642713567839195,10.0
3406,2.5642713567839195,11.0
3407,2.5642713567839195,12.0
3408,2.5642713567839195,13.0
3409,2.5642713567839195,14.0
3410,2.5642713567839195,15.0
3411,2.5642713567839195,16.0
3412,2.5642713567839195,17.0
3413,2.5642713567839195,18.0
3414,2.5642713567839195,19.0
3415,2.5642713567839195,20.0
3416,2.5642713567839195,21.0
3417,2.5642713567839195,22.0
3418,2.5642713567839195,23.0
3419,2.5642713567839195,24.0
3420,2.5792964824120603,5.0
3421,2.5792964824120603,6.0
3422,2.5792964824120603,7.0
3423,2.5792964824120603,8.0
3424,2.5792964824120603,9.0
3425,2.5792964824120603,10.0
3426,2.5792964824120603,11.0
3427,2.5792964824120603,12.0
3428,2.5792964824120603,13.0
3429,2.5792964824120603,14.0
3430,2.5792964824120603,15.0
3431,2.5792964824120603,16.0
3432,2.5792964824120603,17.0
3433,2.5792964824120603,18.0
3434,2.5792964824120603,19.0
3435,2.5792964824120603,20.0
3436,2.5792964824120603,21.0
3437,2.5792964824120603,22.0
3438,2.5792964824120603,23.0
3439,2.5792964824120603,24.0
3440,2.594321608040201,5.0
3441,2.594321608040201,6.0
3442,2.594321608040201,7.0
3443,2.594321608040201,8.0
3444,2.594321608040201,9.0
3445,2.594321608040201,10.0
3446,2.594321608040201,11.0
3447,2.594321608040201,12.0
3448,2.594321608040201,13.0
3449,2.594321608040201,14.0
3450,2.594321608040201,15.0
3451,2.594321608040201,16.0
3452,2.594321608040201,17.0
3453,2.594321608040201,18.0
3454,2.594321608040201,19.0
3455,2.594321608040201,20.0
3456,2.594321608040201,21.0
3457,2.594321608040201,22.0
3458,2.594321608040201,23.0
3459,2.594321608040201,24.0
3460,2.6093467336683416,5.0
3461,2.6093467336683416,6.0
3462,2.6093467336683416,7.0
3463,2.6093467336683416,8.0
3464,2.6093467336683416,9.0
3465,2.6093467336683416,10.0
3466,2.6093467336683416,11.0
3467,2.6093467336683416,12.0
3468,2.6093467336683416,13.0
3469,2.6093467336683416,14.0
3470,2.6093467336683416,15.0
3471,2.6093467336683416,16.0
3472,2.6093467336683416,17.0
3473,2.6093467336683416,18.0
3474,2.6093467336683416,19.0
3475,2.6093467336683416,20.0
3476,2.6093467336683416,21.0
3477,2.6093467336683416,22.0
3478,2.6093467336683416,23.0
3479,2.6093467336683416,24.0
3480,2.6243718592964824,5.0
3481,2.6243718592964824,6.0
3482,2.6243718592964824,7.0
3483,2.6243718592964824,8.0
3484,2.6243718592964824,9.0
3485,2.6243718592964824,10.0
3486,2.6243718592964824,11.0
3487,2.6243718592964824,12.0
3488,2.6243718592964824,13.0
3489,2.6243718592964824,14.0
3490,2.6243718592964824,15.0
3491,2.6243718592964824,16.0
3492,2.6243718592964824,17.0
3493,2.6243718592964824,18.0
3494,2.6243718592964824,19.0
3495,2.6243718592964824,20.0
3496,2.6243718592964824,21.0
3497,2.6243718592964824,22.0
3498,2.6243718592964824,23.0
3499,2.6243718592964824,24.0
3500,2.6393969849246233,5.0
3501,2.6393969849246233,6.0
3502,2.6393969849246233,7.0
3503,2.6393969849246233,8.0
3504,2.6393969849246233,9.0
3505,2.6393969849246233,10.0
3506,2.6393969849246233,11.0
3507,2.6393969849246233,12.0
3508,2.6393969849246233,13.0
3509,2.6393969849246233,14.0
3510,2.6393969849246233,15.0
3511,2.6393969849246233,16.0
3512,2.6393969849246233,17.0
3513,2.6393969849246233,18.0
3514,2.6393969849246233,19.0
3515,2.6393969849246233,20.0
3516,2.6393969849246233,21.0
3517,2.6393969849246233,22.0
3518,2.6393969849246233,23.0
3519,2.6393969849246233,24.0
3520,2.6544221105527637,5.0
3521,2.6544221105527637,6.0
3522,2.6544221105527637,7.0
3523,2.6544221105527637,8.0
3524,2.6544221105527637,9.0
3525,2.6544221105527637,10.0
3526,2.6544221105527637,11.0
3527,2.6544221105527637,12.0
3528,2.6544221105527637,13.0
3529,2.6544221105527637,14.0
3530,2.6544221105527637,15.0
3531,2.6544221105527637,16.0
3532,2.6544221105527637,17.0
3533,2.6544221105527637,18.0
3534,2.6544221105527637,19.0
3535,2.6544221105527637,20.0
3536,2.6544221105527637,21.0
3537,2.6544221105527637,22.0
3538,2.6544221105527637,23.0
3539,2.6544221105527637,24.0
3540,2.6694472361809045,5.0
3541,2.6694472361809045,6.0
3542,2.6694472361809045,7.0
3543,2.6694472361809045,8.0
3544,2.6694472361809045,9.0
3545,2.6694472361809045,10.0
3546,2.6694472361809045,11.0
3547,2.6694472361809045,12.0
3548,2.6694472361809045,13.0
3549,2.6694472361809045,14.0
3550,2.6694472361809045,15.0
3551,2.6694472361809045,16.0
3552,2.6694472361809045,17.0
3553,2.6694472361809045,18.0
3554,2.6694472361809045,19.0
3555,2.6694472361809045,20.0
3556,2.6694472361809045,21.0
3557,2.6694472361809045,22.0
3558,2.6694472361809045,23.0
3559,2.6694472361809045,24.0
3560,2.6844723618090454,5.0
3561,2.6844723618090454,6.0
3562,2.6844723618090454,7.0
3563,2.6844723618090454,8.0
3564,2.6844723618090454,9.0
3565,2.6844723618090454,10.0
3566,2.6844723618090454,11.0
3567,2.6844723618090454,12.0
3568,2.6844723618090454,13.0
3569,2.6844723618090454,14.0
3570,2.6844723618090454,15.0
3571,2.6844723618090454,16.0
3572,2.6844723618090454,17.0
3573,2.6844723618090454,18.0
3574,2.6844723618090454,19.0
3575,2.6844723618090454,20.0
3576,2.6844723618090454,21.0
3577,2.6844723618090454,22.0
3578,2.6844723618090454,23.0
3579,2.6844723618090454,24.0
3580,2.6994974874371858,5.0
3581,2.6994974874371858,6.0
3582,2.6994974874371858,7.0
3583,2.6994974874371858,8.0
3584,2.6994974874371858,9.0
3585,2.6994974874371858,10.0
3586,2.6994974874371858,11.0
3587,2.6994974874371858,12.0
3588,2.6994974874371858,13.0
3589,2.6994974874371858,14.0
3590,2.6994974874371858,15.0
3591,2.6994974874371858,16.0
3592,2.6994974874371858,17.0
3593,2.6994974874371858,18.0
3594,2.6994974874371858,19.0
3595,2.6994974874371858,20.0
3596,2.6994974874371858,21.0
3597,2.6994974874371858,22.0
3598,2.6994974874371858,23.0
3599,2.6994974874371858,24.0
3600,2.7145226130653266,5.0
3601,2.7145226130653266,6.0
3602,2.7145226130653266,7.0
3603,2.7145226130653266,8.0
3604,2.7145226130653266,9.0
3605,2.7145226130653266,10.0
3606,2.7145226130653266,11.0
3607,2.7145226130653266,12.0
3608,2.7145226130653266,13.0
3609,2.7145226130653266,14.0
3610,2.7145226130653266,15.0
3611,2.7145226130653266,16.0
3612,2.7145226130653266,17.0
3613,2.7145226130653266,18.0
3614,2.7145226130653266,19.0
3615,2.7145226130653266,20.0
3616,2.7145226130653266,21.0
3617,2.7145226130653266,22.0
3618,2.7145226130653266,23.0
3619,2.7145226130653266,24.0
3620,2.7295477386934675,5.0
3621,2.7295477386934675,6.0
3622,2.7295477386934675,7.0
3623,2.7295477386934675,8.0
3624,2.7295477386934675,9.0
3625,2.7295477386934675,10.0
3626,2.7295477386934675,11.0
3627,2.7295477386934675,12.0
3628,2.7295477386934675,13.0
3629,2.7295477386934675,14.0
3630,2.7295477386934675,15.0
3631,2.7295477386934675,16.0
3632,2.7295477386934675,17.0
3633,2.7295477386934675,18.0
3634,2.7295477386934675,19.0
3635,2.7295477386934675,20.0
3636,2.7295477386934675,21.0
3637,2.7295477386934675,22.0
3638,2.7295477386934675,23.0
3639,2.7295477386934675,24.0
3640,2.744572864321608,5.0
3641,2.744572864321608,6.0
3642,2.744572864321608,7.0
3643,2.744572864321608,8.0
3644,2.744572864321608,9.0
3645,2.744572864321608,10.0
3646,2.744572864321608,11.0
3647,2.744572864321608,12.0
3648,2.744572864321608,13.0
3649,2.744572864321608,14.0
3650,2.744572864321608,15.0
3651,2.744572864321608,16.0
3652,2.744572864321608,17.0
3653,2.744572864321608,18.0
3654,2.744572864321608,19.0
3655,2.744572864321608,20.0
3656,2.744572864321608,21.0
3657,2.744572864321608,22.0
3658,2.744572864321608,23.0
3659,2.744572864321608,24.0
3660,2.7595979899497487,5.0
3661,2.7595979899497487,6.0
3662,2.7595979899497487,7.0
3663,2.7595979899497487,8.0
3664,2.7595979899497487,9.0
3665,2.7595979899497487,10.0
3666,2.7595979899497487,11.0
3667,2.7595979899497487,12.0
3668,2.7595979899497487,13.0
3669,2.7595979899497487,14.0
3670,2.7595979899497487,15.0
3671,2.7595979899497487,16.0
3672,2.7595979899497487,17.0
3673,2.7595979899497487,18.0
3674,2.7595979899497487,19.0
3675,2.7595979899497487,20.0
3676,2.7595979899497487,21.0
3677,2.7595979899497487,22.0
3678,2.7595979899497487,23.0
3679,2.7595979899497487,24.0
3680,2.7746231155778895,5.0
3681,2.7746231155778895,6.0
3682,2.7746231155778895,7.0
3683,2.7746231155778895,8.0
3684,2.7746231155778895,9.0
3685,2.7746231155778895,10.0
3686,2.7746231155778895,11.0
3687,2.7746231155778895,12.0
3688,2.7746231155778895,13.0
3689,2.7746231155778895,14.0
3690,2.7746231155778895,15.0
3691,2.7746231155778895,16.0
3692,2.7746231155778895,17.0
3693,2.7746231155778895,18.0
3694,2.7746231155778895,19.0
3695,2.7746231155778895,20.0
3696,2.7746231155778895,21.0
3697,2.7746231155778895,22.0
3698,2.7746231155778895,23.0
3699,2.7746231155778895,24.0
3700,2.78964824120603,5.0
3701,2.78964824120603,6.0
3702,2.78964824120603,7.0
3703,2.78964824120603,8.0
3704,2.78964824120603,9.0
3705,2.78964824120603,10.0
3706,2.78964824120603,11.0
3707,2.78964824120603,12.0
3708,2.78964824120603,13.0
3709,2.78964824120603,14.0
3710,2.78964824120603,15.0
3711,2.78964824120603,16.0
3712,2.78964824120603,17.0
3713,2.78964824120603,18.0
3714,2.78964824120603,19.0
3715,2.78964824120603,20.0
3716,2.78964824120603,21.0
3717,2.78964824120603,22.0
3718,2.78964824120603,23.0
3719,2.78964824120603,24.0
3720,2.804673366834171,5.0
3721,2.804673366834171,6.0
3722,2.804673366834171,7.0
3723,2.804673366834171,8.0
3724,2.804673366834171,9.0
3725,2.804673366834171,10.0
3726,2.804673366834171,11.0
3727,2.804673366834171,12.0
3728,2.804673366834171,13.0
3729,2.804673366834171,14.0
3730,2.804673366834171,15.0
3731,2.804673366834171,16.0
3732,2.804673366834171,17.0
3733,2.804673366834171,18.0
3734,2.804673366834171,19.0
3735,2.804673366834171,20.0
3736,2.804673366834171,21.0
3737,2.804673366834171,22.0
3738,2.804673366834171,23.0
3739,2.804673366834171,24.0
3740,2.8196984924623116,5.0
3741,2.8196984924623116,6.0
3742,2.8196984924623116,7.0
3743,2.8196984924623116,8.0
3744,2.8196984924623116,9.0
3745,2.8196984924623116,10.0
3746,2.8196984924623116,11.0
3747,2.8196984924623116,12.0
3748,2.8196984924623116,13.0
3749,2.8196984924623116,14.0
3750,2.8196984924623116,15.0
3751,2.8196984924623116,16.0
3752,2.8196984924623116,17.0
3753,2.8196984924623116,18.0
3754,2.8196984924623116,19.0
3755,2.8196984924623116,20.0
3756,2.8196984924623116,21.0
3757,2.8196984924623116,22.0
3758,2.8196984924623116,23.0
3759,2.8196984924623116,24.0
3760,2.8347236180904525,5.0
3761,2.8347236180904525,6.0
3762,2.8347236180904525,7.0
3763,2.8347236180904525,8.0
3764,2.8347236180904525,9.0
3765,2.8347236180904525,10.0
3766,2.8347236180904525,11.0
3767,2.8347236180904525,12.0
3768,2.8347236180904525,13.0
3769,2.8347236180904525,14.0
3770,2.8347236180904525,15.0
3771,2.8347236180904525,16.0
3772,2.8347236180904525,17.0
3773,2.8347236180904525,18.0
3774,2.8347236180904525,19.0
3775,2.8347236180904525,20.0
3776,2.8347236180904525,21.0
3777,2.8347236180904525,22.0
3778,2.8347236180904525,23.0
3779,2.8347236180904525,24.0
3780,2.849748743718593,5.0
3781,2.849748743718593,6.0
3782,2.849748743718593,7.0
3783,2.849748743718593,8.0
3784,2.849748743718593,9.0
3785,2.849748743718593,10.0
3786,2.849748743718593,11.0
3787,2.849748743718593,12.0
3788,2.849748743718593,13.0
3789,2.849748743718593,14.0
3790,2.849748743718593,15.0
3791,2.849748743718593,16.0
3792,2.849748743718593,17.0
3793,2.849748743718593,18.0
3794,2.849748743718593,19.0
3795,2.849748743718593,20.0
3796,2.849748743718593,21.0
3797,2.849748743718593,22.0
3798,2.849748743718593,23.0
3799,2.849748743718593,24.0
3800,2.8647738693467337,5.0
3801,2.8647738693467337,6.0
3802,2.8647738693467337,7.0
3803,2.8647738693467337,8.0
3804,2.8647738693467337,9.0
3805,2.8647738693467337,10.0
3806,2.8647738693467337,11.0
3807,2.8647738693467337,12.0
3808,2.8647738693467337,13.0
3809,2.8647738693467337,14.0
3810,2.8647738693467337,15.0
3811,2.8647738693467337,16.0
3812,2.8647738693467337,17.0
3813,2.8647738693467337,18.0
3814,2.8647738693467337,19.0
3815,2.8647738693467337,20.0
3816,2.8647738693467337,21.0
3817,2.8647738693467337,22.0
3818,2.8647738693467337,23.0
3819,2.8647738693467337,24.0
3820,2.8797989949748746,5.0
3821,2.8797989949748746,6.0
3822,2.8797989949748746,7.0
3823,2.8797989949748746,8.0
3824,2.8797989949748746,9.0
3825,2.8797989949748746,10.0
3826,2.8797989949748746,11.0
3827,2.8797989949748746,12.0
3828,2.8797989949748746,13.0
3829,2.8797989949748746,14.0
3830,2.8797989949748746,15.0
3831,2.8797989949748746,16.0
3832,2.8797989949748746,17.0
3833,2.8797989949748746,18.0
3834,2.8797989949748746,19.0
3835,2.8797989949748746,20.0
3836,2.8797989949748746,21.0
3837,2.8797989949748746,22.0
3838,2.8797989949748746,23.0
3839,2.8797989949748746,24.0
3840,2.894824120603015,5.0
3841,2.894824120603015,6.0
3842,2.894824120603015,7.0
3843,2.894824120603015,8.0
3844,2.894824120603015,9.0
3845,2.894824120603015,10.0
3846,2.894824120603015,11.0
3847,2.894824120603015,12.0
3848,2.894824120603015,13.0
3849,2.894824120603015,14.0
3850,2.894824120603015,15.0
3851,2.894824120603015,16.0
3852,2.894824120603015,17.0
3853,2.894824120603015,18.0
3854,2.894824120603015,19.0
3855,2.894824120603015,20.0
3856,2.894824120603015,21.0
3857,2.894824120603015,22.0
3858,2.894824120603015,23.0
3859,2.894824120603015,24.0
3860,2.909849246231156,5.0
3861,2.909849246231156,6.0
3862,2.909849246231156,7.0
3863,2.909849246231156,8.0
3864,2.909849246231156,9.0
3865,2.909849246231156,10.0
3866,2.909849246231156,11.0
3867,2.909849246231156,12.0
3868,2.909849246231156,13.0
3869,2.909849246231156,14.0
3870,2.909849246231156,15.0
3871,2.909849246231156,16.0
3872,2.909849246231156,17.0
3873,2.909849246231156,18.0
3874,2.909849246231156,19.0
3875,2.909849246231156,20.0
3876,2.909849246231156,21.0
3877,2.909849246231156,22.0
3878,2.909849246231156,23.0
3879,2.909849246231156,24.0
3880,2.9248743718592967,5.0
3881,2.9248743718592967,6.0
3882,2.9248743718592967,7.0
3883,2.9248743718592967,8.0
3884,2.9248743718592967,9.0
3885,2.9248743718592967,10.0
3886,2.9248743718592967,11.0
3887,2.9248743718592967,12.0
3888,2.9248743718592967,13.0
3889,2.9248743718592967,14.0
3890,2.9248743718592967,15.0
3891,2.9248743718592967,16.0
3892,2.9248743718592967,17.0
3893,2.9248743718592967,18.0
3894,2.9248743718592967,19.0
3895,2.9248743718592967,20.0
3896,2.9248743718592967,21.0
3897,2.9248743718592967,22.0
3898,2.9248743718592967,23.0
3899,2.9248743718592967,24.0
3900,2.939899497487437,5.0
3901,2.939899497487437,6.0
3902,2.939899497487437,7.0
3903,2.939899497487437,8.0
3904,2.939899497487437,9.0
3905,2.939899497487437,10.0
3906,2.939899497487437,11.0
3907,2.939899497487437,12.0
3908,2.939899497487437,13.0
3909,2.939899497487437,14.0
3910,2.939899497487437,15.0
3911,2.939899497487437,16.0
3912,2.939899497487437,17.0
3913,2.939899497487437,18.0
3914,2.939899497487437,19.0
3915,2.939899497487437,20.0
3916,2.939899497487437,21.0
3917,2.939899497487437,22.0
3918,2.939899497487437,23.0
3919,2.939899497487437,24.0
3920,2.954924623115578,5.0
3921,2.954924623115578,6.0
3922,2.954924623115578,7.0
3923,2.954924623115578,8.0
3924,2.954924623115578,9.0
3925,2.954924623115578,10.0
3926,2.954924623115578,11.0
3927,2.954924623115578,12.0
3928,2.954924623115578,13.0
3929,2.954924623115578,14.0
3930,2.954924623115578,15.0
3931,2.954924623115578,16.0
3932,2.954924623115578,17.0
3933,2.954924623115578,18.0
3934,2.954924623115578,19.0
3935,2.954924623115578,20.0
3936,2.954924623115578,21.0
3937,2.954924623115578,22.0
3938,2.954924623115578,23.0
3939,2.954924623115578,24.0
3940,2.9699497487437188,5.0
3941,2.9699497487437188,6.0
3942,2.9699497487437188,7.0
3943,2.9699497487437188,8.0
3944,2.9699497487437188,9.0
3945,2.9699497487437188,10.0
3946,2.9699497487437188,11.0
3947,2.9699497487437188,12.0
3948,2.9699497487437188,13.0
3949,2.9699497487437188,14.0
3950,2.9699497487437188,15.0
3951,2.9699497487437188,16.0
3952,2.9699497487437188,17.0
3953,2.9699497487437188,18.0
3954,2.9699497487437188,19.0
3955,2.9699497487437188,20.0
3956,2.9699497487437188,21.0
3957,2.9699497487437188,22.0
3958,2.9699497487437188,23.0
3959,2.9699497487437188,24.0
3960,2.984974874371859,5.0
3961,2.984974874371859,6.0
3962,2.984974874371859,7.0
3963,2.984974874371859,8.0
3964,2.984974874371859,9.0
3965,2.984974874371859,10.0
3966,2.984974874371859,11.0
3967,2.984974874371859,12.0
3968,2.984974874371859,13.0
3969,2.984974874371859,14.0
3970,2.984974874371859,15.0
3971,2.984974874371859,16.0
3972,2.984974874371859,17.0
3973,2.984974874371859,18.0
3974,2.984974874371859,19.0
3975,2.984974874371859,20.0
3976,2.984974874371859,21.0
3977,2.984974874371859,22.0
3978,2.984974874371859,23.0
3979,2.984974874371859,24.0
3980,3.0,5.0
3981,3.0,6.0
3982,3.0,7.0
3983,3.0,8.0
3984,3.0,9.0
3985,3.0,10.0
3986,3.0,11.0
3987,3.0,12.0
3988,3.0,13.0
3989,3.0,14.0
3990,3.0,15.0
3991,3.0,16.0
3992,3.0,17.0
3993,3.0,18.0
3994,3.0,19.0
3995,3.0,20.0
3996,3.0,21.0
3997,3.0,22.0
3998,3.0,23.0
3999,3.0,24.0
