,tagline
0,roll dice unleash excitement
1,yell fight ready love
2,friend people let let forget
3,world normal surprise life
4,los angeles crime saga
5,cordially invite surprising merger year
6,original bad boys
7,terror overtime
8,limit fear substitute
9,powerful man world thing want
10,dog wolf hero
11,triumphant victory bitter defeat change world lose nation
12,course set turn prepare weapons summon courage discover adventure lifetime
13,stay forever
14,lose heart come sens
15,outrageous guest scandalous request lone bellhop day job wildest new year eve life
16,new animal new adventure hair
17,way
18,mob tough like business
19,man copy notorious killer history time woman stop kill
20,shadow life business death man find reason live
21,extraordinary encounter human
22,love way
23,envy greed jealousy love
24,woman girl leave
25,happily dream
26,shanghai violence problem solution
27,break rule change life
28,future history
29,little pig long way
30,love unusual true
31,identical stranger different world perfect match
32,sex clothe popularity problem
33,smile murder smile
34,daring heist color count green
35,world prepare
36,want little attention
37,beauty pattern life
38,seven deadly sin seven way die
39,american legend come life
40,criminals line coincidence
41,big kick year
42,tough act follow dream
43,year right
44,justice fail
45,life change change
46,finally movie prove justice poetic jungle fever pretty higher learning waste time
47,new comedy love laughter larceny
48,bud doyle save world save world bud doyle
49,god simple science god want revenge
50,lot thursday saturday
51,night stand freedom hell night
52,cop edge woman dangerous secret
53,anxiety love company
54,time chaos world change book read hero imagine
55,flower chance
56,scream hear
57,life cross collide
58,defense
59,protect love honor avenge
60,motion picture celebrate love life
61,elegant seduction erotic deception stunning revelation
62,turn star hotel ring circus
63,family
64,untold story jekyll hyde
65,comic tale horror seduction
66,good time good
67,prepare ballistic
68,drama passion intrigue rehearsal start
69,young friends chance
70,leave pay
71,start shootout rainswept street end scandal shatter new york
72,criminal dream
73,love lose let memory die tell kill
74,play golf destroy
75,path francesca johnson future destine unexpected fork road
76,set sail muppet mayhem
77,moment fashion art entertainment come stunning force beauty
78,man die man truly live
79,street city dream somebody
80,fear stuntman equal
81,murder suspect shadow doubt
82,find way preserve memory forever
83,hitler good know victim anne frank like
84,comedy romantically challenge
85,brother fortune zero chance share
86,player play
87,difference day
88,golden age cinema dream star man promise dream come true
89,comedy sex love family accident wait happen
90,brand new beginning adventure end
91,thing stand way fate true love little traffic
92,bright star shin
93,fantasy far
94,rusty sub rebel commander renegade crew destiny hang
95,centerfold reveal truth
96,day deserve
97,come
98,good friends ones know life
99,whatcha
100,sweeping highland china boy begin magical journey save life natural wonder
101,true story death innocence birth artist
102,accountancy murder amnesia torture ecstasy understanding redemption
103,houston problem
104,honor man courage hero history legend
105,dark sunlight different alive
106,courage truth
107,luis bunuel masterpiece erotica
108,truth witness
109,welcome planet brooklyn
110,tell ya thing beer suck
111,afterlife
112,murder street suspect
113,endanger specie
114,danger run deep
115,weird sex obsession comic book
116,smoke clear mean reload
117,private detective easy rawlins catch wrong dangerous secret town
118,think fast look alive die hard
119,sex violence whatev
120,escape past
121,great battle love
122,adventure fun willy time bring family meet old friend new challenge
123,right wrong fun boring
124,love adventure sure positive
125,hot datum earth cool head town
126,future man law
127,truth justice buck day
128,nick discover rule filmmaking succeed panic
129,trust fear
130,wild sexy adventure
131,shop work
132,power
133,speak scream beg mercy
134,unseen unforgiv undead
135,driver license credit card passport access bank account foreign country find identity steal
136,ready
137,sassy savvy definitely clue
138,ancient ground edge world evil bear heaven unleash earth
139,twisted christmas
140,century safe
141,intimacy forbid passion sin love defiant crime
142,wildest dream wildest fantasy
143,smoke laughter
144,story husband wife parent child natural disaster
145,time
146,know want
147,film young lover world
148,believe magic find
149,touch genius curse madness blind love
150,attitude
151,time rock boat time sky limit
152,find hero unlikely place
153,man search woman need story fate
154,horizon lie secret new beginning
155,reality switched
156,great lesson life learn heart
157,poignant story set corrupt politic stalinist era
158,know face begin understand story
159,great romance life night
160,billy school way
161,capture imagination
162,motion picture celebrate art survival gift laughter miracle friendship
163,good cure disease friendship
164,hideous hungry loose
165,serve mean like
166,story man think great lover world people try cure
167,sex power
168,crime new height
169,fate visit way expect
170,prepare moment truth
171,accident unhappy woman good friend
172,miss
173,world temptation obsession deadly desire
174,crack case cop flash badge
175,come bad movie ed wood good
176,partner survival friend life
177,story father close drive son crazy
178,buy dead come
179,unleash imagination come magical journey follow home
180,où le pouvoir de sa voix
181,talk pig big
182,original green hero
183,world fill violence weapon truth
184,extraordinary true story
185,secret world come crime believe
186,run fast jump high sure laugh heavyweight meet hot dog like
187,trap world killing art revenge obsession
188,think love
189,drink live forever
190,powerful man tear love woman secret desire
191,inconceivable
192,bury deep florida everglades secret save innocent man let killer kill
193,joust
194,long time ago galaxy far far away
195,story live heart generation come screen holiday
196,girl princess
197,tita kitchen ordinary spice recipe passion
198,fall innocence legend begin
199,look good man guy old shave
200,brother blood partner crime
201,mother warrior sister survivor
202,decide mother
203,warn alive
204,jack want marry ben mother string attach
205,good thing find
206,believe happen
207,love great marriage completely different affair
208,generation dream
209,trial bring alcatraz
210,town happen happen sully
211,heart soul language mystery mystery nell
212,thing matter ride
213,psychological terror wildest nightmares
214,break vow promise
215,medium superstars
216,love story write star
217,family crisis life chaos powerful mother love
218,passion seduction betrayal lily want like ivy
219,animal carry deadly virus great medical crisis world happen
220,want job hire professional
221,way find family find love
222,character mean character
223,world ritual place secret man choose faith expose truth
224,million people watch thing
225,think quick
226,world hot fashion murder suspect hide need wear
227,enchanting classic destine capture heart free spirit
228,land sea place myth real
229,government teach kill use skill help woman seek revenge miami underworld
230,million light year home bring
231,dad santa claus
232,fear hold prisoner hope set free
233,award win thriller bury laugh
234,thriller black white
235,life movie
236,sum
237,stupid trick outrageous chaos total destruction road
238,justice rid tank wear lip gloss
239,ready deadtime story
240,boldly
241,chill chill
242,good bad forever
243,beware child
244,succeed lower standard
245,passion betrayal murder place like home
246,survive street rehearsal
247,film love find place look
248,justice need new program
249,story love second sight
250,life live
251,success good revenge
252,friend forever
253,good actually
254,look gorgeous outrageous brand new frock
255,kinky voyage head steam
256,war drug lead war power
257,district attorney conviction new lawyer league young boy know
258,real love forever
259,hat baseball legend love
260,yabba dabba doo
261,world eye forrest gump
262,good reason stay single
263,romance dangerous
264,cop waitress lottery ticket
265,life great adventure find place circle life
266,magical journey place past present meet
267,freddy come
268,zero hero
269,hand deck card thing dangerous gun
270,new york place algonquin person know dorothy parker
271,mad bomber loose stop frank
272,line look work marriage form combat
273,comedy love
274,adventure big world rich kid afford miss
275,life good journey home
276,vacation
277,ready rush hour
278,relationship trust
279,kill wife year ago time save murder forever
280,good time bad time man love woman time
281,animal
282,epic story love adventure lawless land
283,bribery blackmail murder speciality house
284,armed dangerously funny
285,tale love lust liberation
286,wild ride action girl
287,love courage
288,nursery crime epic proportion
289,fight save world
290,love deadly illusion
291,time hunt fulfil prophecy
292,live good books lately
293,hang ride life
294,game play game play
295,family got little stranger
296,world tradition age innocence dare break rule
297,amp home
298,look thrill action adventure
299,dangerous time woman good time friend
300,americans anti americans love
301,hector history way repeat
302,day beverly hills
303,kill
304,time
305,world secret love powerful weapon
306,imagine live inside body
307,love obsession hide reason
308,man live neighborhood man
309,set sail high seas rudder compass clue
310,good future live past week
311,height adventure
312,young parental unit summon
313,heat desire love turn deception day turn night
314,turbulence redemption hollywood
315,country anybody president anybody
316,bud
317,century dangerous cop century ruthless criminal
318,sex murder revenge funny
319,women men secret
320,people afraid
321,drive comedy
322,want degree harvard want education simon wilder
323,evil patient
324,think seductive money wrong
325,power murder resist
326,far friend
327,murder wife armed man obsess detective chase begin
328,warrior leader legend
329,mad dad
330,girl
331,finally meet match handsome wealthy seductive real lady killer
332,hunt kill
333,amazing true story survival
334,deux
335,sex lies fantasies unrated
336,bachelor party bring house
337,fall guy throw hoop
338,sleep tight america safety free world rest hand
339,assassin loose president danger man stand
340,falsely accuse wrongly imprison fight justice clear father
341,summer fun
342,need heart heart break
343,whisper breathe
344,adventure million year making
345,fear travel
346,world turn upside trick come
347,good friend forever
348,movie anymore
349,talent agent thief look like common
350,sperm bank ask tall intelligent black man bad
351,doctor play god think god
352,fatherless boy dream man believe come true
353,keaton allen reunite fun flick
354,truth real
355,fasten seat belt
356,romance mischief seduction revenge remarkable
357,dangerous love
358,love stranger know life
359,dinner window read bedtime story blessing disguise
360,good guy guy
361,guards walls
362,family comedy appeal child
363,case man willing system
364,street romance
365,different worlds come prove gritty world college football
366,trust
367,station wbn hit come
368,hostage guy criminal
369,diamond rough
370,man mission teach proud impossible
371,collision east west conspiracy seduction murder battle tradition power business war
372,comedy heart organ
373,lay law
374,legend come find robin hood little john scarlet friar tuck tight maid marion quiver
375,story cop want bad bad
376,smack head special
377,woman search
378,size dog fight size fight dog
379,save life save world entire
380,pray miracle steve nebraska
381,journey begin single
382,timeless tale special place magic hope love grow
383,mom want wanted murder
384,shadow know
385,short cuts raise roof america
386,twist fate bring wonderful
387,artist model scandalize nation controversial painting young couple meet experience lifetime
388,paul person new door new world
389,meet know
390,like watch
391,man match problem
392,relative nightmare
393,honeymoon killer
394,water want wave
395,game
396,ultimate manhunt
397,fall kill
398,sound genius
399,girl guy possibility
400,ghoulish tale wicked humor stunning animation
401,justice come
402,juror question guilt innocence matter life death
403,steal cheat killing romance dead
404,change way campaigns won
405,adventure imagination hold
406,hurt love
407,girl want play doll
408,need god heaven change lousy world
409,suppose routine prisoner transfer ordinary prisoner
410,major league experience minor problem old
411,ciao professore
412,grip comedy let
413,mischief love company
414,great adventure find way home
415,dream expect
416,family comedy family
417,love forever
418,wish grant
419,personal
420,inside frontier wait discover
421,dance devil pale moonlight
422,enter mind killer challenge mind madman
423,happiest dopiest grumpiest sneeziest movie year
424,beautiful love story tell
425,wish star
426,know fun hooker
427,want spend hour movie theatre home forget stay away wild bunch
428,jagged twisting ride forget
429,perfectly bad day come spoil
430,evil come
431,lot happen middle
432,favorite talking animal
433,step science fiction
434,year past present future meet crossroad hell
435,magical unfold unexpected place
436,passionate tale forbidden secret
437,laugh till heart breaks
438,tune fill animate extravaganza
439,woman secret
440,minor league major friendship
441,battle winner
442,play pay
443,love sex life death house table
444,sooner later man wear face forget real
445,story love chance
446,heaven help look adventure lifetime
447,fight fascism begin fight stalinism
448,hilarious heart ring fable life love hangup
449,family relative
450,want honest week pay honest day work
451,proper fitting british jack breath fresh air
452,fresh sassy sexy comedy
453,woman man combination murder
454,medal honor search justice battle truth
455,expect impossible
456,remarkable story woman unbreakable spirit
457,believe
458,new coach nba knicks right want
459,passion envy murder noon
460,adventure big grow tree
461,forever
462,shove mind
463,comedy wife husband hit man
464,catch honor revenge far man
465,year hollywood movie
466,ready jam
467,barbarella thing
468,unforgettable romance
469,suddenly word alphaville secret agent breathless race masters future
470,secret mission gigantic proportions
471,love hope wall
472,love hope wall
473,story girl filthy rich
474,man machine total weapon
475,trust
476,meet man dream come husband ruin
477,elena paris search voice writer find voice woman
478,outside look moment arrive
479,stay innocent forever
480,distance
481,america los angeles
482,brian discover woman love woman love
483,disney movie attitude
484,beat steal
485,summer finally safe water
486,survive legend
487,bear yesterday
488,life
489,mind stand shocking truth
490,welcome witching hour
491,find perfect contender
492,justice crime
493,discover new branch family tree nut
494,ex cop obsess unsolved murder trust wrong woman deadly choice
495,alcatraz man break million life depend man break
496,zombie gun sex oh
497,dark nature
498,babe
499,find voice need body
500,let curse fit crime
501,action woman half intelligence
502,oscar win creator grand day wrong trousers
503,american apple pie twice smart
504,great danger face world planet good secret
505,hot line suspense comedy
506,friendship worth fortune
507,famed spectacular adventure story filmed authentic backgrounds mystic india greatest spy thriller
508,story vietnam veterans memorial inspiring creator
509,slam evil
510,people trouble matter wear
511,jack powell tackle big adventure fifth grade
512,shot fame
513,love chain love nature chain life
514,ultimate orgy evil
515,choose life
516,earth good look
517,beautiful place love
518,fan favorite player favorite target
519,thing free cable
520,want meet pinhead alley
521,erase past protect future
522,inside sherman klump party animal break
523,air escape time
524,rest wicked
525,john sayles invite return scene crime
526,case
527,thing life explain
528,movie want marry stay single time
529,romantic comedy brother thing come
530,experience time forget
531,plan worth nickle
532,miss father desperate search unforgettable adventure
533,run
534,world powerful genie meet match
535,day coast coast big problem
536,obsesssion murder
537,change stay
538,tempestuous
539,new angle classic tale lie
540,sex bugs rock n roll
541,mad
542,fight right love
543,pay
544,dangerous mind terrible thing waste
545,g string
546,year learn rule week break
547,reaction time
548,little magic long way
549,cupid armed dangerous
550,believe power
551,way marriage
552,town future come girl past
553,snake
554,nineteen year old unknown graffiti writer new york art world storm rest art history
555,golf pro love amateur
556,offer refuse
557,cop need cop need
558,enter tongland
559,world buy freedom steal
560,dad hurry man run kid attitude
561,kansas city happen night
562,fish laugh
563,dangerous man alive man lose
564,force stop crime wave tough cop
565,evolution terror
566,gate hell unlocked
567,young wild fun protect president son
568,work
569,comedy lose heart find inner child meet friend try avoid
570,tough cop hostile witness
571,haddonfield ready celebrate halloween michael myers
572,truth shocking uniform wear american spy
573,thunderous tender touching
574,broadway howling year run comedy hit snooty society beauty slip fall love
575,glorious feeling
576,joy m g m technicolor musical
577,wonderful marvelous
578,audrey hepburn play daring darling holly golightly new high entertainment delight
579,alfred hitchcock engulfs whirlpool terror tension
580,witness spoil perfect crime
581,time
582,strange drama captive sweetheart
583,king queen carioca
584,deadly game tag cary grant
585,movie wise like laugh wise love wise wise
586,movie hot word
587,date fate casablanca
588,story explosive blazing automatic
589,loverli motion picture
590,chauffeur daughter learn stuff paris
591,romance romantic rome
592,great classic come life glorious technicolor
593,glorious love story music
594,wizard wonderful wizard oz
595,great romance time
596,hollywood story
597,terrific
598,epic drama adventure exploration
599,woman man
600,man
601,shadow woman darken love
602,thrill spectacle year
603,notorious woman affair adventurous man world
604,mad love possess woman
605,italy mediterranean ocean new york
606,want police luxury spot europe catch woman
607,invite hilarious wedding
608,aboard
609,greta garbo laugh
610,love game number play especially afternoon
611,thank heaven gigi
612,mgm present comedy romance luscious color
613,excitement danger suspense classic adventure story sweep screen
614,story love fearful thing happen woman
615,spirit willing flesh weak romance wonderful
616,masterpiece america foremost film genius blaze screen
617,dancing cheek cheek
618,legendary epic big texas
619,girl boy ecstasy revenge
620,laugh thrilling moment
621,learn man
622,wonderful world time
623,wonderful laugh wonderful love
624,romance drama laughter heartbreak create heart soil america
625,begin hilarious adventure professor david huxley miss susan vance flutter brained vixen love heart
626,remember tune sing night fall love
627,angel shoulder devil heart
628,sensational human drama
629,new comedy kayo warner
630,live revenge live love
631,handcuffed girl double cross
632,fight best hopeless
633,scare dead
634,great adventure man live woman
635,beat devil game
636,pillow bed desire heart
637,sensational story youth fling
638,america want meet mr deeds
639,woman love understand
640,woman love understand
641,want revenge fight life
642,electrically attract overwhelmingly engulf guiltily love
643,woman mystery
644,love beginning
645,year song bring fame people find voice
646,safety
647,ireland dreams inspired hope word ignited passion courage forged nation destiny
648,play deadly game
649,love life big night change
650,town justice law man
651,crime payback survival
652,minute decide rest life
653,surgery intend cure
654,good cop bad situation
655,fear limits brake duck
656,want chicanery skulduggery tomfoolery habitual bungle
657,motion picture screen
658,catch world belong chance escape
659,herbie honk way heart
660,loveable bug thing
661,heart excitement great frontier adventure
662,meet people pleasure entertainment year love laughter drama life hold pour unforgettable motion picture
663,teen age boy
664,adventure adventures
665,siamese secret agent unravel purr fect crime
666,mightiest motion picture
667,dream jamaicans zero
668,ya got believe
669,great love story tell
670,tired live medieval mess merlin use magic power change scrawny little boy legendary hero
671,good man love woman fight uphold justice break law
672,supercalifragilisticexpialidocious
673,fabulous
674,brazzle dazzle brilliance
675,bewitched bedazzled sweep world enchantment
676,world wonder great picture
677,story friend know suppose enemy
678,life fairy tale
679,happy sound world
680,story terrorists cop
681,god simple science god
682,life come time dream dream thing
683,love lifetime real love forever
684,passion woman rival passion painting
685,forget
686,prey hunters
687,year old work progress
688,find american dream bullet time
689,october year anniversary million man march spike lee invite lift head raise voice bus
690,time pity society mercy love equal
691,love spring hate
692,cocktail question later
693,friendship run deep blood
694,spectacular adventure continue
695,foot free fred joyous ginger gay glad
696,hate like loaded gun
697,original philip marlowe mystery
698,scrumdiddlyumptious
699,apparition evils corruption
700,woody allen nostalgic look future
701,tale murder lust greed revenge seafood
702,messiah naughty boy
703,disguise surprise comedy year
704,handsome young liberal chance perfect
705,movie million laugh guarantee
706,young love kill people
707,spencer tracy suspenseful role ernest hemingway story heroism defeat victory
708,woman answer hang dear life
709,time life
710,dog day
711,casualty war innocence
712,bernie dead life party
713,brutal murder brilliant killer cop resist danger
714,ultimate story sex drugs rock n roll
715,play risk
716,lie cheat steal day work
717,afraid million light year home
718,great david copperfield
719,stop thunder
720,good good
721,bad boy good family
722,blanche want stay lady
723,sleepy midwestern town horrifying evil rise
724,foot door gutter
725,great man woman wish hell way
726,family murder lie
727,like prepared right
728,voting booth hear scream
729,life fine love
730,dish relationship wind guy break
731,know adventure abyss
732,lock door bolt window fog
733,new york city maximum security prison break impossible break insane
734,imagine bad fear reality
735,film completely different film
736,pay
737,man mean fly
738,untold story rumble jungle
739,winner academy award good animated short
740,savage truth strong fiction
741,bullet women hold man like
742,terrific true
743,savage sweeping epic society chaos
744,interior violence
745,people write god somebody answer
746,half man half wolf total terror
747,award win film american life american courage
748,vote ask question later
749,celebration youth friendship everlasting magic movie
750,lust murder dessert bon appetit
751,futuristic comic feast
752,match world exact double share thought dream
753,april italy happen love
754,explode man land picture dare cross
755,seduction betrayal murder con
756,definitely magic air
757,love boundary
758,magical greek island soldier discover good love instead war
759,film life laughter occasional miracle
760,life live fear life half live
761,softcore movie death chocolate milkshake nosey blonde carol burnett solve mystery murder
762,love story string attach
763,ball wish
764,crazy
765,movie roll aisle
766,adventure continue
767,real feeling feel
768,indiana jones new hero creator jaws star war
769,state mind
770,time war
771,man civil war hell practice
772,remember worry
773,life hand death mind
774,adventure young man principal interest rape ultra violence beethoven
775,end
776,man life love kill
777,empire falls
778,angel street berlin
779,hunt man seek woman
780,decade life mafia
781,space hear scream
782,trap time surround evil low gas
783,danger like passion run deep
784,greatest shakespeare film
785,vicious hitman fierce cop thousand bullets
786,master suspense camera icy blackness unexplored
787,catch mission god
788,feel wipe everybody tom enemy
789,vietnam kill care
790,great adventure king defy odd prove man
791,hear true
792,action excitement romance fill screen
793,crime passion lust power sergio leone explosive saga gangland america
794,nervous romance
795,future begin
796,hunter hunt
797,little confidence
798,mean exactly mean clear
799,slightly twisted comedy
800,future hand
801,thing stay die
802,innocence heritage life
803,woody allen new comedy hit
804,black white
805,inspiration life extraordinary
806,benjamin little worried future
807,strangest vengeance planned
808,murder live
809,span new world entertainment
810,picture man think man think way
811,tough tender close maybe close truth
812,space warning ultimatum
813,nearer treasure farther law
814,war swell marx brothers trench christmas food improve
815,high school seven half year dummy
816,masterpiece modern horror
817,real taste innocence real taste life time memory
818,sequel ultimate experience grueling terror
819,fence man climb
820,important powerful film time
821,bad day life
822,legend forget wrong forgive
823,swear like
824,voice generation
825,pass cary wonder discover favorite aunt poison gentleman friend
826,kid trouble bear
827,secret life secret sauce
828,rebel warrior
829,start start
830,neo tokyo
831,failure communicate
832,scary comedy time
833,taxis cities night
834,world laugh
835,sensational sound
836,story man proud run
837,picture bear
838,good friend social trend occasional murder
839,fantasy obsession time find
840,entertainment experience lifetime
841,rock roll sound music hill
842,world live
843,stand stand
844,man hat time bring dad
845,half fun
846,triumph change world forever
847,lover story
848,turn laser light aircraft armchair high tech hijink
849,memories madness music movie
850,silent survive
851,earthman fabulous peril journey outer space
852,believe impossible incredible come true
853,rudyard kipling epic splendor spectacle high adventure legendary world
854,matter true
855,place dream place heartbreak place pick piece
856,ultimate road movie
857,friend sleep love morning
858,arrive nick time
859,dare let
860,bitch
861,beware moon
862,terror home
863,warning movie victim
864,home horror
865,terror reflection
866,forget check bed
867,god sake
868,begin murder hanging innocent pay sin guilty
869,live virgin blood virgin die
870,childish prank turn bloody battle survival
871,suddenly life engulf supernatural terror
872,stop help know
873,remember scream hear
874,crawl creep eat alive
875,think safe water
876,transplant success donor come
877,foul traffic dead bodies
878,love die
879,monster demand mate
880,ancient stair lock door live evil return
881,believe beware
882,dark light fear
883,weapon leave murder prevent shocking crime
884,taste terror carrie prom
885,lover human
886,nancy wake screaming wake
887,symphony horror
888,great mystery human solve
889,honour thief
890,plan perfect crime perfectly wrong
891,story wrong people right
892,love mighty power
893,resistance futile
894,true story mystery music miracle love
895,simple man difficult choice
896,dad toy prisoners
897,witchcraft witch hunt
898,need help miracle
899,arthur miller timeless tale truth trial
900,dog little time
901,die harder
902,human adventure begin
903,battle peace begin
904,adventure imagination meet final frontier
905,end universe lie beginning vengeance
906,die planet fight life
907,key save future find past
908,bat cat penguin
909,reason west wild
910,yoo hoo ya famous
911,grease word
912,music feeling forever
913,good cop bad mood
914,job adventure
915,water
916,think safe water
917,deadly new attraction
918,comedy life liberty pursuit ex president
919,nice planet
920,life liberty money pursuit happiness
921,everybody love everybody disappear
922,lawless year child rear year lie ahead
923,year sell american dream risky funny business wind pay wife
924,tell course kill
925,war find find love
926,story year apart moment bring
927,director good men come compelling true story
928,city million people room honest man
929,come screen big tv
930,love scary movie step far
931,american hero
932,angel saint
933,continue story term endearment
934,actual mother harm making motion picture
935,anticipated motion picture event year
936,base novel henry james
937,boy girl face challenge world frontier
938,address change rule
939,pet
940,afraid fly
941,extraordinary story love transcendent power
942,think possess ultimate weapon count jackie chan
943,revenge good therapy
944,mortal kombat
945,san francisco police hostage negotiator bargain
946,love know limit
947,pressure build
948,misunderstood misplace mismatched
949,romance brink reality
950,beat odd legend
951,siege control
952,life traffic jam
953,good reason talent remain undiscovered
954,extraordinary story hope courage humanity
955,time
956,comedy romantically challenge passionately confused
957,kind freakazoid let hunt question
958,find love life mean change life love
959,wicked comedy
960,corrupts absolutely
961,fbi agent purr life line fortunately
962,time griswolds roll
963,perfect wedding thing bride parent
964,black town florida burn ground people murder lie escape survive courage compassion extraordinary people film
965,base true story
966,guy little
967,want man dead reason live
968,comedy thriller man wedding everybody funeral
969,big city little savage
970,man little
971,reveal turn surrender heart
972,track uncover
973,comedy friends family fish
974,love die moment twentieth century
975,family affair
976,trust
977,discover true story america bright star fade soon
978,come different world fight different cause man opposite law war
979,jungle
980,pretty women clueless
981,power
982,america counter terrorist usually work time company
983,want way handle life invent
984,breathe scream
985,hit man deserve second shot
986,man woman
987,love know bounds
988,mindless comedy
989,come hannah martin change life forever
990,swindlers scammer con man american apple pie
991,blonde lead blonde
992,coast toast
993,red comedy ultimate party animal
994,cooler frozen baby
995,happen
996,life harsh behave
997,world imagination battle universe begin
998,future
999,let love feast begin
1000,love imagine summer forget
1001,way past whip
1002,man summer figure
1003,comedy lose love laugh
1004,survive
1005,world magic hand quick eye love wild card
1006,deadly ground wing
1007,stake high ride faster
1008,strength courage honor loyalty
1009,oddball odyssey voyeurism lsd nude bowling
1010,romantic comedy thing love
1011,zero hero
1012,find love life decide
1013,man job cat
1014,bold brazen bardot
1015,order catch
1016,protect earth scum universe
1017,ready rumba
1018,ride wild
1019,anabel wish murray mess
1020,like awful waste space
1021,failure option
1022,thief warrior gladiator king
1023,watch
1024,law
1025,infinite space infinite terror
1026,bear darkness swear justice
1027,sit stay shoot scores
1028,prepare love storm
1029,man bastard misunderstood
1030,new friend new threat new adventure capture heart
1031,holiday weekend spend company woman
1032,paranoid nightmare come true
1033,desperate time
1034,hero come big
1035,story outrageous woman catch man certain thing
1036,power measure enemy
1037,beav
1038,thousand year man evolution great creation
1039,buddy movie
1040,crash course kidnapping car theft ritual date
1041,courage conquer
1042,fate nation rest courage man
1043,school war zone start casualty
1044,invisible silent steal
1045,hollywood dream price
1046,comedy
1047,fight woman plane chance survival
1048,world attention
1049,suspect sale
1050,end world real journey begin
1051,smart girls pretty girl miss girl
1052,plenty
1053,careful wish
1054,good friend bitter rival sister
1055,man
1056,man secret chance hell
1057,expect unexpected
1058,comedy incurably unromantic
1059,short distance people certain smile
1060,climate change
1061,life party die
1062,love
1063,year revealing comedy
1064,love ultimate kick
1065,loyalty question friendship equal
1066,bury truth sure stay bury
1067,evil win way
1068,space
1069,join deadly underworld easy deadly
1070,gene human spirit
1071,believe
1072,century tell terror come look wrong way
1073,welcome suburbia ground zero
1074,comedy danger fall love
1075,secret hold tear apart
1076,hunter hunt
1077,story man want world safe democracy meet girl
1078,man masterpiece big mistake
1079,man mistake spectacle
1080,entire life change night
1081,story risk
1082,lie
1083,totally unqualified try case lifetime underdog day
1084,life dreamer day business night
1085,big city cop small country boy common murder
1086,good bug dead bug
1087,mother daughter story tell
1088,split second send life completely different direction
1089,world create day shall destroy seventh day mankind rest peace
1090,air unaware
1091,couple money heiress love temptation resist
1092,leniency confes
1093,stop assassin identity
1094,discover adventure greatest mystery time
1095,mission secret know
1096,late
1097,run baby run
1098,freedom right birth moment
1099,hard soul save
1100,harry block write good seller bout good friend reveal deep secret pleased harry block hell
1101,catch
1102,people believe believe
1103,ready
1104,hunt
1105,work murder
1106,love sequel step far
1107,thing simple truth
1108,earth come
1109,yesterday memory today history tomorrow hand man
1110,year man walk horizon hope come
1111,player trail half million cash question play
1112,believe eye
1113,time like big lebowski
1114,let desire destiny
1115,save day ninja way
1116,fight fire fire
1117,secret experiment super sens come effect
1118,comedy truth justice special effect
1119,world night end
1120,know cyborsuit fit kick alien butt
1121,bad storm living memory guard stand man million dollar
1122,save good bud
1123,detective john hobbes search criminal meet catch kill
1124,fat cat easy big fish
1125,evil force declare war
1126,goal freedom hope international incident target american ambassador
1127,want revolution
1128,scream ahead
1129,romance begin day bear
1130,kill replace
1131,believe publish publish believe
1132,party like
1133,thousand foot beneath sea black hole mind
1134,town bad hard good
1135,comedy heart throat
1136,run city elect
1137,people buy way past
1138,cop stop time chase lot fugitive
1139,awarded film mexican history
1140,surf wave
1141,tower
1142,breathe word
1143,honor king destiny country
1144,brothers criminals money stop
1145,die play
1146,bird word
1147,love sex start
1148,way
1149,meet good friend find favorite teacher crush remember feel like
1150,thank girlfriend blake learn new sexual position honesty
1151,desirable relationship
1152,fish water surfer yellowstone
1153,danger robinson
1154,know
1155,old con book
1156,believe angel fall love
1157,history night
1158,argument stand test time
1159,comedy incredible proportion
1160,father son holy game
1161,life love desire
1162,world private detective
1163,little people big trouble lot fun
1164,discover wildest tribe backyard
1165,fight apologize later
1166,search reason live
1167,mating season begin
1168,players short dream team
1169,hilarious comedy co creator seinfeld
1170,dangerous nice guy little time kill
1171,middle
1172,legend come life
1173,true love midnight vision stack rock love lifetime begin dream
1174,heaven earth collide
1175,woo world live
1176,innocence dangerous friend
1177,evil knight nobility bad
1178,size matter
1179,brace politician tell truth
1180,buy ticket ride
1181,laugh cry offend
1182,truckload cell phone turn boatload cash
1183,history legends ridiculous
1184,life fall apart love fall place
1185,peace wicked
1186,murder eye beholder
1187,powerful husband unfaithful wife jealous lover motive plan
1188,week paradise need vacation
1189,yesterday history tomorrow future tonight party
1190,know deception treachery revenge fun
1191,story ambition sacrifice seduction career
1192,little secret big adventure
1193,dreamer sleep author write friend help help
1194,time princess save prince
1195,fight future
1196,count dis organise crime
1197,talk animal
1198,opposite attract
1199,valentine day party schoolgirl set picnic hanging rock return
1200,billy brown jail serve real time home
1201,earth darkest day man finest hour
1202,face love action expect
1203,old house paris cover vine
1204,proud small
1205,order chaos
1206,era yes
1207,love hair
1208,unspeakable horrors outer space paralyze living resurrect dead
1209,youth hit cloud laugh danger fighting loving dodge death
1210,pulsate drama broadway bared heart speak sing voice stir soul
1211,leave war boy return man
1212,terrific creation
1213,thank stars great entertainment
1214,clark gable dare mutineer screen exciting adventure story
1215,word entertainment
1216,hold silence deep emotion
1217,love swellest time
1218,million read great novel million great picture
1219,miniver picture dramatic tender human real
1220,louis browns lose bing cardinal good singer
1221,screen dare open strange savage page shocking bestseller
1222,wonderful love good picture year
1223,pretty good guy power women head
1224,pour impassion page brawl way greatness screen
1225,man live jungle law docks
1226,everybody raving
1227,screen achieve great entertainment history motion picture
1228,tom jones love love love love
1229,motion picture time
1230,murder hand know
1231,musical
1232,whatev hear midnight cowboy true
1233,rule hold bar popeye cut loose
1234,life million shot
1235,love story
1236,proper place past
1237,story man run run prove world sacrifice achieve goal honor
1238,base true story
1239,lord thousand years absolute monarch china bear rule world ancient tradition prepare world change
1240,journey understanding fellowship
1241,funny touching totally irresistible story work relationship friendship
1242,crime live
1243,girl cop
1244,know car
1245,finally film downwardly mobile
1246,possible
1247,meet change life forever
1248,come elm street
1249,think ready freddy think
1250,terror wildest dream
1251,freddy daddy kill
1252,save good
1253,warn doom friday save
1254,body count continue
1255,hide dare try
1256,jason scream
1257,new beginning step terror
1258,kill kill
1259,jason time wait
1260,big apple big trouble
1261,night come home
1262,nightmare
1263,earth run blood
1264,horror return haddonfield
1265,michael lives time ready
1266,midnight come home
1267,bad girl
1268,romantic comedy hell
1269,ditch prom private party dance
1270,chucky mean
1271,look jack chucky
1272,chucky new playmate
1273,find
1274,comprehension happen girl street house man send resort man exorcist
1275,year later remember
1276,dare walk step
1277,learn stand bad guy stand chance
1278,magic
1279,magic
1280,wet bright light feed midnight
1281,grow
1282,pirate map villainous crook underground cavern booby trap skeleton monster lost treasure magic goonie
1283,face know mark
1284,stray closer home
1285,meet marty carol people good bad
1286,secret soylent green
1287,understanding hand brain heart act mediator
1288,road need road
1289,save good trip time far
1290,survive great escape adventure
1291,annabel mother today fact
1292,unidentified fly object throw pentagon panic
1293,belle d dong enlist rotten corps thing hot cooler loose
1294,great love story
1295,mighty warriors seven national heroes small town
1296,lust seduction revenge game play
1297,world experience imagination
1298,power earth change destiny
1299,place movie seldom dare
1300,forbidden love unthinkable attraction ultimate price
1301,cradle bay matter perfect
1302,early avoid mob
1303,mission man
1304,light camera attraction
1305,secret success pure monkey business
1306,hide darkness guard witch discover boy steal king rule world destroy
1307,journey begin end
1308,sight literally
1309,quick thinking land million buck everybody
1310,close encounter furred kind
1311,action adventure romantic comedy spy story
1312,puck stop
1313,new high lowdown
1314,far land far journey far adventure
1315,come great adventure summer
1316,tall tale little people
1317,london crime fight ace baffling case
1318,yes bananza
1319,love bug fall hood wheel classy chassis
1320,bunch hocus pocus
1321,big laughs start january
1322,astonishing innovative backyard adventure time
1323,thousand thrills hayley mills
1324,wilderness stop instinct guide perilous mile canadian wilderness
1325,free hostage living hostage survive
1326,twice fun double trouble
1327,guy invent game turn sport world upside
1328,man try run away past woman try escape future
1329,turbulent time fiery love story zhivago wife passionate tender lara
1330,robert duvall mac sledge country singer struggle fame fight respect begin
1331,man peace savage land suburbia
1332,controversial picture time
1333,strange world
1334,jungle jumpin
1335,leash license set footloose collar free
1336,sea imagination adventure fantasy
1337,skate win
1338,thousand voices single dream
1339,canine caper century
1340,live heart forever
1341,sailor man spinach
1342,tiny agent world wicked woman dazzle animate adventure
1343,sinister force world young space traveller
1344,aladdin adventure continue
1345,new adventure yellow brick road
1346,year united states declare war cliff secord lead america battle nazis
1347,candidate law degree pedigree
1348,awaken world wonder
1349,man deep dream come true
1350,professor fly fun scores new high
1351,come zip dee doo dah
1352,allen bauer thought find right woman half wrong
1353,hero end
1354,world inside computer man
1355,world brink war march tune dance
1356,blood thick water
1357,rag rich rag story
1358,laugh blow lip
1359,funny laugh head
1360,stephen king edge shining pet sematary time push
1361,grow outside society look fight look belong
1362,adventure indiana jones
1363,fantasy imagination
1364,george orwell terrifying vision come screen
1365,mind power future hand power change
1366,stephen king masterpiece terror direct master
1367,buy pay later
1368,new terror
1369,world adult allow live
1370,dog stay
1371,weird relative
1372,desire defy escape
1373,believe eye
1374,welcome world disorganised crime
1375,want lover hero rich man killer
1376,cordially invite george martha evening fun game
1377,think babysitting easy money start hang andersons
1378,date
1379,ride sea inside giant pink sea snail
1380,kind monster
1381,humble radiant terrific book humble radiant terrific movie
1382,world enemy prince thousand enemies catch kill catch
1383,right eye wildest dream
1384,world time age wonder
1385,meet fievel search find family discover america
1386,look pardner new mouse town
1387,dawn
1388,sixteen happen
1389,blane pretty cool guy andie pretty pink ducky pretty crazy
1390,passion burn deep
1391,dawn mankind woman lead way
1392,ding dong dead
1393,new house brand new owner
1394,critic rave native restless laughter non stop
1395,time everybody crazier
1396,save world style
1397,break rule free heart
1398,grow hard
1399,shocking true story henry lee lucas
1400,pray rosemary baby
1401,boy need friend find world need hero land imagination
1402,begin new adventure young boy return world wonder wing imagination
1403,aaargh
1404,modern immorality tale
1405,year life life friend day decide
1406,man vampire hero
1407,dance life love happen heartbeat
1408,movie movie
1409,romance destination
1410,guarantee life afterlife
1411,body family plot
1412,ordinary necktie use deadly new twist
1413,tear apart suspense
1414,thief liar cheat know
1415,right man
1416,little knowledge deadly thing
1417,thriller difference
1418,start shriek train whistle end shriek excitement
1419,love hold breath sudden terror hold stage
1420,story different woman husband common
1421,adventure come big
1422,prepared
1423,revenge dish best serve dirty
1424,passion limit
1425,mystery murder passion master suspense
1426,man woman sea
1427,blast dramatic dynamite explode right eye
1428,like happen jolt scene true
1429,lombard montgomery hitched unhitched
1430,arm feel safety absence haunt dread
1431,spy play game love sudden death
1432,bomb plot killing justice
1433,public enemy world
1434,hear mother tongue spoken
1435,trust cut card
1436,look reason look way
1437,destiny big plan little simon birch
1438,pre way compete way live life
1439,terrorize toilet chase school shake lunch money bodyguard
1440,good news jonathan affair bad news roommate mother
1441,story life
1442,night
1443,win lose try
1444,family like
1445,know lloyd dobler love diane court know lloyd dobler
1446,star parenthood comedy urban hood finding suburbanhood
1447,hero catch right moment bernie laplante
1448,laughter state mind
1449,bless gift challenge love
1450,warning movie dangerous health stop laugh
1451,feel terror experience movie
1452,want picture small affair
1453,hot thing beach good friend daughter
1454,wrong law right reason
1455,school nantucket mind crowd happen
1456,love easy love difficult
1457,seal break prophecy begin woman halt end world
1458,escape convict disguise priest miracle away
1459,want little getaway trouble
1460,magic air
1461,murder secret share
1462,husband wife millionaire proposal
1463,great job beautiful wife habit size utah
1464,love
1465,fastest hands east meet biggest mouth west
1466,vegas need new king
1467,city light famous american author decade change generation forever
1468,ally enemy
1469,happen know know
1470,killer strange derange plain psycho
1471,realize far millimeter
1472,woman dangerous erotic journey
1473,revenge reply
1474,beware movie hour later want
1475,amazing new warner sensation
1476,man warmest place hide
1477,hear true
1478,scar run deep
1479,hour stop package prevent disaster fall love
1480,ant day
1481,somebody
1482,score
1483,life end beginning
1484,hollywood face zanier zero hour
1485,million year making truth truth truth
1486,truth justice gambini way
1487,wild wonderful sinful laugh explosive
1488,word sense world
1489,comedy sacred
1490,quest friendship noble
1491,wonderful happen
1492,love language
1493,animal human man
1494,past life
1495,chucky lucky
1496,sister family witch fall love tricky spell
1497,find happiness tragic comedy
1498,believe existence evil lot learn
1499,simple black white
1500,leave dead remote planet obsolete machine people fall hero battle fight
1501,unforgettable fable prove love family imagination conquer
1502,fight crime feel good
1503,depth twisted mind
1504,master evil come new breed terror
1505,legacy end
1506,november freedom history
1507,mess mess water
1508,declare illegitimate aged try treason age crown queen age
1509,style matter come murder
1510,die second chance
1511,jake find meaning christmas
1512,sooner later
1513,desperate determine survive
1514,strange happen town stepford
1515,charlie paulie dreamer fight lucky
1516,love kills
1517,story betray unquenchable little roman street walker
1518,story old friend search lose find need
1519,paranoia
1520,epic presentation miniature proportion
1521,funny look people famous stay famous
1522,look father know look second chance
1523,far win fortune
1524,exercise poor taste
1525,strange case man change sex
1526,alive
1527,favorite fire breathing monster like
1528,motion picture screen beckon adventure thrill emotion shock terror
1529,monster creation dawn breaks loose world today
1530,exciting original motion picture event time
1531,america big hero happy
1532,roberta desperate susan susan want mob mob find roberta instead
1533,kind man return year year year rescue missing boy savage jungle world father
1534,meet guy change identity underwear
1535,trouble man handle man job
1536,woman warrior legend
1537,east meet west laugh shift high gear
1538,deeply love deeply debt
1539,james bond finally meet match
1540,blink eye terror begin
1541,institution
1542,protect serve laugh america funniest crimebuster
1543,run cover
1544,land sea air place safe
1545,hold cadet drop miami beach new adventure
1546,grad undercover city unmask mastermind crime
1547,little pig city
1548,long shot romance short order world
1549,bad bad
1550,inherit sexual awakening
1551,new vision classic nightmare
1552,find voice magic
1553,good people evil thing
1554,jack frost second chance world cool dad melt
1555,battle paradise begin
1556,power real
1557,love expulsion revolution
1558,love inspiration
1559,capture spirit christmas timeless classic
1560,guess come town
1561,lose true spirit christmas find lock heart little girl
1562,hell follow
1563,people hell home
1564,time fight life
1565,second country time save friend
1566,tough tough
1567,girl big city reckless soldier fortune fabulous treasure share adventure imagine survive
1568,innocence youth wisdom age lie wonder cocoon
1569,holiday season journey wonderful place universe home
1570,fight dream fight love
1571,great challenge
1572,face ultimate challenge fight life
1573,seven suspects weapons bodies endings
1574,lifetime adventure live adventure lifetime
1575,registration start friday june theater
1576,comedy drama like life
1577,fear victim turn fear weapon
1578,old teach secret master
1579,time combat real
1580,teacher student father son man man
1581,yule crack
1582,pass street love life
1583,extraordinary true story rise fall gangster martin cahill
1584,man fight war
1585,teacher
1586,survival instinct
1587,merian cooper amazing adventure unusual
1588,laughter contagious
1589,joy tear
1590,justice price
1591,place expect place belong
1592,love unique hat different
1593,road end line
1594,live abyss
1595,woman like mona drive man extreme
1596,sister life love
1597,romance mystery way figure
1598,science sight vision
1599,sleep dream
1600,hero know worth win
1601,life earth shock
1602,gross
1603,believe duck talk
1604,pray late
1605,special love special magic real magic illusion
1606,look horror husband scream rest life
1607,afraid afraid
1608,like father like son
1609,chicago fine
1610,undercover overdress safe scum earth
1611,survive leave
1612,decade silence buzzz
1613,tooth terror
1614,look kill need chainsaw
1615,sam stone wife kidnap want
1616,afraid rock roll
1617,alive play girl door
1618,god away murder
1619,adventure comedy
1620,know know differently
1621,little
1622,world favourite adventurer
1623,teach new world old tricks
1624,comedy heart soul
1625,hustler use good thing kid
1626,blackmail harry mitchell pay blood
1627,scar run deep
1628,luck necks senoritas margaritas banditos bullets
1629,gloria big mouth big attitude know big heart
1630,strange fruit great rock band play year wonder worried performance
1631,devilishly dark comedy
1632,opposite attract try apart
1633,story want come
1634,diabolical murder weapon use
1635,nice guy
1636,magic open heart love rest
1637,comedy real think fiction
1638,true
1639,sublime trip fine new world
1640,meet like meet period
1641,story love lose find
1642,martian land neighborhood
1643,suck
1644,dream light sky
1645,work suck
1646,new years eve know date
1647,prepare truth
1648,love story romantically challenge
1649,goodbye like bullet
1650,dead good
1651,raise hell
1652,child home parent come
1653,adult nightmare face heart city
1654,kill possibly alive
1655,enterpris young man turn city morgue swinging business people die
1656,consult doctor bring seat belt
1657,novel year motion picture
1658,hit crew dead help help
1659,flight crash bermuda triangle passenger alive trap underwater
1660,watch man watch rollercoaster
1661,world tall building fire floor way way
1662,live foot beneath city foot long weigh pound break
1663,place earth hide
1664,westworld robot man woman program serve romance violence
1665,thing logan world birthday run away
1666,universe good man
1667,army civilized ape fortress radiation craze super human earth final battle begin beneath atomic rubble city new york
1668,final chapter incredible apes saga suspenseful showdown film civilization battle right inherit leave earth
1669,new revolt ape awesome spectacle annals science fiction
1670,meet baby milo washington terrify
1671,million ton icy terror
1672,big finally hit
1673,twice speed sound concorde evade attack
1674,fate seal deep superliner poseidon reveal secret
1675,new york powerful gangster touch feeling try tell minute
1676,play rule
1677,game seduction rule fall love
1678,disgrace criminals
1679,search son search family begin
1680,look kill
1681,action pack thrill ride
1682,believe ghost deny terror
1683,body mind soul
1684,comedy prove true love die
1685,demonic force lurks eye
1686,beware eye paralyze
1687,think innocent think helpless think nap history
1688,bowel france
1689,eye storm arm hurricane
1690,new animated family spectacular adapt musical rodgers hammerstein
1691,eat
1692,want famous know want
1693,bear privilege bind tradition find courage follow heart
1694,eye heart know
1695,dig doug
1696,fame careful
1697,break law law
1698,love story writer monty
1699,summer woodstock woman want
1700,welcome real world
1701,loathe thee let count way
1702,tango leave
1703,fall love year ago hour remember
1704,weekend waste waste weekend
1705,comedy class
1706,twice action
1707,welcome holly springs home murder mayhem catfish enchilada
1708,destiny deny
1709,good bad
1710,share love
1711,tell difference
1712,journey love
1713,god bless america need
1714,comedy guy girl dream
1715,comedy lose control
1716,reading writing revenge
1717,play live kill
1718,trap set
1719,touching story boy right hand
1720,war personal battle continue rage
1721,mother love lead murder
1722,come shopped save world
1723,destroy world
1724,turf game rule count law
1725,legend know adventure imagine
1726,ordinary family extraordinary story
1727,journey heart
1728,hold heart cupid armed dangerous
1729,memory
1730,generation legend journey step saga beginning
1731,know send know message
1732,touch genius curse madness blind love
1733,collect mob act expect killer performance
1734,come life
1735,tear tomb terrify world
1736,hand creep like cobras eyes crawling madness mummy run amok
1737,nameless fleshless deathless
1738,tomb thousand terror
1739,fear year
1740,mean mother
1741,believe man fly
1742,man steel meet match
1743,world powerful computer control superman earth safe
1744,nuclear power good hand dangerous hand lex luthor pure evil superman great battle
1745,story strange passion world know
1746,screen titans terror greatest screen sensation
1747,man monster
1748,black shadow past breed half man half demon create new terrible juggernaut destruction
1749,new thrill
1750,creature create man forget nature
1751,blood lip doom eye accursed vampire
1752,hideous howl dirge death
1753,terrifying horror know man come creep crawl monster tower fury escape
1754,different set jaws
1755,laugh
1756,look thing
1757,fantastic sight leap
1758,amazing terrifying savage spectacle time
1759,hold
1760,science change monster love change
1761,bold blunt blister battle picture equal
1762,gable lancaster sea boil battle adventure hit like torpedo
1763,famous film star world fall man street
1764,question reality exist
1765,havana music pastime way life
1766,want leave
1767,love long party
1768,thing dangerous death survival
1769,baby
1770,immortal legend imagine
1771,lie
1772,know
1773,beatiful story man ordinary
1774,second day face decision change life
1775,nature look answer
1776,leg fang attitude
1777,uh oh
1778,new west
1779,safe son sam
1780,romance unlikely place
1781,like piece
1782,paranoia real
1783,space deep think
1784,scary movie time true story
1785,cruise kidman kubrick
1786,know bit
1787,good friend good man
1788,real
1789,afraid ghost
1790,battle good bad bind ugly
1791,house bear bad
1792,great hero assemble
1793,story guy try big city
1794,big smarter faster meaner
1795,classic hero guy
1796,catch
1797,different kind love story
1798,like picture scarface little caesar
1799,soft mouth road sin smear violence
1800,titanic story tell
1801,movie
1802,long redmond barry gentleman tragedy
1803,angel face hell bent violence
1804,hymn life love
1805,psychic comedy mind
1806,far
1807,eddie murphy choose
1808,meg leave lenny babe shoot magrath sister sure way man
1809,life love
1810,passion hatred know limit expect mercy
1811,feed plant
1812,funniest picture year
1813,richard chamberlain return sequel king solomon mines
1814,night drink forget today wake murder hope man trust
1815,mean work like dog
1816,cia trail kgb track phone company trace police chase cowboy herd indians hunt fall
1817,violent crime secret affair single witness appear bedroom window
1818,bed die
1819,story shocking disturbing compelling true
1820,unmaking president
1821,come outer space
1822,gift blessing
1823,man
1824,target merciless family new york
1825,con
1826,graduation present trip paradise think land hell
1827,kiss rules goodbye
1828,delicious romantic comedy
1829,night come
1830,macabre masterpiece terror
1831,ghastly belief
1832,betrayal cut way
1833,wedding night share man love female thing live tomb cat
1834,horror face
1835,comedy chiller
1836,follow new cat creature game play
1837,motion picture industry die monty python kill
1838,time warning
1839,power evil longer hand child
1840,slow speed bullet able hit tall building single bound
1841,ride life need christmas seat
1842,thing little hairy
1843,thousand year europe survive great disaster real test chevy chase family come america
1844,summer chevy chase family little trip year far
1845,chevy chase find life country crack
1846,young josh lifetime
1847,attila hun ivan terrible al capone seven
1848,wonderful adventure little nemo
1849,dare play game love faith chance
1850,business line friendship edge woman catch middle
1851,supreme court justices assassinate lone law student stumble truth investigative journalist want story everybody want dead
1852,peace harmony comfort joy maybe year
1853,romantic comedy refuse
1854,summer teacher hell teach lesson
1855,prepare obsolete
1856,future bad attitude
1857,color illusion perfect blue
1858,cia code condor seventy hour trust try kill
1859,turn civilization discover power save
1860,real fight outside ring
1861,prey living
1862,know love
1863,creator george jungle come new kind hero
1864,goddess trust
1865,fall action serve rock twist
1866,tim future like
1867,model love life
1868,messenger silence
1869,mind door open
1870,dream ghetto wake iowa
1871,milo lucky cat life good friend
1872,big fog shroud andes
1873,orson welles magnificent screening shakespeare immortal tragedy
1874,talkin human experience
1875,wise talk stranger
1876,far home far justice day learn truth murder truth story forget
1877,survive night scare
1878,nightmare year sleeper
1879,target phone
1880,real
1881,look closer
1882,stop sense movie big suit odd movement come band
1883,cop
1884,billy chapel choose woman love game live
1885,absolute power life death everybody world
1886,beatles star length hilarious action pack film
1887,explore possibility
1888,story sing laughing cry cheering stomp foot
1889,good reason afraid dark
1890,welcome
1891,broadway bare rare unsquarest love play
1892,happen cahulawassee river
1893,forge god foretold wizard find king
1894,base hit broadway musical feature choreography bob fosse
1895,know face touch voice know truth
1896,follow heart impossible
1897,sens
1898,pray day
1899,dangerous mission world tough secret agent
1900,jackie chan great adventure
1901,murder crime
1902,hope lose invent
1903,town fun
1904,come date better watch step
1905,love
1906,good bad stinky
1907,guy want need
1908,small town outskirts greatness
1909,good king
1910,escape convict disguise beauty pageant expert ugly
1911,possession sacred secret safe
1912,rob rich
1913,good reason afraid dark
1914,amazing characters jonathan swift immortal fantasy come life
1915,man prison chair man monkey strange pair monkey rule man climb inside head fate dead
1916,scare dead
1917,year later norman bates finally come home
1918,norman bates normal mother rocker
1919,woman shame woman soul
1920,akira kurosawa powerful newest japanese masterpiece
1921,perfect world meet
1922,dare dream
1923,true story find courage
1924,vengeance know boundary
1925,guide
1926,time life huh kid
1927,steal mind want
1928,temperature rise suspense begin
1929,man struggle easy
1930,love catch fire revolution
1931,gone wind art film
1932,welcome hell
1933,hanging good town mistake hang wrong man finish job
1934,original kung fu comedy
1935,bertolucci masterpiece sex politic
1936,world mess hair perfect
1937,story precious moment woman life
1938,story man search
1939,wind great romantic epic like
1940,eye ear sens overwhelmed
1941,barbara stanwyck henry fonda bewitched bewildered
1942,creator lady eve bring late lilting laugh f
1943,insane unreal lie mystery man face southeast
1944,rag torrent emotion nature control
1945,woman like gilda
1946,like south pacific
1947,dancer dance
1948,train excite arm turn loose nazi
1949,mystery lead world incredible danger
1950,stop worry help way
1951,touch turn excitement
1952,world master murder pull stop destroy agent
1953,meet extraordinary gentleman spy fiction
1954,sensuous story natural love
1955,way dangerous man live
1956,good luck long shot hedge bet
1957,past bedtime city sleep
1958,protection end obsession begin
1959,mischief mayhem soap
1960,life complicated love woman worship men
1961,woman shame open
1962,dream good
1963,love
1964,work glitter pain love crazy rhythm jazz
1965,film humanity
1966,suck dry
1967,fair war love
1968,tonight sex tomorrow real
1969,tonight world asleep ancient evil awaken
1970,spy story century
1971,trip mph
1972,man machine cop future law enforcement
1973,protect innocent
1974,story man woman rabbit triangle trouble
1975,poor melvin want milkman month instead lose job truck wife howard hughes leave
1976,come close james bond
1977,bad dangerous place
1978,roger moore james bond
1979,pure evil pure power pure terror
1980,look look look
1981,evil love party
1982,gift imagine system fight forget
1983,want
1984,fate world rest courage warrior
1985,girl little
1986,thousand bride million dollar jimmie shannon discover true value love
1987,serial killer forensic genius
1988,man drive tell truth whatev cost
1989,end world hour leave
1990,people ultimate spectacle
1991,date mate animate
1992,imagine life hang thread imagine body hang wire imagine imagine
1993,fun scar
1994,curtain terror begin
1995,herbert west good head shoulder desk
1996,tale urban reality
1997,pay pray
1998,buster drive general trainload laughter trade paper ad
1999,hideous death lurk unseen river
2000,deputy strong willed widow determine stop ruthless town boss
2001,romantic film amorously devote man hand beloved woman deserve
2002,terrorist hold new york grip fear stallone
2003,good man dead think
2004,devil deal exorcist like
2005,world dead survivor crawl darkness strangest sect hunting man earth
2006,schwartz
2007,meet robin hood merry menagerie
2008,uproarious fun smash broadway play
2009,neglected hero history liar insane proportion
2010,power love raw big gulpful like taste way mix bourbon sin blood
2011,funny business
2012,lot nature nature run life
2013,insanity continue
2014,rudy strike summer row year score
2015,thing wilder crazier sexy summer summer
2016,mystery true love certain death
2017,know little people throw huge party
2018,story mother know best daughter know better
2019,hell heaven
2020,pokémon match time
2021,comedy passion murder thing happen movie
2022,lose risk
2023,day change world history hold breath
2024,ivy want ivy
2025,rule break
2026,incredible attack pearl harbor
2027,doctor want settle church want settle lawyer want settle client desperate settle galvin determine defy try case
2028,dimension invade world
2029,tough school stand teacher class prove america
2030,mountain peace great hunts young bride different
2031,nightmare world virgin dream screen shocking reality
2032,story passion bloodshed desire death fact life worth live
2033,young remember forever
2034,head roll
2035,countdown begin new millennium number count
2036,woman mother actress saint sinner man woman
2037,spirit odd hysterical way
2038,wonderful pulitzer prize play great motion pictures time
2039,man son search steal bicycle vital job
2040,gun kill man
2041,poison
2042,discuss book year come screen discuss picture age
2043,want breakfast bed
2044,quiet unassum perfect
2045,live dream die
2046,story american family
2047,look lead evening mistake regret rest life
2048,murder case shocking trust emotion evidence
2049,people need love spell
2050,beginning beautiful friendship
2051,thing simple miracle
2052,silently door wait
2053,modern day tale search love sanity ethel merman holy grail
2054,able hold river hold greed man
2055,story woman fight child land great dream future
2056,prepare end
2057,toy
2058,world apart bind desire
2059,man land north south fight blue grey fight friend family
2060,run away
2061,con man congressman
2062,victim
2063,railroad civilization end sante fe trail begin
2064,thing mind
2065,woman life fall apart blame accident property
2066,wall street tycoon fifth avenue mistress reporter hungry fame wrong turn bronx sit watch spark fly
2067,great drama human emotions
2068,brave thing let family love
2069,steal heart steal laugh steal memory
2070,money world round sex invent money
2071,violence compassion suspicion trust hell hope
2072,girl door
2073,charge willing negotiate
2074,miracle happen
2075,story far travel find place belong
2076,bad man hide family history
2077,anarene texas change
2078,wonder screen
2079,robot year journey ordinary man
2080,little family big
2081,thing fall people look rain pour
2082,gilbert sullivan
2083,cop reach boiling point
2084,comic big screen
2085,need love
2086,man look america find
2087,come good family commit bad crime
2088,savage story lust ambition
2089,play play
2090,hello andy movie
2091,comedy galactic proportions
2092,far
2093,suburb hood look good
2094,great fight justice
2095,think know shakespeare think
2096,director shine
2097,crazy thing crazy
2098,america needed heroes jewish slugger step plate
2099,family need optimist
2100,farth reach space terribly wrong
2101,death ordinary
2102,important love
2103,star spangled laugh load salute heros
2104,want share murder investigation way share daughter
2105,great adventure escape
2106,pal columbia
2107,navy poor kid year brig time life
2108,ride fast lane road
2109,high sea deep terror try stay calm
2110,survive
2111,stare eye discover deep unspeakable terrifying secret black sunday paralyze fright
2112,adventures like love great exciting
2113,sequel
2114,fast cars fast girl fast carrot fast carrot
2115,family tear apart public fill outrage woman accuse murder
2116,dark knight fight save gotham city deadly enemy
2117,brother challenge road life
2118,psycho sexadelic horror freakout
2119,price stardom broken heart
2120,terror live
2121,haunting erotic unforgettable
2122,new comedy love second chance
2123,seven laugh minute
2124,obsession eye beholder
2125,talent
2126,comb conquer
2127,buddhism philosophy soccer religion
2128,stone age meet rock age
2129,thank neil simon laugh fall love
2130,booze sex drug way
2131,trust weapon innocence opportunity revenge desire
2132,survive impossible unthinkable
2133,col frank slade special plan weekend
2134,laugh cry hurl
2135,laugh cry hurl
2136,achieve incredible attempt impossible
2137,honor country wife child
2138,let sight let guard fall love
2139,small bottle fountain youth secret eternal life power ancient potion work
2140,need country big dream
2141,love game easy start hard finish
2142,meet laura palmer town hide
2143,easy good
2144,know sucker
2145,cop brain brawn instinct kill
2146,come look trouble trouble come look
2147,time wait man true love wait forever
2148,king rink meet america ice queen
2149,dream someday little house couple acre place home
2150,gambler thief junkie killer cop
2151,love trilogy step far
2152,live roommate murder
2153,thy kingdom come thy
2154,agency good bad case nerve
2155,brandon want guy unfortunately girl
2156,expect unexpected
2157,planet exist
2158,road close school shut rule freeze
2159,village teacher city discover learn
2160,startling story screen dared reveal
2161,meet maniac friend great team history mass slaughter
2162,story fresh girl mini tough kid london east end
2163,welcome new american dream
2164,family hang
2165,afraid dark afraid dark
2166,heart suburbia hit man heart
2167,comic collision chaos coincidence
2168,whatev american dream
2169,true blind love
2170,legend neighborhood
2171,million dollar picture
2172,reel joy
2173,mammoth redwood wilderness treasure pile sky
2174,trap set game
2175,undependable unpredictable unforgettable
2176,death mona dearly whodunnit
2177,good friend good mistake
2178,save planet alien find woman earth baby problem
2179,assassin live law follow code
2180,miracle young fear
2181,school bobby education begin
2182,storm fear fury sizzle florida keys
2183,captain stransky rest platoon
2184,seventh day creative
2185,recoil shudder witness slaughter mutilation nubile young girls weird horrendous ancient rite
2186,think job chose
2187,prize win drama warms screen people passion
2188,madman craze carnage
2189,let life
2190,book life
2191,true story happen die
2192,movie tell exactly high school diploma
2193,need second chance finish
2194,romance lot like baseball win lose play game
2195,bizarre bank siege
2196,city city
2197,find find
2198,big fight big love big story
2199,land land land land california new york island land
2200,shot hear round world
2201,biggest story time
2202,kill passenger minute new york city pay million dollar
2203,ready come
2204,story away
2205,nerve steel body iron brain stone
2206,believe eye trust heart
2207,romantic adventure dangerous heart
2208,funny thing happen way bus station
2209,date man dream come true dream like need nightmare
2210,couple run
2211,entertaining humanly possible
2212,big adventure big laugh big bird big screen
2213,wish dinosaur watch dream come true
2214,titanic emotion spectacle climax cast
2215,night unsinkable sank
2216,sun set world adventure
2217,bring small town foot huge corporation knee
2218,accident coincidence escape cheat death
2219,orphan start journey journey survive
2220,price pay come secret garden face world modern day hong kong screen unforgettable experience
2221,man life surprise
2222,somebody life
2223,deltas rule rule lose
2224,seriously sexy comedy
2225,hot day summer
2226,dirty harry coogan
2227,poignant love triangle father son woman come
2228,vigilante city style judge jury executioner
2229,wife daughter time score
2230,new york bring justice street
2231,judge jury appeal deal
2232,moment meet murder
2233,girl heart stone way melt add ice
2234,hero half shell
2235,cowabunga new turtle movie
2236,turtle time
2237,mean street time good guy
2238,true story american ninja
2239,china land unrest tomorrow starve
2240,time rock delta dmz
2241,court determine live love raise child anna prove good mother
2242,good enemy come
2243,love story today
2244,city rule criminal family forget fear remember
2245,low girl dream
2246,love life
2247,conjure deep dark fear fear life
2248,scare pant
2249,evil inherent human mind whatev innocence cloak
2250,stand great entertainer modern time earth laugh heartily touch heart deeply world laugh cry thrill priceless genius
2251,story soul need body guy need soul
2252,man barbed wire soul
2253,fast eddie winner loser hustler
2254,fabulous monkey trial rock america
2255,kurosawa academy award win masterpiece
2256,young people ask life love
2257,frightening thing jacob singer nightmare dream
2258,sell music sell
2259,bear poverty destine stardom live american dream
2260,force heaven release power earth save
2261,fall love time
2262,comedy fear commitment hat job fall love pop favorite
2263,come gold stay adventure
2264,easy killer
2265,big big
2266,peter pan grow
2267,nightmare terror travel aboard horror express
2268,fall love help beverly hills
2269,eye eye hate hate girl law tribe
2270,strange trio track killer
2271,bear wild turn way
2272,price double love life trouble car start boss heart door squeak roof leak stereo mono need little max dugan
2273,walk incredible true experience billy hayes bring courage
2274,paul sheldon use write living write stay alive
2275,lonely middle
2276,think find right guy worse come
2277,moment count
2278,dawn time america experience man like howard beale
2279,crime passion act treason
2280,wait till weird
2281,funny screen broadway city city stage smash
2282,army
2283,happen mix
2284,future listen
2285,head big time face
2286,comedy straight heart
2287,hero stand
2288,deserve good accept good
2289,half fun
2290,forever
2291,drink poet drink
2292,man tradition woman know
2293,comedy life love gentle art raise child
2294,bleed kill
2295,story memory haunt truth set free
2296,feel heat
2297,life party life
2298,think mask sanity slip
2299,believe believe love
2300,money old fashioned way steal
2301,comedy family chip shop randy dog
2302,sex pistols film uncut unseen unbelievable
2303,life know life place dream know life real
2304,suddenly life french fry gravy girl
2305,love child desire woman adore bartender
2306,life cabaret
2307,sister sister oh fair blood hair
2308,good seller play
2309,live breathing doll musical
2310,human love forever
2311,man dangerous attempt clear father
2312,snob slob
2313,turn turn
2314,fair love basketball
2315,hero ordinary man extraordinary thing extraordinary time
2316,beautiful mysterious haunt invariably fatal like life
2317,masterpiece laughter tear master comedy
2318,vengeance justice love
2319,ready rock
2320,laughter hard friendship strong trust deep come heart
2321,brother woman search magnetic perfection
2322,camera edit real time
2323,drive extinction revenge
2324,extinction thing past
2325,terror extinct
2326,human outside
2327,hero rise
2328,adventure lifetime life
2329,weekend land
2330,man earth woman need woman want
2331,tenebrae suspiria inferno
2332,time hickey
2333,mom work dad berserk
2334,planet
2335,life hold tryout
2336,passion betrayal revenge hostile takeover underway
2337,wave song laughter romance love lose sailors day leave fun frivolity
2338,ecstatic romance exotic dances exciting music world lushest paradise song
2339,elvis score singing triumph romantic hit
2340,let tuneful broadway classic entertain
2341,screen time year
2342,paint town joy
2343,story rebel bike
2344,walt disney south american gay musical technicolor feature
2345,forget love story sing
2346,deal mob gamble
2347,comedy bride groom wedding party believe
2348,like
2349,dare different
2350,great college tradition
2351,bite crime
2352,murder evil infidelity madness
2353,wild hilarious chase fortune jewel
2354,expect impossible
2355,old west meet far east
2356,sexual desire obsession man
2357,escaped death want
2358,strong brave men fly face death live
2359,world greatest laughing picture
2360,comedy murder
2361,far far far james bond
2362,astounding story astounding military plot united states time possibly tomorrow
2363,biggest best bond b e y o n
2364,outer space belong
2365,man golden gun ready assassinate james bond
2366,king comedian
2367,thrilling story america superman
2368,fbi agent undercover conceal weapon
2369,business pleasure
2370,greatest high adventure filmed
2371,answer ad
2372,love pandora flaming technicolor
2373,world panic city flame
2374,horrible enemy unknown strike terror earth
2375,evil come size
2376,string attach
2377,good puppets bad
2378,bad puppets turn good
2379,puppets vs new evil
2380,years ago puppets andre toulon vanish trace puppets find new home new puppet master
2381,ordinary love story
2382,weird air
2383,saga break
2384,benji exciting adventure life
2385,world huggable hero
2386,joyous entertainment season year
2387,nightmare end
2388,world word
2389,music way life
2390,man man black wait walk arsenal uncoil strike kill
2391,man know limitation
2392,break hard
2393,year fabulous baker boys time change
2394,line cross
2395,eye funniest movie grow
2396,think night funny wait till day
2397,final conflict
2398,believe come private school
2399,solid nerd
2400,good news date bad news dead
2401,silent invisible invincible town day kill
2402,game survive schwarzenegger play
2403,voyager ii launch space invite lifeform universe visit planet ready company come
2404,prepare
2405,maximum force future
2406,leave chance pray
2407,man enter man leave
2408,woman dream woman nightmare
2409,harry angel hire search truth pray find
2410,broke rule
2411,power survive
2412,feast fear dinner time
2413,time
2414,glitter glamour dirt
2415,story incredible friendship
2416,rate comedy second story woman
2417,earthquake hit detective rita rizoli
2418,ice cold hot wired
2419,new spin old song dance
2420,extraordinary adaptation shakespeare classic tale vengeance tragedy
2421,man believe war man believe woman believe
2422,year dream son star
2423,deadly street gang declare war cop
2424,hot hungry kiss everlasting love everlasting life
2425,bring bullet woman false
2426,mob want harlem shaft
2427,harry caul invader privacy good business
2428,cutter way fighting love work track killer
2429,experience terror suspense
2430,choose girl love diploma work life second
2431,cop turn safe
2432,fellow officer consider dangerous man alive honest cop
2433,rough tough chuck tatum batter way trample path man woman moral
2434,life cage man like
2435,cop state everybody
2436,adventure come big
2437,lot people kill time kit holly kill people
2438,revolution lawful equal effectual war russia war declare begu
2439,warning sex change
2440,man question
2441,earth ends adventure begins
2442,stop taste world
2443,chick flick poultry motion
2444,gentle mental
2445,thing worth fight
2446,summer old bull
2447,storm come
2448,lose mind
2449,true story man terrifying journey unknown
2450,disney magic
2451,movie totally control
2452,epic story brother bind blood divide fate drive destiny
2453,murder illusion
2454,deadly art illusion
2455,war man come home
2456,fight fight
2457,thunderbolt man reputation lightfoot kid
2458,close eye adventure begin
2459,dynarama mean supreme adventure
2460,catch beginning
2461,happy comedy musical
2462,screen story man conquest space
2463,life gamble
2464,grow like imagine
2465,mercy shame sequel
2466,comedy sexual disorientation
2467,michelangelo antonioni british film
2468,feel
2469,emotion violent wind sweep prairie
2470,evolution begins
2471,remember games use play
2472,perfect husband mistake follow home
2473,person difference
2474,idea foreplay murder
2475,search human emotion probe deeply truthfully anatomy murder
2476,let future pass
2477,like
2478,games romance spirit camelot state mind
2479,giant movie
2480,new sinbad boldest daring adventure
2481,bob special kind friend kind drive crazy
2482,crime drama thriller
2483,moving story
2484,little engine big thing
2485,klumps
2486,fall love time fall love forever
2487,party end
2488,know
2489,space
2490,fall love beat
2491,night nightmare
2492,alive body feed unspeakable horror hell
2493,outrageous
2494,think crush dead wrong
2495,set rob bank damn near win war instead
2496,ball
2497,forward
2498,man evil special demon exist
2499,proud totally insane
2500,come home
2501,funniest movie cry
2502,devil invent brigitte bardot
2503,cheating gambling booze smoking pizza fun life movie
2504,dreaded nazi
2505,savage crime silent witness
2506,woman find man irresistible
2507,mankind hope turn
2508,dement forever
2509,crime know
2510,throw ball catch girl simple
2511,enter mind killer
2512,ready crumble
2513,joke
2514,villain mother teresa want dead
2515,movie year ought
2516,love affair talk town
2517,greatest story west filmed
2518,suddenly summer cathy know use evil
2519,way whopper funny western bang end bang
2520,beauty woman demon darkness unholy union
2521,galaxy heart come supergirl
2522,foe
2523,woody guthrie bob dylan come ramblin jack elliott
2524,good win
2525,immortal defeat ultimate evil end
2526,win
2527,study study
2528,chase dream chase
2529,home
2530,experience enjoy fall
2531,stay innocent forever
2532,little soul search little harmony
2533,hear good story lately
2534,legend die
2535,want know
2536,need eye
2537,pet deserve little respect
2538,prove wrong
2539,history write winner
2540,tear soul apart
2541,time play
2542,start hell end earth
2543,favorite angels
2544,surfs beach swing
2545,torso bare dare rule
2546,world atomic mutation rise dread curse father
2547,miles outer space seven miles beneath sea
2548,fantastic spectacular voyage human body brain
2549,howl shake shiver
2550,face red nose bandit money safe
2551,amazon forbidden depth come creature black lagoon
2552,carl laemmle present wells fantastic sensation
2553,leave killer shrews
2554,world destroy monster
2555,screen classic terror
2556,future machine program turn stop madman start
2557,close eye second sleep forever
2558,party begin light
2559,survive final exam
2560,cleavage cleaver result delta delta deadly
2561,truth hurts
2562,happen professional killer violate code carter
2563,come love come interrogation
2564,system want soldier soldier want human
2565,way find love risk
2566,assassinate leader fire shot
2567,overwhelm woman life
2568,cool clean love machine
2569,need
2570,orbit fantastic future
2571,supernatural tale love mystery
2572,end
2573,end
2574,way hit heart
2575,tall tales world story teller hilarious cartoon feature
2576,fate draw murder
2577,search love fate force detour revelry violence mystery
2578,inside special talent wait come trick find
2579,meet devil elliott seven wish chance hell
2580,big favor pay pay forward
2581,seven dread gateway hell conceal seven cursed place day gate hell open dead walk earth
2582,good solve england puzzling mystery international crime buster
2583,secret weapon lot kick
2584,evil die
2585,head brainer
2586,sudden outrageous global celebrity price tag
2587,action
2588,moment ago
2589,earth slept dude house
2590,history break rule
2591,sound warning chance
2592,man household number
2593,daring world war ii plot change course history
2594,think
2595,stranger fall love know chance
2596,mean green
2597,munich olympic games nation competitor billion viewere palestinian terrorists time year truth reveal
2598,ooo la la paris
2599,meet unlikely heroes bone pick
2600,young widow beautiful man want boy risk protect
2601,bad word bad deed
2602,thing reveal accident
2603,timeless story strength secret warrior surrender
2604,game
2605,mountain decide
2606,year truth legend
2607,eddie cusack good cop bad day
2608,want spend thanksgiving family day turkey
2609,man woman life death infinity tuna casserole movie dare tell
2610,licensed thrill
2611,good evil wildest imagination
2612,dream price
2613,story innocence lose courage find
2614,neighborhood america
2615,american excess story
2616,stealin stones breakin bone
2617,die easy comedy hard
2618,world indulge
2619,night remember come day forget
2620,true portrait life art
2621,power hear woman think finally man listen
2622,ordinary place find person life extraordinary
2623,witness crime
2624,edge world journey begin
2625,different choice yes instead second chance
2626,woman beauty man admire woman envy wise tread carefully
2627,mess agent dress
2628,plan clue
2629,big movie small town huge trouble
2630,seductive evil time unleash
2631,passion tame
2632,believe close come
2633,away clean
2634,price
2635,unspeakable horror creative genius capture eternity
2636,movie tomorrow
2637,rule curfew bath nagging pulse
2638,life courage win woman love
2639,mission fortress fortress shrine
2640,like father like son like hell
2641,revenge mystery danger ambush
2642,pleasure ways
2643,father live dream daughter stand
2644,truth dangerous trust deadly
2645,big shot big mouth switch
2646,person need
2647,story family lust murder midlife crisis
2648,life begin world fall apart
2649,remember wait life begin day
2650,romantic comedy work
2651,tough black hero
2652,sense sense sense
2653,popular girl school wear mask
2654,big day big problem
2655,story friendship freedom fate happen sixties
2656,beautiful woman fall unlucki guy world life delicious complication
2657,need enemy
2658,shameless
2659,unexpected comedy
2660,people crazy truly horrible life lead
2661,heat
2662,cop lady lawyer catch explosive truth police corruption
2663,lady luck tonight fire
2664,imagine toaster journey
2665,ronald investment senior year hire pretty cheerleader school girlfriend
2666,need bounty hunter man
2667,vast merry uncommon tale love
2668,shock value
2669,survive world war find strength great event surround
2670,ultimate experience grueling terror
2671,army forget hero officially dead live combat meet wrong man
2672,friend forever goodness reward indians bronx
2673,home sweet home murder
2674,story war home people live
2675,thing frightening murder high school
2676,bobby taylor way star funny thing happen
2677,epic story world war boy play
2678,summer trip forget
2679,hard time good time francis helen
2680,time personal
2681,beverly hills heart desire way use
2682,sleep day party night grow old die fun vampire
2683,raise beverly hills mansion clean
2684,jonathan fall love piece wood dummy
2685,battle fight star come earth
2686,know ghost monster
2687,unleash inner model
2688,future clear
2689,remember kid ignore valentine day remember
2690,feel heat feeling burn let sensation explode
2691,genius undeniable evil unspeakable
2692,swear come evil walk door
2693,need month change life
2694,international intelligence dumb
2695,yell swing got monkeybone
2696,crime king
2697,love safety
2698,smart wear pants
2699,real people real danger
2700,america like watch
2701,young free single
2702,outrageous new comedy hair
2703,look dark past bright future
2704,generation family share dream america place avalon
2705,mirror mirror wall murderer
2706,love tragedy
2707,young bad
2708,nice girl long island find happiness mass murderer
2709,hear cary bishop wife
2710,spy security risk unfaithful nice normal shnook million buck sheer accident
2711,sidney poitier life love ex gi day encounter nun escape berlin wall
2712,glorious story great storyteller
2713,dollar gantry soul save gantry save
2714,man alfie ask girl
2715,love mean ugly
2716,battle time space
2717,brother separate violence mission revenge
2718,laugh death
2719,tough tough law hand
2720,mom thing normal
2721,private hell single new yorkers public view pleasure
2722,enter mind serial killer come
2723,murderer strike board luxury nile steamer karnak hercule poirot face baffling case
2724,time come revenge nerd
2725,birmingham sunday blood run like wine
2726,controversial film year
2727,trouble easy fun
2728,survival fiercest funniest
2729,big bunch loser winner
2730,stay anymore
2731,men bear heroes
2732,hurt
2733,man step moon nearly stumble earth
2734,memory best forget
2735,caution dangerous curve ahead
2736,story away come
2737,real spy small
2738,man stand kitty
2739,place treacherous good spy need spy
2740,love betrayal death
2741,game far
2742,base true story
2743,pokémon spell unknown
2744,pokémon spell unknown
2745,health warning adopt bridget lifestyle seriously damage health
2746,come clean conquered
2747,small time girl big time dream fate pussycats chance lifetime
2748,let truth way good yarn
2749,hear wildlife know wild
2750,touching story young man desperately want daddy proud
2751,world
2752,day wine rose finally come night like
2753,ready race life
2754,night appetite
2755,story find perfect woman try desperately
2756,thing small affair
2757,powerful force earth unleash people know better
2758,love vanish trace
2759,motion picture world wait
2760,world light year imagination
2761,robin williams garp funny way look life
2762,faithful book
2763,rome christ fellini
2764,laughter tear tragedy triumph live boy
2765,time job
2766,story woman courage risk believe right
2767,life beach
2768,wonder musical future
2769,love mean sorry
2770,rififi mean trouble
2771,rock
2772,balance power change
2773,sand shift madness near
2774,deep look find
2775,great fairy tale tell
2776,laws limits rule fall love
2777,moment change history love change life
2778,story girl refuse forget champion
2779,imagine sex appeal come bottle
2780,wonderful time wish
2781,unconquerable
2782,yesterday businessmen today cowboys tomorrow walk funny
2783,cheering stop men
2784,hunter frontiersman adventurer
2785,america war
2786,seven fight like seven
2787,fight quarter quarter ask way way rio bravo
2788,owen ask friend larry small favor
2789,heroic story man san pablo disturb sleep dragon savage china threaten world watch breathless terror
2790,story man woman know
2791,man animal
2792,small miracle
2793,come wipe silly smile planet
2794,log hack
2795,party break
2796,seven bank year catch perfect wave
2797,summer weekend girlfriend memory lifetime
2798,desire passion lust deadly game obsession
2799,ice fire fight good
2800,m m marvels age wonder musical world
2801,glamorous entertainment lifetime cinemascope glass
2802,tickle tantalizes funniest comedy laughter begin
2803,cross hopelessly straight starve actor dynamite red sequin dress america hot new actress
2804,atlantis wait
2805,bear wealth groom elite train combat
2806,doctor
2807,live life mile time
2808,david year old weigh pound foot inch tall brown hair love real
2809,baby boy
2810,real right let stand way
2811,bit beast
2812,find love
2813,evil rise new height
2814,thing hairy
2815,kiss fear goodbye
2816,mercy shame sequels honest lie
2817,friend roommate lover
2818,game separate girl boy group
2819,root guess win
2820,popcorn lobby nut screen
2821,gangway years big adventure
2822,super sexbot build kill
2823,edgar allan poe demonic tale ungodly evil house usher
2824,voice tempter
2825,time james stewart john wayne masterpiece time academy award winner john ford
2826,base true story
2827,different daring dangerous
2828,wind come brother eye smoke finger itch
2829,suddenly clothe flesh wall
2830,story enterpris young man amazing money sell ice cream
2831,read fine print mortgage life
2832,world beautiful animal
2833,haunting shatter film experience
2834,blood red kiss white hot thrill mickey spillane late h bomb
2835,significant reserved seat attraction year
2836,shout sing life explode love
2837,almighty columnist million believer wrath fear great near great worship sweet smell success
2838,story decent love fight live vice immorality oil baron wastrel family ugly secret thrust private live public view
2839,frightening film
2840,bruce lee impossible surpassed
2841,limb body lethal weapon
2842,bruce lee challenge underworld game death
2843,family think crazy enemy think challenge know dragon
2844,jupiter moon deadly happen
2845,colosseum battleground bruce lee chuck norris
2846,unleash new reality
2847,judge book hair color
2848,partner crime
2849,know kid
2850,welcome disorganized crime
2851,close hero big
2852,happy
2853,mind body jack watson find fountain youth overflow comedy
2854,victim crime
2855,cop believe law
2856,remarkable unbelievable impossible true
2857,money funny
2858,trap enemy line army man save
2859,friendship forever
2860,war bring beast man
2861,hero lover legend
2862,army eugene man daisy basic training
2863,scream room breathe terror shape
2864,shack
2865,thirty remarkable day life ordinary man
2866,pour reign
2867,gang member million gun cop
2868,funniest men america eddie murphy
2869,comedy truly loony proportion
2870,eat fast time scream
2871,ready second
2872,funny movie
2873,poison dexter cornell find find find hour dead arrival
2874,dirty harry learned new game
2875,nice guy finish meet winner
2876,elvira big screen debut new comedy
2877,holiday comedy unlike
2878,life story love story
2879,wife action
2880,far end earth find reason live fight
2881,wildlife wild brother law unbearable
2882,american ghost vacation romance hassle
2883,discover john angry youth musician radical husband father lover idealist word personal collection film music
2884,college country want johnny good good bad good
2885,new adventure bear
2886,guy brake
2887,bed american kid wake son russian spy
2888,man close encounter
2889,hour convince girl love honest faithful fully committed long night
2890,cop tough saigon cop crazy
2891,route vegas little magic
2892,moscow tough detective chicago crazy cop thing bad mad partner
2893,think safe dead
2894,grave ready party
2895,man
2896,story boy suddenly world man challenge girl help man
2897,notorious scandalous wilde
2898,dirtiest dancing
2899,bury dead
2900,stay alive
2901,adventure america electric leading man continue
2902,wonderful happen alive
2903,woman
2904,lot news weather sport
2905,want
2906,try buy refuse try bully resist try break american legend true story preston tucker
2907,mother tell apart
2908,ready mid life crisis unexpected come puberty
2909,start secret experiment end new breed terror
2910,stop afterlife try
2911,flip sherlock holmes
2912,e
2913,hear need
2914,ready ultimate challenge
2915,film school prepare nick hollywood
2916,history rewrite guy spell
2917,country law game rule
2918,governor stripper force chose office hold woman love choose
2919,war murder murder
2920,dream like need reality
2921,guy field trip reality
2922,valerie discover far girl find right
2923,rebel rocker lover idol vanish
2924,tough course medical school
2925,big
2926,tough choice heart
2927,catch serial killer seriously twisted cop
2928,ancient sport deadly game
2929,novel shock world movie
2930,eastside high control joe clark
2931,drink smoke gamble curse think commit adultery love
2932,true meaning fear
2933,friend real monsters monster real friend
2934,hip cool month old
2935,randy bodek idea treat woman work
2936,comedy bat ball
2937,hell hath fury like hippo machine gun
2938,boundary time wait
2939,minute end world hide
2940,explosive comedy
2941,city story tall
2942,chicago cop hill kentucky hunt brother killer seek justice country style
2943,ring ref rule
2944,man race time stop explosive conspiracy history
2945,want
2946,time walk park
2947,hollywood hot couple split special effect reunite
2948,japanese
2949,accentuate negative
2950,anatomically incorrect rock odyssey
2951,sorry bear human
2952,madness terror murder
2953,high times hard bodies soft rock
2954,man like plant
2955,dalton live like loner fight like professional love like tomorrow
2956,defense poor el salvador fight weapon truth
2957,forget
2958,story seduce world controversial film year
2959,deception dangerous desire deadly
2960,murder blind guy deaf guy hear want
2961,girl wild boy crazy dad nuts
2962,think courage nerve lingerie
2963,comedy glow dark
2964,want perfect family perfect town measure
2965,rival cop work kill
2966,matter escape rhythm
2967,rob bank steal heart
2968,tough tough shopping
2969,oddest couple unleash
2970,lot tv station forget quality mean channel know mean
2971,crude crass family
2972,seduction romance murder thing love
2973,lifetime come motion picture feel like fall love movie
2974,satan son
2975,engaging comedy bachelor near
2976,stop party stop breathe
2977,winter extraordinary man begin perilous journey north american wilderness
2978,jazz age era elegance violence action gamble stake life death
2979,defense hope battle future world begin
2980,experience world accord garp find witty delightful totally unpredictable happily surprise join fun game hotel new hampshire
2981,zexy zany zensational
2982,tenant room small twisted mad
2983,parent burden
2984,love story story love
2985,rock rule reign
2986,ready second rush
2987,hatari mean fun hatari mean adventure hatari mean thrill
2988,stake claim musical goldmine
2989,face gunfight live legend win time
2990,adult film child
2991,hear cry help human
2992,faster funny wilder knock
2993,terrifying obsession brink death
2994,rule stay alive
2995,summer stick
2996,body need hero
2997,sooner later different
2998,wrong law right place
2999,friend couple twice lie morning
3000,joyride sex love activity
3001,fear place
3002,mile people million problem
3003,remember love surrender love vow forget
3004,life adventure blow
3005,love sting
3006,hollywood come
3007,terror planet
3008,game
3009,family struggle survival justice freedom
3010,future good use
3011,comedy arouse appetite
3012,eat
3013,trust seduction betrayal
3014,crosses teenage mutant ninja turtles home
3015,colt rocky tum tum big kick new adventure
3016,tum tum colt rocky new non stop ninja action
3017,fast use human bounty hunter dangerous
3018,warn tonight
3019,frightening comedy
3020,flesh touch flesh burn wicker man wait
3021,wish wish sister night
3022,story wanna
3023,long island expressway lane east lane west lane straight hell
3024,mummy arm
3025,month prior world war ii innocent child leave family home childhood journey
3026,glass shatter
3027,important thing life
3028,minute save world need
3029,music find dream love
3030,thing dangerous line cross cop cross
3031,city million people odd perfect meet
3032,lose moment
3033,know understand
3034,highly acclaimed horror phantasy time
3035,fun scar ghost
3036,sided triangle
3037,dare love married man
3038,big entertainment rock screen laughter
3039,film version stage hit ruthless beauty ambition spell doom man
3040,laugh sea
3041,scream hear
3042,believe
3043,november karen silkwood employee nuclear facility leave meet reporter new york times
3044,way life
3045,star belong new generation
3046,tell
3047,life great mystery upstairs
3048,body fat brain activity
3049,life trip
3050,joke fun
3051,world rule
3052,true love face
3053,chance throw pull apart
3054,man cruel system
3055,musical comedy smash
3056,young carny look like good way
3057,experience total fear
3058,need good hit
3059,marry kid time hungry poor love cheat singer thing star way
3060,love stand way
3061,al pacino cruising killer
3062,story love conflict
3063,company crime
3064,unmask legend
3065,actress longing star woman search world collide mulholland drive
3066,mismatched misguided unmistakably friend
3067,cook storm
3068,detective harry callahan break murder case smash
3069,life
3070,life crime trust friend
3071,betty mahmoody husband wife daughter meet family iran swear safe happy free leave lie
3072,nice girl wear cha cha heel
3073,legend survive
3074,castle king
3075,day life day ruin life life big day change
3076,dream escape reality reality
3077,change way look world
3078,ghost time want hurt exception
3079,far
3080,distance perfect
3081,protect family
3082,scare care
3083,steal power universe
3084,thing erase
3085,love world round
3086,shallow guy
3087,fear message
3088,n dirty come
3089,let magic begin
3090,love hard
3091,flesh wound
3092,play game game play
3093,living dangerous dead
3094,young man old woman ex husband thing explode
3095,jabberwocky monster horrible people catch plague avoid
3096,people funny girl lucky people world
3097,film ban year
3098,bear courage eagle strength black tiger power god
3099,today great woman excuse
3100,dunnit time neil simon dunnit
3101,weather strange warning
3102,luis buñuel masterpiece
3103,bates tell son present want pick outrageous gift jack brown
3104,latest fashion murder
3105,save
3106,dirty harry
3107,clint eastwood man middle gauntlet
3108,time rot tomb crawls unspeakable horror
3109,america ready
3110,parent teacher rule mercy
3111,town bad guy
3112,god thing happy man
3113,dirty harry
3114,weapon survive
3115,morty fineman artist visionary madman
3116,hard working man business
3117,vladimir ivanoff walk department store buy blue jean walk girl friend immigration lawyer buddy life
3118,longer story child
3119,person change life forever
3120,serve breakfast pie stuff face
3121,forget know open eye
3122,love
3123,family word sentence
3124,history history
3125,stimpson run life clock day second clock decide strike
3126,journey wolff niki interstellar adventurer young rebel mission rescue strand woman planet warn return
3127,degree roll
3128,small big brain
3129,live century perfect
3130,ring rule
3131,life come focus frame time
3132,need believe extra ordinary possible
3133,great
3134,picture mark greatness screen
3135,age innocence age awareness
3136,dramatic story tell
3137,rat x baby
3138,wilder party arrest
3139,electrifying entertainment time
3140,float like butterfly st like bee
3141,leave man
3142,tea dinner murder midnight
3143,love need
3144,lifetime change happen single moment
3145,guess find inside
3146,hard cop soft dame
3147,way win girl dream floor
3148,time world great detective figure whodunnit die
3149,life happen accident
3150,place state mind
3151,boy town
3152,careful wish come true
3153,wondrous tale action suspense damsel ogre dungeon dragon quest knight evil warlock
3154,dark ages magic weapon love mystery adventure dragon real
3155,powerful legend new adventure
3156,end mankind know
3157,big oil big money big mystery killing
3158,future
3159,ready mush hour
3160,cop con mercy
3161,ultimate experience
3162,mystery life love legend
3163,far story far west
3164,dieter dengler shoot laos capture pound escape
3165,true story
3166,prepare adventure count revenge
3167,belong misunderstood change forever
3168,welcome metropolis
3169,director happiness welcome dollhouse
3170,welcome life food chain
3171,dream run away
3172,fail cheat
3173,fortune man pretty fowl thing
3174,truth overrate
3175,lose
3176,ballistic
3177,bib crib problem
3178,shirley little swiss miss loveliest story career
3179,chicago cubs need miracle henry rowengartner
3180,piece paradise half block wide summer long
3181,pass warning
3182,dream change friend forever
3183,courage honor
3184,father option leave choice
3185,classic continue
3186,evil face
3187,gutter fl
3188,lucky
3189,saturday night fling life sunday morning face
3190,murder body
3191,life summer
3192,like new great look fully load laugh
3193,love die forever
3194,time interview
3195,football pride inside
3196,stressed father bride secret smitten event planner relative world create ado preparation arrange marriage india
3197,coach wait beer pitcher wait bra team wait miracle consider possibility
3198,bad news bears year old year wilder
3199,masterpiece czechoslovakia
3200,easier
3201,paratrooper vietnamese soldier mile away home man lead battle
3202,ability love inability love hunger love
3203,believe human
3204,believe
3205,eat
3206,hilarious hawkshaw case dottie
3207,thing man end way murder
3208,money people funny thing
3209,great adventure time
3210,everybody need release
3211,beat mob game
3212,brother lock deadly combat till end time
3213,year sing country figure live love song
3214,dangerous man world expose cia fbi kgb
3215,story cry music sing triumph cheer
3216,light fuse tear harold world apart
3217,world like outlaw damn reason remember jesse james
3218,meet interesting people hear great song monster club
3219,die laugh
3220,fight war madness
3221,gate hell open
3222,true people trouble remember words moses bad memory tablet
3223,come thaw conquer
3224,secret experiment deadly virus fatal mistake
3225,lights camera aggravation
3226,come love think straight
3227,life way teaching life way confuse life way life way amaze life way hurt life way heal life way inspire
3228,stake afford lose right
3229,man violence place christ die
3230,like merry xmas happy new year belong
3231,shriek shieks try double oh sheikess dorothy lamour
3232,ready fun fight south seas romance find
3233,gleesome threesome worth mirth fun road singapore
3234,school home think worth defend
3235,honor thy wife
3236,legend lone wolf cub continue
3237,bandit good
3238,total lack respect law
3239,smokey bandit
3240,jailbird want cage
3241,faster sharper deadlier
3242,stabbing final cut
3243,adventure lifetime mere second
3244,adventure lifetime mere second
3245,ready unexpected hit
3246,dream come life
3247,perversion wicked best
3248,life outcast love outlaw
3249,consent adult consent
3250,astronomy major wendell tvedt study galaxy chart planet ponder universe palm springs encounter moon
3251,trust know lie
3252,graduate celebrate
3253,husband wife bandit
3254,slap shot slap swear laugh
3255,ambitious lawyer desperate father reason meet today
3256,soul safe
3257,romantic comedy sugar
3258,secret stay bury
3259,interest civilization conform
3260,love stay family
3261,lonesome whistle train bring gallow closer desperado showdown nearer captor
3262,sentence year prison crime commit thing lot money charles bronson
3263,average joe adventurous comedy
3264,powerful portrayal dignity courage
3265,blood rotten core
3266,jimmy finally new life trouble somebody
3267,change diaper change life
3268,flaw plan
3269,warrior legend king
3270,unlock secret
3271,sticky square
3272,evil upgrade
3273,look truth come wrong place
3274,trust car salesman trust
3275,movie feel refreshing
3276,comedy soap opera writer typing ribbon
3277,lenny time finally come
3278,chilling tale supernatural evil
3279,mad promote
3280,night secret steal
3281,shot dark
3282,great power come great responsibility
3283,love let
3284,prickly stage success convulse audience world barbed wit sharp comedy cast year
3285,crush
3286,innocence seductive
3287,declare war watch die laugh
3288,civilization end journey begin
3289,zero rise
3290,far
3291,afraid
3292,warner sky high smile widest wild woolly western
3293,compelling story girl impassion search happiness
3294,blaze blistering romance wide open space
3295,ordinary couple little white lie
3296,jedi shall know anger hatred love
3297,everybody love ernest sure
3298,clint eastwood turn way loose
3299,sherlock holmes terrifying adventure
3300,barbara graham scream gas chamber
3301,start concert celebration
3302,limit
3303,tough cop brilliant killer unspeakable crime
3304,leader hero legend
3305,ask happy
3306,break arm break leg axel freed owe
3307,world mountain riviera fast buck angry men lonely women
3308,nuclear weapon miss
3309,action
3310,amazing companion incredible journey journey imagination
3311,faint hearted
3312,mismatched partners messed case
3313,secret
3314,felony
3315,perfect weapon target
3316,clue
3317,honor code
3318,pre histerical comedy
3319,paris france queen underpant
3320,start May small town month moon come
3321,tangled wires whispering murder tangle live fight escape
3322,garbageman know smell funny
3323,john ford new finest picture fighting cavalry
3324,come galaxy
3325,system perfect come
3326,follow heart follow fence
3327,greeting
3328,big problem big head
3329,small town kid big time right hook
3330,world favorite family
3331,think like mike achieve like mike like mike
3332,planet new scum
3333,save world bedtime
3334,big screen adventure
3335,fight fire fire
3336,pray michael sullivan
3337,come wilder oscar wilde classic comedy manner moral morality
3338,john travolta jamie lee curtis work sweat
3339,survival fit
3340,alive
3341,hate spider hate spider like
3342,fate find hero
3343,little long way
3344,evil deadly surround frickin idiot
3345,ride life
3346,film like influence way world
3347,tell
3348,disguise story
3349,like warn
3350,little spies big attitude
3351,good chance
3352,heartbeat away catch killer
3353,new breed secret agent
3354,share ecstacy
3355,teach student brandel high word
3356,distant future war longer exist game
3357,action future arrive
3358,friends passion limits
3359,past connect passion possess
3360,thing fear happen
3361,star create
3362,enemy mob ultimate showdown
3363,happen world stop care
3364,feel power live adventure experience fantastic
3365,mother movie
3366,wells races time catch jack ripper
3367,happen dirty bum meet filthy rich
3368,tough job somebody
3369,site
3370,big fan bad nightmare
3371,organized crime disorganized
3372,rest acre earth center hell
3373,angela kill
3374,gettin line
3375,intention honorable method criminal
3376,rule break
3377,crime passion lover
3378,insanity relative
3379,wedding picture tell real story
3380,martin want nice quiet family vacation instead captain ron
3381,nice american family want kill want die
3382,wilcoxes problem neighborhood ultimate security system land backyard
3383,wanderer world
3384,thrill drama heart throbs
3385,lady outwit night lady mum wilberforce
3386,man break bank lose cargo
3387,guinness work wonder wile whimsey wit
3388,invite participate
3389,freedom country honor passion save good friend man risk love
3390,perfect plan refuse perfect victim
3391,live house woman murder
3392,assume position
3393,tunnel lead chihiro mysterious town
3394,film war crime american diplomat henry kissinger
3395,look right leave
3396,suit action
3397,real love story ending
3398,action raw
3399,fresh fish mixed vegetable
3400,silence
3401,justice hand consequence
3402,guy safe brain
3403,risk
3404,like screen
3405,paris modern
3406,onion field
3407,intimate thrilling drama hero headline girl love share life dare question secret
3408,bride tonight
3409,funny brew elsinore castle
3410,glub face launched thousand torpedoes
3411,final act murder
3412,foot beneath surface terror run deep
3413,run instinct
3414,choose live forever
3415,nation gun
3416,comedy come
3417,snooty socialite strand mediterranean island communist sailor
3418,watch leave
3419,nice wheels dirty deal mean mother kilt
3420,die
3421,day sex day waste
3422,america test drive future
3423,cast member orchestra room year
3424,new york kid look hero find dutch schultz
3425,try live
3426,evil finally find home
3427,catch
3428,tony manero know old day tell feel good
3429,hard hat days honky tonk nights
3430,ancient gold mask power control mind
3431,fantasy musical place dreams come true
3432,suppose pick morning newspaper life page headline accurate true
3433,murder sound
3434,legend terror campfire story anymore
3435,lose job house rolls royce family leave possibly wrong
3436,meet hear bell round
3437,love parent fears
3438,believe
3439,ban countries
3440,supreme court
3441,alien beginning hell relocate
3442,place hear come story forget
3443,little bit
3444,prepare hand
3445,lock door come neighbor
3446,world rainbow song come true time rain rain
3447,exactly think
3448,start vacation
3449,film odorama
3450,sea evil
3451,attempt home
3452,prepare seduce
3453,naked difference man woman
3454,journey dark heart hollywood
3455,casino royale james bond
3456,plot world die laugh
3457,attitude meet espionage
3458,hell hath fury
3459,desirable deadly woman secret
3460,moment chance
3461,time stop hide truth
3462,hogwart session
3463,lead temptation
3464,dallas second shooter
3465,soul sound
3466,john ford powerful drama breathtaking saga united states cavalry installment john ford trilogy
3467,hear silence
3468,world imagination adventure belief
3469,continue drama leave
3470,man moon chance
3471,happen happily heaven houseboat
3472,return romance return adventure
3473,rebels today hero
3474,passion violence birth america gilded age
3475,world lonely highway game murder
3476,second pain begins second breathe second explode
3477,mess cop like sharky better tough beautiful
3478,revealing comedy
3479,land hospitality belong
3480,beautiful woman time erotic adventure time
3481,promise fall love
3482,tonight home pay tax free
3483,sound create perform rare personal film public private moment public triumphs intimate memory reflection word
3484,brother save save
3485,cool
3486,life person difference
3487,party hood
3488,naughty nice animate
3489,fear trigger
3490,far second chance
3491,find place universe
3492,afraid dark
3493,woman cut chop break burn man recognition jury america convict
3494,want
3495,dwarf mightiest tower great
3496,therapy
3497,world collide
3498,creator john malkovich come story creator john malkovich
3499,future freedom outlaw outlaw hero
3500,film musical epic widely consider director good work un homme et une femme
3501,germans plan spectaular match prisoner plan spectacular escape
3502,american original
3503,frightened breathe
3504,share laughter love frustration bathroom
3505,present christmas
3506,burt dolly fun legal
3507,crazy live help
3508,cup coffee dream
3509,man murder mind sure fall deathtrap
3510,tasty comedy bad manner
3511,half time game time
3512,hot chick town switch body lucky loser world
3513,generation final journey begin
3514,schmidt happen
3515,story father love change nation
3516,bear luck gamble
3517,new power rise
3518,life close happen
3519,antwone fisher war
3520,america bear street
3521,finish comedy love glance
3522,need extraordinary power extraordinary thing
3523,rookie cop thing dangerous uncover killer fantasy
3524,act love act murder
3525,simple lie destroy
3526,fencing science love passion duelling obsession
3527,look charm killer instinct
3528,real badge real gun fake cop
3529,kid adult year
3530,dad undertaker mom heaven grandma screw loose good friend understand boy
3531,strange creature exist japan probably
3532,movie skin crawl tight
3533,beware triffid grow know walk talk stalk kill
3534,o mistress mistress
3535,dead end war
3536,life happen round
3537,true story real fake
3538,famous infamous
3539,time hide time regret time live
3540,art politics power
3541,music passion survival masterpiece
3542,happen
3543,laughing matter
3544,thing better leave secret
3545,thing better leave secret
3546,welcome honeymoon hell
3547,boy meet girl boy meet girl cousin
3548,steal money
3549,look like cop
3550,run dead stay dead period
3551,prison law street power
3552,sex rap family value
3553,america love affair little romance
3554,sun surf sand sexy adventure lifetime
3555,head heel head straight trouble
3556,evil rise
3557,bogart like reason
3558,piece hand man
3559,survival fast
3560,death like boomerang come
3561,trust betrayal deception
3562,talk woman listen
3563,careful heart
3564,punches pull think waterfront hit hard wait till
3565,future menace past
3566,devastating kill machine build job steal
3567,boy way man man way legend
3568,comedy zip teen
3569,magic believing
3570,fist fun fly fast furious dragon lord fight save nation treasure
3571,provocative tale hidden desire
3572,forgive father sin kill country steal church love woman priest
3573,history human civilization movie monty python live hollywood bowl
3574,francis coppola classic audience chance release
3575,buckle swash jolly roger funniest rock n rollickin adventure
3576,surreal world passion sexuality dare
3577,love
3578,slash women pleasure
3579,want kill want story
3580,terror belief
3581,newest funniest panther
3582,man good friend fierce enemy
3583,lie
3584,royal kick arse
3585,guardian devil
3586,love puzzle piece
3587,love story
3588,armed adorable school entire summer
3589,moment stallion know destroy carry
3590,love color blind
3591,question dangerous answer deadly
3592,hop ready wish willing
3593,footloose bachelor beautiful career girl world fascinating pastime
3594,believe
3595,boiling point cop turn heat
3596,nation heart touch
3597,crime clear truth
3598,fun college education
3599,thing bad lose mind find
3600,meteoriz stand
3601,need know life learn prison
3602,train follow order hero defy
3603,time destroy
3604,hollywood rest world
3605,family tale homeland lose homeland find
3606,follow dream bend rule
3607,man find
3608,ultimate speed freak tale
3609,good evil love hate peace war
3610,love love
3611,screen comedy gay drama thrill love exciting talk town
3612,fast
3613,pages beloved best seller motion picture delight world
3614,underestimate power underestimate woman
3615,love wonderful music
3616,story people marry meet fall love
3617,fabulous world world
3618,curse cure week find
3619,love
3620,relationship sensual people limit find new way
3621,want
3622,circle friendship web mystery pattern fear
3623,prepare arrival
3624,danger wild woman loose
3625,motion picture cinemascope modern miracle glass
3626,thing good win america cup lose win
3627,deception deadly weapon
3628,earth deadline
3629,try fit bear stand
3630,movie people love movie
3631,bogart suspense picture surprise finish
3632,romance wild raging sea
3633,want money want money buy
3634,option lie fear deal talk
3635,feel love
3636,alive
3637,power measure require protector equal
3638,woman city time trouble
3639,time
3640,secret big hide
3641,good bad justice
3642,new thrill new shock new terror
3643,picture run minute story cover critical hour man history suspense lifetime
3644,aflame excitement emotion tomorrow
3645,tom logan law partner dog witness stand client enter room crime commit case turn murder year
3646,intelligence run family
3647,dream coach high school football nightmare central high
3648,book american tradition smash hit broadway entertainment year
3649,man weakness millionaire charley pearl blonde beautiful love
3650,money money
3651,secret lie
3652,want word
3653,risk adventure
3654,time come different stand united
3655,honest man catch world intrigue power passion
3656,game habit dan mahowny beat odd
3657,daddy
3658,poet thief stranger common trade life chance cheat destiny
3659,seduction art
3660,believe beat
3661,beat street
3662,haunting brilliant
3663,join les girls world entertainment
3664,wildest gunfight history west
3665,time
3666,great great mgm musicals bigger better blushin er famed broadway smash hit
3667,free mind
3668,ultimate catch meet match
3669,reel obsession
3670,meet real gay mafia
3671,come paris rome london berlin spanish apartment year change lifetime
3672,bruce trust
3673,trillion fish ocean look
3674,believe
3675,fast want
3676,saint feel find love die
3677,stop reload
3678,big bouncy beautiful
3679,hell break loose
3680,funny picture federico fellini
3681,pirate plunder young cabin boy roguish buccaneer match wit swashbuckling adventure
3682,hey thing
3683,fighting sinful west blaze action eye
3684,vive la coolest cat capture happy heart paris
3685,tough king
3686,divide time tradition unite love hope story unforgettable family
3687,dream come true
3688,crime comedy timing
3689,lift game high level
3690,renee innocent untamed ben gambler loser gannon law noose rube friendless afraid
3691,railway children wonderful secret share
3692,clint eastwood deadly man alive army gun fistful dynamite
3693,gun won west
3694,man fight woman wait steal moment share
3695,boy need mother dad marry
3696,true story base award win book tobias wolff
3697,thing strange inside head outside
3698,sexy lusty uninhibited comedy
3699,big jake adventurer paul regret gambler pilar gypsy beauty past destine cross clash kingdom killers
3700,triumph excitement
3701,buy respectability wedding ring
3702,pacific island trap enemy line marine hell sister angela supreme faith god
3703,red hot lowdown southern family people talk whisper
3704,lawyer want truth daughter want innocence know father
3705,quiet western
3706,new triumph academy award winner john huston
3707,comedy
3708,sex drug punk rock add violence time travel jubilee
3709,dangerous world mystery intrigue undercover search truth
3710,legend john wayne chisum
3711,lauren slaughter professor emissary hooker target
3712,greatness wonder majesty human word describe
3713,julie love happy motion picture hit year
3714,evolution dumb
3715,love imagine thing
3716,fear begin wake terror begin realise
3717,summer angels
3718,heartbreak
3719,sensational broadway stage success audience cry acclaim
3720,thing count
3721,glove story
3722,girl supply answer
3723,mad angry plain nuts
3724,company quo vadis bring world spectacular romantic triumph
3725,gene wilder wilder
3726,like roman polanski
3727,murder motive seduction defense
3728,screwball comedy remember
3729,unleash hero
3730,big bold blonder
3731,machines rise
3732,surface calm
3733,prepare blow water
3734,power seven league
3735,stand heat miami
3736,know fear know danger know
3737,dream price
3738,wait choose day come
3739,country invasion laughs
3740,clayboy schoolteacher impress clayboy following phrase world step aside let man pass know
3741,adventuress lara croft quest save mythical pandora box
3742,hope nation ride long shot
3743,mission dimension
3744,fit stand
3745,film base real story base thousand
3746,billy wilder explosive new comedy
3747,hero exist save america enemy know
3748,woody allen strikes
3749,white lightning burt reynolds
3750,forever hold piece
3751,life play rule
3752,place defy belief hope
3753,monday manic wednesday wild friday little freaky
3754,sound sexier french
3755,poor man dolce vita
3756,headache hell
3757,motion picture entire world end world
3758,heartwarm tale murder
3759,unwittingly train dolphin kill president united states
3760,evil battle evil
3761,place run reason hide
3762,ready kick grass
3763,ordinary life pretty complex stuff
3764,save world girl pass math
3765,snow ski
3766,unlike
3767,sure thing come lifetime real thing forever
3768,cool hot valley
3769,blind woman play deadly game survival
3770,love language
3771,life depressing
3772,visit future love ultimate crime
3773,hilarious study gentle art murder
3774,funniest sexy midlife crisis movie history
3775,monster movie break new ground
3776,madcap frolic crime fun
3777,man care miss new movie
3778,pay
3779,history fill heart man terror heart woman desire
3780,great films time
3781,haunt tale sexuality country wrong
3782,celebrated story man obsess ideal beauty
3783,heaven hell earth wear heel
3784,taste fear
3785,soul price
3786,terror flesh
3787,lie cheat steal rinse repeat
3788,time come
3789,want find
3790,hate bear love bear
3791,time
3792,hero need
3793,everyday people ordinary movie
3794,splendid time guarantee
3795,explosive adventure time
3796,kristofferson macgraw way
3797,dark day horror world know
3798,leave
3799,america funniest guys
3800,jewel secret city guard jungle fiercest denizen
3801,night stand eternal complication
3802,ultimate experience inner terror
3803,perfect house hide perfect crime
3804,underworld
3805,king king dead
3806,journey freedom border
3807,soldier love forever
3808,cut chase
3809,life offer thousand chance
3810,thing change family
3811,observation humanity young people
3812,control mind destroy body
3813,time india
3814,event world forget
3815,celebrate happy anniversary marry
3816,lusty mirthful girl steal musical seven great song
3817,devastating detective story century
3818,dare enter world future videogame
3819,head family tail
3820,newton family dog
3821,time south central fairy tale
3822,glamour disguise
3823,year bring great movie decade great movie musical
3824,strong arm law
3825,insects attack
3826,trust fatal
3827,god day create earth monty python minute screw
3828,dare climb terrifying new peak suspense way hell
3829,self defense murder
3830,flunk joke
3831,g g guaranteed scar laugh silly
3832,hotshot cop wise guy detective heat
3833,jerry mitchell bump buddy revell jerry think math english history
3834,hungry like wolf
3835,wild west woman choice wife whore josephine monaghan choose man
3836,bad scalp cigar store indian
3837,suddenly peaceful sunday country man force defend home family
3838,find
3839,suspenseful moment embrace kiss breathtaking experience
3840,life base power success ruthlessness bullet think
3841,feel blood
3842,madness murder malpractice
3843,real miracle sensibly price
3844,shade good good trudi bad good
3845,ready laugh sing shout come uncle sam star spangled yankee doodle dandy
3846,feudal japan time danger intrigue deception
3847,clock tick
3848,land gig life grade
3849,loneliness good share
3850,sex drug murder welcome
3851,bury sin wash clean
3852,night
3853,hand asset
3854,kill
3855,love real chemical reaction
3856,trial important decide jury
3857,know fear come close
3858,family
3859,life small contain
3860,want kill veronica guerin
3861,know desire dead wrong
3862,courage champion
3863,great trilogy come
3864,nature
3865,ordinary high school day
3866,come murder seduction betrayal write book live
3867,introduce plan new business venture
3868,life hit fan
3869,begin wish adventure end ultimate road trip
3870,life teenager easy
3871,believe eye
3872,place hide run
3873,far escape past
3874,beginning end
3875,holiday discover inner elf
3876,ultimate romantic comedy
3877,love wonderful happen daughter
3878,courage impossible lie heart man
3879,far sacrifice lose
3880,mess hat
3881,dead mean
3882,life weigh
3883,provocative new comedy sex friendship thing invade life
3884,care naughty nice
3885,check pulse door
3886,travel past save future
3887,desire deceit destiny
3888,destroy crime new enemy justice new face
3889,office wonderful place love
3890,new breed gangster new public enemy new family crime
3891,game real
3892,war affect life child
3893,immortal screen classic live forever
3894,caligari
3895,murder moscow
3896,comedy duty
3897,kind magic
3898,turn house home
3899,danger middle
3900,deep space seed plant terror grow
3901,ahead tell homework
3902,ralph royalty laughter reign
3903,count game
3904,bernardo bertolucci landmark film
3905,people miracle
3906,innocence passion body thing love
3907,larry burrows wish wish came true
3908,wedding night anticipation kiss knife suspense
3909,fight money fight glory fight son love
3910,ex cop bad mouth bad attitude bad seat terrorist flight bad news
3911,photograph lie people
3912,kill good friend
3913,cordially invite wedding everybody want kiss bride groom
3914,final vision controversial filmmaker
3915,ocean high guy cut class hat homework life summer vacation teacher
3916,stranger friend friend hero road
3917,bank robbery easy new york nightmare
3918,pray happen
3919,girl love
3920,want special expect
3921,man woman want know
3922,federal agent dead killer loose city angels explode
3923,face woman try find world man
3924,wild crazy love story
3925,save world witch tall order boy turn mouse
3926,beautiful women lucky devil
3927,odd bet
3928,super dreadnought musical
3929,glorious songburst gaiety laughter
3930,happiness play run longer laugh loud know
3931,simple story boy girl horse set thunder grand national steeplechase
3932,movie
3933,cram minute waste little time know afraid
3934,inside rock alcatraz try chain volcano
3935,breathtaking journey heart darkness
3936,time
3937,fiery cross ku klux klan
3938,fellini masterpiece
3939,evocative compelling fascinating different important motion picture exceptional work art brilliant alain resnais
3940,big man face challenge bold woman love
3941,danger hold rein devil crack whip desperate man frontier woman rise past west corrupt violence gun fire
3942,picture away murder
3943,song walk true love baby let dream life better maladjusted jester heart know lovely song outfox fox
3944,bad cop good cop bullitt
3945,fearless feminine creature heart love
3946,impact power fire pathos drama
3947,come time
3948,hollywood beloved star cary grant doris day sparkle breezy stylish comedy rich romantic delight
3949,laugh kid
3950,rock ready love yesterday tomorrow especially day doris
3951,pick girl gutter change glamorous society butterfly wendy hiller new star discovery amazing role
3952,david lean director doctor zhivago lawrence arabia bridge river kwai invite
3953,film introduce bossa nova world
3954,fantastic world fellini
3955,man strength unite empire
3956,maddest comics screen
3957,head beverly hills plastic surgeon exit town plastic
3958,fact
3959,paranoia meet pandemonium
3960,highly dangerous comedy
3961,world tough city need army stop mob need man
3962,story love set violence rebellion
3963,screaming start blood begin flow pinch repeat movie movie movie movie
3964,amazed quiet
3965,luck run
3966,funniest picture year
3967,exterminate rational thought
3968,shame shame everybody know
3969,inn guest sensations
3970,miss funniest picture
3971,film adult
3972,antoine know want problem
3973,life depend lose thing need lady luck
3974,dream term
3975,face enemy heart man lie soul warrior
3976,adventure big life
3977,schmuck people
3978,whatev happen boy thing certain come
3979,discover mystery legend
3980,end world war ii involve war crime prosecute away
3981,eye enemy
3982,world tell think live
3983,lady good
3984,dream share
3985,female serial killer america
3986,grow pain
3987,find strength find courage matter find way home
3988,remember future
3989,child grow
3990,interview
3991,cautious man earth life interesting
3992,save family girl boy
3993,romance divine
3994,passion obsession love destroy touch
3995,know lay beg steal
3996,motion picture act pure aggression
3997,monte carlo hard tourist weekend murder
3998,arresting comedy
3999,ultimate martial art
4000,kojak columbo dirty harry wimp
4001,smart come dumb dead
4002,completely new experience man woman
4003,pick artist finally meet match
4004,shatter true story hell angels northern california violence hate way party exactly happen
4005,hulot ventures suburbia disrupt disassemble demolish subtle satire
4006,hilarious inside story rip roar spring vacation
4007,chill half man half monster
4008,laugh vacation time jacques tati romp gloriously mad lark tickle rib young old alike
4009,west young fiery exciting
4010,sheridan took grant
4011,talk
4012,blaze mountain manhunt killer mad dog earle
4013,danger violent love
4014,picture big thrill
4015,woman cry men die
4016,picture excitingly different title
4017,holli
4018,hear great picture la strada
4019,love hurt
4020,kinky tale survival
4021,cruel hand intolerance
4022,ghost woman body soul
4023,fantasmagorical musical entertainment history
4024,towner
4025,minor change huge consequence
4026,love story room lead man
4027,trust
4028,hard hard steal
4029,aaron pray christian play opposites attract
4030,believe happen
4031,impossible forbid
4032,stand mental power
4033,dude like plan stick man
4034,america march war woman march factory
4035,happen fast
4036,imagine win girl dream friggin day
4037,maximum trip maximum speed
4038,happiness earn
4039,mat kill
4040,betray power corrupt love bind honor
4041,action pack adventure laugh heroic
4042,love story bold buccaneer
4043,year
4044,captures happiness heartbreak america hometown hero
4045,scene
4046,actual europeans harm making film
4047,wound heal
4048,vacation die
4049,break rule find freedom live life
4050,german democratic republic live square meter
4051,unbridle unbroken unbeaten
4052,man
4053,law chance b girl win
4054,girl
4055,matt come friend
4056,important story ending
4057,miss
4058,meet man die live
4059,cop artist mobster comic woman
4060,wild country
4061,small town america
4062,undead rise civilization fall
4063,erase mind heart story
4064,kill
4065,want bargain
4066,great criminal mind time finally meet match
4067,come run
4068,quiet little town far
4069,british empire brand outlaw oppress hero
4070,dark
4071,bust moo
4072,find inner princess royal pain
4073,man stand right
4074,forget
4075,enchant
4076,miss time aim good
4077,trust suspect
4078,room hell dead walk earth
4079,fly london paris hour minute
4080,new father country
4081,zany hilarious romp
4082,think safe raid fridge
4083,nice movie murder blackmail
4084,midnight new york city look love laughter trouble find
4085,follow dream tell
4086,bride final cut
4087,justice revenge
4088,feel like yesterday jenna
4089,creasy art death paint masterpiece
4090,success head neighbor
4091,miracle nightmare evil bear
4092,love word
4093,welcome girl world
4094,fear
4095,cupid turn
4096,passion honor destiny victory love
4097,inside guilty believe
4098,enemy teach survivor
4099,deadly mission crack forbidden island han
4100,landmark film follow rolling stones notorious tour culminate tragedy san francisco altamont speedway
4101,true adventure erotic fantasy
4102,boy door
4103,strangest true experiance young girl
4104,meet girl dream meet
4105,sit brink eternity
4106,bizarre unearthly nation legend author imagination director creation manifest kwaidan
4107,live twice twice way live
4108,james bond time high
4109,lily white clutch kill girl blue gardenia
4110,appear matter life death
4111,sean connery james bond
4112,bergman hear mozart
4113,gayest comedy hit screen gorgeous beauties mad cap manhunt star
4114,sensational novel throb life cast warner best picture warner big
4115,picture year
4116,pen yearning life finally fulfil amid splendor world fabulous city
4117,solitude great samurai
4118,solitude great samurai
4119,story young man bold woman
4120,best love musical time
4121,believe
4122,emotional earthquake
4123,survive swimming cambodia adventure continues
4124,accept mean belong
4125,straight teen explore seattle rock scene
4126,comedy fall love write way
4127,dement deranged deceptive de palma
4128,hang burn mutilate witchfinder general
4129,country medal
4130,late tell truth
4131,dynamic tremendous shattering
4132,mikey face great challenge new sister
4133,world tune bing bergman brilliant best
4134,fib funniest hit adam rib
4135,mad comic
4136,peter cook dudley moore star comedy
4137,exciting story woman kill thing love
4138,relive song relive romance relive music relive drama relive magic
4139,good musketeer
4140,love flame destroyed
4141,romantic comedy twist turn
4142,adventure begin yard
4143,great odyssey ages time screen
4144,blood run rivers drill tear flesh bone
4145,possibilities endless
4146,life lust love zorba
4147,shot kill exceptions
4148,reject marines navy army paratrooper small size youthful appearance finally accept army murphy decorate soldier history
4149,travel peanuts gang overseas adventure
4150,trust cop
4151,american apple pie
4152,army night
4153,mistake mistake
4154,completely cool multi purpose movie
4155,world eternal life bring gift death
4156,learn gain weight lose scruple
4157,flame love find savage heart jungle
4158,forget
4159,merriest hit thin man b b y
4160,m g m riotous comedy
4161,funnier new laugh thriller year
4162,continue fun new hit
4163,william powell myrna loy new mgm mystery comedy
4164,day peace music love
4165,thrill thousand movie plunder mighty picture sweep screen like cyclone
4166,bear rule empire destine tear apart saga dune far
4167,discover great treasure universe
4168,worms turn
4169,food chain grow link
4170,gavin virgin wild night woman later finally right
4171,story blood money gun coffee sexual tension
4172,strange thing happen dream
4173,lord dead unleash
4174,strange strange story woman lure set brother brother love cause hate beauty bow evil spell power refuse believe true
4175,succeed like succeed
4176,good enemy deadliest friend
4177,fight fight dirty
4178,rod steiger james coburn blow apart
4179,gut
4180,watch brigitte come gidget
4181,pretty
4182,absolutely incredible ending motion picture
4183,akira kurosawa director yojimbo sanjuro come tense taut film modern perfect crime excitement hitchcock create
4184,want
4185,sexy frolic sport love
4186,picture wide screens broad minds
4187,tense taut terrific tell untamed hemingway way
4188,man woman night
4189,loose sense husband loose way wife
4190,live love
4191,american masterpiece
4192,come meet dead night
4193,believe faith rid witness
4194,listen sound love feel purple taste green touch scream crawl wall
4195,sky come screen incredible spectacle man war
4196,loyalty honor betrayal
4197,sorrow conceive long birth
4198,human easy prey
4199,pleasant dream
4200,school
4201,cross country road wreck
4202,terrifying film time
4203,sensational secrets infamous mad house exposed
4204,big beauty color
4205,glamorous girl choose love star spangle career
4206,exhilarating epic triumph heart
4207,spring summer autumn winter spring
4208,alphabeautiful mathemagical new musical movie
4209,movie appreciate fine thing life free
4210,bad men bad ladies bad horses trouble shoot sheriff finger wonder fastest finger west
4211,sin church street
4212,stick dynamite blast way freedom awake america conscience
4213,harper case payoff murder
4214,use love like man use money
4215,kill hard feeling
4216,artistic masterpiece joy watch
4217,medical jungle doctor talk
4218,housewife porn star
4219,tommy riley
4220,screen volt shocker
4221,horror winged menace
4222,massive blood suck monsters
4223,live intensely far
4224,love story begin incredible experiment
4225,world talk movie today
4226,far far
4227,million dollar worth adventure
4228,ordinary people need miracle night faye riley leave window open
4229,student end good teacher
4230,musical moon
4231,film unparalleled beauty great japanese master kenji mizoguchi
4232,liberté insanité hilarité
4233,emily charlie immoral man meet
4234,king barely thousand day play passionate shocking love story history
4235,nineteen husband away let stranger
4236,new adventure filmmak
4237,sequel like
4238,measureless depth woman emotion
4239,nameless faceless relentlessly date death rock world
4240,hunger love woman wealth satisfy
4241,fate bad death
4242,suspense startling strangle scream
4243,hide
4244,rebellious young man version future fantasy love
4245,great picture second world war
4246,woman woman woman
4247,homerun laughter romance fun
4248,create magic live bit
4249,government choice death life assassin turning
4250,film woman eat man man eat ham
4251,brute force badge
4252,funnier
4253,decent people break heart
4254,kid kid
4255,big ocean
4256,escape alcatraz
4257,screen event remember time
4258,time
4259,uptown life turn inside
4260,announce arrival airline soul
4261,father son revolution
4262,wick way come
4263,seven elite profiler find serial killer process elimination
4264,sword hero courage legend
4265,power universe change destiny
4266,ready frisky business
4267,wife stepford secret
4268,prove prove
4269,riotous new twist art gentle persuasion
4270,think cold war leave guy heat
4271,star warmth pleasure born free
4272,tower wonder span age titan
4273,cold blooded thriller
4274,town talk whisper
4275,shocking
4276,love happen busy plan
4277,truly great motion picture sheet
4278,lighted tower window conflict love power reckless daring
4279,temptation helpless silence torment
4280,reality base movie begin end day
4281,hear johnny eager want kiss
4282,woman talk dorian gray whisper
4283,immortal story
4284,uproarious movie big best seller
4285,pick piece folk jimmy action
4286,holiday picture time charles dickens joyous classic
4287,brave young man ride wing victory
4288,anytime
4289,red light district new orleans pretty baby
4290,new
4291,discover incredible
4292,love story siren giant dwarf
4293,tramp arrive new york
4294,lafftime lifetime wild bill fields try tame west
4295,good seller sensation year greatest cast
4296,happy honeymoon great dane disguise dachsie crash party
4297,let imagination soar
4298,grab life ball
4299,life wait
4300,deep undercover
4301,great love great story
4302,infant tiger cub separate parent
4303,america joy friends grand entertainment gallop howl girl song hit night opera oh boy
4304,consider possibilities
4305,america little sweetheart dimpled darling love greatest civil war dramas
4306,true story bill gates steve jobs change world
4307,primer intellectual self defense
4308,second heart beat
4309,deadly seven sin
4310,hold russian juggernaut frozen hell
4311,survive
4312,think safe movie
4313,saga america dirty faced kid break life
4314,meet ultimate dysfunctional family
4315,comedy heart gold
4316,great man woman case ridiculous
4317,gal cultivating way
4318,thrilling saga courage loyalty
4319,bright romantic comedy gay song welcome spring
4320,hold man arm find man love
4321,gun queen arizona frontier kind man
4322,degeneration high society
4323,controversy controversy
4324,find dream dream find
4325,hero
4326,second chance away
4327,rule fate
4328,bring news
4329,rule set game
4330,time happen time
4331,law break
4332,base true story
4333,pride power passion pain
4334,golden age adventure come alive vikings storm screen
4335,month shiny tin star young sheriff face mob angry ex sheriff watch die hero worshipping boy live day wear tin star
4336,mighty adventure film
4337,leave
4338,catch imax
4339,family whatev want
4340,true story col dean hess clergyman turn fighter pilot
4341,amazing saga fighting annals navy
4342,billy pilgrim live time time
4343,rollick romantics
4344,write deal pay price
4345,explosive big broad pacific
4346,horror story intense barbaric frightening run local army recruiter
4347,look like blanding heating problem
4348,funniest fast honeymoon screen
4349,come pippi
4350,married love man know want
4351,good way punish slumlord tenant
4352,twist fate kind
4353,father daughter virgin
4354,happenend hollywood happen hell
4355,fast food executive jim ferguson step floor office bathroom end middle world war history grateful forever
4356,man love world begin
4357,thrill crazy kill crazy
4358,want man human punching bag
4359,surprising world jean brodie man girl
4360,thomasina unusual cat enchanted
4361,family play stays
4362,lover heart killer conscience
4363,duryea fascinating tough guy scarlet street
4364,strangest savage manhunt history
4365,double cross double crosser criss cross
4366,brace greatness book world lay motion picture
4367,movie girl learn drive
4368,summer control
4369,turn
4370,start like night
4371,tempt look inside
4372,solve crime thing want know truth
4373,fast food high times
4374,lifetime find true love day
4375,win lose
4376,practice
4377,want
4378,wild thrill adventure mistake lifetime
4379,elvi song adventure mad mod europe
4380,sing chase race romance swing
4381,swingin night
4382,con place bet
4383,bette davis bette davis karl malden peter lawford dead ringer
4384,september heroine rise
4385,good shot deserve
4386,passion die
4387,picture dream second chance
4388,mean streets corner
4389,hollow man meeting place grope avoid speech gather beach torrid river
4390,wonderful story boy amazing underwater friend
4391,beauty pageant ugly
4392,story people era shape
4393,angela party jason freddy scared come hell time
4394,powerful shocker love
4395,meet new generation superhero
4396,signal die
4397,die
4398,big league big mouth big time
4399,save
4400,golden girl longshot match
4401,forget ones love
4402,threaten limit common decency
4403,change world world change
4404,romantic comedy zombie
4405,great cast suspicious character involve murder
4406,tell year old rocky dennis like determine good
4407,mug bug chase seduce tom hanks
4408,time build big basket
4409,time
4410,oh god daughter
4411,terror
4412,movie far
4413,story happen little fish tell great white lie
4414,great challenge lie rescue
4415,existential comedy
4416,hold
4417,happen actually work
4418,kind
4419,step ordinary
4420,f freedom
4421,far woman redeem man love
4422,bold story love permit seethe realism frankness
4423,timely today day write
4424,annual trans american outlaw road race cross country demolition derby rule
4425,vampire laugh matter
4426,new motion picture beloved story time
4427,far wish come true
4428,hope come alive friday night
4429,passion obsession revenge prepare performance lifetime
4430,forgive forget
4431,meet man meet woman love
4432,search wine search woman search
4433,little guilt long way
4434,wife mother criminal
4435,night history blue
4436,live die choice
4437,extraordinary life story ray charles
4438,gut glory
4439,holiday season believe
4440,let talk sex
4441,walk away
4442,bridget brand new diary
4443,imagination
4444,great adventure history reveal
4445,big better absorbent
4446,great legend real
4447,believe love sight stop look
4448,believe power change destiny
4449,new
4450,final hunt begin
4451,series silly sequences jerry time great comedy performances
4452,picture million star girl million red head darling broadway gwen verdon
4453,movie celebration
4454,crack timber navy stick army sad sack crumby ship afloat
4455,fly jet race car outsmart computer government create want destroy
4456,alien abduction november white mountains northeastern arizona base true story
4457,dangerous destructive deadly love
4458,different channel different truth
4459,horror masterpiece
4460,inch footage hold laugh
4461,great horror film modern cinema
4462,laugh special age
4463,luis buñuel salvador dalí present seventeen minute bizarre surreal imagery
4464,power mad monarch murder mobs
4465,surrealist masterpiece
4466,rise fall power hungry mobster
4467,mae west hot time nation
4468,thing dream
4469,lover victim mob violence
4470,game
4471,rock america laughter
4472,star human bondage picture great play
4473,big fight
4474,great stars great story great picture
4475,roaring minute laughs
4476,day holiday love
4477,sinister shadows burn love
4478,fascinating tantalize dangerous
4479,love know kiss jerk
4480,story woman
4481,find love lose find
4482,believe love honor obey impulse
4483,tender tale terror
4484,thrilling drama invisible network terror
4485,lucky skeffington gentleman
4486,look eye think murder
4487,tribute little
4488,double dame trouble double barrel action
4489,deceitful man woman loved
4490,thing man thing woman
4491,exciting motion picture
4492,happiest musical irving berlin easter parade
4493,tell know wickedness
4494,cop cop
4495,somebody tonite
4496,wonder
4497,lover trap animal stampede
4498,mgm bring music dance technicolor
4499,livin house love man bein honest givin nice
4500,applause world
4501,hot feeling hit terrify height story boil
4502,eye
4503,horrifying hell creature menace mankind
4504,great advnetures time
4505,world understand japanese prefer death dishonor winner prix special du jury cannes provide answer
4506,story man trombone wonderful wonderful tune play heart town
4507,mightiest excitement sweep sea screen
4508,wonderful thrill adventure romance
4509,age rampant lust abandon runaway passion age bring bristle life exciting star time
4510,year soon erase lover lie blood face
4511,way kill man
4512,evil heart war tragedy death sweep away civilized veneer reveal primitive beneath
4513,gruesome horror
4514,revolt stir world
4515,christmas charlie brown
4516,laughter
4517,big life real bat epic
4518,shocking imagination
4519,film
4520,kind people tight world victim woman tell apart
4521,wonderful alive
4522,simple word start war good morning miss barrett home room teacher
4523,man speak hear girl hear thing
4524,wedding night set new attendence record
4525,generation story tell
4526,moment truth
4527,watch landlord
4528,film fantasy reality vice versa
4529,hell hold surprise
4530,fear drive force
4531,definitive cult spaghetti western
4532,flesh crawl blood curdle phibe live
4533,know trouble
4534,road lead
4535,join birth devil evil leave
4536,story bet guy happily discover win streak
4537,let feel good feel bad
4538,dare
4539,lock car want second
4540,lift
4541,forever war
4542,need drink need lot life insurance need vacation coat hat gun
4543,train plane edge seat hilarious suspense ride life
4544,master comedy master suspense
4545,want man willing drive cargo death escape life hell
4546,generation change choice remain
4547,death living dead
4548,thing use scream
4549,family secret hide wedding
4550,let sun shine
4551,certified crazy person comedy
4552,catherine son share desire shock
4553,want straighten life way
4554,person leave believe mick mick
4555,end familiar beginning end
4556,adventure edge time
4557,rusty james live brother reputation brother live
4558,travel dimension dimension sight sound mind journey wondrous land boundary imagination stop twilight zone
4559,middle night
4560,alan bird want christmas
4561,boy girl computer
4562,totally spaced adventure
4563,powerful charismatic compassionate gay month office assassinate
4564,know game change
4565,end world beginning
4566,spy like need enemy
4567,music magic come
4568,movie watch television eye fellini
4569,police law send insurance claim
4570,man walk earth sleep century evil real awaken
4571,film child
4572,feel blue good
4573,good girl want bad bad girl want bad
4574,terrifying tale slut bolt
4575,gambler trust woman risk passion bring dangerous city world
4576,people afraid remember
4577,terrible thing happen naturally
4578,good friend scar prove
4579,magic madness apocalypse
4580,banana banana
4581,good man deadly business way
4582,magician spell innocence young love dream revenge unite create tempest
4583,price head girl mind twinkle eye
4584,image time job
4585,pig got fly
4586,suitcase song hearts fill passion brother come america search dream
4587,need trust secret trust life
4588,need love
4589,high tech prison thirty story ground build withstand execpt innocent man
4590,want daughter good shot cheerleader thing kid
4591,little secret lot explain
4592,ferocious man sleep
4593,wild heart sexy romantic comedy
4594,avenge master death fight like
4595,dream team
4596,find like
4597,chance seize
4598,circle life continue
4599,mind truth
4600,beautiful die wild live
4601,past catch day
4602,fight ask question later
4603,family fun
4604,good die
4605,summer night dream
4606,le mar il passe la seconde
4607,mood love
4608,acclaimed hbo documentary film robin hood hills murders
4609,deaf child hear
4610,shot truth
4611,meeting million life
4612,love friendships penispumps
4613,iz introducin white paper
4614,fear
4615,revenge sweet
4616,goodbye everybody
4617,man love
4618,sex scandal celebrity thing change
4619,free mind
4620,okay bud
4621,fate change second
4622,good win
4623,unholy crime unstoppable killer catch deadly tide
4624,time stand
4625,mishaps misadventures mayhem oh joy
4626,let
4627,machine learn feel decide human
4628,bad cat
4629,small town evil spread quickly
4630,year imprisonment day vengeance
4631,evil rise
4632,death hold
4633,terror new
4634,truly good
4635,come wipe
4636,animate house musical
4637,computer graphic stunt double wire
4638,birth legend
4639,sensitive drama polemic theme
4640,family hero
4641,festival express long party rock n roll history
4642,truth need translation
4643,scream want
4644,ash hope rise
4645,beneath surface secret
4646,dead sleep
4647,corporation psychopath
4648,change world prank time
4649,saturday
4650,breakthrough change face medicine unique partnership break rule
4651,documentary making anger
4652,late tune soul
4653,time wise
4654,ok
4655,silence past dream feeling hope memory journey love
4656,fortune seal bullet fail
4657,obsessive vision desperate dream world understand brother
4658,world close eye open arm
4659,willy wonka semi sweet nut
4660,deeper weird life
4661,man sky limit beginning
4662,classic musical come big screen time
4663,era cool bobby darin soundtrack
4664,rich young handsome love dad boss
4665,misery love family
4666,mad story true man
4667,heart lonely hunter
4668,extraordinary adventure lolita look aficionado tough biker gang chick
4669,line separate living dead cross
4670,tear apart help
4671,michael burgess write book american revolution hollywood come town movie plunge summer madness
4672,good cop great criminal
4673,want woman
4674,people
4675,missile jet tank guy guts gun wins war
4676,epic fantasy peace magic
4677,bumble private eye help man wrongly accuse murder invisible clear
4678,judge man cover
4679,humanity chance survival
4680,look kill
4681,begin street end
4682,mad beginning terror
4683,bad stay forever
4684,april nation await downfall
4685,unite fight
4686,hour mile girlfriend kid possibly wrong
4687,come come whatev
4688,think story
4689,love come cheap
4690,ultimate terror
4691,sex ultimate weapon
4692,live
4693,save future
4694,cure common man
4695,film day thousand dollar government want ban state gross million dollar profitable film motion picture history
4696,bollywood meet hollywood perfect match
4697,hell want heaven earth need
4698,discover happen look miracle miracle come look
4699,hollywood
4700,admit clock tick
4701,gus ghost chance gus new look girl dream find look skin deep fall love gus
4702,stand light darkness night watch
4703,gangster little time
4704,confound sherlock holmes meet sigmund freud
4705,fun
4706,jean luc godard swinging look youth love paris today
4707,thing free ride
4708,country obliterate building dilapidate people desolate
4709,welcome infantry
4710,look big hit
4711,train hate meet enemy
4712,second counts
4713,shine matter
4714,fight
4715,age magnificence come new magnificence motion picture
4716,adventurous race time
4717,tv truth
4718,special force special kind hell
4719,movie limit evil
4720,story woman friendship suddenly matter life death
4721,life comedy tragedy depend look
4722,feel little prick
4723,house rule law break
4724,inside wild wild world professional bowling
4725,sure like good time
4726,screen greatest excitement year
4727,happen
4728,fantastic tale survival
4729,strangler swindl safecracker love
4730,vanity destroy
4731,walk right alley sin city find
4732,dirk pitt adventure new
4733,comedy game love
4734,good cop big bike bad road
4735,comedy guy
4736,chill fill festival horror
4737,ask question tell lie ask somebody die
4738,film pier paolo pasolini
4739,man female world
4740,beautiful creepy haunting sad
4741,chronicle french city occupation
4742,gorgeous girl uproarious fun big musical
4743,voyage narrative cinema
4744,leave earth
4745,happen day explain
4746,man history man
4747,good great romance ruin perfectly good friendship
4748,business
4749,prepare level
4750,fear face enemy safeguard helpless wrong
4751,prey slay display
4752,think know idea
4753,boy remember forget
4754,buy cow milk free
4755,paramount talk musicomedy sensation
4756,serve master
4757,saga complete
4758,man lead team glory man busy
4759,relationship real mother
4760,popular mystery romance rebecca
4761,zoo loose
4762,love turn upside
4763,man extraordinary fight save family love
4764,laugh cry share pant
4765,think famous think friend
4766,smart sexy
4767,small hero super
4768,heart bleed
4769,evil fear knight
4770,dangerous thing want
4771,hop miracle prayer
4772,start engine
4773,dead shall inherit earth
4774,warn ready
4775,nightmares horror master
4776,heart revolutionary cell
4777,laugh cry feel angry feel lonely feel guilty breakfast love strong weak brave scared unmarried woman
4778,woman middle kiss
4779,better battier funnier
4780,world laugh
4781,harsh place earth love find way
4782,comedy old school meet middle school
4783,season mystery darkness consume life
4784,time action time adventure time fantastic
4785,life party crash
4786,end swell
4787,music inspire dream unite summer crunk
4788,time come
4789,base load coach
4790,death walk hell wait ahead
4791,rock roll die
4792,save world homework assignment time
4793,fear sky
4794,superstar comedians dirty joke
4795,georgy girl big
4796,know mother
4797,stop signal
4798,great star cast assemble great story tell
4799,life bring strange surprise
4800,screen screams horrors
4801,cousin outlaws thrillbillie
4802,fear trust love
4803,woman europe price love lot cheap
4804,fear believe
4805,come home bury mom killer
4806,daring rescue mission time story tell
4807,man spend year life cross
4808,lee marvin gene hackman murder
4809,female jungle exposed
4810,longer wait harder
4811,fear flight
4812,gauls revolt
4813,pigeon eat crumb history
4814,eliminate evil
4815,place man mean
4816,love cost
4817,good business game
4818,wonderful afterlife
4819,big risk life
4820,weapon
4821,believe liar tell truth
4822,leave normal
4823,great american motion picture
4824,new outrageous uncensored
4825,failure suffering real hero
4826,jump boot saddle round time wild wooly west
4827,write american empire forever
4828,alive
4829,head live tail die
4830,happen kitchen end plate
4831,perfect world meet perfect assassin
4832,secret life
4833,guy walk walk talk talk
4834,happen emily
4835,live far
4836,grave misunderstanding
4837,think hate
4838,tom stall perfect life hero
4839,base true story
4840,cold blood
4841,crime century
4842,child memory
4843,treasure price
4844,reason fate truth
4845,bunny
4846,murder mystery welcome party
4847,bob dylan songwriter rocker rebel legend
4848,miracle happen
4849,friend rival sister
4850,joint custody blow
4851,risk
4852,love force nature
4853,heck place find
4854,want living instead history
4855,government truth
4856,land civilized
4857,south win war
4858,school fool
4859,rent
4860,world living dead place suppose stay
4861,original cap crusader
4862,dave spritz good shot life
4863,oh yes blood
4864,word speak teorema
4865,time band camp
4866,johnny weismuller
4867,liberation want
4868,antoine doinel lady live plenty alibi
4869,mind accept game big
4870,trash chaossss
4871,welcome suck
4872,come save world help little chicken
4873,france moment humanity history
4874,think know story know man
4875,love love
4876,connect
4877,come
4878,romance ahead time
4879,thrill hunt
4880,scream breath
4881,dark difficult time lie ahead
4882,friends marriages divorce
4883,love burn thing
4884,day today
4885,adventure wait
4886,grow family
4887,thick thieves thin ice
4888,passion temptation obsession
4889,motion picture
4890,unexpected place come new peace
4891,evil reign year
4892,eighth wonder world
4893,world forbid fragile mystery survive
4894,feel love
4895,lip escape
4896,hitman salesman walk bar
4897,redemption
4898,world watch israeli athlete murder munich olympics story happen
4899,life journey bring open mind
4900,base true rumor
4901,big family big adventure
4902,big business run money
4903,special
4904,win woman heart win
4905,family secret good bury
4906,discover change forever
4907,want peaceful life
4908,welcome district welcome future
4909,revenge taste sweet
4910,welcome bad nightmare
4911,movie prove old come age
4912,fighting country love
4913,incredible story team change game forever
4914,think somebody special
4915,armed dangerously dumb
4916,god brother
4917,rip roar adventure old china coast
4918,big love
4919,listen care night edge
4920,story dream come true struggle dream alive
4921,true story young woman nazi germany dare think
4922,bad look good
4923,apply accept good survive
4924,momma comedy
4925,learn love wart
4926,wonderful entertainment
4927,ride death
4928,bride
4929,pardon french
4930,world magic mystery menace
4931,carry away cutest little monkey
4932,dangerous man lose
4933,whatev answer phone
4934,young man incredible journey self discovery
4935,amazing story survival friendship adventure tell
4936,unprotected comedy
4937,bullet leave trail
4938,blood war
4939,change wink eye
4940,infect
4941,new york cop witness distance life death short
4942,leave nest man need little push
4943,ice age melt away
4944,raging island raging passion
4945,people afraid government government afraid people
4946,wanna chase dream break rule
4947,tobacco lobbyist nick naylor try save ash
4948,look like perfect bank robbery judge crime cover
4949,world redemption come
4950,fish water comedy
4951,evil house
4952,lucky die
4953,fall berlin wall east germany secret police listen secret
4954,story life love actual arctic
4955,follow
4956,wrong time wrong place wrong number
4957,return
4958,change world word time
4959,die game die real
4960,interesting begin mind
4961,detective story
4962,censorship uncensored
4963,horror new face
4964,bench game
4965,paris live forever die try
4966,terrifying love story
4967,bury grudge burn village saw
4968,stranger talk little girl
4969,radio like
4970,year traitor secret service
4971,expect
4972,tougher hard fall
4973,vengeance knows mercy
4974,mission begins
4975,family wheels brake
4976,september plane hijack reach target story fourth
4977,world competitive gymnastic turn head
4978,hard find way
4979,neighborhood snack time
4980,mayday
4981,seek truth
4982,stand
4983,pick
4984,know kid
4985,ahhh new movie smell
4986,south central beverly hills
4987,new generation terror
4988,lean mean nacho average hero
4989,hold meet
4990,remote control universe
4991,robbed love
4992,meet andy sachs million girl kill job
4993,jack
4994,company dupree crowd
4995,power come responsibility
4996,time run happy ending
4997,hell hath fury like superwoman scorn
4998,rumor scandal fame revolution
4999,lack consumer confidence conspiracy
5000,far terrifying film
5001,job want girl
5002,school rock like
5003,master strength master fearless
5004,street tokyo speed need translation
5005,ego land
5006,classic tale sex revenge love
5007,far security
5008,documentary legendary singer songwriter performance musician influence
5009,woman story climax
5010,family verge breakdown
5011,suspense unbearable
5012,want understand listen
5013,betrayal loyalty collaboration resistance
5014,big thing come small package
5015,house alive
5016,foot snake deadly thing plane
5017,perfect man perfect story perfect murder
5018,story man count
5019,history come life
5020,world evil day man
5021,harold crick ready period
5022,law rule order
5023,strange night meet love murder
5024,mad
5025,battle lawn
5026,enjoy ladies lavender adore palfrey
5027,magic woman beautiful want man
5028,thousand way raise adrenaline today chev chelios need single
5029,system break rich
5030,know listen
5031,souffle movie
5032,fast crazy larry dirty mary
5033,second chance begins step
5034,save world long home dinner
5035,secret let
5036,squirrel lonely
5037,screen musical comedy sensation
5038,college turn
5039,classic childish heartache courage laughter
5040,leader
5041,prepare ultimate chug war
5042,wife
5043,murder weapon clue
5044,sacrifice
5045,company cutback
5046,live hollywood famous die hollywood legend
5047,power hell help
5048,future intelligence extinct
5049,america bear
5050,love strike italian poet stick iraq onset american invasion
5051,death road awe
5052,snoopy travel sick owner feel oblige return permanently
5053,close eye open heart
5054,inspire notorious unsolved murder california history
5055,matter life swing
5056,story generation man bizarre shocking universe
5057,small town big story
5058,wife pain neck necking axe henry eighth wonder world picture wonder time
5059,outrun destiny
5060,inspire true story
5061,guess number
5062,come kazakhstan nice
5063,happen believe believe real
5064,fur fur
5065,lie betrayal sacrifice far
5066,know fear come close
5067,slacker compete repeat winner employee month title work
5068,rule school save world
5069,life
5070,trap unleash
5071,election break
5072,war fine fight continue
5073,victim thing salvation
5074,lose faith
5075,charming magnetic murderous
5076,musician humanitarian national threat
5077,open mind
5078,future thing past
5079,watch closely
5080,fight country die friend
5081,youthful impulsive sexual encounter open door dark comedy complexity honesty
5082,way forward
5083,suffer
5084,base best sell novel
5085,time north pole south
5086,freedom speech fine long public
5087,risk difference
5088,past legend beginning
5089,warning cause toe tapping
5090,think feeling look
5091,wrong try right suffer try heal war try stop
5092,life change lane
5093,christmas eve celebrate young alive
5094,ride edge
5095,sacrifice temptation
5096,epic quest magical guitar pick chance d destiny
5097,legend grow
5098,place tourist
5099,cost
5100,unexpected unbelievable unforgettable
5101,darkness fall dragon choose rider
5102,til
5103,great journey distance people
5104,untold story powerful covert agency world
5105,dream change
5106,ribaldry rake libertine raise skirt lower lash blush cheek pasolini film decameron bring life art art life
5107,story world future
5108,american tragedy
5109,woman trouble
5110,history bloody thing
5111,woman secret woman power woman fear woman weapon woman life woman hand
5112,unspeakable secret hide forbidden city
5113,war hell come
5114,battle iwo jima eye japanese soldier
5115,holiday season slay ride begin
5116,life beatrix potter enchanting tale
5117,adventure await backyard
5118,outrageous slice pie
5119,crime witness way
5120,pick stranger
5121,close eye mind wide open
5122,life easy pie
5123,secret travel century reach
5124,life messy love messy
5125,away clean
5126,know big measure
5127,normal overprotective overbearing mother
5128,start revenge
5129,big mistake
5130,miami cocaine capital united states
5131,die chef
5132,fall love paris time
5133,turn thing hat
5134,hell unleash
5135,man betray security nation
5136,share music love
5137,hold mind hold life
5138,time crisis america reno
5139,save soul save
5140,romantic comedy brother sister girl dream
5141,andy meet edie life imitate art
5142,thing new york toilet
5143,big cop small town moderate violence
5144,evil beautiful face
5145,world best love musical memory live forever
5146,future save
5147,song love story forget
5148,way lose life killer
5149,lot happen road
5150,spartans prepare glory
5151,intergalactic package light year away unleash adventure imagination
5152,date man money meet man heart
5153,monster real
5154,man struggle golden shore
5155,life great inspiration
5156,worlds journey
5157,reality nightmare away
5158,scream die
5159,let unexpected
5160,yesterday honor today justice
5161,help come
5162,money power
5163,kick ice
5164,think family weird
5165,kraut
5166,sun die
5167,question answer
5168,mean grinch
5169,far secret
5170,quieter street dark secret
5171,worlds war ultimate battle begins
5172,innocent girl innocent mistress bizarre sensuous story tristana
5173,love triangle operatic proportion
5174,extraordinary story edith piaf
5175,shoot wife prove
5176,write book criminal
5177,check terror begin
5178,ready fall
5179,disaster passport
5180,life death
5181,fight die watch
5182,battle
5183,right remain silent forever
5184,brain anime
5185,second chapter epic fantasy trilogy
5186,run crowd stand decide
5187,save date
5188,follow beat world follow
5189,day turn week horror return
5190,american tragedy
5191,ready thirds
5192,find right person
5193,end world adventure begin
5194,man hide
5195,luckily love blind
5196,minute solve murder
5197,love hide second life
5198,odd
5199,inside
5200,americans imagination
5201,hide deadly secret
5202,cold place earth hot thing
5203,discover secret surfer
5204,small town girl big time adventure
5205,good dead hard find
5206,crash course revenge
5207,true story survival declassify
5208,smile makin laugh takin fakin know
5209,hurt little
5210,demon room
5211,director frank oz come story family f u funeral
5212,old school cop
5213,come love come reverend frank
5214,comedy biblical proportion
5215,war world
5216,think bad happen think bad
5217,evil confront
5218,straight tell
5219,need love
5220,love beautiful hurt happen lucky
5221,smack destiny face
5222,summer star falls chase begins
5223,live die
5224,family feel good
5225,life order
5226,popularity state mind
5227,remember forgive
5228,lifetime learn meaning friendship françois day
5229,professional alcoholic hit man life track thank
5230,year ago alex wife murder today email
5231,come
5232,rush
5233,huge comedy tiny ball
5234,freshman year fairytale
5235,stop enemy afraid die
5236,life easy
5237,summer tent
5238,trust emotion fall asleep
5239,vengeance ultimate weapon
5240,comedy life
5241,evil unmasked
5242,protect
5243,chumpatiz
5244,freddy jason michael need look
5245,humanity hope rest high power machine gun
5246,time wait man
5247,family man living
5248,silent bob speaks
5249,tear apart betrayal separate war bind love
5250,truth relative
5251,moment begin live
5252,american occupation iraq inside story ultimate insiders
5253,romance man bold adventure
5254,find truth easy face
5255,find love
5256,summer
5257,find world want war criminal actually look
5258,sin leave mark
5259,extinction come
5260,break curse break heart
5261,heart soul
5262,half size twice trouble
5263,wait life marry bad wait week
5264,happen dan confusing awkward family
5265,brother opposite law difference lie loyalty
5266,woman warrior queen
5267,truth adjust
5268,search true love begin outside box
5269,come
5270,want truth find
5271,myth lie america great betrayal
5272,know book club
5273,come shall die
5274,complete sentence
5275,think game begin
5276,film try ban brutal story today
5277,street rio elite survive
5278,matter come long find belong
5279,romantic comedy season
5280,american dream
5281,bear bee wild
5282,suppose hurt
5283,let imagination set free
5284,clean getaway
5285,shoot
5286,incredible journey speed sound
5287,reign violence sweep screen
5288,acclaim writer star trek twilight zone come story transcend time space
5289,stand fall
5290,evil breed pain
5291,believe
5292,nice apocalypse
5293,crime shock nation
5294,stories hope
5295,high
5296,sex man woman thing
5297,belief divide mystery surround fear change
5298,fairytale princess meet real prince charming
5299,assassin
5300,year people wake surgery
5301,world compass way
5302,man earth
5303,squeak
5304,think safe watch
5305,family infinite degree separation
5306,evil await
5307,tale love story horror
5308,comedy grow bump way
5309,find joy
5310,way good
5311,life break
5312,life trip afterlife hell ride
5313,forget forgive
5314,great adventure history reveal
5315,greed vengeance
5316,base true story think
5317,place earth want middle
5318,life tough love strong music hard
5319,nation need inspire hope
5320,moment write story
5321,secret big
5322,fear kill anger alive
5323,life end new begin
5324,find perfect fit
5325,world battleground
5326,witness camera
5327,rise fight
5328,thing find
5329,child skip rope woman passionate hunger day woman child come
5330,city night stands
5331,cyber killer finally find perfect accomplice
5332,hero die reload
5333,big hit harder fall
5334,save world hell job
5335,shoot sightsee later
5336,rose thorn
5337,february true love dive
5338,possible
5339,relationship disaster chance
5340,stranger point view truth
5341,world close think
5342,protect america asset
5343,sister divide love king
5344,funk dunk
5345,young cap driver pick passenger near home afghanistan return
5346,legend battle hero
5347,mankind expiration date
5348,person person matter small
5349,let game begin
5350,greatness come
5351,karma huge
5352,fairytale like
5353,admit
5354,fuck bull horn
5355,win lose fight
5356,pay
5357,love mother son know boundraries
5358,prove vegas blackjack system beatable beat hell
5359,love game pass
5360,master director shin light good rock band planet
5361,terror come
5362,adventure start
5363,terror evolve
5364,lose
5365,great superhero movie time count
5366,city rule prisoner
5367,connection
5368,time run joint
5369,battle eternity fantasy lifetime
5370,heaven help
5371,believe war
5372,super story super man titan tarzans giant jungle thrill worth year
5373,egg basket
5374,everybody deserve shot
5375,night die
5376,hero bear build
5377,groom picture
5378,daughter life
5379,little blessing disguise
5380,line draw battle wag thing save
5381,true story child punishment woman crime
5382,lucky
5383,outrageous slice pie
5384,hope new face
5385,home expect find
5386,old rock
5387,come war america mean business
5388,adventure continue
5389,thing change
5390,explore issue divide world
5391,comedy fine art lose
5392,carry away
5393,lock door pretend safe
5394,cheat
5395,prepare awesomeness
5396,woman heart reach man
5397,need rifle
5398,adventures musketeers
5399,lather rinse save world
5400,confuse original flash gordon
5401,man bring order universe
5402,sense sign happen
5403,like angry
5404,adventure ordinar
5405,choose destiny
5406,bad behavior bad attitude real hero
5407,sex pay love cost
5408,save world love
5409,come complicated
5410,reject normal
5411,imagine world masterpieces
5412,new feature length adventure
5413,map thing strange
5414,trip aisle forget
5415,fast swim
5416,year rise pumpkin patch
5417,planet different world
5418,world inside
5419,battle wit begin
5420,houston problem
5421,history repeat
5422,justice come matter
5423,rule hope way
5424,grow fast
5425,find truth believe
5426,remember high school bad
5427,foot artistic crime century
5428,body safe
5429,miss
5430,new evil awakens
5431,life ultimate work art
5432,pipe smoke
5433,future decide
5434,friend fit
5435,movie think movie anymore
5436,change attitude miracle
5437,welcome century new dark age
5438,eli year old year door
5439,ready killer race
5440,girl zeta house college life party shelley
5441,intelligence relative
5442,favorite movie destroy
5443,kill kill
5444,truth complicate
5445,hurricane america
5446,america finest news source
5447,kill kind dead
5448,way
5449,m g m new adventure
5450,life color like change
5451,safe live cop
5452,dead people annoy
5453,big brother watch
5454,walk run
5455,pond depth
5456,black bloody irish comedy
5457,night soundtrack
5458,finish alive
5459,trust deceive
5460,escape option
5461,submarine photoplay filmed
5462,man lose revenge
5463,debt
5464,life misunderestimat
5465,evil learn
5466,georgia nicholson mental life
5467,contain truth
5468,apocalyptic alice wonderland
5469,truth honor loyalty family willing sacrifice
5470,story sex thug rock n roll
5471,new feature length quest
5472,lose
5473,find son dare
5474,moment world change forever
5475,find lose love money luck smarts destiny
5476,love hate justice revenge
5477,plea bargain
5478,fit stand
5479,believe end
5480,leave virgin territory
5481,warrior lover chihuahua
5482,fanny love story world roll
5483,dynamic multicultural class teacher enlighten
5484,skin
5485,story eye law eye manson family
5486,welcome australia
5487,fully awesome ridonculous let begin
5488,blend
5489,live forever live
5490,time rule
5491,father mother mother father day
5492,line divide hope unite
5493,leave partner
5494,man create evil
5495,odyssey small gesture epic body resource protest
5496,dough door delivery
5497,day earth stand
5498,revolution legend
5499,revolutionary life
5500,citizen
5501,evidence witness doubt
5502,come somebody mess
5503,million people wait truth
5504,mystery lie truth question know
5505,seven seven stranger secret
5506,love pain glory
5507,ultimate ghost saga continue
5508,life measure minute moment
5509,word change
5510,evil dare stop
5511,chain short story distance
5512,dare
5513,whatev dream survive
5514,author fight club
5515,break free break apart
5516,final episode saga blackadder family forever center british history society
5517,new girl new school new rule
5518,freedom begin act defiance
5519,heel love
5520,welcome world possible
5521,long road friendship
5522,come love late chance
5523,celebrated kung fu master bruce lee
5524,line world cross
5525,small mouse big dreams
5526,good bride win
5527,break heart
5528,documentary frederick wiseman
5529,trip time present
5530,war beginning
5531,story write wait real
5532,safety holiday
5533,destroy world let destroy
5534,escape curse
5535,weekend lake view die
5536,careful wish
5537,taste fury
5538,push change
5539,money killing
5540,exception rule
5541,galaxy green envy
5542,boundary
5543,thing final vengeance
5544,fearless unstoppable ready close
5545,george simmons prepare die funny thing happen
5546,case hard case tough
5547,forsee forget
5548,fistful fun
5549,inspect unexpected
5550,rousing rollick adventure world rockin rooster
5551,horribleness
5552,need good man bad
5553,outwit outspy outsmart outplay
5554,know
5555,warrior conqueror legend
5556,base worldwide best seller
5557,life messy business
5558,kung fu panda story continue
5559,security come price
5560,alien attack monster fight
5561,greatest break story tell
5562,fourteen pact rock forever mean
5563,right world need hero
5564,bring people like crappy summer job
5565,new job hopefully new man possibly new handbag absolutely
5566,death repeat
5567,legend come life
5568,new model original
5569,fate world line
5570,air shore control
5571,detailed account trial triumph apollo mission
5572,young
5573,time nazi occupy france
5574,find truth
5575,love hate
5576,stay charged stay alive
5577,place expect find
5578,love rule
5579,witness origin
5580,great sin risk
5581,future begin
5582,greatness state mind
5583,destiny lie wind
5584,drive man limit power love love power
5585,tell odd
5586,end begins
5587,light battle
5588,let truth come
5589,life mind
5590,christine brown good job great boyfriend bright future day hell
5591,guy girl math
5592,escape sins past
5593,guy handle vegas
5594,nature turn evil true terror await
5595,executive career little farther expect
5596,ein zwei die
5597,right place wrong time
5598,thing harder stay
5599,head die today
5600,come bribe
5601,meet ancestor
5602,man legend truth
5603,know
5604,way way
5605,revenge come
5606,stunning visual portrayal earth
5607,lie kill kiss h way
5608,new comedy
5609,run past
5610,america wanted
5611,believe ice
5612,prepare truth
5613,tale life love let
5614,good da hood
5615,like fall love
5616,movie focus event zendegi edame darad explore relationship movie director actor
5617,borat
5618,world unlikely hero big adventure
5619,killer hire pay believe today
5620,dark secrets reveal
5621,high speed excitement wanted man meet wanting woman
5622,hair trigger action hair trigger action reissue poster
5623,secret
5624,battle sex
5625,alien pearsons
5626,welcome
5627,base true story
5628,race
5629,fail
5630,soul search comedy
5631,right woman right place wrong time
5632,welcome promised land
5633,story stranger little stranger
5634,come family relationship small surprise
5635,popularity nice popular girl
5636,world need big hero
5637,man myth celebrity
5638,pre life crisis
5639,original boogeyman
5640,generation begin backyard
5641,family forever
5642,world end mission begin
5643,guy pub time hand
5644,meet westboro baptist church
5645,fear end world fear happen
5646,goat glory
5647,evil high school evil
5648,base tattle tale
5649,stick man look good
5650,rest pieces
5651,near future live play play live
5652,prepare serve
5653,look dinner way
5654,lusting sinful pleasure
5655,world mankind hope survival
5656,happen sleep
5657,wild untold story ozploitation
5658,world different night day
5659,lance clayton deserve
5660,mafia want dead police want alive
5661,shallow water deep secret
5662,seriously
5663,truth strange family
5664,dream
5665,love undy
5666,hero
5667,world tell truth guy lie
5668,save humanity thing real
5669,place dead
5670,breath
5671,education book
5672,paradise vacation
5673,good
5674,trust corpse
5675,girl like tracy tell parent guy like rourke
5676,moment love begins
5677,system pay
5678,perfect stranger good friend
5679,story man ready connection
5680,group fisherman precariously balance platform fight trunk
5681,game come circle
5682,like
5683,meet darren sixteen immortal
5684,super bad outta sight
5685,blast
5686,oinus ainous anous odious
5687,dig life fantastic
5688,season greeding
5689,plan
5690,charming cute clever
5691,true glamour fade
5692,warn
5693,push button
5694,kind alien encounter fourth kind abduction
5695,life hard life short life painful life rich life precious
5696,criminal catch
5697,chapter begins
5698,scars war forever
5699,fear weapon hand wield
5700,family
5701,cross border easy plug new american dream
5702,base extraordinary true story
5703,doctor
5704,life child proof
5705,strange come planet
5706,story life come
5707,people need leader champion
5708,love story begins kiss
5709,frank travel light carry excess baggage
5710,man stand
5711,manhattan anymore
5712,enter world pandora
5713,come marriage come divorce
5714,escape
5715,harder life sweet song
5716,boys town competition
5717,win love life eric need little training
5718,rule simple break die
5719,shut die
5720,revolution need leader
5721,precious natural resource
5722,true story faith devotion undying love
5723,anna plan propose boyfriend february boyfriend
5724,kill kill protect
5725,storm come
5726,escape prison life
5727,evil grow prey
5728,mystery
5729,dragon hunting fairy tale
5730,silent warrior lethal mission
5731,glow
5732,boy john lennon need love
5733,stupid
5734,angel fall fight mankind begin
5735,real epic animation write dante alighieri
5736,wish impossible
5737,secret edge
5738,passage hell
5739,conman straight
5740,autism vision voice
5741,talk phone finish homework watch tv die
5742,live love good
5743,love story
5744,moon legend come life
5745,miss
5746,fight fire fire
5747,worlds collide
5748,rock glock
5749,read lie
5750,spying easy babysitting hard
5751,alexandria egypt world change forever
5752,inch high terrific
5753,life brown white
5754,lie expose truth
5755,fear thy neighbor
5756,love bring fate tear apart
5757,handle tooth
5758,think inside box
5759,trust
5760,muslim terrorist
5761,invite important date
5762,chief warrant officer roy miller follow order
5763,agent city merci
5764,forever young forever cursed
5765,lot mind
5766,war brooklyn
5767,hot shot
5768,man breaking point
5769,live moment
5770,future suck
5771,hold til dad
5772,job personal maybe little
5773,drug murder brotherly love
5774,high hopes high anxiety high heels
5775,fighting killing maim agent orange torture cage easy
5776,price organ body replace repossess
5777,little bit duddy kravitz
5778,case open
5779,explore depth planet ocean experience story connect world
5780,bring bib messy
5781,kick past
5782,stop
5783,adventure change world
5784,non stop madness
5785,titan clash
5786,unexpected hero rise
5787,shut kick ass
5788,face future face past
5789,ordinary couple little white lie
5790,positively horrifying film
5791,explode
5792,sad family
5793,diary movie
5794,great director unforgettable film sensual experience movie theater
5795,cat fear animal
5796,dead
5797,story family love second chance moment life lead home
5798,john meet woman dream meet son
5799,flesh fantasy
5800,army army
5801,world street art disaster movie
5802,armor hero man inside
5803,sleep
5804,lion
5805,meet find
5806,life death jack kervorkian
5807,rise rise lamb lion
5808,young free somebody
5809,baby
5810,perfect wife perfect target
5811,sq mile desert minute oxygen way
5812,defy future
5813,boy like peter afraid wolf
5814,life earth bit david attenborough leave
5815,carrie
5816,aaron green hour rock star london pray
5817,right wrong longer exist
5818,fall love marry baby necessarily order
5819,science new miracle mistake
5820,second chance find true love
5821,far win ultimate job
5822,revenge ugly
5823,plan b
5824,toy leave
5825,talk causes witness
5826,ogre til ogre
5827,hurry love
5828,begin choice
5829,nation destiny
5830,tropical paradise untouched man bizarre civilization exist
5831,kurt cobain word
5832,fear reborn
5833,superbad superdad
5834,mind scene crime
5835,boy boy long
5836,open water desert
5837,coolest job
5838,hit man deserves second shot
5839,challenge imagine teacher expect
5840,nic jules perfect family meet man possible
5841,film happy ending
5842,guy girl game
5843,dare look beneath hood
5844,salt
5845,kindness
5846,real possible
5847,know
5848,great martial artist lie teacher
5849,life live
5850,cop busy hope
5851,matter life death
5852,choose weapon
5853,hot girl defeat evil ex hit love hurt
5854,crime story
5855,history write blood
5856,everybody love
5857,dark
5858,water
5859,live american dream sell
5860,survival game
5861,unexpected comedy conceive
5862,light water fire
5863,gg allin god
5864,offer refuse
5865,comedy meet halfway
5866,sagas die
5867,bring friend
5868,million friend enemy
5869,welcome bank robbery capital america
5870,rumour fill totally false account ruin flawless reputation
5871,let
5872,obscenity trial start revolution poem rock generation
5873,family happy
5874,forget love
5875,gordon
5876,way find legend
5877,head crazy think
5878,business lot like sex easy pull hard
5879,thing victim camera
5880,entertainment miracle times
5881,innocence die abby
5882,impossible true story
5883,ghost look closer
5884,bad thing happen reason
5885,kill marry brother
5886,comedy step time
5887,let tell
5888,film cost
5889,year longer aliens resident
5890,student need time
5891,life lose wonder person believe magic
5892,blow mind
5893,tired expect
5894,seven day
5895,try home
5896,platoon valley year
5897,fate country decide battlefield determine classroom
5898,armed dangerous
5899,demand prepare
5900,touch death change life
5901,age darkness man face ultimate battle evil
5902,traps come alive
5903,leave comfort zone
5904,force powerful live
5905,brain chain
5906,era personal branding scary possibility good
5907,wife mother spy
5908,die lucky
5909,tons life minute
5910,breakfast tv interesting
5911,hour save live
5912,choose family belong somebody belong uxbal marambra blessing curse
5913,way fate hero
5914,find voice
5915,adventure new length
5916,true story multi billion dollar art heist away
5917,dream deserve fight chance
5918,true story cocaine queen
5919,mystery cover crime family risk truth
5920,break heart
5921,criminal want
5922,look
5923,love ugly
5924,addicted night stand dependent
5925,return magic return hope return narnia
5926,aura like know hard time
5927,start meet woman
5928,know naughty know nice
5929,perfect love story perfect crime
5930,punishment come way
5931,game change
5932,know love
5933,marry marry meet love life
5934,america life job time
5935,abandon compassion
5936,kid bring closer right
5937,big
5938,half democracy
5939,legend star
5940,human law child underfloor
5941,evil mess wrong hillbilly
5942,life pic nic
5943,fight equal right ordinary woman achieve extraordinary
5944,happen world large trash city transform
5945,great short deliver wit imagination hilarious physical comedy
5946,break law protect
5947,assassin hero legend
5948,soul save
5949,contact stand
5950,world steal mark hogancamp world
5951,good friend come
5952,eat drink try kill
5953,pill rich powerful
5954,woman reconcile carrie fisher
5955,war heaven earth salvation machine
5956,friendship benefit
5957,case dangerous game life death
5958,defeat believe
5959,measure man lie
5960,life
5961,today day rest weekend
5962,little adventure lawn way
5963,job small body big questions ask
5964,close encounter
5965,danila return
5966,hero come different color
5967,good night
5968,fight fate
5969,truth terrify
5970,fix problem
5971,week rule
5972,destiny soldier honour slave fate empire
5973,like kill number
5974,war survival
5975,black white
5976,mom need little space
5977,pooh fectly tigger ific new
5978,mastermind organized crime rio
5979,guy good wingman wingwoman
5980,humanity lose masterpiece
5981,afraid
5982,momma
5983,shut crime
5984,believe
5985,second count
5986,seek refuge find place haunt secret
5987,unprepared
5988,far father protect ones love
5989,legend great driver live
5990,house haunt
5991,deliver justice shell time
5992,game life lose
5993,summer girls gangs drug easy
5994,welcome grade
5995,real crime commit dream
5996,candy chick rock n roll
5997,sword
5998,adapt die
5999,meet world loveable billionaire
6000,americans afraid fly feather
6001,enjoy
6002,world hero
6003,cost
6004,life spectacular earth
6005,freedom costly
6006,fifth gear
6007,search begin opening mother
6008,thin line love friendship
6009,save date
6010,vampire killer
6011,save walter life
6012,mightiest monster creation ravishing universe love
6013,live forever die try
6014,lose compromise
6015,stand
6016,wolfpack
6017,monster mass destruction
6018,inner city outer space
6019,light run
6020,dynamite hit screen kind love
6021,prepare year awesomeness
6022,witness moment change world
6023,comedy let principle stand way progress
6024,lose good place find
6025,love feel like
6026,arrive
6027,dark hour light
6028,adult film star function adult
6029,invasion fear enemy expect
6030,rediscover life love
6031,quest
6032,wish boss dead
6033,ka ciao
6034,man dream realise love come true life stop
6035,year big story
6036,harry come town bring good time bad time lot trouble
6037,dinner party die art
6038,end
6039,clean getaway
6040,patriot hero
6041,stupid
6042,year people
6043,fbi discover thing work little differently
6044,oh pooh
6045,monster live wild
6046,smurf happens
6047,pulse problem
6048,friend come happy ending
6049,everybody
6050,evolution revolution
6051,man change
6052,change begin whisper
6053,lot happen minute
6054,share common destination
6055,bullet kill president man
6056,christmas come prematurely
6057,run evil live door
6058,life finger
6059,dangerous thing alive
6060,secret come price
6061,revenge beautiful
6062,seek beauty find
6063,thing think know
6064,night high school prom
6065,drug fuel road trip
6066,world different place eye
6067,year boy man
6068,city need heroes
6069,fear god
6070,easy man
6071,terror run deep
6072,spread like fear
6073,worth
6074,assembly require
6075,find enemy hide right eye
6076,ugly truth sweet lie
6077,deny desire
6078,fight family
6079,ambition seduce power corrupt
6080,good man live
6081,pair beat odd
6082,life
6083,screen america favorite hero
6084,breath fresh vintage air
6085,shot real
6086,wisdom worth hard win
6087,come time cut loose
6088,human
6089,away escape
6090,legend new beginning
6091,time power
6092,new comedy manner
6093,smart cheat
6094,run family
6095,man mission chance
6096,steal life
6097,ally look good ex life
6098,hunt
6099,merciless crime turn man outlaw
6100,ordinary guy extraordinary robbery
6101,powerful man world
6102,enemy close
6103,year discover far adventure
6104,legendary director time extraordinary adventure
6105,terror doorstep run fight
6106,god need hero
6107,twin sister come holiday pretty
6108,south pacific terrific
6109,close think
6110,forever beginning
6111,separate war test battle bind friendship
6112,outrage justice rum mix
6113,sort love story guy cold weekend october
6114,civilized weapon uncivilized time
6115,worst babysitter
6116,story september story day
6117,wonder billion present deliver night
6118,sugar kill
6119,revenge old
6120,war
6121,odds favor
6122,consequence birth dead boyfriend
6123,legend ends
6124,game afoot
6125,story day earth
6126,fought indians outlaws rode greatness stagecoach cheyenne
6127,old grow
6128,night possible
6129,plan backup choice
6130,true zoo story
6131,evil shall evil expel
6132,survive holiday
6133,man secret woman dream
6134,faith cut anymore
6135,love happiness kid pick
6136,hide protect family
6137,dream lot louder
6138,inspire amazing true story winter
6139,compromise
6140,beautiful smart talented trouble
6141,bad good friend die
6142,vengeance return
6143,live die day
6144,push innocent man far
6145,leave choice
6146,dangerous truth
6147,medically inaccurate
6148,vengeance price
6149,feel lucky
6150,high octane action daring dogfights
6151,reach world find miss
6152,look good man
6153,guest check
6154,capable
6155,tough lesson love
6156,joyous bitter sort way
6157,safe
6158,buy thing
6159,lose hang find calling
6160,believe impossible discover incredible
6161,love
6162,jeff brides lewis tater iowa farmboy blaze trail barren waste hollywood vine mgm comedy surprise hearts west
6163,rides
6164,echo amen home place worship think think remember child listen
6165,shipwreck island guy dream thing want rescue
6166,divide country create nation
6167,life beautiful
6168,believe stop
6169,honor begins home
6170,witness
6171,meet original force nature
6172,search
6173,character reveal
6174,spy spy
6175,lose world find
6176,warning movie save life
6177,meet doug nicest guy fight
6178,politic
6179,think street mean high school
6180,step find destiny leave mother basement
6181,prisoner
6182,funniest movie read
6183,man dream conquer world roger corman create
6184,fall love work
6185,feel wrath
6186,come peace
6187,save good piece
6188,ruthless crime lord elite cops floor hell
6189,hear strange sound outside sex
6190,trash jerk time
6191,moe
6192,stop serial killer man inspire
6193,search ultimate miss person end beginning time
6194,snow white legend come alive
6195,battle earth begins sea
6196,return hated church america
6197,share journey share laughter
6198,comedy journey pop question tie knot
6199,let mind game begin
6200,family demon
6201,legend scorpion king begin
6202,option control time
6203,redemption price
6204,kurd
6205,time
6206,fairytale
6207,plunderful life
6208,search beginning lead end
6209,story unbelievable true
6210,man chance rule
6211,musical cop movie
6212,leave baggage
6213,tormenting surprising story child adult stormy day summer
6214,word leave discover matter
6215,year ago disappear trace summer finally resurface
6216,comedy right thing wrong person
6217,deep ice earth great threat stop man
6218,change fate
6219,late pull
6220,patriot vampire
6221,good time
6222,nice know
6223,amazing minutes animated fun
6224,vibrant whimsical
6225,ted come
6226,work day work night
6227,fight fire fire
6228,untold story begin
6229,manny diego sid embark adventure continent set adrift
6230,care
6231,find family
6232,young beautiful deadly
6233,need person feel
6234,got protection
6235,totally deep fried texas redneck trailer park murder story
6236,mind
6237,real
6238,think sin
6239,best loser win
6240,way
6241,fun game raise dead
6242,loved story
6243,ride like hell
6244,law corrupt outlaw hero
6245,twice teeth twice terror
6246,comedy dream jump window
6247,great art survive
6248,fear demon fear god
6249,sex baby
6250,complete inside story west memphis
6251,old habit party hard
6252,pitch slap
6253,careful trust
6254,hunt future haunt past
6255,story child son
6256,real ghost story
6257,friendship switch
6258,artist change china
6259,ultimate battle begins
6260,lola sex love lola world
6261,man need guide
6262,judgement come
6263,famed stage hit glorified screen
6264,moment life stand watch
6265,collection killer
6266,infinite
6267,lie spread
6268,dawn dusk hour shadowy life mystic man monsieur oscar
6269,celebrate legend
6270,daughter come
6271,love affair divide nation
6272,save
6273,monster away
6274,film survive digital future
6275,movie fake mission real
6276,shih tzu
6277,war drug drug
6278,neighbourhood watch
6279,cross alex cross
6280,break story story
6281,connect
6282,achieve independence tell story fill forbidden secret
6283,fight student like voss
6284,family little bit mental
6285,america
6286,lie
6287,festival hit year
6288,story regular guy look little wreck ognition
6289,watch sign
6290,epic story love
6291,believe unbelievable
6292,heal sickness
6293,student year read movie preview
6294,old hero die dark
6295,moral courage fierce determination succeed choice change fate generation come
6296,manhood badge matter
6297,date suck
6298,fat change rich hot
6299,better believe
6300,twisty thriller wild ride
6301,story halo begin dawn
6302,delicate charming sweet
6303,good evening
6304,look walk
6305,big crime big busts
6306,small beginning come great legend
6307,president lady king queen mother mistress weekend unite great nation cocktail course
6308,comedy miscommunication sheet
6309,creation bird flight plan
6310,greatest manhunt history
6311,revenge set rule
6312,cold body warm heart
6313,ready mother road trip
6314,law limit
6315,life liberty pursuit vengeance
6316,sort sequel knocked
6317,powerful human spirit
6318,fight dream hope love
6319,friends look little harmony
6320,sing speak chinese
6321,flaming arrow cracking rifle
6322,tell game
6323,soldier vengeance
6324,come grandparent rule
6325,know sorry happen
6326,great collector vision
6327,price
6328,second chance grab
6329,pretend
6330,names badges mercy
6331,great manhunt history
6332,justice returns vengeance return redemption come gotham
6333,mother love forever
6334,big cast assemble outrageous comedy
6335,death ginger beard
6336,classic tale new twist
6337,funny thing happen way rehab
6338,turn
6339,base true story
6340,like use
6341,pill change life
6342,time life
6343,dark secret come light
6344,yippee ki yay mother russia
6345,know find
6346,story killer win society build
6347,movie stay forever
6348,good maturity
6349,prepare giant adventure
6350,innocence ends
6351,board room sound city
6352,oz
6353,meet modern family
6354,abracatastic
6355,little sun bring dark
6356,million year personal
6357,flag fall nation rise
6358,nervous normal
6359,ride like lightning crash like thunder
6360,price
6361,truth mix
6362,let
6363,hero
6364,accident cold blooded murder
6365,earth memory worth fight
6366,shark alley courage run deep
6367,true story american legend
6368,story making achtung baby
6369,love wildly
6370,american dream big
6371,ruin party like end world
6372,unleash power armor
6373,refuse live life book
6374,game changer
6375,image
6376,resist survive
6377,reserving judgment matter infinite hope come admission limit
6378,earth fall
6379,come know happen
6380,hire brilliant mistake
6381,time meet devil
6382,end
6383,road lead
6384,discover world imagination
6385,good thing wonderful
6386,danger real fear choice
6387,amazing magician impossible heist billion dollar illusion
6388,truth deeper think
6389,believe man fly
6390,live rule
6391,live dream heist time
6392,school look scary
6393,finally tell story forbidden bond
6394,want kid life kick count
6395,fight monsters create monster
6396,master possession crime obsession
6397,remember philly
6398,save
6399,base novel henry james
6400,appearance
6401,work
6402,start like day
6403,good food fine ale total annihilation
6404,action hot
6405,mask
6406,comedy easy die hard
6407,backstabbing business
6408,wedding wedding absolutely funeral
6409,writers day summer
6410,summer grow optional
6411,step bring closer edge
6412,protect serve living
6413,fight future
6414,base true case file warren
6415,slo mo
6416,vulnerable dangerous
6417,comedy know
6418,good rest
6419,greeting dangerous jungle world street miami
6420,dog good friend man worst enemy
6421,gun bank
6422,blue moon use know word jumble
6423,god monsters
6424,ready naughty
6425,hostage hour partridge
6426,rules mercy pure fighting
6427,ask
6428,little old mean grow
6429,fight destiny
6430,survival revenge
6431,world car
6432,capture control
6433,live
6434,possible change possible
6435,choose
6436,self improve comedy
6437,quiet voice ignite revolution
6438,speak let voice hear
6439,moment life come second chance
6440,justice meet match world collide
6441,hunter hunt
6442,remember lock door
6443,talent charm secret fear
6444,true story base infamous court case america history
6445,ultimate
6446,getaway
6447,let
6448,friend benefit
6449,moment matter
6450,battle choose
6451,drive
6452,organize crime family
6453,support care friend
6454,straight
6455,escape past
6456,life win lose end
6457,love happy ending
6458,house win
6459,lover know love
6460,big leftover
6461,survival
6462,train kill leave dead
6463,filthy job
6464,game shot count
6465,know fear power
6466,sin choice
6467,join fun human dart boards home style brain surgery dental hijinks
6468,extraordinary true story solomon northup
6469,game
6470,stalk wife daughter lover
6471,toy leave
6472,real people real reaction real mess
6473,delve darkness
6474,hustler change world
6475,know wine
6476,legendary
6477,incredible true story small town big sound
6478,celebrate birthday year sure stephen tobolowsky
6479,unlikely companion journey find long lose son
6480,courage word
6481,revolution begin spark
6482,darkness desolation lie great danger
6483,courage loyalty honor
6484,ready life deliver
6485,way save love die
6486,act true love thaw frozen heart
6487,earn spend party
6488,ideal prepared die
6489,fear word reality bad
6490,bust broke bitter bright
6491,hustle survive
6492,stop dream start live
6493,spike jonze love story
6494,base true acts courage
6495,form club think join
6496,book end story begin
6497,ask imprison ask set free
6498,kind big deal
6499,ad passenger train survivor earth
6500,young punk odyssey
6501,time precious living wait
6502,documentary project bruce springsteen people people
6503,deniro vs stallone
6504,documentary face voice know love
6505,propose cop sister rookie mistake
6506,trust
6507,different dangerous
6508,local legend terrifying reality
6509,brothers dream rule
6510,battle good evil immortal hold key
6511,new face american war
6512,happiness formula
6513,escape
6514,courageous princess fierce warrior legendary superhero
6515,great art heist history
6516,story save everybody
6517,future control
6518,great artist pull perfect con
6519,forget love
6520,tis medieval
6521,love find right combination
6522,true story true love
6523,fight life come dead night
6524,gerontophilia ē ə noun love sexual preference elderly
6525,compromise love good wingman
6526,perfect holiday leave home
6527,realize mean want
6528,mankind bear earth mean die
6529,unleash inner beast
6530,hijacking beginning
6531,seize glory
6532,switch change
6533,ready night life
6534,leave mark history
6535,mysterious seductress prey population scotland
6536,honor love redemption
6537,step world
6538,think
6539,end justify mean
6540,hero trust
6541,different inside
6542,end world beginning
6543,world farce
6544,ready helen
6545,great victory happen field
6546,secret
6547,kill priest sunday good
6548,want
6549,man bullet kill
6550,villainous venomous
6551,yesterday caster human
6552,beware love
6553,hollywood lay bare
6554,oddest friend
6555,primped engaged
6556,undercover outgunn
6557,jake livingston grow fast mother
6558,century world uncertain loose
6559,turn
6560,family frat
6561,great science fiction movie
6562,base inspiring true story
6563,average person use brain capacity imagine
6564,save future alter past
6565,king rise
6566,revenge come home
6567,start scratch taste good
6568,class slaughter
6569,woman man
6570,win war start
6571,single dad clue single mum flying solo
6572,strong
6573,outcast life ally suburbia
6574,believe fairy tale
6575,dammed
6576,know discover day college
6577,bring protection
6578,live die repeat
6579,desperate times desperate measures
6580,win change game
6581,sick love story
6582,fight die
6583,eventually star burn
6584,order forward
6585,anymore
6586,look
6587,training
6588,unexpected virtue ignorance
6589,feeding end
6590,year making
6591,information power
6592,war extinction
6593,think far farther
6594,come come come
6595,fly hero fly
6596,hit road road hit
6597,word look rid babadook
6598,unwanted day
6599,road greatness edge
6600,know til
6601,heads willie tail phil
6602,chance peace
6603,run escape
6604,movie movie want
6605,welcome america night year crime legal
6606,hero start
6607,new team new attitude new mission
6608,legend man
6609,second
6610,moment change
6611,funk quit
6612,love strange thing
6613,terror domesticate
6614,life great journey begin step
6615,expand universe
6616,mysterious dangerous reptilious hero like
6617,search truth find freedom
6618,american dream free
6619,fake cop real trouble
6620,document time witness untold story tragedy eden parish
6621,justice sin
6622,fear pull
6623,quest self improvement
6624,random
6625,way
6626,careful let
6627,base inspirational true story
6628,ceremony come ritual
6629,family cruel joke
6630,run remember survive
6631,act age overrated
6632,mother disappear
6633,trouble strike friend stack
6634,welcome home uncomfortable
6635,lethal sniper history
6636,let tell story
6637,bring devil
6638,love sex
6639,sex experiment pursuit good tomorrow
6640,bloodline beginning
6641,hope
6642,save future reshape past
6643,interview vampire
6644,want law
6645,forget love
6646,set
6647,hustle heist repeat
6648,defend honor
6649,war end quietly
6650,bad man bleed
6651,love thy neighbor
6652,comedy page
6653,tell game
6654,city shin brightest night
6655,creator wreck ralph frozen
6656,cut throat property market kill harbour view
6657,future look away
6658,human survive
6659,raw truth nail screen
6660,thing simple life
6661,base shocking true story
6662,guy ruin perfect relationship
6663,hell ride
6664,invite let
6665,true enigma man crack code
6666,pave stone beach
6667,fire burn bright darkness
6668,fake til
6669,love happen sight
6670,brother enemy
6671,lose control
6672,second parts fool
6673,good friend girlfriend
6674,play
6675,satire black face white place
6676,mind change world love change
6677,change come
6678,kill famous
6679,let song sea sway heart
6680,open heart find voice
6681,final seduction begin
6682,park open
6683,new crime tools
6684,movie event blow cover
6685,honour promise find son peace
6686,maze beginning
6687,hearing voice murder
6688,santa fights dirty
6689,evil new form
6690,nick want man find reason
6691,national secret
6692,witness define chapter middle earth saga
6693,dream change world
6694,survival resilience redemption
6695,love balancing act
6696,result question path
6697,create sell buy
6698,careful wish
6699,discover little know people know
6700,film hackers try ban
6701,manner maketh man
6702,final night save day
6703,darkness fall son rise son fall dark knight rise
6704,consciousness alive chappie
6705,end
6706,longer control
6707,deserve
6708,reset future
6709,stand
6710,start vietnam explode street america
6711,evil drive
6712,cold war ice
6713,think feel
6714,picture dramatic thunderbolt season
6715,ultimate endgame
6716,lovely day
6717,generation story
6718,finish die
6719,world home
6720,new age come
6721,hero big
6722,change come
6723,witness beginning happy ending
6724,divide fall
6725,strong survive
6726,late
6727,passionate plumber un handy handy man town
6728,relationship lead murder
6729,forgiveness bitter pill swallow
6730,way
6731,curious
6732,brother arm life
6733,hell ocean away
6734,know
6735,today good second time
6736,country love heart
6737,imagine great conversation
6738,mystery belief
6739,documentary shoot dog
6740,story voice
6741,greed game town
6742,reunion need hero
6743,hard geek
6744,little friendship kill
6745,swing thing
6746,week day
6747,right place wrong
6748,long love
6749,come damn good reason
6750,lose find
6751,good man money buy
6752,moment resist obsession control
6753,city night
6754,fast
6755,drop con
6756,moment tragic accident
6757,let cut crap
6758,crime catch
6759,champion come
6760,good business trip
6761,sin unpunished
6762,midnight beginning
6763,perfect crime away
6764,save neighborhood sole time
6765,know scare
6766,legend beginning
6767,life old
6768,choice destroy
6769,worlds collide
6770,like
6771,films love
6772,feel win race know lose love
6773,vengeance hits home
6774,survive
6775,feast saint patrick lucky dead
6776,think grow hard meet charlie conrad
6777,look life bright prefer grave
6778,education incarceration
6779,gripping noirish study treachery identity survival
6780,case possession confirm government
6781,decades murders rich suspect
6782,justice priceless
6783,lose
6784,imagine world impossible
6785,fall harvest
6786,vegas new high roller
6787,adventure swing
6788,love timeless
6789,love hurt
6790,letter john lennon change life
6791,everybody dreamgirl girl nightmare
6792,underestimate girl lose
6793,rescue pilot survive earthquake happen
6794,alice tv like
6795,number
6796,ready ricki
6797,miami cocaine capital united states
6798,search rescue destroy
6799,pitch
6800,end beginning
6801,people change life forever
6802,unconventional love story
6803,bite
6804,armed sort dangerous
6805,politically incorrect
6806,bring home
6807,revenge
6808,cop future fight enemy past
6809,target hunt
6810,guy spies
6811,know
6812,goodbye hello
6813,question
6814,dream large live large
6815,meet little voice inside head
6816,life love genius brian wilson
6817,fire burn forever
6818,game
6819,think day
6820,birth plan wrong
6821,god create man man create immortality
6822,hunt forever
6823,bad heroes
6824,year prepare
6825,ted come
6826,gru history bad boss
6827,little arms big attitude
6828,enemy close
6829,plan escapes
6830,find voice need body
6831,great man good man
6832,careful wish
6833,wrong
6834,forget truth find story
6835,vacation rescue mission
6836,mankind fall hero rise
6837,justice revenge
6838,girl
6839,grind
6840,save world style
6841,epic battle epicness
6842,dream high
6843,battle sex winner
6844,school spirit
6845,personal revenge
6846,return dead
6847,believe hope
6848,border line cross
6849,buckley vidal men debates television
6850,good love story
6851,experience old
6852,love know boundary
6853,power come price
6854,gift welcome
6855,evil form
6856,love like grandparent
6857,smoke
6858,story
6859,drive
6860,sweet special abby magical
6861,world gay
6862,fall love boy door dream come true fall love father awkward
6863,start packing
6864,way god
6865,director natual history parking lots luster
6866,mother daughter rebel
6867,prayer powerful weapon
6868,love fight live rule like legend
6869,evil come
6870,find courage
6871,way way
6872,child captive killer
6873,protection question
6874,stand fit
6875,woman love deeply dangerously
6876,love
6877,intimate explicit uninhibited
6878,past present future night
6879,storm await
6880,break story break silence
6881,board fight cold war mind fight madness
6882,underestimate man lose
6883,raise little terror
6884,future fix
6885,life know hit
6886,music legendary story human
6887,shadow war man world stand
6888,bullet change
6889,hunt hunt
6890,afraid
6891,lights camera abduction
6892,abandon child raise dark
6893,story alive
6894,trust fear
6895,lord mercy grant swift death
6896,revenge fashion
6897,comedy kid mailroom boardroom improve relation mover shaker
6898,peace come unlikely place
6899,legend need hero
6900,story underdog dog
6901,girl love boy love boy
6902,legacy
6903,life change forever click
6904,serial killer future psychic save
6905,man create anxiety
6906,nedd pick judy
6907,nick devoted family man brother devoted family
6908,wish murray christmas
6909,true story
6910,long time z
6911,welcome party
6912,choose daddy
6913,big sister know good
6914,grab destiny rice dumpling
6915,deadly game survive
6916,greed revenge redemption
6917,bloody lovely
6918,colton macready come home
6919,kidnap big fan
6920,child need feel love
6921,liveboldly
6922,tell story come attitude
6923,monster come form
6924,world leader assemble enemy
6925,welcome urban jungle
6926,hero embarrassing sibling
6927,beauty vicious
6928,ready act age
6929,kitten
6930,boy meet girl girl unimpressed boy start band
6931,story snow white
6932,new neighbor
6933,silence killer
6934,conspiracy theory
6935,unforgettable journey probably remember
6936,lie vengeance
6937,celebrate day connect
6938,private dick
6939,deep shallow
6940,expect controversial relationship
6941,fight future
6942,look live inside television
6943,raise shell
6944,true story case file ed lorraine warren
6945,save world little hart big johnson
6946,know
6947,far family bury truth
6948,human nature
6949,america great
6950,need hot date hot mess
6951,life real mother
6952,watcher player
6953,blood follow money
6954,kingsglaive final fantasy xv
6955,happen vegas stay vegas happen
6956,decorated officer devoted family man defend honor rustom
6957,god incarnate city doom
6958,band know story
