,CountryName,CountryCode,Year,Total Population,Urban population (% of total)
0,Arab World,ARB,1960,92495902.0,31.2853842116054
1,Caribbean small states,CSS,1960,4190810.0,31.5974898513652
2,Central Europe and the Baltics,CEB,1960,91401583.0,44.5079211390026
3,East Asia & Pacific (all income levels),EAS,1960,1042475394.0,22.4711322042954
4,East Asia & Pacific (developing only),EAP,1960,896492991.0,16.917678848089302
5,Euro area,EMU,1960,265396501.0,62.09694690167751
6,Europe & Central Asia (all income levels),ECS,1960,667489033.0,55.37897744532791
7,Europe & Central Asia (developing only),ECA,1960,155317369.0,38.0661286852531
8,European Union,EUU,1960,409498462.0,61.212897757742994
9,Fragile and conflict affected situations,FCS,1960,120354582.0,17.891972253143898
10,Heavily indebted poor countries (HIPC),HPC,1960,162491185.0,12.2360458011676
11,High income,HIC,1960,907597507.0,62.68033182181272
12,High income: nonOECD,NOC,1960,186676748.0,56.107863478694895
13,High income: OECD,OEC,1960,720920759.0,64.2854345248921
14,Latin America & Caribbean (all income levels),LCN,1960,220564224.0,49.284688388433295
15,Latin America & Caribbean (developing only),LAC,1960,177682238.0,44.8633081654172
16,Least developed countries: UN classification,LDC,1960,241072814.0,9.61626121218712
17,Low & middle income,LMY,1960,2127373057.0,21.2728938836701
18,Low income,LIC,1960,157188433.0,11.498396251491402
19,Lower middle income,LMC,1960,942911642.0,19.8105133452822
20,Middle East & North Africa (all income levels),MEA,1960,105512645.0,34.951333965345995
21,Middle East & North Africa (developing only),MNA,1960,97869415.0,33.875011607466995
22,Middle income,MIC,1960,1970184624.0,22.053113572467
23,North America,NAC,1960,198624409.0,69.9184025592192
24,OECD members,OED,1960,786648153.0,62.480915374846106
25,Other small states,OSS,1960,6590560.0,14.3378436363526
26,Pacific island small states,PSS,1960,861378.0,22.0437617758986
27,Small states,SST,1960,11642748.0,21.1205727918357
28,South Asia,SAS,1960,572036107.0,16.73554548224
29,Sub-Saharan Africa (all income levels),SSF,1960,228268752.0,14.6313867340196
30,Sub-Saharan Africa (developing only),SSA,1960,227974937.0,14.616940830425598
31,Upper middle income,UMC,1960,1027272982.0,24.109480436157305
32,World,WLD,1960,3034970564.0,33.557608124572894
33,Afghanistan,AFG,1960,8994793.0,8.221
34,Albania,ALB,1960,1608800.0,30.705
35,Algeria,DZA,1960,11124892.0,30.51
36,American Samoa,ASM,1960,20012.0,66.211
37,Andorra,ADO,1960,13414.0,58.45
38,Angola,AGO,1960,5270844.0,10.435
39,Antigua and Barbuda,ATG,1960,54681.0,39.656
40,Argentina,ARG,1960,20619075.0,73.611
41,Armenia,ARM,1960,1867396.0,51.275
42,Aruba,ABW,1960,54208.0,50.776
43,Australia,AUS,1960,10276477.0,81.529
44,Austria,AUT,1960,7047539.0,64.72
45,Azerbaijan,AZE,1960,3897889.0,52.663
46,"Bahamas, The",BHS,1960,109526.0,59.712
47,Bahrain,BHR,1960,162501.0,82.32
48,Bangladesh,BGD,1960,48200702.0,5.135
49,Barbados,BRB,1960,230934.0,36.777
50,Belarus,BLR,1960,8198000.0,32.401
51,Belgium,BEL,1960,9153489.0,92.46
52,Belize,BLZ,1960,92068.0,54.028
53,Benin,BEN,1960,2431620.0,9.275
54,Bermuda,BMU,1960,44400.0,100.0
55,Bhutan,BTN,1960,224108.0,3.596
56,Bolivia,BOL,1960,3693451.0,36.762
57,Bosnia and Herzegovina,BIH,1960,3214520.0,19.04
58,Botswana,BWA,1960,524029.0,3.06
59,Brazil,BRA,1960,72493585.0,46.139
60,Brunei Darussalam,BRN,1960,81825.0,43.401
61,Bulgaria,BGR,1960,7867374.0,37.1
62,Burkina Faso,BFA,1960,4829291.0,4.7
63,Burundi,BDI,1960,2786740.0,2.077
64,Cabo Verde,CPV,1960,202316.0,16.679000000000002
65,Cambodia,KHM,1960,5722370.0,10.285
66,Cameroon,CMR,1960,5361367.0,13.937
67,Canada,CAN,1960,17909009.0,69.061
68,Cayman Islands,CYM,1960,7867.0,100.0
69,Central African Republic,CAF,1960,1503501.0,20.1
70,Chad,TCD,1960,3002596.0,6.695
71,Channel Islands,CHI,1960,109419.0,38.7
72,Chile,CHL,1960,7695692.0,67.836
73,China,CHN,1960,667070000.0,16.203
74,Colombia,COL,1960,16480384.0,45.033
75,Comoros,COM,1960,188732.0,12.550999999999998
76,"Congo, Dem. Rep.",ZAR,1960,15248246.0,22.3
77,"Congo, Rep.",COG,1960,1013581.0,31.601
78,Costa Rica,CRI,1960,1333042.0,34.254
79,Cote d'Ivoire,CIV,1960,3474724.0,17.679000000000002
80,Croatia,HRV,1960,4140000.0,30.154
81,Cuba,CUB,1960,7141129.0,58.401
82,Curacao,CUW,1960,124826.0,74.71
83,Cyprus,CYP,1960,572929.0,35.628
84,Czech Republic,CZE,1960,9602006.0,59.548
85,Denmark,DNK,1960,4579603.0,73.687
86,Djibouti,DJI,1960,83636.0,50.325
87,Dominica,DMA,1960,60016.0,37.846
88,Dominican Republic,DOM,1960,3294039.0,30.229
89,Ecuador,ECU,1960,4545548.0,33.878
90,"Egypt, Arab Rep.",EGY,1960,27072397.0,37.864
91,El Salvador,SLV,1960,2762897.0,38.345
92,Equatorial Guinea,GNQ,1960,252115.0,25.537
93,Eritrea,ERI,1960,1407631.0,9.751
94,Estonia,EST,1960,1211537.0,57.533
95,Ethiopia,ETH,1960,22151218.0,6.433
96,Faeroe Islands,FRO,1960,34266.0,21.383000000000003
97,Fiji,FJI,1960,393383.0,29.681
98,Finland,FIN,1960,4429634.0,55.29
99,France,FRA,1960,46814237.0,61.88
100,French Polynesia,PYF,1960,78083.0,42.281000000000006
101,Gabon,GAB,1960,499189.0,17.398
102,"Gambia, The",GMB,1960,367929.0,12.129
103,Georgia,GEO,1960,3645600.0,43.069
104,Germany,DEU,1960,72814900.0,71.384
105,Ghana,GHA,1960,6652285.0,23.252
106,Greece,GRC,1960,8331725.0,55.93600000000001
107,Greenland,GRL,1960,32500.0,58.534
108,Grenada,GRD,1960,89861.0,30.332
109,Guam,GUM,1960,66741.0,50.147
110,Guatemala,GTM,1960,4127555.0,31.121
111,Guinea,GIN,1960,3577413.0,10.472
112,Guinea-Bissau,GNB,1960,616407.0,13.6
113,Guyana,GUY,1960,564222.0,29.009
114,Haiti,HTI,1960,3866160.0,15.593
115,Honduras,HND,1960,2002333.0,22.747
116,"Hong Kong SAR, China",HKG,1960,3075605.0,85.2
117,Hungary,HUN,1960,9983967.0,55.911
118,Iceland,ISL,1960,175574.0,80.3
119,India,IND,1960,449661874.0,17.924
120,Indonesia,IDN,1960,87792512.0,14.586
121,"Iran, Islamic Rep.",IRN,1960,21906905.0,33.735
122,Iraq,IRQ,1960,7289759.0,42.899
123,Ireland,IRL,1960,2828600.0,45.822
124,Isle of Man,IMY,1960,48441.0,55.123000000000005
125,Israel,ISR,1960,2114020.0,76.848
126,Italy,ITA,1960,50199700.0,59.361
127,Jamaica,JAM,1960,1629003.0,33.769
128,Japan,JPN,1960,92500572.0,63.272
129,Jordan,JOR,1960,844000.0,50.879
130,Kazakhstan,KAZ,1960,9714260.0,44.198
131,Kenya,KEN,1960,8105440.0,7.362
132,Kiribati,KIR,1960,41234.0,16.29
133,"Korea, Dem. Rep.",PRK,1960,11424179.0,40.195
134,"Korea, Rep.",KOR,1960,25012374.0,27.71
135,Kuwait,KWT,1960,261962.0,74.893
136,Kyrgyz Republic,KGZ,1960,2172300.0,34.181
137,Lao PDR,LAO,1960,2119944.0,7.946000000000001
138,Latvia,LVA,1960,2120979.0,52.867
139,Lebanon,LBN,1960,1804927.0,42.343
140,Lesotho,LSO,1960,851412.0,3.512
141,Liberia,LBR,1960,1120314.0,18.632
142,Libya,LBY,1960,1434576.0,27.323
143,Liechtenstein,LIE,1960,16504.0,20.437
144,Lithuania,LTU,1960,2778550.0,39.46
145,Luxembourg,LUX,1960,313970.0,69.556
146,"Macao SAR, China",MAC,1960,171456.0,95.289
147,"Macedonia, FYR",MKD,1960,1488664.0,34.02
148,Madagascar,MDG,1960,5099371.0,10.642
149,Malawi,MWI,1960,3618604.0,4.39
150,Malaysia,MYS,1960,8160975.0,26.598000000000003
151,Maldives,MDV,1960,89875.0,11.173
152,Mali,MLI,1960,5263730.0,11.066
153,Malta,MLT,1960,326550.0,90.129
154,Marshall Islands,MHL,1960,14665.0,35.584
155,Mauritania,MRT,1960,858170.0,6.88
156,Mauritius,MUS,1960,659351.0,33.177
157,Mexico,MEX,1960,38174114.0,50.753
158,"Micronesia, Fed. Sts.",FSM,1960,44539.0,22.312
159,Moldova,MDA,1960,2544000.0,23.424
160,Monaco,MCO,1960,22454.0,100.0
161,Mongolia,MNG,1960,955514.0,35.679
162,Montenegro,MNE,1960,474203.0,18.788
163,Morocco,MAR,1960,12328534.0,29.357
164,Mozambique,MOZ,1960,7493278.0,4.769
165,Myanmar,MMR,1960,21486424.0,19.226
166,Namibia,NAM,1960,602545.0,17.909000000000002
167,Nepal,NPL,1960,10056945.0,3.48
168,Netherlands,NLD,1960,11486631.0,59.752
169,New Caledonia,NCL,1960,79000.0,37.36
170,New Zealand,NZL,1960,2371800.0,75.998
171,Nicaragua,NIC,1960,1774696.0,39.581
172,Niger,NER,1960,3395212.0,5.792999999999999
173,Nigeria,NGA,1960,45211614.0,15.41
174,Northern Mariana Islands,MNP,1960,10070.0,51.219
175,Norway,NOR,1960,3581239.0,49.92
176,Oman,OMN,1960,551737.0,16.4
177,Pakistan,PAK,1960,44911810.0,22.104
178,Palau,PLW,1960,9638.0,56.823
179,Panama,PAN,1960,1132924.0,41.249
180,Papua New Guinea,PNG,1960,1966957.0,3.725
181,Paraguay,PRY,1960,1902871.0,35.569
182,Peru,PER,1960,10061519.0,46.81100000000001
183,Philippines,PHL,1960,26273023.0,30.297
184,Poland,POL,1960,29637450.0,47.892
185,Portugal,PRT,1960,8857716.0,34.955
186,Puerto Rico,PRI,1960,2358000.0,44.547
187,Qatar,QAT,1960,47309.0,85.275
188,Romania,ROM,1960,18406905.0,34.209
189,Russian Federation,RUS,1960,119897000.0,53.731
190,Rwanda,RWA,1960,2933424.0,2.6
191,Samoa,WSM,1960,108645.0,18.926
192,San Marino,SMR,1960,15393.0,48.9
193,Sao Tome and Principe,STP,1960,64255.0,16.073
194,Saudi Arabia,SAU,1960,4086539.0,31.25
195,Senegal,SEN,1960,3177560.0,23.0
196,Seychelles,SYC,1960,41700.0,27.673
197,Sierra Leone,SLE,1960,2181701.0,17.352
198,Singapore,SGP,1960,1646400.0,100.0
199,Slovak Republic,SVK,1960,4068095.0,33.464
200,Slovenia,SVN,1960,1584720.0,28.204
201,Solomon Islands,SLB,1960,117869.0,5.768
202,Somalia,SOM,1960,2756380.0,17.312
203,South Africa,ZAF,1960,17396000.0,46.619
204,South Sudan,SSD,1960,2955044.0,8.748
205,Spain,ESP,1960,30455000.0,56.567
206,Sri Lanka,LKA,1960,9896000.0,16.430999999999997
207,St. Kitts and Nevis,KNA,1960,51197.0,27.644
208,St. Lucia,LCA,1960,89901.0,21.46
209,St. Vincent and the Grenadines,VCT,1960,80948.0,25.943
210,Sudan,SDN,1960,7527450.0,10.746
211,Suriname,SUR,1960,289972.0,47.26
212,Swaziland,SWZ,1960,349233.0,3.913
213,Sweden,SWE,1960,7484656.0,72.49
214,Switzerland,CHE,1960,5327827.0,51.019
215,Syrian Arab Republic,SYR,1960,4592777.0,36.807
216,Tajikistan,TJK,1960,2064035.0,33.168
217,Tanzania,TZA,1960,10074490.0,5.246
218,Thailand,THA,1960,27397178.0,19.672
219,Timor-Leste,TMP,1960,499525.0,10.091
220,Togo,TGO,1960,1580513.0,10.098
221,Tonga,TON,1960,61600.0,17.552
222,Trinidad and Tobago,TTO,1960,848481.0,17.349
223,Tunisia,TUN,1960,4220701.0,37.511
224,Turkey,TUR,1960,27553280.0,31.515
225,Turkmenistan,TKM,1960,1593501.0,46.412
226,Turks and Caicos Islands,TCA,1960,5724.0,47.679
227,Tuvalu,TUV,1960,6104.0,15.895
228,Uganda,UGA,1960,6788211.0,4.417
229,Ukraine,UKR,1960,42662150.0,46.792
230,United Arab Emirates,ARE,1960,92612.0,73.5
231,United Kingdom,GBR,1960,52400000.0,78.444
232,United States,USA,1960,180671000.0,69.99600000000001
233,Uruguay,URY,1960,2538651.0,80.241
234,Uzbekistan,UZB,1960,8789492.0,33.978
235,Vanuatu,VUT,1960,63701.0,10.404000000000002
236,"Venezuela, RB",VEN,1960,8146845.0,61.613
237,Vietnam,VNM,1960,34743000.0,14.7
238,Virgin Islands (U.S.),VIR,1960,32000.0,56.477
239,"Yemen, Rep.",YEM,1960,5166311.0,9.1
240,Zambia,ZMB,1960,3049586.0,18.145
241,Zimbabwe,ZWE,1960,3752390.0,12.608
242,Arab World,ARB,1961,95041593.0,32.0290757076957
243,Caribbean small states,CSS,1961,4270928.0,31.8190266061615
244,Central Europe and the Baltics,CEB,1961,92237118.0,45.206665319194
245,East Asia & Pacific (all income levels),EAS,1961,1045789318.0,23.122180800013105
246,East Asia & Pacific (developing only),EAP,1961,895784704.0,17.390940911178998
247,Euro area,EMU,1961,267825309.0,62.57528533797751
248,Europe & Central Asia (all income levels),ECS,1961,675181708.0,55.91503920729179
249,Europe & Central Asia (developing only),ECA,1961,158242146.0,38.7597975326341
250,European Union,EUU,1961,413007006.0,61.6736073879095
251,Fragile and conflict affected situations,FCS,1961,123125186.0,18.3899159549082
252,Heavily indebted poor countries (HIPC),HPC,1961,166337526.0,12.5831425780975
253,High income,HIC,1961,920970907.0,63.2470129357279
254,High income: nonOECD,NOC,1961,189656817.0,56.97676948275829
255,High income: OECD,OEC,1961,731314090.0,64.7785824675961
256,Latin America & Caribbean (all income levels),LCN,1961,226764342.0,50.0734541031726
257,Latin America & Caribbean (developing only),LAC,1961,182952027.0,45.699941901605705
258,Least developed countries: UN classification,LDC,1961,246733124.0,9.86225911277725
259,Low & middle income,LMY,1961,2155067832.0,21.7495240803848
260,Low income,LIC,1961,160642778.0,11.7795234992824
261,Lower middle income,LMC,1961,964242763.0,20.0426097610464
262,Middle East & North Africa (all income levels),MEA,1961,108392645.0,35.70806724630621
263,Middle East & North Africa (developing only),MNA,1961,100483718.0,34.5954743023342
264,Middle income,MIC,1961,1994425054.0,22.5529559777173
265,North America,NAC,1961,202007500.0,70.31954523965689
266,OECD members,OED,1961,798937506.0,62.9723559181036
267,Other small states,OSS,1961,6721830.0,14.7855272193733
268,Pacific island small states,PSS,1961,889536.0,22.4738850771638
269,Small states,SST,1961,11882294.0,21.483553759063696
270,South Asia,SAS,1961,584143236.0,16.8669810943561
271,Sub-Saharan Africa (all income levels),SSF,1961,233759990.0,14.947589644669304
272,Sub-Saharan Africa (developing only),SSA,1961,233462001.0,14.932825955042698
273,Upper middle income,UMC,1961,1030182291.0,24.9002669330015
274,World,WLD,1961,3076038739.0,34.0732352726371
275,Afghanistan,AFG,1961,9164945.0,8.508
276,Albania,ALB,1961,1659800.0,30.943
277,Algeria,DZA,1961,11404859.0,31.797
278,American Samoa,ASM,1961,20478.0,66.641
279,Andorra,ADO,1961,14376.0,60.983
280,Angola,AGO,1961,5367287.0,10.798
281,Antigua and Barbuda,ATG,1961,55403.0,39.04
282,Argentina,ARG,1961,20953079.0,74.217
283,Armenia,ARM,1961,1934239.0,52.147
284,Aruba,ABW,1961,55435.0,50.761
285,Australia,AUS,1961,10483000.0,81.941
286,Austria,AUT,1961,7086299.0,64.814
287,Azerbaijan,AZE,1961,4030130.0,52.364
288,"Bahamas, The",BHS,1961,115108.0,60.45399999999999
289,Bahrain,BHR,1961,167924.0,82.337
290,Bangladesh,BGD,1961,49593610.0,5.278
291,Barbados,BRB,1961,231674.0,36.849
292,Belarus,BLR,1961,8271216.0,33.522
293,Belgium,BEL,1961,9183948.0,92.554
294,Belize,BLZ,1961,94701.0,53.72
295,Benin,BEN,1961,2466002.0,9.856
296,Bermuda,BMU,1961,45500.0,100.0
297,Bhutan,BTN,1961,229297.0,3.792
298,Bolivia,BOL,1961,3764815.0,37.059
299,Bosnia and Herzegovina,BIH,1961,3277096.0,19.686
300,Botswana,BWA,1961,536576.0,3.097
301,Brazil,BRA,1961,74706888.0,47.122
302,Brunei Darussalam,BRN,1961,85687.0,45.228
303,Bulgaria,BGR,1961,7943118.0,38.782
304,Burkina Faso,BFA,1961,4894578.0,4.796
305,Burundi,BDI,1961,2840375.0,2.115
306,Cabo Verde,CPV,1961,205958.0,16.948
307,Cambodia,KHM,1961,5872247.0,10.293
308,Cameroon,CMR,1961,5474509.0,14.488
309,Canada,CAN,1961,18271000.0,69.668
310,Cayman Islands,CYM,1961,8026.0,100.0
311,Central African Republic,CAF,1961,1529229.0,20.751
312,Chad,TCD,1961,3061423.0,6.962000000000001
313,Channel Islands,CHI,1961,110399.0,38.436
314,Chile,CHL,1961,7873504.0,68.66
315,China,CHN,1961,660330000.0,16.708
316,Colombia,COL,1961,16982313.0,46.327
317,Comoros,COM,1961,191828.0,13.348
318,"Congo, Dem. Rep.",ZAR,1961,15637715.0,22.523000000000003
319,"Congo, Rep.",COG,1961,1039966.0,32.318000000000005
320,Costa Rica,CRI,1961,1381920.0,34.329
321,Cote d'Ivoire,CIV,1961,3602075.0,18.911
322,Croatia,HRV,1961,4171672.0,31.04
323,Cuba,CUB,1961,7289828.0,58.588
324,Curacao,CUW,1961,126125.0,75.102
325,Cyprus,CYP,1961,576395.0,36.175
326,Czech Republic,CZE,1961,9586651.0,60.063
327,Denmark,DNK,1961,4611687.0,74.417
328,Djibouti,DJI,1961,88499.0,51.448
329,Dominica,DMA,1961,61035.0,37.912
330,Dominican Republic,DOM,1961,3406299.0,31.141
331,Ecuador,ECU,1961,4676858.0,34.466
332,"Egypt, Arab Rep.",EGY,1961,27810001.0,38.272
333,El Salvador,SLV,1961,2843246.0,38.516
334,Equatorial Guinea,GNQ,1961,255100.0,26.144
335,Eritrea,ERI,1961,1441297.0,10.059
336,Estonia,EST,1961,1225077.0,58.304
337,Ethiopia,ETH,1961,22671131.0,6.65
338,Faeroe Islands,FRO,1961,34730.0,22.141
339,Fiji,FJI,1961,407152.0,30.248
340,Finland,FIN,1961,4461005.0,56.321000000000005
341,France,FRA,1961,47444751.0,62.607
342,French Polynesia,PYF,1961,80706.0,43.217
343,Gabon,GAB,1961,504174.0,18.33
344,"Gambia, The",GMB,1961,376736.0,12.331
345,Georgia,GEO,1961,3703600.0,43.559
346,Germany,DEU,1961,73377632.0,71.697
347,Ghana,GHA,1961,6866545.0,23.797
348,Greece,GRC,1961,8398050.0,56.453
349,Greenland,GRL,1961,33700.0,59.806
350,Grenada,GRD,1961,91260.0,30.519
351,Guam,GUM,1961,68073.0,51.23
352,Guatemala,GTM,1961,4240084.0,31.768
353,Guinea,GIN,1961,3633778.0,10.936
354,Guinea-Bissau,GNB,1961,623413.0,13.747
355,Guyana,GUY,1961,582034.0,29.049
356,Haiti,HTI,1961,3943363.0,15.975
357,Honduras,HND,1961,2069085.0,23.318
358,"Hong Kong SAR, China",HKG,1961,3168100.0,85.29299999999999
359,Hungary,HUN,1961,10029321.0,56.335
360,Iceland,ISL,1961,179029.0,80.803
361,India,IND,1961,458691457.0,18.032
362,Indonesia,IDN,1961,90138235.0,14.821
363,"Iran, Islamic Rep.",IRN,1961,22480420.0,34.389
364,Iraq,IRQ,1961,7475354.0,44.432
365,Ireland,IRL,1961,2824400.0,46.24
366,Isle of Man,IMY,1961,48353.0,55.345
367,Israel,ISR,1961,2185000.0,77.985
368,Italy,ITA,1961,50536350.0,59.856
369,Jamaica,JAM,1961,1651915.0,34.5
370,Japan,JPN,1961,94943000.0,64.21300000000001
371,Jordan,JOR,1961,891451.0,52.412
372,Kazakhstan,KAZ,1961,10129861.0,44.746
373,Kenya,KEN,1961,8361442.0,7.565
374,Kiribati,KIR,1961,42261.0,16.918
375,"Korea, Dem. Rep.",PRK,1961,11665593.0,41.162
376,"Korea, Rep.",KOR,1961,25765673.0,28.531
377,Kuwait,KWT,1961,294639.0,75.78699999999999
378,Kyrgyz Republic,KGZ,1961,2255900.0,34.511
379,Lao PDR,LAO,1961,2169287.0,8.02
380,Latvia,LVA,1961,2152681.0,53.663
381,Lebanon,LBN,1961,1864605.0,44.039
382,Lesotho,LSO,1961,866253.0,3.96
383,Liberia,LBR,1961,1144896.0,19.291
384,Libya,LBY,1961,1483856.0,28.197
385,Liechtenstein,LIE,1961,16894.0,20.315
386,Lithuania,LTU,1961,2823550.0,40.443000000000005
387,Luxembourg,LUX,1961,316845.0,69.92699999999999
388,"Macao SAR, China",MAC,1961,175135.0,95.328
389,"Macedonia, FYR",MKD,1961,1507653.0,35.214
390,Madagascar,MDG,1961,5223621.0,10.970999999999998
391,Malawi,MWI,1961,3700032.0,4.489
392,Malaysia,MYS,1961,8429369.0,27.241
393,Maldives,MDV,1961,92327.0,11.23
394,Mali,MLI,1961,5322267.0,11.361
395,Malta,MLT,1961,325250.0,90.069
396,Marshall Islands,MHL,1961,15052.0,36.959
397,Mauritania,MRT,1961,883223.0,7.435
398,Mauritius,MUS,1961,680757.0,33.637
399,Mexico,MEX,1961,39394125.0,51.59
400,"Micronesia, Fed. Sts.",FSM,1961,45956.0,22.553
401,Moldova,MDA,1961,2605000.0,24.216
402,Monaco,MCO,1961,22812.0,100.0
403,Mongolia,MNG,1961,982180.0,37.682
404,Montenegro,MNE,1961,480359.0,19.502
405,Morocco,MAR,1961,12713043.0,29.849
406,Mozambique,MOZ,1961,7643290.0,4.949
407,Myanmar,MMR,1961,21961594.0,19.566
408,Namibia,NAM,1961,617282.0,18.334
409,Nepal,NPL,1961,10215153.0,3.571
410,Netherlands,NLD,1961,11638712.0,60.02
411,New Caledonia,NCL,1961,81200.0,38.781
412,New Zealand,NZL,1961,2419700.0,76.525
413,Nicaragua,NIC,1961,1830400.0,40.03
414,Niger,NER,1961,3493636.0,5.896
415,Nigeria,NGA,1961,46144154.0,15.633
416,Northern Mariana Islands,MNP,1961,10340.0,52.74100000000001
417,Norway,NOR,1961,3609800.0,50.998000000000005
418,Oman,OMN,1961,564895.0,17.475
419,Pakistan,PAK,1961,45988447.0,22.501
420,Palau,PLW,1961,9901.0,57.114
421,Panama,PAN,1961,1167041.0,41.853
422,Papua New Guinea,PNG,1961,2001048.0,4.024
423,Paraguay,PRY,1961,1953331.0,35.67
424,Peru,PER,1961,10350239.0,47.398
425,Philippines,PHL,1961,27164618.0,30.555
426,Poland,POL,1961,29964000.0,48.527
427,Portugal,PRT,1961,8929316.0,35.344
428,Puerto Rico,PRI,1961,2399722.0,45.933
429,Qatar,QAT,1961,51355.0,85.693
430,Romania,ROM,1961,18555250.0,34.894
431,Russian Federation,RUS,1961,121236000.0,54.626000000000005
432,Rwanda,RWA,1961,2996091.0,2.654
433,Samoa,WSM,1961,112121.0,18.986
434,San Marino,SMR,1961,15787.0,50.001000000000005
435,Sao Tome and Principe,STP,1961,64549.0,16.805
436,Saudi Arabia,SAU,1961,4218879.0,32.373000000000005
437,Senegal,SEN,1961,3265558.0,23.645
438,Seychelles,SYC,1961,42889.0,28.717
439,Sierra Leone,SLE,1961,2210169.0,17.903
440,Singapore,SGP,1961,1702400.0,100.0
441,Slovak Republic,SVK,1961,4191667.0,33.953
442,Slovenia,SVN,1961,1594131.0,29.107
443,Solomon Islands,SLB,1961,121403.0,6.037999999999999
444,Somalia,SOM,1961,2814683.0,17.835
445,South Africa,ZAF,1961,17949962.0,46.793
446,South Sudan,SSD,1961,3011112.0,8.737
447,Spain,ESP,1961,30739250.0,57.303
448,Sri Lanka,LKA,1961,10168000.0,16.592
449,St. Kitts and Nevis,KNA,1961,51195.0,28.269
450,St. Lucia,LCA,1961,90913.0,21.696
451,St. Vincent and the Grenadines,VCT,1961,82144.0,26.394
452,Sudan,SDN,1961,7749884.0,11.232
453,Suriname,SUR,1961,298190.0,47.297
454,Swaziland,SWZ,1961,357522.0,4.335
455,Sweden,SWE,1961,7519998.0,73.295
456,Switzerland,CHE,1961,5434294.0,51.67100000000001
457,Syrian Arab Republic,SYR,1961,4742596.0,37.399
458,Tajikistan,TJK,1961,2140413.0,33.56
459,Tanzania,TZA,1961,10373380.0,5.394
460,Thailand,THA,1961,28224208.0,19.781
461,Timor-Leste,TMP,1961,508311.0,10.243
462,Togo,TGO,1961,1597528.0,10.94
463,Tonga,TON,1961,63740.0,17.929000000000002
464,Trinidad and Tobago,TTO,1961,865356.0,16.712
465,Tunisia,TUN,1961,4277371.0,37.95
466,Turkey,TUR,1961,28229291.0,32.064
467,Turkmenistan,TKM,1961,1649914.0,46.557
468,Turks and Caicos Islands,TCA,1961,5760.0,48.021
469,Tuvalu,TUV,1961,6242.0,16.444000000000003
470,Uganda,UGA,1961,7006629.0,4.617
471,Ukraine,UKR,1961,43203635.0,47.542
472,United Arab Emirates,ARE,1961,100985.0,74.383
473,United Kingdom,GBR,1961,52800000.0,78.374
474,United States,USA,1961,183691000.0,70.377
475,Uruguay,URY,1961,2571691.0,80.462
476,Uzbekistan,UZB,1961,9044671.0,34.238
477,Vanuatu,VUT,1961,65708.0,10.583
478,"Venezuela, RB",VEN,1961,8461684.0,62.875
479,Vietnam,VNM,1961,35428000.0,15.031
480,Virgin Islands (U.S.),VIR,1961,34100.0,57.864
481,"Yemen, Rep.",YEM,1961,5251663.0,9.459
482,Zambia,ZMB,1961,3142848.0,18.951
483,Zimbabwe,ZWE,1961,3876638.0,12.821
484,Arab World,ARB,1962,97691498.0,32.780322721748
485,Caribbean small states,CSS,1962,4353408.0,32.057860523755195
486,Central Europe and the Baltics,CEB,1962,93014890.0,45.866564696018
487,East Asia & Pacific (all income levels),EAS,1962,1059972418.0,23.651145327486
488,East Asia & Pacific (developing only),EAP,1962,907395358.0,17.8627360333223
489,Euro area,EMU,1962,270324828.0,63.06857819776361
490,Europe & Central Asia (all income levels),ECS,1962,683114331.0,56.4498627761764
491,Europe & Central Asia (developing only),ECA,1962,161168870.0,39.453126966090295
492,European Union,EUU,1962,416670637.0,62.1260278508034
493,Fragile and conflict affected situations,FCS,1962,126006115.0,18.907540755286
494,Heavily indebted poor countries (HIPC),HPC,1962,170332701.0,12.9417448911175
495,High income,HIC,1962,933025406.0,63.8128286903543
496,High income: nonOECD,NOC,1962,192729589.0,57.8384053913321
497,High income: OECD,OEC,1962,740295817.0,65.2758985974157
498,Latin America & Caribbean (all income levels),LCN,1962,233183206.0,50.8726951441607
499,Latin America & Caribbean (developing only),LAC,1962,188416186.0,46.56671495983901
500,Least developed countries: UN classification,LDC,1962,252585904.0,10.1294463472791
501,Low & middle income,LMY,1962,2195966846.0,22.217955036961303
502,Low income,LIC,1962,164180179.0,12.0584228121593
503,Lower middle income,LMC,1962,986301567.0,20.3087885085135
504,Middle East & North Africa (all income levels),MEA,1962,111418951.0,36.4767680069794
505,Middle East & North Africa (developing only),MNA,1962,103183668.0,35.3178839653868
506,Middle income,MIC,1962,2031786667.0,23.0393061509026
507,North America,NAC,1962,205198600.0,70.7397837119746
508,OECD members,OED,1962,809855392.0,63.464489569185886
509,Other small states,OSS,1962,6853517.0,15.2605267340841
510,Pacific island small states,PSS,1962,919276.0,22.91337529860461
511,Small states,SST,1962,12126201.0,21.8710659553639
512,South Asia,SAS,1962,596701125.0,17.0544103188409
513,Sub-Saharan Africa (all income levels),SSF,1962,239403621.0,15.2603620300087
514,Sub-Saharan Africa (developing only),SSA,1962,239101639.0,15.245848209275598
515,Upper middle income,UMC,1962,1045485100.0,25.612656737030505
516,World,WLD,1962,3128992252.0,34.5178204644136
517,Afghanistan,AFG,1962,9343772.0,8.805
518,Albania,ALB,1962,1711319.0,31.015
519,Algeria,DZA,1962,11690152.0,33.214
520,American Samoa,ASM,1962,21118.0,67.068
521,Andorra,ADO,1962,15376.0,63.462
522,Angola,AGO,1962,5465905.0,11.204
523,Antigua and Barbuda,ATG,1962,56311.0,38.427
524,Argentina,ARG,1962,21287682.0,74.767
525,Armenia,ARM,1962,2002170.0,53.019
526,Aruba,ABW,1962,56226.0,50.746
527,Australia,AUS,1962,10742000.0,82.337
528,Austria,AUT,1962,7129864.0,64.863
529,Azerbaijan,AZE,1962,4167558.0,52.06399999999999
530,"Bahamas, The",BHS,1962,121083.0,61.193000000000005
531,Bahrain,BHR,1962,173107.0,82.355
532,Bangladesh,BGD,1962,51030604.0,5.497999999999999
533,Barbados,BRB,1962,232584.0,36.922
534,Belarus,BLR,1962,8351928.0,34.663000000000004
535,Belgium,BEL,1962,9220578.0,92.679
536,Belize,BLZ,1962,97389.0,53.41
537,Benin,BEN,1962,2503232.0,10.47
538,Bermuda,BMU,1962,46600.0,100.0
539,Bhutan,BTN,1962,234703.0,3.999
540,Bolivia,BOL,1962,3838096.0,37.357
541,Bosnia and Herzegovina,BIH,1962,3341809.0,20.437
542,Botswana,BWA,1962,549990.0,3.134
543,Brazil,BRA,1962,77007549.0,48.099
544,Brunei Darussalam,BRN,1962,89603.0,47.07
545,Bulgaria,BGR,1962,8012946.0,40.494
546,Burkina Faso,BFA,1962,4960325.0,4.893
547,Burundi,BDI,1962,2894510.0,2.154
548,Cabo Verde,CPV,1962,210866.0,17.224
549,Cambodia,KHM,1962,6026696.0,10.333
550,Cameroon,CMR,1962,5593768.0,15.058
551,Canada,CAN,1962,18614000.0,70.494
552,Cayman Islands,CYM,1962,8142.0,100.0
553,Central African Republic,CAF,1962,1556656.0,21.418000000000003
554,Chad,TCD,1962,3122357.0,7.239
555,Channel Islands,CHI,1962,111463.0,38.172
556,Chile,CHL,1962,8054166.0,69.435
557,China,CHN,1962,665770000.0,17.226
558,Colombia,COL,1962,17500166.0,47.628
559,Comoros,COM,1962,194960.0,14.189
560,"Congo, Dem. Rep.",ZAR,1962,16041247.0,22.749
561,"Congo, Rep.",COG,1962,1067611.0,33.045
562,Costa Rica,CRI,1962,1432583.0,34.404
563,Cote d'Ivoire,CIV,1962,3740503.0,20.21
564,Croatia,HRV,1962,4202104.0,32.001
565,Cuba,CUB,1962,7450404.0,58.776
566,Curacao,CUW,1962,128414.0,75.49
567,Cyprus,CYP,1962,577691.0,36.674
568,Czech Republic,CZE,1962,9624660.0,60.555
569,Denmark,DNK,1962,4647727.0,75.093
570,Djibouti,DJI,1962,94200.0,52.619
571,Dominica,DMA,1962,61984.0,37.979
572,Dominican Republic,DOM,1962,3521276.0,32.094
573,Ecuador,ECU,1962,4812892.0,35.06
574,"Egypt, Arab Rep.",EGY,1962,28560741.0,38.624
575,El Salvador,SLV,1962,2927861.0,38.614
576,Equatorial Guinea,GNQ,1962,257940.0,26.234
577,Eritrea,ERI,1962,1476321.0,10.377
578,Estonia,EST,1962,1241623.0,59.072
579,Ethiopia,ETH,1962,23221331.0,6.874
580,Faeroe Islands,FRO,1962,35153.0,22.962
581,Fiji,FJI,1962,421576.0,30.823
582,Finland,FIN,1962,4491443.0,57.162
583,France,FRA,1962,48119649.0,63.489
584,French Polynesia,PYF,1962,83654.0,44.16
585,Gabon,GAB,1962,509806.0,19.594
586,"Gambia, The",GMB,1962,383525.0,12.535
587,Georgia,GEO,1962,3760300.0,44.051
588,Germany,DEU,1962,74025784.0,71.762
589,Ghana,GHA,1962,7085463.0,24.352
590,Greece,GRC,1962,8448233.0,57.34
591,Greenland,GRL,1962,35000.0,61.406000000000006
592,Grenada,GRD,1962,92424.0,30.707
593,Guam,GUM,1962,69607.0,52.31399999999999
594,Guatemala,GTM,1962,4356579.0,32.424
595,Guinea,GIN,1962,3690960.0,11.418
596,Guinea-Bissau,GNB,1962,629973.0,13.895
597,Guyana,GUY,1962,600559.0,29.089
598,Haiti,HTI,1962,4022596.0,16.365
599,Honduras,HND,1962,2139208.0,23.9
600,"Hong Kong SAR, China",HKG,1962,3305200.0,85.58200000000001
601,Hungary,HUN,1962,10061734.0,56.758
602,Iceland,ISL,1962,182378.0,81.297
603,India,IND,1962,468054145.0,18.218
604,Indonesia,IDN,1962,92558006.0,15.058
605,"Iran, Islamic Rep.",IRN,1962,23071426.0,35.051
606,Iraq,IRQ,1962,7674220.0,45.978
607,Ireland,IRL,1962,2836050.0,46.856
608,Isle of Man,IMY,1962,48580.0,55.586000000000006
609,Israel,ISR,1962,2293000.0,78.75399999999999
610,Italy,ITA,1962,50879450.0,60.355
611,Jamaica,JAM,1962,1678467.0,35.239000000000004
612,Japan,JPN,1962,95832000.0,65.14399999999999
613,Jordan,JOR,1962,943090.0,53.215
614,Kazakhstan,KAZ,1962,10532062.0,45.29600000000001
615,Kenya,KEN,1962,8628973.0,7.774
616,Kiribati,KIR,1962,43312.0,17.566
617,"Korea, Dem. Rep.",PRK,1962,11871720.0,42.136
618,"Korea, Rep.",KOR,1962,26513030.0,29.461
619,Kuwait,KWT,1962,335161.0,76.66
620,Kyrgyz Republic,KGZ,1962,2333400.0,34.844
621,Lao PDR,LAO,1962,2219964.0,8.095
622,Latvia,LVA,1962,2181586.0,54.459
623,Lebanon,LBN,1962,1925276.0,45.752
624,Lesotho,LSO,1962,881910.0,4.464
625,Liberia,LBR,1962,1170267.0,19.969
626,Libya,LBY,1962,1536196.0,29.089
627,Liechtenstein,LIE,1962,17298.0,20.102
628,Lithuania,LTU,1962,2863350.0,41.435
629,Luxembourg,LUX,1962,320750.0,70.443
630,"Macao SAR, China",MAC,1962,181025.0,95.556
631,"Macedonia, FYR",MKD,1962,1527105.0,36.473
632,Madagascar,MDG,1962,5352674.0,11.309
633,Malawi,MWI,1962,3784444.0,4.59
634,Malaysia,MYS,1962,8710678.0,27.895
635,Maldives,MDV,1962,94909.0,11.288
636,Mali,MLI,1962,5381369.0,11.662
637,Malta,MLT,1962,323900.0,90.008
638,Marshall Islands,MHL,1962,15545.0,38.358
639,Mauritania,MRT,1962,909172.0,8.031
640,Mauritius,MUS,1962,700349.0,34.103
641,Mexico,MEX,1962,40649590.0,52.428
642,"Micronesia, Fed. Sts.",FSM,1962,47387.0,22.797
643,Moldova,MDA,1962,2664000.0,25.027
644,Monaco,MCO,1962,23042.0,100.0
645,Mongolia,MNG,1962,1011328.0,39.73
646,Montenegro,MNE,1962,486092.0,20.237
647,Morocco,MAR,1962,13100843.0,30.345
648,Mozambique,MOZ,1962,7799396.0,5.144
649,Myanmar,MMR,1962,22446690.0,19.91
650,Namibia,NAM,1962,632658.0,18.748
651,Nepal,NPL,1962,10377061.0,3.612
652,Netherlands,NLD,1962,11805689.0,60.20399999999999
653,New Caledonia,NCL,1962,83400.0,40.224
654,New Zealand,NZL,1962,2482000.0,77.133
655,Nicaragua,NIC,1962,1886560.0,40.481
656,Niger,NER,1962,3596613.0,6.0
657,Nigeria,NGA,1962,47117859.0,15.858
658,Northern Mariana Islands,MNP,1962,10541.0,54.26
659,Norway,NOR,1962,3638918.0,52.653
660,Oman,OMN,1962,578825.0,18.607
661,Pakistan,PAK,1962,47122931.0,22.751
662,Palau,PLW,1962,10150.0,57.405
663,Panama,PAN,1962,1202372.0,42.494
664,Papua New Guinea,PNG,1962,2037165.0,4.347
665,Paraguay,PRY,1962,2005337.0,35.771
666,Peru,PER,1962,10650672.0,48.514
667,Philippines,PHL,1962,28081234.0,30.816
668,Poland,POL,1962,30308500.0,48.926
669,Portugal,PRT,1962,8993985.0,35.722
670,Puerto Rico,PRI,1962,2450322.0,47.327
671,Qatar,QAT,1962,56187.0,86.101
672,Romania,ROM,1962,18676550.0,35.586
673,Russian Federation,RUS,1962,122591000.0,55.518
674,Rwanda,RWA,1962,3050596.0,2.71
675,Samoa,WSM,1962,115786.0,19.061
676,San Marino,SMR,1962,16197.0,51.104
677,Sao Tome and Principe,STP,1962,64429.0,17.969
678,Saudi Arabia,SAU,1962,4362863.0,33.518
679,Senegal,SEN,1962,3356421.0,24.303
680,Seychelles,SYC,1962,44042.0,29.786
681,Sierra Leone,SLE,1962,2239581.0,18.467
682,Singapore,SGP,1962,1750200.0,100.0
683,Slovak Republic,SVK,1962,4238188.0,34.714
684,Slovenia,SVN,1962,1603649.0,29.934
685,Solomon Islands,SLB,1962,125068.0,6.321000000000001
686,Somalia,SOM,1962,2874944.0,18.372
687,South Africa,ZAF,1962,18459442.0,46.906000000000006
688,South Sudan,SSD,1962,3069990.0,8.725
689,Spain,ESP,1962,31023366.0,58.308
690,Sri Lanka,LKA,1962,10443000.0,16.753
691,St. Kitts and Nevis,KNA,1962,50966.0,28.903
692,St. Lucia,LCA,1962,92086.0,21.934
693,St. Vincent and the Grenadines,VCT,1962,83206.0,26.851
694,Sudan,SDN,1962,7981797.0,11.737
695,Suriname,SUR,1962,306330.0,47.335
696,Swaziland,SWZ,1962,365719.0,4.8
697,Sweden,SWE,1962,7561588.0,74.271
698,Switzerland,CHE,1962,5573815.0,52.309
699,Syrian Arab Republic,SYR,1962,4897428.0,38.044
700,Tajikistan,TJK,1962,2223956.0,33.955
701,Tanzania,TZA,1962,10683888.0,5.547000000000001
702,Thailand,THA,1962,29081037.0,19.89
703,Timor-Leste,TMP,1962,517446.0,10.511
704,Togo,TGO,1962,1612758.0,11.844
705,Tonga,TON,1962,66255.0,18.312
706,Trinidad and Tobago,TTO,1962,880019.0,16.093
707,Tunisia,TUN,1962,4350811.0,38.391
708,Turkey,TUR,1962,28909985.0,32.598
709,Turkmenistan,TKM,1962,1708711.0,46.702
710,Turks and Caicos Islands,TCA,1962,5762.0,48.364
711,Tuvalu,TUV,1962,6391.0,17.008
712,Uganda,UGA,1962,7240155.0,4.8260000000000005
713,Ukraine,UKR,1962,43749469.0,48.294
714,United Arab Emirates,ARE,1962,112240.0,75.248
715,United Kingdom,GBR,1962,53250000.0,78.237
716,United States,USA,1962,186538000.0,70.757
717,Uruguay,URY,1962,2603887.0,80.681
718,Uzbekistan,UZB,1962,9319510.0,34.5
719,Vanuatu,VUT,1962,67806.0,10.765
720,"Venezuela, RB",VEN,1962,8790590.0,63.933
721,Vietnam,VNM,1962,36123000.0,15.369000000000002
722,Virgin Islands (U.S.),VIR,1962,36300.0,59.24100000000001
723,"Yemen, Rep.",YEM,1962,5339285.0,9.831
724,Zambia,ZMB,1962,3240664.0,19.785
725,Zimbabwe,ZWE,1962,4006262.0,13.082
726,Arab World,ARB,1963,100438281.0,33.5558808208595
727,Caribbean small states,CSS,1963,4435830.0,32.3139419105331
728,Central Europe and the Baltics,CEB,1963,93845749.0,46.5340927663649
729,East Asia & Pacific (all income levels),EAS,1963,1085447747.0,24.1179584421312
730,East Asia & Pacific (developing only),EAP,1963,930292410.0,18.3360097956566
731,Euro area,EMU,1963,272876446.0,63.6296067451494
732,Europe & Central Asia (all income levels),ECS,1963,691101825.0,57.0108392432078
733,Europe & Central Asia (developing only),ECA,1963,164093090.0,40.1457537419048
734,European Union,EUU,1963,420393292.0,62.6193631189006
735,Fragile and conflict affected situations,FCS,1963,129005734.0,19.446295721822
736,Heavily indebted poor countries (HIPC),HPC,1963,174484508.0,13.3160951449054
737,High income,HIC,1963,945017907.0,64.3936110738686
738,High income: nonOECD,NOC,1963,195817810.0,58.70222341387321
739,High income: OECD,OEC,1963,749200097.0,65.7911318469236
740,Latin America & Caribbean (all income levels),LCN,1963,239771182.0,51.67447278308561
741,Latin America & Caribbean (developing only),LAC,1963,194035506.0,47.4370383051028
742,Least developed countries: UN classification,LDC,1963,258670231.0,10.4109327306473
743,Low & middle income,LMY,1963,2248870171.0,22.667606745159
744,Low income,LIC,1963,167835124.0,12.3534066602352
745,Lower middle income,LMC,1963,1008923908.0,20.5780011524038
746,Middle East & North Africa (all income levels),MEA,1963,114525072.0,37.2559815112974
747,Middle East & North Africa (developing only),MNA,1963,105966779.0,36.0453094538619
748,Middle income,MIC,1963,2081035047.0,23.49985395279589
749,North America,NAC,1963,208253700.0,71.1563654139158
750,OECD members,OED,1963,820737024.0,63.9734846616277
751,Other small states,OSS,1963,6988545.0,15.8102877561781
752,Pacific island small states,PSS,1963,949878.0,23.356541311621104
753,Small states,SST,1963,12374253.0,22.3056636339988
754,South Asia,SAS,1963,609571502.0,17.2436611658512
755,Sub-Saharan Africa (all income levels),SSF,1963,245217050.0,15.5854628771654
756,Sub-Saharan Africa (developing only),SSA,1963,244910884.0,15.5711997287185
757,Upper middle income,UMC,1963,1072111139.0,26.246715640248603
758,World,WLD,1963,3193888078.0,34.9081356655374
759,Afghanistan,AFG,1963,9531555.0,9.11
760,Albania,ALB,1963,1762621.0,31.086
761,Algeria,DZA,1963,11985130.0,34.662
762,American Samoa,ASM,1963,21883.0,67.493
763,Andorra,ADO,1963,16410.0,65.872
764,Angola,AGO,1963,5565808.0,11.624
765,Antigua and Barbuda,ATG,1963,57368.0,37.817
766,Argentina,ARG,1963,21621845.0,75.309
767,Armenia,ARM,1963,2070427.0,53.889
768,Aruba,ABW,1963,56697.0,50.73
769,Australia,AUS,1963,10950000.0,82.727
770,Austria,AUT,1963,7175811.0,64.913
771,Azerbaijan,AZE,1963,4307315.0,51.764
772,"Bahamas, The",BHS,1963,127331.0,61.926
773,Bahrain,BHR,1963,178048.0,82.37200000000001
774,Bangladesh,BGD,1963,52532595.0,5.727
775,Barbados,BRB,1963,233587.0,36.995
776,Belarus,BLR,1963,8437232.0,35.822
777,Belgium,BEL,1963,9289770.0,92.835
778,Belize,BLZ,1963,100166.0,53.101000000000006
779,Benin,BEN,1963,2543335.0,11.118
780,Bermuda,BMU,1963,47700.0,100.0
781,Bhutan,BTN,1963,240364.0,4.217
782,Bolivia,BOL,1963,3913397.0,37.656
783,Bosnia and Herzegovina,BIH,1963,3406466.0,21.209
784,Botswana,BWA,1963,564316.0,3.1710000000000003
785,Brazil,BRA,1963,79368453.0,49.078
786,Brunei Darussalam,BRN,1963,93650.0,48.92
787,Bulgaria,BGR,1963,8078145.0,42.23
788,Burkina Faso,BFA,1963,5027818.0,4.993
789,Burundi,BDI,1963,2950903.0,2.193
790,Cabo Verde,CPV,1963,216913.0,17.503
791,Cambodia,KHM,1963,6181137.0,10.497
792,Cameroon,CMR,1963,5719135.0,15.647
793,Canada,CAN,1963,18964000.0,71.307
794,Cayman Islands,CYM,1963,8228.0,100.0
795,Central African Republic,CAF,1963,1585765.0,22.1
796,Chad,TCD,1963,3184775.0,7.527
797,Channel Islands,CHI,1963,112595.0,37.909
798,Chile,CHL,1963,8237555.0,70.2
799,China,CHN,1963,682335000.0,17.757
800,Colombia,COL,1963,18033548.0,48.932
801,Comoros,COM,1963,198205.0,15.074000000000002
802,"Congo, Dem. Rep.",ZAR,1963,16461914.0,22.976
803,"Congo, Rep.",COG,1963,1096502.0,33.78
804,Costa Rica,CRI,1963,1484512.0,34.606
805,Cote d'Ivoire,CIV,1963,3889859.0,21.575
806,Croatia,HRV,1963,4231408.0,32.979
807,Cuba,CUB,1963,7618359.0,58.963
808,Curacao,CUW,1963,130860.0,75.875
809,Cyprus,CYP,1963,577912.0,37.176
810,Czech Republic,CZE,1963,9670685.0,61.044
811,Denmark,DNK,1963,4684483.0,75.757
812,Djibouti,DJI,1963,100622.0,53.787
813,Dominica,DMA,1963,62920.0,38.046
814,Dominican Republic,DOM,1963,3638628.0,33.061
815,Ecuador,ECU,1963,4953735.0,35.606
816,"Egypt, Arab Rep.",EGY,1963,29322709.0,38.977
817,El Salvador,SLV,1963,3015885.0,38.712
818,Equatorial Guinea,GNQ,1963,260990.0,26.323
819,Eritrea,ERI,1963,1512671.0,10.703
820,Estonia,EST,1963,1258857.0,59.836000000000006
821,Ethiopia,ETH,1963,23798378.0,7.104
822,Faeroe Islands,FRO,1963,35550.0,23.805
823,Fiji,FJI,1963,436208.0,31.403
824,Finland,FIN,1963,4523309.0,57.998000000000005
825,France,FRA,1963,48803680.0,64.702
826,French Polynesia,PYF,1963,86839.0,45.389
827,Gabon,GAB,1963,516270.0,20.923
828,"Gambia, The",GMB,1963,389070.0,12.862
829,Georgia,GEO,1963,3816100.0,44.544
830,Germany,DEU,1963,74714353.0,71.82600000000001
831,Ghana,GHA,1963,7303432.0,24.915
832,Greece,GRC,1963,8479625.0,58.222
833,Greenland,GRL,1963,36400.0,62.983
834,Grenada,GRD,1963,93354.0,30.895
835,Guam,GUM,1963,71289.0,53.396
836,Guatemala,GTM,1963,4476923.0,33.086
837,Guinea,GIN,1963,3749920.0,11.919
838,Guinea-Bissau,GNB,1963,636593.0,14.045
839,Guyana,GUY,1963,618887.0,29.129
840,Haiti,HTI,1963,4103732.0,16.762
841,Honduras,HND,1963,2211144.0,24.491
842,"Hong Kong SAR, China",HKG,1963,3420900.0,85.867
843,Hungary,HUN,1963,10087947.0,57.181
844,Iceland,ISL,1963,185653.0,81.781
845,India,IND,1963,477729958.0,18.405
846,Indonesia,IDN,1963,95055669.0,15.299
847,"Iran, Islamic Rep.",IRN,1963,23680433.0,35.718
848,Iraq,IRQ,1963,7888914.0,47.532
849,Ireland,IRL,1963,2852650.0,47.473
850,Isle of Man,IMY,1963,49089.0,55.826
851,Israel,ISR,1963,2379000.0,79.502
852,Italy,ITA,1963,51252000.0,60.853
853,Jamaica,JAM,1963,1707019.0,35.985
854,Japan,JPN,1963,96812000.0,66.064
855,Jordan,JOR,1963,999392.0,53.565
856,Kazakhstan,KAZ,1963,10913552.0,45.847
857,Kenya,KEN,1963,8908425.0,8.038
858,Kiribati,KIR,1963,44372.0,18.233
859,"Korea, Dem. Rep.",PRK,1963,12065470.0,43.11600000000001
860,"Korea, Rep.",KOR,1963,27261747.0,30.407
861,Kuwait,KWT,1963,381665.0,77.51100000000001
862,Kyrgyz Republic,KGZ,1963,2413700.0,35.178000000000004
863,Lao PDR,LAO,1963,2272078.0,8.17
864,Latvia,LVA,1963,2210919.0,55.253
865,Lebanon,LBN,1963,1984982.0,47.475
866,Lesotho,LSO,1963,898342.0,5.029
867,Liberia,LBR,1963,1196588.0,20.664
868,Libya,LBY,1963,1592111.0,29.998
869,Liechtenstein,LIE,1963,17722.0,19.89
870,Lithuania,LTU,1963,2898950.0,42.434
871,Luxembourg,LUX,1963,324100.0,70.953
872,"Macao SAR, China",MAC,1963,188703.0,95.773
873,"Macedonia, FYR",MKD,1963,1547445.0,37.75
874,Madagascar,MDG,1963,5486593.0,11.657
875,Malawi,MWI,1963,3872124.0,4.694
876,Malaysia,MYS,1963,8999247.0,28.558000000000003
877,Maldives,MDV,1963,97556.0,11.345
878,Mali,MLI,1963,5441611.0,11.97
879,Malta,MLT,1963,322550.0,89.948
880,Marshall Islands,MHL,1963,16111.0,39.776
881,Mauritania,MRT,1963,936014.0,8.671
882,Mauritius,MUS,1963,718861.0,35.056
883,Mexico,MEX,1963,41939880.0,53.265
884,"Micronesia, Fed. Sts.",FSM,1963,48875.0,23.042
885,Moldova,MDA,1963,2721000.0,25.856
886,Monaco,MCO,1963,23169.0,100.0
887,Mongolia,MNG,1963,1042383.0,41.056
888,Montenegro,MNE,1963,491491.0,20.993
889,Morocco,MAR,1963,13488517.0,30.846
890,Mozambique,MOZ,1963,7961458.0,5.345
891,Myanmar,MMR,1963,22947286.0,20.259
892,Namibia,NAM,1963,648668.0,19.17
893,Nepal,NPL,1963,10544586.0,3.653
894,Netherlands,NLD,1963,11965966.0,60.387
895,New Caledonia,NCL,1963,85700.0,41.684
896,New Zealand,NZL,1963,2531800.0,77.73
897,Nicaragua,NIC,1963,1943591.0,41.005
898,Niger,NER,1963,3703159.0,6.259
899,Nigeria,NGA,1963,48128460.0,16.087
900,Northern Mariana Islands,MNP,1963,10709.0,55.771
901,Norway,NOR,1963,3666537.0,54.302
902,Oman,OMN,1963,593504.0,19.794
903,Pakistan,PAK,1963,48312888.0,23.002
904,Palau,PLW,1963,10381.0,57.696000000000005
905,Panama,PAN,1963,1238824.0,43.137
906,Papua New Guinea,PNG,1963,2075630.0,4.694
907,Paraguay,PRY,1963,2058916.0,35.916
908,Peru,PER,1963,10961539.0,49.632
909,Philippines,PHL,1963,29016770.0,31.077
910,Poland,POL,1963,30712000.0,49.326
911,Portugal,PRT,1963,9030355.0,36.101
912,Puerto Rico,PRI,1963,2504530.0,48.724
913,Qatar,QAT,1963,61647.0,86.5
914,Romania,ROM,1963,18797850.0,36.284
915,Russian Federation,RUS,1963,123960000.0,56.408
916,Rwanda,RWA,1963,3102968.0,2.766
917,Samoa,WSM,1963,119564.0,19.141
918,San Marino,SMR,1963,16616.0,52.206
919,Sao Tome and Principe,STP,1963,64181.0,19.194000000000003
920,Saudi Arabia,SAU,1963,4516663.0,35.011
921,Senegal,SEN,1963,3450418.0,24.973000000000003
922,Seychelles,SYC,1963,45176.0,30.877
923,Sierra Leone,SLE,1963,2269890.0,19.06
924,Singapore,SGP,1963,1795000.0,100.0
925,Slovak Republic,SVK,1963,4282017.0,35.483000000000004
926,Slovenia,SVN,1963,1616971.0,30.776
927,Solomon Islands,SLB,1963,128863.0,6.6160000000000005
928,Somalia,SOM,1963,2937360.0,18.92
929,South Africa,ZAF,1963,18936138.0,47.02
930,South Sudan,SSD,1963,3131686.0,8.714
931,Spain,ESP,1963,31296651.0,59.306
932,Sri Lanka,LKA,1963,10582000.0,16.916
933,St. Kitts and Nevis,KNA,1963,50533.0,29.545
934,St. Lucia,LCA,1963,93397.0,22.174
935,St. Vincent and the Grenadines,VCT,1963,84167.0,27.314
936,Sudan,SDN,1963,8223613.0,12.262
937,Suriname,SUR,1963,314530.0,47.372
938,Swaziland,SWZ,1963,373991.0,5.312
939,Sweden,SWE,1963,7604328.0,75.223
940,Switzerland,CHE,1963,5694247.0,52.946000000000005
941,Syrian Arab Republic,SYR,1963,5057825.0,38.694
942,Tajikistan,TJK,1963,2312193.0,34.351
943,Tanzania,TZA,1963,11005882.0,5.704
944,Thailand,THA,1963,29967043.0,20.0
945,Timor-Leste,TMP,1963,526936.0,10.785
946,Togo,TGO,1963,1631763.0,12.811
947,Tonga,TON,1963,69000.0,18.701
948,Trinidad and Tobago,TTO,1963,892571.0,15.493
949,Tunisia,TUN,1963,4436643.0,38.833
950,Turkey,TUR,1963,29597047.0,33.137
951,Turkmenistan,TKM,1963,1769008.0,46.848
952,Turks and Caicos Islands,TCA,1963,5741.0,48.706
953,Tuvalu,TUV,1963,6542.0,17.587
954,Uganda,UGA,1963,7487411.0,5.045
955,Ukraine,UKR,1963,44285897.0,49.04600000000001
956,United Arab Emirates,ARE,1963,125216.0,76.093
957,United Kingdom,GBR,1963,53650000.0,78.09899999999999
958,United States,USA,1963,189242000.0,71.134
959,Uruguay,URY,1963,2635128.0,80.899
960,Uzbekistan,UZB,1963,9611601.0,34.762
961,Vanuatu,VUT,1963,69962.0,10.95
962,"Venezuela, RB",VEN,1963,9130346.0,64.977
963,Vietnam,VNM,1963,36836000.0,15.714
964,Virgin Islands (U.S.),VIR,1963,38700.0,60.604
965,"Yemen, Rep.",YEM,1963,5429501.0,10.216
966,Zambia,ZMB,1963,3342894.0,20.712
967,Zimbabwe,ZWE,1963,4140804.0,13.578
968,Arab World,ARB,1964,103273929.0,34.3584317072511
969,Caribbean small states,CSS,1964,4514432.0,32.5806173693612
970,Central Europe and the Baltics,CEB,1964,94722599.0,47.2087429803526
971,East Asia & Pacific (all income levels),EAS,1964,1110558625.0,24.595193258703297
972,East Asia & Pacific (developing only),EAP,1964,952838633.0,18.817780218554606
973,Euro area,EMU,1964,275382199.0,64.189335597371
974,Europe & Central Asia (all income levels),ECS,1964,698998988.0,57.57105308357721
975,Europe & Central Asia (developing only),ECA,1964,166977242.0,40.8374915604395
976,European Union,EUU,1964,424075860.0,63.1099687808214
977,Fragile and conflict affected situations,FCS,1964,132146798.0,20.0017779749052
978,Heavily indebted poor countries (HIPC),HPC,1964,178802599.0,13.7135985090687
979,High income,HIC,1964,956921525.0,64.9737088353186
980,High income: nonOECD,NOC,1964,198896794.0,59.5671376912611
981,High income: OECD,OEC,1964,758024731.0,66.3048976412354
982,Latin America & Caribbean (all income levels),LCN,1964,246458356.0,52.481990992678
983,Latin America & Caribbean (developing only),LAC,1964,199754929.0,48.3138316963282
984,Least developed countries: UN classification,LDC,1964,265039360.0,10.7068689819542
985,Low & middle income,LMY,1964,2302381215.0,23.124570297954698
986,Low income,LIC,1964,171657780.0,12.6606259161455
987,Lower middle income,LMC,1964,1032387068.0,20.851583201975
988,Middle East & North Africa (all income levels),MEA,1964,117734910.0,38.061536429551786
989,Middle East & North Africa (developing only),MNA,1964,108832515.0,36.782248047424105
990,Middle income,MIC,1964,2130723435.0,23.9679941924847
991,North America,NAC,1964,211262900.0,71.569387653961
992,OECD members,OED,1964,831581967.0,64.4814562688804
993,Other small states,OSS,1964,7129954.0,16.4166689940777
994,Pacific island small states,PSS,1964,980370.0,23.801164381815
995,Small states,SST,1964,12624756.0,22.7701053325704
996,South Asia,SAS,1964,623073110.0,17.438883934606
997,Sub-Saharan Africa (all income levels),SSF,1964,251215851.0,15.9212861496745
998,Sub-Saharan Africa (developing only),SSA,1964,250904786.0,15.9072489958163
999,Upper middle income,UMC,1964,1098336367.0,26.8943018976681
1000,World,WLD,1964,3259302740.0,35.3036856602154
1001,Afghanistan,AFG,1964,9728645.0,9.426
1002,Albania,ALB,1964,1814135.0,31.158
1003,Algeria,DZA,1964,12295973.0,36.141
1004,American Samoa,ASM,1964,22701.0,67.916
1005,Andorra,ADO,1964,17470.0,68.205
1006,Angola,AGO,1964,5665701.0,12.058
1007,Antigua and Barbuda,ATG,1964,58500.0,37.211
1008,Argentina,ARG,1964,21953926.0,75.844
1009,Armenia,ARM,1964,2138133.0,54.758
1010,Aruba,ABW,1964,57029.0,50.715
1011,Australia,AUS,1964,11167000.0,83.11
1012,Austria,AUT,1964,7223801.0,64.962
1013,Azerbaijan,AZE,1964,4445653.0,51.464
1014,"Bahamas, The",BHS,1964,133697.0,62.642
1015,Bahrain,BHR,1964,182774.0,82.389
1016,Bangladesh,BGD,1964,54129390.0,5.964
1017,Barbados,BRB,1964,234547.0,37.068000000000005
1018,Belarus,BLR,1964,8524224.0,37.0
1019,Belgium,BEL,1964,9378113.0,92.988
1020,Belize,BLZ,1964,103070.0,52.79
1021,Benin,BEN,1964,2586362.0,11.800999999999998
1022,Bermuda,BMU,1964,48900.0,100.0
1023,Bhutan,BTN,1964,246324.0,4.446000000000001
1024,Bolivia,BOL,1964,3990855.0,37.957
1025,Bosnia and Herzegovina,BIH,1964,3468083.0,22.004
1026,Botswana,BWA,1964,579560.0,3.318
1027,Brazil,BRA,1964,81751802.0,50.059
1028,Brunei Darussalam,BRN,1964,97933.0,50.776
1029,Bulgaria,BGR,1964,8144340.0,43.987
1030,Burkina Faso,BFA,1964,5098892.0,5.095
1031,Burundi,BDI,1964,3011957.0,2.233
1032,Cabo Verde,CPV,1964,223854.0,17.787
1033,Cambodia,KHM,1964,6329411.0,10.662
1034,Cameroon,CMR,1964,5850454.0,16.255
1035,Canada,CAN,1964,19325000.0,72.107
1036,Cayman Islands,CYM,1964,8299.0,100.0
1037,Central African Republic,CAF,1964,1616515.0,22.803
1038,Chad,TCD,1964,3247798.0,7.877000000000001
1039,Channel Islands,CHI,1964,113778.0,37.646
1040,Chile,CHL,1964,8423614.0,70.955
1041,China,CHN,1964,698355000.0,18.299
1042,Colombia,COL,1964,18581972.0,50.24
1043,Comoros,COM,1964,201665.0,16.004
1044,"Congo, Dem. Rep.",ZAR,1964,16903899.0,23.204
1045,"Congo, Rep.",COG,1964,1126602.0,34.524
1046,Costa Rica,CRI,1964,1537035.0,35.197
1047,Cote d'Ivoire,CIV,1964,4049675.0,23.007
1048,Croatia,HRV,1964,4259680.0,33.972
1049,Cuba,CUB,1964,7787149.0,59.15
1050,Curacao,CUW,1964,133148.0,76.255
1051,Cyprus,CYP,1964,578629.0,37.681
1052,Czech Republic,CZE,1964,9727804.0,61.532
1053,Denmark,DNK,1964,4722072.0,76.40899999999999
1054,Djibouti,DJI,1964,107584.0,54.952
1055,Dominica,DMA,1964,63921.0,38.113
1056,Dominican Republic,DOM,1964,3757962.0,34.044000000000004
1057,Ecuador,ECU,1964,5099470.0,36.122
1058,"Egypt, Arab Rep.",EGY,1964,30094082.0,39.331
1059,El Salvador,SLV,1964,3106186.0,38.811
1060,Equatorial Guinea,GNQ,1964,264743.0,26.413
1061,Eritrea,ERI,1964,1550297.0,11.039
1062,Estonia,EST,1964,1277086.0,60.596
1063,Ethiopia,ETH,1964,24396965.0,7.342
1064,Faeroe Islands,FRO,1964,35946.0,24.669
1065,Fiji,FJI,1964,450452.0,31.991
1066,Finland,FIN,1964,4548543.0,58.832
1067,France,FRA,1964,49449403.0,65.898
1068,French Polynesia,PYF,1964,90132.0,46.783
1069,Gabon,GAB,1964,523793.0,22.318
1070,"Gambia, The",GMB,1964,394552.0,13.677
1071,Georgia,GEO,1964,3870300.0,45.039
1072,Germany,DEU,1964,75318337.0,71.891
1073,Ghana,GHA,1964,7513286.0,25.488000000000003
1074,Greece,GRC,1964,8510429.0,59.099
1075,Greenland,GRL,1964,37600.0,64.53399999999999
1076,Grenada,GRD,1964,94066.0,31.085
1077,Guam,GUM,1964,73048.0,54.475
1078,Guatemala,GTM,1964,4600846.0,33.681999999999995
1079,Guinea,GIN,1964,3812004.0,12.439
1080,Guinea-Bissau,GNB,1964,643962.0,14.197
1081,Guyana,GUY,1964,635778.0,29.169
1082,Haiti,HTI,1964,4186636.0,17.168
1083,Honduras,HND,1964,2282764.0,25.094
1084,"Hong Kong SAR, China",HKG,1964,3504600.0,86.147
1085,Hungary,HUN,1964,10119835.0,57.603
1086,Iceland,ISL,1964,188983.0,82.256
1087,India,IND,1964,487690114.0,18.595
1088,Indonesia,IDN,1964,97638027.0,15.543
1089,"Iran, Islamic Rep.",IRN,1964,24308080.0,36.391
1090,Iraq,IRQ,1964,8122200.0,49.093
1091,Ireland,IRL,1964,2866550.0,48.091
1092,Isle of Man,IMY,1964,49818.0,56.066
1093,Israel,ISR,1964,2475000.0,80.232
1094,Italy,ITA,1964,51675350.0,61.35
1095,Jamaica,JAM,1964,1734763.0,36.74
1096,Japan,JPN,1964,97826000.0,66.972
1097,Jordan,JOR,1964,1060998.0,53.914
1098,Kazakhstan,KAZ,1964,11267329.0,46.4
1099,Kenya,KEN,1964,9200158.0,8.318
1100,Kiribati,KIR,1964,45424.0,18.92
1101,"Korea, Dem. Rep.",PRK,1964,12282421.0,44.102
1102,"Korea, Rep.",KOR,1964,27984155.0,31.372
1103,Kuwait,KWT,1964,431366.0,78.34100000000001
1104,Kyrgyz Republic,KGZ,1964,2495300.0,35.515
1105,Lao PDR,LAO,1964,2325742.0,8.246
1106,Latvia,LVA,1964,2240623.0,56.045
1107,Lebanon,LBN,1964,2041212.0,49.207
1108,Lesotho,LSO,1964,915473.0,5.6610000000000005
1109,Liberia,LBR,1964,1224094.0,21.378
1110,Libya,LBY,1964,1652294.0,30.924
1111,Liechtenstein,LIE,1964,18170.0,19.679
1112,Lithuania,LTU,1964,2935200.0,43.441
1113,Luxembourg,LUX,1964,327750.0,71.459
1114,"Macao SAR, China",MAC,1964,197523.0,95.98
1115,"Macedonia, FYR",MKD,1964,1569143.0,39.047
1116,Madagascar,MDG,1964,5625401.0,12.014
1117,Malawi,MWI,1964,3963424.0,4.8
1118,Malaysia,MYS,1964,9287442.0,29.232
1119,Maldives,MDV,1964,100177.0,11.404000000000002
1120,Mali,MLI,1964,5503748.0,12.286
1121,Malta,MLT,1964,321250.0,89.88600000000001
1122,Marshall Islands,MHL,1964,16702.0,41.214
1123,Mauritania,MRT,1964,963746.0,9.357
1124,Mauritius,MUS,1964,736381.0,36.023
1125,Mexico,MEX,1964,43264267.0,54.1
1126,"Micronesia, Fed. Sts.",FSM,1964,50483.0,23.289
1127,Moldova,MDA,1964,2774000.0,26.703000000000003
1128,Monaco,MCO,1964,23237.0,100.0
1129,Mongolia,MNG,1964,1074517.0,41.585
1130,Montenegro,MNE,1964,496685.0,21.77
1131,Morocco,MAR,1964,13871988.0,31.353
1132,Mozambique,MOZ,1964,8129268.0,5.555
1133,Myanmar,MMR,1964,23471163.0,20.613000000000003
1134,Namibia,NAM,1964,665297.0,19.6
1135,Nepal,NPL,1964,10719988.0,3.695
1136,Netherlands,NLD,1964,12127120.0,60.57
1137,New Caledonia,NCL,1964,88100.0,43.161
1138,New Zealand,NZL,1964,2585400.0,78.317
1139,Nicaragua,NIC,1964,2002119.0,41.855
1140,Niger,NER,1964,3811813.0,6.529
1141,Nigeria,NGA,1964,49169819.0,16.317999999999998
1142,Northern Mariana Islands,MNP,1964,10901.0,57.274
1143,Norway,NOR,1964,3694339.0,55.944
1144,Oman,OMN,1964,608889.0,21.04
1145,Pakistan,PAK,1964,49555472.0,23.256
1146,Palau,PLW,1964,10593.0,57.987
1147,Panama,PAN,1964,1276274.0,43.784
1148,Papua New Guinea,PNG,1964,2116832.0,5.069
1149,Paraguay,PRY,1964,2114095.0,36.079
1150,Peru,PER,1964,11281015.0,50.752
1151,Philippines,PHL,1964,29962877.0,31.34
1152,Poland,POL,1964,31139450.0,49.727
1153,Portugal,PRT,1964,9035365.0,36.483
1154,Puerto Rico,PRI,1964,2554066.0,50.126000000000005
1155,Qatar,QAT,1964,67487.0,86.78
1156,Romania,ROM,1964,18919126.0,36.989
1157,Russian Federation,RUS,1964,125345000.0,57.294
1158,Rwanda,RWA,1964,3161719.0,2.824
1159,Samoa,WSM,1964,123354.0,19.221
1160,San Marino,SMR,1964,17033.0,53.307
1161,Sao Tome and Principe,STP,1964,64209.0,20.484
1162,Saudi Arabia,SAU,1964,4677409.0,36.872
1163,Senegal,SEN,1964,3547939.0,25.657
1164,Seychelles,SYC,1964,46322.0,31.991
1165,Sierra Leone,SLE,1964,2301023.0,19.712
1166,Singapore,SGP,1964,1841600.0,100.0
1167,Slovak Republic,SVK,1964,4327341.0,36.26
1168,Slovenia,SVN,1964,1632114.0,31.631
1169,Solomon Islands,SLB,1964,132787.0,6.924
1170,Somalia,SOM,1964,3002173.0,19.453
1171,South Africa,ZAF,1964,19390554.0,47.13399999999999
1172,South Sudan,SSD,1964,3196258.0,8.702
1173,Spain,ESP,1964,31609195.0,60.298
1174,Sri Lanka,LKA,1964,10903000.0,17.267
1175,St. Kitts and Nevis,KNA,1964,49934.0,30.197
1176,St. Lucia,LCA,1964,94813.0,22.416
1177,St. Vincent and the Grenadines,VCT,1964,85076.0,27.781
1178,Sudan,SDN,1964,8475765.0,12.808
1179,Suriname,SUR,1964,322995.0,47.341
1180,Swaziland,SWZ,1964,382575.0,5.876
1181,Sweden,SWE,1964,7661354.0,76.153
1182,Switzerland,CHE,1964,5789228.0,53.583
1183,Syrian Arab Republic,SYR,1964,5224579.0,39.349
1184,Tajikistan,TJK,1964,2401598.0,34.751
1185,Tanzania,TZA,1964,11339076.0,5.865
1186,Thailand,THA,1964,30881332.0,20.11
1187,Timor-Leste,TMP,1964,536798.0,11.066
1188,Togo,TGO,1964,1662072.0,13.847
1189,Tonga,TON,1964,71757.0,19.098
1190,Trinidad and Tobago,TTO,1964,903272.0,14.91
1191,Tunisia,TUN,1964,4530835.0,39.279
1192,Turkey,TUR,1964,30292969.0,33.68
1193,Turkmenistan,TKM,1964,1829697.0,46.993
1194,Turks and Caicos Islands,TCA,1964,5705.0,49.049
1195,Tuvalu,TUV,1964,6687.0,18.183
1196,Uganda,UGA,1964,7746181.0,5.273
1197,Ukraine,UKR,1964,44794325.0,49.8
1198,United Arab Emirates,ARE,1964,138220.0,76.919
1199,United Kingdom,GBR,1964,54000000.0,77.96
1200,United States,USA,1964,191889000.0,71.508
1201,Uruguay,URY,1964,2665387.0,81.11399999999999
1202,Uzbekistan,UZB,1964,9917202.0,35.025
1203,Vanuatu,VUT,1964,72131.0,11.138
1204,"Venezuela, RB",VEN,1964,9476255.0,66.009
1205,Vietnam,VNM,1964,37574000.0,16.064
1206,Virgin Islands (U.S.),VIR,1964,41300.0,61.952
1207,"Yemen, Rep.",YEM,1964,5522690.0,10.614
1208,Zambia,ZMB,1964,3449266.0,22.015
1209,Zimbabwe,ZWE,1964,4279561.0,14.092
1210,Arab World,ARB,1965,106192292.0,35.198506075393894
1211,Caribbean small states,CSS,1965,4586896.0,32.8442647143079
1212,Central Europe and the Baltics,CEB,1965,95447065.0,47.8803084429574
1213,East Asia & Pacific (all income levels),EAS,1965,1136727872.0,24.589872112869102
1214,East Asia & Pacific (developing only),EAP,1965,976409639.0,18.7474090387774
1215,Euro area,EMU,1965,277856708.0,64.7470759963621
1216,Europe & Central Asia (all income levels),ECS,1965,706643949.0,58.139960141788215
1217,Europe & Central Asia (developing only),ECA,1965,169769768.0,41.5539955701454
1218,European Union,EUU,1965,427592610.0,63.6042149130664
1219,Fragile and conflict affected situations,FCS,1965,135445183.0,20.5956327901806
1220,Heavily indebted poor countries (HIPC),HPC,1965,183294395.0,14.1235995938774
1221,High income,HIC,1965,968445169.0,65.5516041580346
1222,High income: nonOECD,NOC,1965,201980369.0,60.42766381814611
1223,High income: OECD,OEC,1965,766464800.0,66.81727573263251
1224,Latin America & Caribbean (all income levels),LCN,1965,253195267.0,53.2433113275144
1225,Latin America & Caribbean (developing only),LAC,1965,205534363.0,49.133580914880895
1226,Least developed countries: UN classification,LDC,1965,271723894.0,11.0134065282974
1227,Low & middle income,LMY,1965,2357554897.0,23.3492130514564
1228,Low income,LIC,1965,175683056.0,12.9843856837964
1229,Lower middle income,LMC,1965,1056418410.0,21.1272860746903
1230,Middle East & North Africa (all income levels),MEA,1965,121023167.0,38.895758659356495
1231,Middle East & North Africa (developing only),MNA,1965,111779343.0,37.55339021519389
1232,Middle income,MIC,1965,2181871841.0,24.184195484288303
1233,North America,NAC,1965,214031100.0,71.9787176396327
1234,OECD members,OED,1965,842088008.0,64.9876501531144
1235,Other small states,OSS,1965,7279828.0,17.0745874729458
1236,Pacific island small states,PSS,1965,1010026.0,24.2418483682598
1237,Small states,SST,1965,12876750.0,23.2541738835498
1238,South Asia,SAS,1965,636963781.0,17.6344227873358
1239,Sub-Saharan Africa (all income levels),SSF,1965,257414930.0,16.264813344400803
1240,Sub-Saharan Africa (developing only),SSA,1965,257098003.0,16.2509706139491
1241,Upper middle income,UMC,1965,1125453431.0,27.050666846672
1242,World,WLD,1965,3326000066.0,35.5271668511051
1243,Afghanistan,AFG,1965,9935358.0,9.75
1244,Albania,ALB,1965,1864791.0,31.23
1245,Algeria,DZA,1965,12626953.0,37.643
1246,American Samoa,ASM,1965,23518.0,68.334
1247,Andorra,ADO,1965,18551.0,70.445
1248,Angola,AGO,1965,5765025.0,12.504
1249,Antigua and Barbuda,ATG,1965,59653.0,36.61
1250,Argentina,ARG,1965,22283389.0,76.369
1251,Armenia,ARM,1965,2204650.0,55.622
1252,Aruba,ABW,1965,57360.0,50.7
1253,Australia,AUS,1965,11388000.0,83.485
1254,Austria,AUT,1965,7270889.0,65.01100000000001
1255,Azerbaijan,AZE,1965,4579759.0,51.164
1256,"Bahamas, The",BHS,1965,140049.0,63.343
1257,Bahrain,BHR,1965,187348.0,82.5
1258,Bangladesh,BGD,1965,55835020.0,6.211
1259,Barbados,BRB,1965,235373.0,37.141
1260,Belarus,BLR,1965,8610000.0,38.127
1261,Belgium,BEL,1965,9463667.0,93.137
1262,Belize,BLZ,1965,106121.0,52.481
1263,Benin,BEN,1965,2632360.0,12.519
1264,Bermuda,BMU,1965,50100.0,100.0
1265,Bhutan,BTN,1965,252629.0,4.687
1266,Bolivia,BOL,1965,4070590.0,38.257
1267,Bosnia and Herzegovina,BIH,1965,3524596.0,22.817
1268,Botswana,BWA,1965,595741.0,3.839
1269,Brazil,BRA,1965,84130061.0,51.037
1270,Brunei Darussalam,BRN,1965,102525.0,52.625
1271,Bulgaria,BGR,1965,8204168.0,45.755
1272,Burkina Faso,BFA,1965,5174869.0,5.198
1273,Burundi,BDI,1965,3079034.0,2.294
1274,Cabo Verde,CPV,1965,231427.0,18.073
1275,Cambodia,KHM,1965,6467196.0,10.83
1276,Cameroon,CMR,1965,5987671.0,16.88
1277,Canada,CAN,1965,19678000.0,72.892
1278,Cayman Islands,CYM,1965,8371.0,100.0
1279,Central African Republic,CAF,1965,1648830.0,23.519
1280,Chad,TCD,1965,3310921.0,8.406
1281,Channel Islands,CHI,1965,114992.0,37.385
1282,Chile,CHL,1965,8612074.0,71.696
1283,China,CHN,1965,715185000.0,18.086
1284,Colombia,COL,1965,19144220.0,51.022
1285,Comoros,COM,1965,205412.0,16.977999999999998
1286,"Congo, Dem. Rep.",ZAR,1965,17369859.0,23.434
1287,"Congo, Rep.",COG,1965,1157905.0,35.273
1288,Costa Rica,CRI,1965,1589625.0,35.791
1289,Cote d'Ivoire,CIV,1965,4219739.0,24.5
1290,Croatia,HRV,1965,4287000.0,34.977
1291,Cuba,CUB,1965,7951928.0,59.337
1292,Curacao,CUW,1965,135266.0,76.631
1293,Cyprus,CYP,1965,580971.0,38.188
1294,Czech Republic,CZE,1965,9779358.0,62.016000000000005
1295,Denmark,DNK,1965,4759012.0,77.048
1296,Djibouti,DJI,1965,114963.0,56.109
1297,Dominica,DMA,1965,65038.0,38.18
1298,Dominican Republic,DOM,1965,3878952.0,35.039
1299,Ecuador,ECU,1965,5250120.0,36.64
1300,"Egypt, Arab Rep.",EGY,1965,30872982.0,39.686
1301,El Salvador,SLV,1965,3197865.0,38.909
1302,Equatorial Guinea,GNQ,1965,269427.0,26.502
1303,Eritrea,ERI,1965,1589187.0,11.383
1304,Estonia,EST,1965,1294566.0,61.348
1305,Ethiopia,ETH,1965,25013551.0,7.587000000000001
1306,Faeroe Islands,FRO,1965,36363.0,25.553
1307,Fiji,FJI,1965,463884.0,32.582
1308,Finland,FIN,1965,4563732.0,59.658
1309,France,FRA,1965,50023774.0,67.071
1310,French Polynesia,PYF,1965,93440.0,48.178
1311,Gabon,GAB,1965,532512.0,23.775
1312,"Gambia, The",GMB,1965,400865.0,14.533
1313,Georgia,GEO,1965,3921600.0,45.534
1314,Germany,DEU,1965,75963695.0,71.955
1315,Ghana,GHA,1965,7710547.0,26.067
1316,Greece,GRC,1965,8550333.0,59.969
1317,Greenland,GRL,1965,39200.0,66.05
1318,Grenada,GRD,1965,94579.0,31.274
1319,Guam,GUM,1965,74827.0,55.548
1320,Guatemala,GTM,1965,4728203.0,33.989000000000004
1321,Guinea,GIN,1965,3877804.0,12.978
1322,Guinea-Bissau,GNB,1965,652566.0,14.349
1323,Guyana,GUY,1965,650379.0,29.209
1324,Haiti,HTI,1965,4271133.0,17.58
1325,Honduras,HND,1965,2352637.0,25.704
1326,"Hong Kong SAR, China",HKG,1965,3597900.0,86.42200000000001
1327,Hungary,HUN,1965,10147935.0,58.022
1328,Iceland,ISL,1965,192286.0,82.72
1329,India,IND,1965,497920270.0,18.785
1330,Indonesia,IDN,1965,100308896.0,15.789
1331,"Iran, Islamic Rep.",IRN,1965,24955116.0,37.068000000000005
1332,Iraq,IRQ,1965,8375791.0,50.651
1333,Ireland,IRL,1965,2877300.0,48.709
1334,Isle of Man,IMY,1965,50713.0,56.305
1335,Israel,ISR,1965,2563000.0,80.94
1336,Italy,ITA,1965,52112350.0,61.843
1337,Jamaica,JAM,1965,1760000.0,37.499
1338,Japan,JPN,1965,98883000.0,67.866
1339,Jordan,JOR,1965,1128000.0,54.262
1340,Kazakhstan,KAZ,1965,11588870.0,47.047
1341,Kenya,KEN,1965,9504702.0,8.605
1342,Kiribati,KIR,1965,46455.0,19.625
1343,"Korea, Dem. Rep.",PRK,1965,12547524.0,45.091
1344,"Korea, Rep.",KOR,1965,28704674.0,32.351
1345,Kuwait,KWT,1965,482173.0,79.273
1346,Kyrgyz Republic,KGZ,1965,2573300.0,35.851
1347,Lao PDR,LAO,1965,2381063.0,8.323
1348,Latvia,LVA,1965,2265919.0,56.832
1349,Lebanon,LBN,1965,2092354.0,50.935
1350,Lesotho,LSO,1965,933251.0,6.3660000000000005
1351,Liberia,LBR,1965,1252968.0,22.108
1352,Libya,LBY,1965,1717255.0,33.666
1353,Liechtenstein,LIE,1965,18647.0,19.471
1354,Lithuania,LTU,1965,2971450.0,44.45
1355,Luxembourg,LUX,1965,331500.0,71.958
1356,"Macao SAR, China",MAC,1965,206910.0,96.177
1357,"Macedonia, FYR",MKD,1965,1592434.0,40.355
1358,Madagascar,MDG,1965,5769219.0,12.379
1359,Malawi,MWI,1965,4058680.0,4.908
1360,Malaysia,MYS,1965,9569784.0,29.913
1361,Maldives,MDV,1965,102723.0,11.458
1362,Mali,MLI,1965,5568485.0,12.608
1363,Malta,MLT,1965,318800.0,89.825
1364,Marshall Islands,MHL,1965,17283.0,42.663
1365,Mauritania,MRT,1965,992368.0,10.09
1366,Mauritius,MUS,1965,753000.0,36.999
1367,Mexico,MEX,1965,44623041.0,54.931
1368,"Micronesia, Fed. Sts.",FSM,1965,52238.0,23.537
1369,Moldova,MDA,1965,2825000.0,27.566
1370,Monaco,MCO,1965,23283.0,100.0
1371,Mongolia,MNG,1965,1107125.0,42.114
1372,Montenegro,MNE,1965,501768.0,22.566
1373,Morocco,MAR,1965,14248426.0,31.862
1374,Mozambique,MOZ,1965,8302736.0,5.771
1375,Myanmar,MMR,1965,24023640.0,20.971
1376,Namibia,NAM,1965,682553.0,20.035
1377,Nepal,NPL,1965,10905006.0,3.737
1378,Netherlands,NLD,1965,12294732.0,60.753
1379,New Caledonia,NCL,1965,90500.0,44.646
1380,New Zealand,NZL,1965,2628400.0,78.891
1381,Nicaragua,NIC,1965,2062633.0,42.707
1382,Niger,NER,1965,3921581.0,6.809
1383,Nigeria,NGA,1965,50238569.0,16.551
1384,Northern Mariana Islands,MNP,1965,11157.0,58.75899999999999
1385,Norway,NOR,1965,3723168.0,57.568000000000005
1386,Oman,OMN,1965,625007.0,22.338
1387,Pakistan,PAK,1965,50848775.0,23.511
1388,Palau,PLW,1965,10782.0,58.276
1389,Panama,PAN,1965,1314627.0,44.431
1390,Papua New Guinea,PNG,1965,2161103.0,5.47
1391,Paraguay,PRY,1965,2170853.0,36.243
1392,Peru,PER,1965,11607684.0,51.868
1393,Philippines,PHL,1965,30913931.0,31.604
1394,Poland,POL,1965,31444950.0,50.126000000000005
1395,Portugal,PRT,1965,8998595.0,36.866
1396,Puerto Rico,PRI,1965,2594000.0,51.524
1397,Qatar,QAT,1965,73543.0,87.054
1398,Romania,ROM,1965,19031576.0,37.697
1399,Russian Federation,RUS,1965,126745000.0,58.173
1400,Rwanda,RWA,1965,3232937.0,2.882
1401,Samoa,WSM,1965,127068.0,19.301
1402,San Marino,SMR,1965,17440.0,54.402
1403,Sao Tome and Principe,STP,1965,64797.0,21.833
1404,Saudi Arabia,SAU,1965,4843635.0,38.769
1405,Senegal,SEN,1965,3649308.0,26.351
1406,Seychelles,SYC,1965,47500.0,33.123000000000005
1407,Sierra Leone,SLE,1965,2332999.0,20.379
1408,Singapore,SGP,1965,1886900.0,100.0
1409,Slovak Republic,SVK,1965,4370983.0,37.043
1410,Slovenia,SVN,1965,1649160.0,32.497
1411,Solomon Islands,SLB,1965,136847.0,7.245
1412,Somalia,SOM,1965,3069558.0,19.964
1413,South Africa,ZAF,1965,19832000.0,47.248000000000005
1414,South Sudan,SSD,1965,3263767.0,8.69
1415,Spain,ESP,1965,31954292.0,61.278
1416,Sri Lanka,LKA,1965,11164000.0,17.625999999999998
1417,St. Kitts and Nevis,KNA,1965,49211.0,30.855
1418,St. Lucia,LCA,1965,96303.0,22.66
1419,St. Vincent and the Grenadines,VCT,1965,85972.0,28.252
1420,Sudan,SDN,1965,8738703.0,13.373
1421,Suriname,SUR,1965,331799.0,47.109
1422,Swaziland,SWZ,1965,391659.0,6.494
1423,Sweden,SWE,1965,7733853.0,77.056
1424,Switzerland,CHE,1965,5856472.0,54.217
1425,Syrian Arab Republic,SYR,1965,5398333.0,40.006
1426,Tajikistan,TJK,1965,2489648.0,35.152
1427,Tanzania,TZA,1965,11683511.0,6.03
1428,Thailand,THA,1965,31822798.0,20.221
1429,Timor-Leste,TMP,1965,547035.0,11.353
1430,Togo,TGO,1965,1708632.0,14.95
1431,Tonga,TON,1965,74363.0,19.499
1432,Trinidad and Tobago,TTO,1965,912419.0,14.347
1433,Tunisia,TUN,1965,4630000.0,39.724
1434,Turkey,TUR,1965,31000167.0,34.227
1435,Turkmenistan,TKM,1965,1890000.0,47.139
1436,Turks and Caicos Islands,TCA,1965,5669.0,49.392
1437,Tuvalu,TUV,1965,6819.0,18.793
1438,Uganda,UGA,1965,8014376.0,5.509
1439,Ukraine,UKR,1965,45261939.0,50.649
1440,United Arab Emirates,ARE,1965,150318.0,77.723
1441,United Kingdom,GBR,1965,54348050.0,77.821
1442,United States,USA,1965,194303000.0,71.87899999999999
1443,Uruguay,URY,1965,2694535.0,81.328
1444,Uzbekistan,UZB,1965,10233502.0,35.289
1445,Vanuatu,VUT,1965,74287.0,11.329
1446,"Venezuela, RB",VEN,1965,9824694.0,67.02199999999999
1447,Vietnam,VNM,1965,38341000.0,16.421
1448,Virgin Islands (U.S.),VIR,1965,44000.0,63.279
1449,"Yemen, Rep.",YEM,1965,5619170.0,11.026
1450,Zambia,ZMB,1965,3559687.0,23.372
1451,Zimbabwe,ZWE,1965,4422132.0,14.62
1452,Arab World,ARB,1966,109200085.0,35.9921468118912
1453,Caribbean small states,CSS,1966,4653340.0,33.1214907328929
1454,Central Europe and the Baltics,CEB,1966,96148635.0,48.5050971917594
1455,East Asia & Pacific (all income levels),EAS,1966,1166335496.0,24.5822213567771
1456,East Asia & Pacific (developing only),EAP,1966,1003576772.0,18.7075778469522
1457,Euro area,EMU,1966,280147497.0,65.30053351468989
1458,Europe & Central Asia (all income levels),ECS,1966,713300925.0,58.7057406026054
1459,Europe & Central Asia (developing only),ECA,1966,172561422.0,42.2742954023525
1460,European Union,EUU,1966,430868375.0,64.08262134956179
1461,Fragile and conflict affected situations,FCS,1966,138912443.0,21.1593194039048
1462,Heavily indebted poor countries (HIPC),HPC,1966,187962262.0,14.5263463903568
1463,High income,HIC,1966,978656256.0,66.1250945886993
1464,High income: nonOECD,NOC,1966,204307185.0,61.2869402236813
1465,High income: OECD,OEC,1966,774349071.0,67.3201107722605
1466,Latin America & Caribbean (all income levels),LCN,1966,259965218.0,54.0048571854834
1467,Latin America & Caribbean (developing only),LAC,1966,211358350.0,49.9527901753397
1468,Least developed countries: UN classification,LDC,1966,278755774.0,11.3298497890917
1469,Low & middle income,LMY,1966,2417141237.0,23.576123927547307
1470,Low income,LIC,1966,179916918.0,13.3251509549258
1471,Lower middle income,LMC,1966,1081099176.0,21.399578261296305
1472,Middle East & North Africa (all income levels),MEA,1966,124380163.0,39.6808648050654
1473,Middle East & North Africa (developing only),MNA,1966,114812171.0,38.2773853981213
1474,Middle income,MIC,1966,2237224319.0,24.400911886245304
1475,North America,NAC,1966,216659000.0,72.38261570486341
1476,OECD members,OED,1966,852078296.0,65.4909346492145
1477,Other small states,OSS,1966,7439301.0,17.750964437787896
1478,Pacific island small states,PSS,1966,1038622.0,24.6803665164035
1479,Small states,SST,1966,13131263.0,23.7459181810615
1480,South Asia,SAS,1966,651325994.0,17.8315692529999
1481,Sub-Saharan Africa (all income levels),SSF,1966,263830697.0,16.6026145689256
1482,Sub-Saharan Africa (developing only),SSA,1966,263506528.0,16.5889052277255
1483,Upper middle income,UMC,1966,1156125143.0,27.2046047679979
1484,World,WLD,1966,3395797493.0,35.72576414327
1485,Afghanistan,AFG,1966,10148841.0,10.085
1486,Albania,ALB,1966,1914573.0,31.302
1487,Algeria,DZA,1966,12980269.0,38.84
1488,American Samoa,ASM,1966,24320.0,68.75
1489,Andorra,ADO,1966,19646.0,72.593
1490,Angola,AGO,1966,5863568.0,12.965
1491,Antigua and Barbuda,ATG,1966,60818.0,36.012
1492,Argentina,ARG,1966,22608747.0,76.888
1493,Armenia,ARM,1966,2269475.0,56.483
1494,Aruba,ABW,1966,57712.0,50.685
1495,Australia,AUS,1966,11651000.0,83.855
1496,Austria,AUT,1966,7322066.0,65.061
1497,Azerbaijan,AZE,1966,4708485.0,50.864
1498,"Bahamas, The",BHS,1966,146364.0,64.04
1499,Bahrain,BHR,1966,191782.0,82.76100000000001
1500,Bangladesh,BGD,1966,57675529.0,6.4670000000000005
1501,Barbados,BRB,1966,236043.0,37.214
1502,Belarus,BLR,1966,8696496.0,39.269
1503,Belgium,BEL,1966,9527807.0,93.284
1504,Belize,BLZ,1966,109344.0,52.17
1505,Benin,BEN,1966,2681382.0,13.275
1506,Bermuda,BMU,1966,51000.0,100.0
1507,Bhutan,BTN,1966,259270.0,4.94
1508,Bolivia,BOL,1966,4152665.0,38.559
1509,Bosnia and Herzegovina,BIH,1966,3574972.0,23.652
1510,Botswana,BWA,1966,612950.0,4.437
1511,Brazil,BRA,1966,86494987.0,52.016000000000005
1512,Brunei Darussalam,BRN,1966,107450.0,54.469
1513,Bulgaria,BGR,1966,8258057.0,47.233
1514,Burkina Faso,BFA,1966,5256363.0,5.303
1515,Burundi,BDI,1966,3153879.0,2.395
1516,Cabo Verde,CPV,1966,239765.0,18.363
1517,Cambodia,KHM,1966,6588993.0,11.0
1518,Cameroon,CMR,1966,6130990.0,17.525
1519,Canada,CAN,1966,20048000.0,73.642
1520,Cayman Islands,CYM,1966,8442.0,100.0
1521,Central African Republic,CAF,1966,1682874.0,24.252
1522,Chad,TCD,1966,3373563.0,8.968
1523,Channel Islands,CHI,1966,116226.0,37.124
1524,Chile,CHL,1966,8802926.0,72.42699999999999
1525,China,CHN,1966,735400000.0,17.915
1526,Colombia,COL,1966,19721464.0,51.784
1527,Comoros,COM,1966,209536.0,18.0
1528,"Congo, Dem. Rep.",ZAR,1966,17861860.0,23.666
1529,"Congo, Rep.",COG,1966,1190361.0,36.031
1530,Costa Rica,CRI,1966,1642189.0,36.39
1531,Cote d'Ivoire,CIV,1966,4400054.0,25.206
1532,Croatia,HRV,1966,4313000.0,35.997
1533,Cuba,CUB,1966,8110428.0,59.523
1534,Curacao,CUW,1966,136682.0,77.003
1535,Cyprus,CYP,1966,585311.0,38.698
1536,Czech Republic,CZE,1966,9821040.0,62.498000000000005
1537,Denmark,DNK,1966,4797381.0,77.619
1538,Djibouti,DJI,1966,122868.0,57.26
1539,Dominica,DMA,1966,66305.0,38.247
1540,Dominican Republic,DOM,1966,4001377.0,36.048
1541,Ecuador,ECU,1966,5405692.0,37.162
1542,"Egypt, Arab Rep.",EGY,1966,31660914.0,40.042
1543,El Salvador,SLV,1966,3290397.0,39.007
1544,Equatorial Guinea,GNQ,1966,275470.0,26.592
1545,Eritrea,ERI,1966,1629333.0,11.737
1546,Estonia,EST,1966,1308597.0,62.097
1547,Ethiopia,ETH,1966,25641176.0,7.84
1548,Faeroe Islands,FRO,1966,36804.0,26.328000000000003
1549,Fiji,FJI,1966,476329.0,33.18
1550,Finland,FIN,1966,4580869.0,60.48
1551,France,FRA,1966,50508717.0,68.225
1552,French Polynesia,PYF,1966,96730.0,49.578
1553,Gabon,GAB,1966,542562.0,25.297
1554,"Gambia, The",GMB,1966,408182.0,15.433
1555,Georgia,GEO,1966,3966700.0,46.03
1556,Germany,DEU,1966,76600311.0,72.01899999999999
1557,Ghana,GHA,1966,7890992.0,26.656
1558,Greece,GRC,1966,8613651.0,60.833
1559,Greenland,GRL,1966,40500.0,67.491
1560,Grenada,GRD,1966,94878.0,31.465
1561,Guam,GUM,1966,76611.0,56.617
1562,Guatemala,GTM,1966,4858880.0,34.298
1563,Guinea,GIN,1966,3948206.0,13.537
1564,Guinea-Bissau,GNB,1966,662597.0,14.503
1565,Guyana,GUY,1966,662332.0,29.249
1566,Haiti,HTI,1966,4357482.0,18.000999999999998
1567,Honduras,HND,1966,2420234.0,26.325
1568,"Hong Kong SAR, China",HKG,1966,3629900.0,86.69200000000001
1569,Hungary,HUN,1966,10178653.0,58.441
1570,Iceland,ISL,1966,195570.0,83.175
1571,India,IND,1966,508402908.0,18.977
1572,Indonesia,IDN,1966,103067352.0,16.039
1573,"Iran, Islamic Rep.",IRN,1966,25624650.0,37.752
1574,Iraq,IRQ,1966,8651167.0,51.868
1575,Ireland,IRL,1966,2888800.0,49.323
1576,Isle of Man,IMY,1966,51776.0,56.47
1577,Israel,ISR,1966,2629000.0,81.63
1578,Italy,ITA,1966,52519000.0,62.334
1579,Jamaica,JAM,1966,1783125.0,38.265
1580,Japan,JPN,1966,99790000.0,68.704
1581,Jordan,JOR,1966,1200290.0,54.61
1582,Kazakhstan,KAZ,1966,11872939.0,47.696000000000005
1583,Kenya,KEN,1966,9822505.0,8.902000000000001
1584,Kiribati,KIR,1966,47461.0,20.351
1585,"Korea, Dem. Rep.",PRK,1966,12864683.0,46.084
1586,"Korea, Rep.",KOR,1966,29435571.0,33.347
1587,Kuwait,KWT,1966,533521.0,80.71600000000001
1588,Kyrgyz Republic,KGZ,1966,2655300.0,36.19
1589,Lao PDR,LAO,1966,2437527.0,8.4
1590,Latvia,LVA,1966,2283217.0,57.617
1591,Lebanon,LBN,1966,2136640.0,52.664
1592,Lesotho,LSO,1966,951736.0,7.065
1593,Liberia,LBR,1966,1283304.0,22.856
1594,Libya,LBY,1966,1787080.0,36.698
1595,Liechtenstein,LIE,1966,19156.0,19.264
1596,Lithuania,LTU,1966,3008050.0,45.465
1597,Luxembourg,LUX,1966,333895.0,72.452
1598,"Macao SAR, China",MAC,1966,216873.0,96.365
1599,"Macedonia, FYR",MKD,1966,1617797.0,41.68
1600,Madagascar,MDG,1966,5918060.0,12.747
1601,Malawi,MWI,1966,4158132.0,5.018
1602,Malaysia,MYS,1966,9844116.0,30.604
1603,Maldives,MDV,1966,105145.0,11.393
1604,Mali,MLI,1966,5635859.0,12.938
1605,Malta,MLT,1966,315200.0,89.764
1606,Marshall Islands,MHL,1966,17840.0,44.126000000000005
1607,Mauritania,MRT,1966,1021880.0,10.874
1608,Mauritius,MUS,1966,768813.0,37.987
1609,Mexico,MEX,1966,46010959.0,55.761
1610,"Micronesia, Fed. Sts.",FSM,1966,54201.0,23.788
1611,Moldova,MDA,1966,2873000.0,28.447
1612,Monaco,MCO,1966,23304.0,100.0
1613,Mongolia,MNG,1966,1139960.0,42.647
1614,Montenegro,MNE,1966,506788.0,23.383000000000003
1615,Morocco,MAR,1966,14617077.0,32.376999999999995
1616,Mozambique,MOZ,1966,8482373.0,5.996
1617,Myanmar,MMR,1966,24606863.0,21.334
1618,Namibia,NAM,1966,700316.0,20.478
1619,Nepal,NPL,1966,11100672.0,3.78
1620,Netherlands,NLD,1966,12456251.0,60.93600000000001
1621,New Caledonia,NCL,1966,93500.0,46.142
1622,New Zealand,NZL,1966,2675900.0,79.421
1623,Nicaragua,NIC,1966,2125233.0,43.565
1624,Niger,NER,1966,4032210.0,7.1
1625,Nigeria,NGA,1966,51336375.0,16.788
1626,Northern Mariana Islands,MNP,1966,11489.0,60.231
1627,Norway,NOR,1966,3753012.0,59.179
1628,Oman,OMN,1966,642005.0,23.694000000000003
1629,Pakistan,PAK,1966,52194629.0,23.769
1630,Palau,PLW,1966,10945.0,58.565
1631,Panama,PAN,1966,1353805.0,45.08
1632,Papua New Guinea,PNG,1966,2208422.0,5.902
1633,Paraguay,PRY,1966,2229373.0,36.407
1634,Peru,PER,1966,11941327.0,52.983
1635,Philippines,PHL,1966,31867565.0,31.869
1636,Poland,POL,1966,31681000.0,50.526
1637,Portugal,PRT,1966,8930990.0,37.25
1638,Puerto Rico,PRI,1966,2624995.0,52.92100000000001
1639,Qatar,QAT,1966,79735.0,87.323
1640,Romania,ROM,1966,19215450.0,38.345
1641,Russian Federation,RUS,1966,127468000.0,59.048
1642,Rwanda,RWA,1966,3319077.0,2.942
1643,Samoa,WSM,1966,130687.0,19.382
1644,San Marino,SMR,1966,17839.0,55.494
1645,Sao Tome and Principe,STP,1966,66057.0,23.247
1646,Saudi Arabia,SAU,1966,5015672.0,40.702
1647,Senegal,SEN,1966,3754268.0,27.057
1648,Seychelles,SYC,1966,48699.0,34.277
1649,Sierra Leone,SLE,1966,2365801.0,21.064
1650,Singapore,SGP,1966,1934400.0,100.0
1651,Slovak Republic,SVK,1966,4411666.0,37.833
1652,Slovenia,SVN,1966,1669905.0,33.376
1653,Solomon Islands,SLB,1966,141027.0,7.579
1654,Somalia,SOM,1966,3144244.0,20.487
1655,South Africa,ZAF,1966,20268594.0,47.362
1656,South Sudan,SSD,1966,3334254.0,8.679
1657,Spain,ESP,1966,32283194.0,62.251000000000005
1658,Sri Lanka,LKA,1966,11439000.0,17.992
1659,St. Kitts and Nevis,KNA,1966,48355.0,31.521
1660,St. Lucia,LCA,1966,97877.0,22.905
1661,St. Vincent and the Grenadines,VCT,1966,86860.0,28.729
1662,Sudan,SDN,1966,9013112.0,13.959
1663,Suriname,SUR,1966,341137.0,46.877
1664,Swaziland,SWZ,1966,401295.0,7.157
1665,Sweden,SWE,1966,7807797.0,77.914
1666,Switzerland,CHE,1966,5918002.0,54.851000000000006
1667,Syrian Arab Republic,SYR,1966,5579283.0,40.667
1668,Tajikistan,TJK,1966,2575335.0,35.555
1669,Tanzania,TZA,1966,12038886.0,6.199
1670,Thailand,THA,1966,32789097.0,20.332
1671,Timor-Leste,TMP,1966,557252.0,11.646
1672,Togo,TGO,1966,1774029.0,16.125
1673,Tonga,TON,1966,76787.0,19.908
1674,Trinidad and Tobago,TTO,1966,919902.0,13.800999999999998
1675,Tunisia,TUN,1966,4731395.0,40.23
1676,Turkey,TUR,1966,31718266.0,34.949
1677,Turkmenistan,TKM,1966,1949425.0,47.284
1678,Turks and Caicos Islands,TCA,1966,5629.0,49.734
1679,Tuvalu,TUV,1966,6935.0,19.419
1680,Uganda,UGA,1966,8292747.0,5.757000000000001
1681,Ukraine,UKR,1966,45682314.0,51.499
1682,United Arab Emirates,ARE,1966,161077.0,78.508
1683,United Kingdom,GBR,1966,54648500.0,77.682
1684,United States,USA,1966,196560000.0,72.247
1685,Uruguay,URY,1966,2722874.0,81.539
1686,Uzbekistan,UZB,1966,10559050.0,35.554
1687,Vanuatu,VUT,1966,76410.0,11.522
1688,"Venezuela, RB",VEN,1966,10175143.0,68.02199999999999
1689,Vietnam,VNM,1966,39142000.0,16.784000000000002
1690,Virgin Islands (U.S.),VIR,1966,47300.0,64.587
1691,"Yemen, Rep.",YEM,1966,5720538.0,11.451
1692,Zambia,ZMB,1966,3674088.0,24.789
1693,Zimbabwe,ZWE,1966,4568320.0,15.165
1694,Arab World,ARB,1967,112300575.0,36.67202551623621
1695,Caribbean small states,CSS,1967,4713767.0,33.4090321426579
1696,Central Europe and the Baltics,CEB,1967,97043587.0,49.0677671358541
1697,East Asia & Pacific (all income levels),EAS,1967,1195006826.0,24.626391446177696
1698,East Asia & Pacific (developing only),EAP,1967,1029875983.0,18.7075641811447
1699,Euro area,EMU,1967,282114541.0,65.8386829663239
1700,Europe & Central Asia (all income levels),ECS,1967,719751897.0,59.2546291381679
1701,Europe & Central Asia (developing only),ECA,1967,175403689.0,42.975277449944
1702,European Union,EUU,1967,434001552.0,64.52730801216121
1703,Fragile and conflict affected situations,FCS,1967,142545273.0,21.7233662757655
1704,Heavily indebted poor countries (HIPC),HPC,1967,192806249.0,14.9417056806598
1705,High income,HIC,1967,988482490.0,66.7032369372658
1706,High income: nonOECD,NOC,1967,206694312.0,62.1490105235629
1707,High income: OECD,OEC,1967,781788178.0,67.82908039551471
1708,Latin America & Caribbean (all income levels),LCN,1967,266776414.0,54.76576850642761
1709,Latin America & Caribbean (developing only),LAC,1967,217234323.0,50.77113174152501
1710,Least developed countries: UN classification,LDC,1967,286104466.0,11.680051310418902
1711,Low & middle income,LMY,1967,2476722661.0,23.8167126227089
1712,Low income,LIC,1967,184342945.0,13.7156825639517
1713,Lower middle income,LMC,1967,1106416461.0,21.672864203432106
1714,Middle East & North Africa (all income levels),MEA,1967,127882128.0,40.40708743793351
1715,Middle East & North Africa (developing only),MNA,1967,117929136.0,38.918887508766296
1716,Middle income,MIC,1967,2292379716.0,24.629394749398305
1717,North America,NAC,1967,219176000.0,72.76219843413509
1718,OECD members,OED,1967,861666135.0,66.0025843676356
1719,Other small states,OSS,1967,7607586.0,18.377995693377603
1720,Pacific island small states,PSS,1967,1066295.0,25.0342280213262
1721,Small states,SST,1967,13387648.0,24.200550248184
1722,South Asia,SAS,1967,666134328.0,18.0308544431852
1723,Sub-Saharan Africa (all income levels),SSF,1967,270477558.0,16.9480780290984
1724,Sub-Saharan Africa (developing only),SSA,1967,270145202.0,16.9344827585537
1725,Upper middle income,UMC,1967,1185963255.0,27.384790742958607
1726,World,WLD,1967,3465205151.0,35.9352244878468
1727,Afghanistan,AFG,1967,10368600.0,10.43
1728,Albania,ALB,1967,1965598.0,31.374
1729,Algeria,DZA,1967,13354197.0,39.004
1730,American Samoa,ASM,1967,25116.0,69.163
1731,Andorra,ADO,1967,20755.0,74.641
1732,Angola,AGO,1967,5962831.0,13.441
1733,Antigua and Barbuda,ATG,1967,62002.0,35.418
1734,Argentina,ARG,1967,22932201.0,77.398
1735,Armenia,ARM,1967,2332624.0,57.341
1736,Aruba,ABW,1967,58049.0,50.67
1737,Australia,AUS,1967,11799000.0,84.21700000000001
1738,Austria,AUT,1967,7376998.0,65.11
1739,Azerbaijan,AZE,1967,4832098.0,50.56399999999999
1740,"Bahamas, The",BHS,1967,152607.0,64.73
1741,Bahrain,BHR,1967,196203.0,83.01899999999999
1742,Bangladesh,BGD,1967,59625294.0,6.733
1743,Barbados,BRB,1967,236620.0,37.287
1744,Belarus,BLR,1967,8785648.0,40.422
1745,Belgium,BEL,1967,9580991.0,93.428
1746,Belize,BLZ,1967,112699.0,51.86
1747,Benin,BEN,1967,2733450.0,14.069
1748,Bermuda,BMU,1967,52000.0,100.0
1749,Bhutan,BTN,1967,266293.0,5.207000000000001
1750,Bolivia,BOL,1967,4237126.0,38.862
1751,Bosnia and Herzegovina,BIH,1967,3619997.0,24.509
1752,Botswana,BWA,1967,631276.0,5.124
1753,Brazil,BRA,1967,88853679.0,52.993
1754,Brunei Darussalam,BRN,1967,112680.0,56.3
1755,Bulgaria,BGR,1967,8310226.0,48.499
1756,Burkina Faso,BFA,1967,5343020.0,5.4110000000000005
1757,Burundi,BDI,1967,3235125.0,2.501
1758,Cabo Verde,CPV,1967,248733.0,18.657
1759,Cambodia,KHM,1967,6695460.0,12.098
1760,Cameroon,CMR,1967,6280743.0,18.19
1761,Canada,CAN,1967,20412000.0,74.155
1762,Cayman Islands,CYM,1967,8518.0,100.0
1763,Central African Republic,CAF,1967,1718558.0,25.0
1764,Chad,TCD,1967,3436227.0,9.564
1765,Channel Islands,CHI,1967,117475.0,36.864
1766,Chile,CHL,1967,8995410.0,73.146
1767,China,CHN,1967,754550000.0,17.785
1768,Colombia,COL,1967,20311369.0,52.545
1769,Comoros,COM,1967,214038.0,18.34
1770,"Congo, Dem. Rep.",ZAR,1967,18378189.0,23.899
1771,"Congo, Rep.",COG,1967,1224041.0,36.796
1772,Costa Rica,CRI,1967,1694711.0,36.993
1773,Cote d'Ivoire,CIV,1967,4591238.0,25.926
1774,Croatia,HRV,1967,4339000.0,37.03
1775,Cuba,CUB,1967,8263547.0,59.709
1776,Curacao,CUW,1967,138140.0,77.37
1777,Cyprus,CYP,1967,591304.0,39.21
1778,Czech Republic,CZE,1967,9852899.0,62.978
1779,Denmark,DNK,1967,4835354.0,78.163
1780,Djibouti,DJI,1967,131403.0,58.404
1781,Dominica,DMA,1967,67682.0,38.314
1782,Dominican Republic,DOM,1967,4125107.0,37.069
1783,Ecuador,ECU,1967,5566057.0,37.686
1784,"Egypt, Arab Rep.",EGY,1967,32456565.0,40.399
1785,El Salvador,SLV,1967,3383674.0,39.106
1786,Equatorial Guinea,GNQ,1967,282445.0,26.682
1787,Eritrea,ERI,1967,1670821.0,12.1
1788,Estonia,EST,1967,1318946.0,62.839
1789,Ethiopia,ETH,1967,26280771.0,8.1
1790,Faeroe Islands,FRO,1967,37258.0,26.723000000000003
1791,Fiji,FJI,1967,487911.0,33.604
1792,Finland,FIN,1967,4605744.0,61.295
1793,France,FRA,1967,50915456.0,69.357
1794,French Polynesia,PYF,1967,100031.0,50.979
1795,Gabon,GAB,1967,553829.0,26.883000000000003
1796,"Gambia, The",GMB,1967,416342.0,16.379
1797,Georgia,GEO,1967,4005800.0,46.527
1798,Germany,DEU,1967,76951336.0,72.083
1799,Ghana,GHA,1967,8057442.0,27.254
1800,Greece,GRC,1967,8684088.0,61.691
1801,Greenland,GRL,1967,41900.0,68.85300000000001
1802,Grenada,GRD,1967,94962.0,31.656
1803,Guam,GUM,1967,78409.0,57.68
1804,Guatemala,GTM,1967,4993104.0,34.608000000000004
1805,Guinea,GIN,1967,4021880.0,14.116
1806,Guinea-Bissau,GNB,1967,673893.0,14.658
1807,Guyana,GUY,1967,671986.0,29.289
1808,Haiti,HTI,1967,4445531.0,18.429
1809,Honduras,HND,1967,2486288.0,26.955
1810,"Hong Kong SAR, China",HKG,1967,3722800.0,86.958
1811,Hungary,HUN,1967,10216604.0,58.859
1812,Iceland,ISL,1967,198751.0,83.62100000000001
1813,India,IND,1967,519162069.0,19.171
1814,Indonesia,IDN,1967,105907403.0,16.293
1815,"Iran, Islamic Rep.",IRN,1967,26318116.0,38.557
1816,Iraq,IRQ,1967,8947399.0,52.945
1817,Ireland,IRL,1967,2902450.0,49.923
1818,Isle of Man,IMY,1967,52995.0,56.31100000000001
1819,Israel,ISR,1967,2745000.0,82.3
1820,Italy,ITA,1967,52900500.0,62.822
1821,Jamaica,JAM,1967,1803891.0,39.036
1822,Japan,JPN,1967,100725000.0,69.516
1823,Jordan,JOR,1967,1278416.0,54.957
1824,Kazakhstan,KAZ,1967,12120504.0,48.346
1825,Kenya,KEN,1967,10154489.0,9.209
1826,Kiribati,KIR,1967,48440.0,21.097
1827,"Korea, Dem. Rep.",PRK,1967,13221826.0,47.081
1828,"Korea, Rep.",KOR,1967,30130983.0,34.971
1829,Kuwait,KWT,1967,585831.0,82.081
1830,Kyrgyz Republic,KGZ,1967,2736500.0,36.53
1831,Lao PDR,LAO,1967,2495093.0,8.692
1832,Latvia,LVA,1967,2301220.0,58.398
1833,Lebanon,LBN,1967,2174850.0,54.386
1834,Lesotho,LSO,1967,970972.0,7.425
1835,Liberia,LBR,1967,1315119.0,23.622
1836,Libya,LBY,1967,1861661.0,39.839
1837,Liechtenstein,LIE,1967,19691.0,19.059
1838,Lithuania,LTU,1967,3044400.0,46.484
1839,Luxembourg,LUX,1967,334995.0,72.941
1840,"Macao SAR, China",MAC,1967,227258.0,96.544
1841,"Macedonia, FYR",MKD,1967,1644944.0,43.016000000000005
1842,Madagascar,MDG,1967,6072270.0,13.074000000000002
1843,Malawi,MWI,1967,4262013.0,5.249
1844,Malaysia,MYS,1967,10111920.0,31.304
1845,Maldives,MDV,1967,107488.0,11.336
1846,Mali,MLI,1967,5706198.0,13.274
1847,Malta,MLT,1967,311550.0,89.70200000000001
1848,Marshall Islands,MHL,1967,18388.0,45.6
1849,Mauritania,MRT,1967,1052285.0,11.712
1850,Mauritius,MUS,1967,783917.0,38.985
1851,Mexico,MEX,1967,47429553.0,56.587
1852,"Micronesia, Fed. Sts.",FSM,1967,56324.0,24.04
1853,Moldova,MDA,1967,2918000.0,29.345
1854,Monaco,MCO,1967,23297.0,100.0
1855,Mongolia,MNG,1967,1173186.0,43.181
1856,Montenegro,MNE,1967,511742.0,24.22
1857,Morocco,MAR,1967,14978905.0,32.896
1858,Mozambique,MOZ,1967,8668529.0,6.229
1859,Myanmar,MMR,1967,25218375.0,21.701
1860,Namibia,NAM,1967,718622.0,20.929
1861,Nepal,NPL,1967,11307139.0,3.823
1862,Netherlands,NLD,1967,12598201.0,61.118
1863,New Caledonia,NCL,1967,96500.0,47.646
1864,New Zealand,NZL,1967,2724100.0,79.852
1865,Nicaragua,NIC,1967,2189880.0,44.427
1866,Niger,NER,1967,4144238.0,7.492999999999999
1867,Nigeria,NGA,1967,52468593.0,17.027
1868,Northern Mariana Islands,MNP,1967,11882.0,61.688
1869,Norway,NOR,1967,3784539.0,60.77
1870,Oman,OMN,1967,660117.0,25.106
1871,Pakistan,PAK,1967,53594445.0,24.028
1872,Palau,PLW,1967,11081.0,58.853
1873,Panama,PAN,1967,1393800.0,45.732
1874,Papua New Guinea,PNG,1967,2258877.0,6.712000000000001
1875,Paraguay,PRY,1967,2289579.0,36.571
1876,Peru,PER,1967,12282081.0,54.096
1877,Philippines,PHL,1967,32826602.0,32.135
1878,Poland,POL,1967,31987155.0,50.926
1879,Portugal,PRT,1967,8874520.0,37.636
1880,Puerto Rico,PRI,1967,2645674.0,54.31399999999999
1881,Qatar,QAT,1967,86161.0,87.588
1882,Romania,ROM,1967,19534242.0,38.835
1883,Russian Federation,RUS,1967,128196000.0,59.918
1884,Rwanda,RWA,1967,3418313.0,3.003
1885,Samoa,WSM,1967,134194.0,19.593
1886,San Marino,SMR,1967,18228.0,56.581
1887,Sao Tome and Principe,STP,1967,67874.0,24.724
1888,Saudi Arabia,SAU,1967,5196349.0,42.665
1889,Senegal,SEN,1967,3862783.0,27.776
1890,Seychelles,SYC,1967,49911.0,35.449
1891,Sierra Leone,SLE,1967,2399667.0,21.765
1892,Singapore,SGP,1967,1977600.0,100.0
1893,Slovak Republic,SVK,1967,4449367.0,38.63
1894,Slovenia,SVN,1967,1689528.0,34.266
1895,Solomon Islands,SLB,1967,145354.0,7.928
1896,Somalia,SOM,1967,3227245.0,21.02
1897,South Africa,ZAF,1967,20707258.0,47.476000000000006
1898,South Sudan,SSD,1967,3407754.0,8.667
1899,Spain,ESP,1967,32682947.0,63.214
1900,Sri Lanka,LKA,1967,11703000.0,18.364
1901,St. Kitts and Nevis,KNA,1967,47383.0,32.196
1902,St. Lucia,LCA,1967,99526.0,23.153
1903,St. Vincent and the Grenadines,VCT,1967,87736.0,29.21
1904,Sudan,SDN,1967,9299545.0,14.567
1905,Suriname,SUR,1967,350755.0,46.644
1906,Swaziland,SWZ,1967,411478.0,7.729
1907,Sweden,SWE,1967,7867931.0,78.727
1908,Switzerland,CHE,1967,5991785.0,55.483
1909,Syrian Arab Republic,SYR,1967,5767478.0,41.332
1910,Tajikistan,TJK,1967,2659452.0,35.96
1911,Tanzania,TZA,1967,12406040.0,6.372999999999999
1912,Thailand,THA,1967,33778500.0,20.444000000000003
1913,Timor-Leste,TMP,1967,567330.0,11.946
1914,Togo,TGO,1967,1855445.0,17.374000000000002
1915,Tonga,TON,1967,79048.0,20.097
1916,Trinidad and Tobago,TTO,1967,925918.0,13.273
1917,Tunisia,TUN,1967,4832923.0,41.036
1918,Turkey,TUR,1967,32448404.0,35.759
1919,Turkmenistan,TKM,1967,2008148.0,47.43
1920,Turks and Caicos Islands,TCA,1967,5589.0,50.077
1921,Tuvalu,TUV,1967,7037.0,20.061
1922,Uganda,UGA,1967,8580632.0,6.013999999999999
1923,Ukraine,UKR,1967,46060456.0,52.348
1924,United Arab Emirates,ARE,1967,171781.0,79.27199999999999
1925,United Kingdom,GBR,1967,54943600.0,77.541
1926,United States,USA,1967,198712000.0,72.612
1927,Uruguay,URY,1967,2750093.0,81.749
1928,Uzbekistan,UZB,1967,10894306.0,35.82
1929,Vanuatu,VUT,1967,78518.0,11.718
1930,"Venezuela, RB",VEN,1967,10528054.0,69.005
1931,Vietnam,VNM,1967,39980000.0,17.153
1932,Virgin Islands (U.S.),VIR,1967,50800.0,65.874
1933,"Yemen, Rep.",YEM,1967,5827223.0,11.890999999999998
1934,Zambia,ZMB,1967,3792864.0,26.261
1935,Zimbabwe,ZWE,1967,4718612.0,15.727
1936,Arab World,ARB,1968,115477026.0,37.3622729772674
1937,Caribbean small states,CSS,1968,4770152.0,33.7006801517017
1938,Central Europe and the Baltics,CEB,1968,97882394.0,49.6386962498077
1939,East Asia & Pacific (all income levels),EAS,1968,1224103681.0,24.6627893022009
1940,East Asia & Pacific (developing only),EAP,1968,1057180652.0,18.72170840150881
1941,Euro area,EMU,1968,283966951.0,66.32905719701169
1942,Europe & Central Asia (all income levels),ECS,1968,725949272.0,59.7842469602322
1943,Europe & Central Asia (developing only),ECA,1968,178158722.0,43.676122993447294
1944,European Union,EUU,1968,436916057.0,64.9421330328425
1945,Fragile and conflict affected situations,FCS,1968,146322580.0,22.2988822408208
1946,Heavily indebted poor countries (HIPC),HPC,1968,197828276.0,15.3698122184262
1947,High income,HIC,1968,997332436.0,67.2688484871375
1948,High income: nonOECD,NOC,1968,209075991.0,63.0038002809039
1949,High income: OECD,OEC,1968,788256445.0,68.3254010728425
1950,Latin America & Caribbean (all income levels),LCN,1968,273654630.0,55.52764842176251
1951,Latin America & Caribbean (developing only),LAC,1968,223177427.0,51.5904685650579
1952,Least developed countries: UN classification,LDC,1968,293663042.0,12.0442976036903
1953,Low & middle income,LMY,1968,2538058639.0,24.0627092015136
1954,Low income,LIC,1968,188945737.0,14.1888882383623
1955,Lower middle income,LMC,1968,1132412768.0,21.9477893985398
1956,Middle East & North Africa (all income levels),MEA,1968,131409183.0,41.136400659549
1957,Middle East & North Africa (developing only),MNA,1968,121110364.0,39.582497329923
1958,Middle income,MIC,1968,2349112902.0,24.8572816825105
1959,North America,NAC,1968,221503000.0,73.13854969007191
1960,OECD members,OED,1968,870346341.0,66.5013300574191
1961,Other small states,OSS,1968,7782451.0,19.0293797081408
1962,Pacific island small states,PSS,1968,1093173.0,25.3801647891047
1963,Small states,SST,1968,13645776.0,24.6667901370358
1964,South Asia,SAS,1968,681405837.0,18.2334491137372
1965,Sub-Saharan Africa (all income levels),SSF,1968,277365472.0,17.3035700142662
1966,Sub-Saharan Africa (developing only),SSA,1968,277025637.0,17.2901321458743
1967,Upper middle income,UMC,1968,1216700134.0,27.562436699153
1968,World,WLD,1968,3535391075.0,36.13352572287
1969,Afghanistan,AFG,1968,10599790.0,10.786
1970,Albania,ALB,1968,2022272.0,31.446
1971,Algeria,DZA,1968,13744383.0,39.169
1972,American Samoa,ASM,1968,25886.0,69.574
1973,Andorra,ADO,1968,21888.0,76.58800000000001
1974,Angola,AGO,1968,6066094.0,13.932
1975,Antigua and Barbuda,ATG,1968,63176.0,34.829
1976,Argentina,ARG,1968,23261273.0,77.90100000000001
1977,Armenia,ARM,1968,2394635.0,58.195
1978,Aruba,ABW,1968,58385.0,50.654
1979,Australia,AUS,1968,12009000.0,84.573
1980,Austria,AUT,1968,7415403.0,65.15899999999999
1981,Azerbaijan,AZE,1968,4950977.0,50.263000000000005
1982,"Bahamas, The",BHS,1968,158629.0,65.416
1983,Bahrain,BHR,1968,200953.0,83.275
1984,Bangladesh,BGD,1968,61585520.0,7.009
1985,Barbados,BRB,1968,237199.0,37.36
1986,Belarus,BLR,1968,8874552.0,41.588
1987,Belgium,BEL,1968,9618756.0,93.569
1988,Belize,BLZ,1968,116061.0,51.549
1989,Benin,BEN,1968,2788551.0,14.903
1990,Bermuda,BMU,1968,53000.0,100.0
1991,Bhutan,BTN,1968,273868.0,5.487
1992,Bolivia,BOL,1968,4324066.0,39.166
1993,Bosnia and Herzegovina,BIH,1968,3661642.0,25.387
1994,Botswana,BWA,1968,650730.0,5.912000000000001
1995,Brazil,BRA,1968,91213009.0,53.97
1996,Brunei Darussalam,BRN,1968,118176.0,58.118
1997,Bulgaria,BGR,1968,8369603.0,49.768
1998,Burkina Faso,BFA,1968,5434040.0,5.52
1999,Burundi,BDI,1968,3317315.0,2.611
2000,Cabo Verde,CPV,1968,257478.0,18.954
2001,Cambodia,KHM,1968,6795514.0,13.291
2002,Cameroon,CMR,1968,6437157.0,18.875
2003,Canada,CAN,1968,20744000.0,74.66199999999999
2004,Cayman Islands,CYM,1968,8632.0,100.0
2005,Central African Republic,CAF,1968,1755260.0,25.815
2006,Chad,TCD,1968,3500778.0,10.196
2007,Channel Islands,CHI,1968,118726.0,36.604
2008,Chile,CHL,1968,9187592.0,73.854
2009,China,CHN,1968,774510000.0,17.656
2010,Colombia,COL,1968,20905061.0,53.306
2011,Comoros,COM,1968,218794.0,18.685
2012,"Congo, Dem. Rep.",ZAR,1968,18913177.0,24.134
2013,"Congo, Rep.",COG,1968,1259190.0,37.569
2014,Costa Rica,CRI,1968,1746870.0,37.601
2015,Cote d'Ivoire,CIV,1968,4794399.0,26.659
2016,Croatia,HRV,1968,4364000.0,38.076
2017,Cuba,CUB,1968,8413329.0,59.895
2018,Curacao,CUW,1968,140298.0,77.734
2019,Cyprus,CYP,1968,598491.0,39.726
2020,Czech Republic,CZE,1968,9876346.0,63.456
2021,Denmark,DNK,1968,4864883.0,78.69800000000001
2022,Djibouti,DJI,1968,140461.0,59.54
2023,Dominica,DMA,1968,69042.0,38.381
2024,Dominican Republic,DOM,1968,4250026.0,38.104
2025,Ecuador,ECU,1968,5730908.0,38.215
2026,"Egypt, Arab Rep.",EGY,1968,33252275.0,40.758
2027,El Salvador,SLV,1968,3477702.0,39.205
2028,Equatorial Guinea,GNQ,1968,288701.0,26.773000000000003
2029,Eritrea,ERI,1968,1713846.0,12.263
2030,Estonia,EST,1968,1331214.0,63.577
2031,Ethiopia,ETH,1968,26945459.0,8.26
2032,Faeroe Islands,FRO,1968,37718.0,27.122
2033,Fiji,FJI,1968,498887.0,33.986999999999995
2034,Finland,FIN,1968,4626469.0,62.106
2035,France,FRA,1968,51276054.0,70.238
2036,French Polynesia,PYF,1968,103385.0,52.38
2037,Gabon,GAB,1968,565878.0,28.533
2038,"Gambia, The",GMB,1968,425509.0,17.373
2039,Georgia,GEO,1968,4042300.0,47.025
2040,Germany,DEU,1968,77294314.0,72.14699999999999
2041,Ghana,GHA,1968,8221021.0,27.86
2042,Greece,GRC,1968,8740765.0,62.543
2043,Greenland,GRL,1968,43400.0,70.186
2044,Grenada,GRD,1968,94875.0,31.848000000000003
2045,Guam,GUM,1968,80219.0,58.738
2046,Guatemala,GTM,1968,5131461.0,34.919000000000004
2047,Guinea,GIN,1968,4094528.0,14.716
2048,Guinea-Bissau,GNB,1968,686155.0,14.815
2049,Guyana,GUY,1968,680068.0,29.329
2050,Haiti,HTI,1968,4534233.0,18.866
2051,Honduras,HND,1968,2552200.0,27.596
2052,"Hong Kong SAR, China",HKG,1968,3802700.0,87.22
2053,Hungary,HUN,1968,10255815.0,59.276
2054,Iceland,ISL,1968,201488.0,84.057
2055,India,IND,1968,530274729.0,19.366
2056,Indonesia,IDN,1968,108821565.0,16.549
2057,"Iran, Islamic Rep.",IRN,1968,27032944.0,39.437
2058,Iraq,IRQ,1968,9260685.0,54.02
2059,Ireland,IRL,1968,2915550.0,50.524
2060,Isle of Man,IMY,1968,54289.0,56.151
2061,Israel,ISR,1968,2803000.0,82.95200000000001
2062,Italy,ITA,1968,53235750.0,63.309
2063,Jamaica,JAM,1968,1823706.0,39.815
2064,Japan,JPN,1968,101061000.0,70.316
2065,Jordan,JOR,1968,1358918.0,55.29600000000001
2066,Kazakhstan,KAZ,1968,12341412.0,48.997
2067,Kenya,KEN,1968,10502250.0,9.525
2068,Kiribati,KIR,1968,49389.0,21.863000000000003
2069,"Korea, Dem. Rep.",PRK,1968,13608611.0,49.012
2070,"Korea, Rep.",KOR,1968,30838302.0,36.846
2071,Kuwait,KWT,1968,639170.0,83.37100000000001
2072,Kyrgyz Republic,KGZ,1968,2818300.0,36.871
2073,Lao PDR,LAO,1968,2554843.0,8.994
2074,Latvia,LVA,1968,2323619.0,59.175
2075,Lebanon,LBN,1968,2210965.0,56.101000000000006
2076,Lesotho,LSO,1968,990869.0,7.802
2077,Liberia,LBR,1968,1348448.0,24.407
2078,Libya,LBY,1968,1941056.0,43.07
2079,Liechtenstein,LIE,1968,20235.0,18.855
2080,Lithuania,LTU,1968,3078850.0,47.507
2081,Luxembourg,LUX,1968,335850.0,73.425
2082,"Macao SAR, China",MAC,1968,237129.0,96.715
2083,"Macedonia, FYR",MKD,1968,1672401.0,44.364
2084,Madagascar,MDG,1968,6232704.0,13.41
2085,Malawi,MWI,1968,4370664.0,5.505
2086,Malaysia,MYS,1968,10375877.0,32.013000000000005
2087,Maldives,MDV,1968,109901.0,11.515999999999998
2088,Mali,MLI,1968,5780834.0,13.619000000000002
2089,Malta,MLT,1968,307900.0,89.682
2090,Marshall Islands,MHL,1968,18965.0,48.229
2091,Mauritania,MRT,1968,1083586.0,12.606
2092,Mauritius,MUS,1968,798413.0,39.994
2093,Mexico,MEX,1968,48893607.0,57.411
2094,"Micronesia, Fed. Sts.",FSM,1968,58404.0,24.295
2095,Moldova,MDA,1968,2960000.0,30.26
2096,Monaco,MCO,1968,23296.0,100.0
2097,Mongolia,MNG,1968,1207108.0,43.717
2098,Montenegro,MNE,1968,516628.0,25.079
2099,Morocco,MAR,1968,15335173.0,33.419000000000004
2100,Mozambique,MOZ,1968,8860823.0,6.471
2101,Myanmar,MMR,1968,25853248.0,22.073
2102,Namibia,NAM,1968,737802.0,21.387
2103,Nepal,NPL,1968,11524132.0,3.867
2104,Netherlands,NLD,1968,12729721.0,61.3
2105,New Caledonia,NCL,1968,99500.0,49.156000000000006
2106,New Zealand,NZL,1968,2748100.0,80.277
2107,Nicaragua,NIC,1968,2256779.0,45.293
2108,Niger,NER,1968,4258415.0,7.906000000000001
2109,Nigeria,NGA,1968,53640547.0,17.269000000000002
2110,Northern Mariana Islands,MNP,1968,12318.0,64.592
2111,Norway,NOR,1968,3816486.0,62.34
2112,Oman,OMN,1968,679593.0,26.575
2113,Pakistan,PAK,1968,55045897.0,24.289
2114,Palau,PLW,1968,11206.0,59.142
2115,Panama,PAN,1968,1434660.0,46.385
2116,Papua New Guinea,PNG,1968,2313017.0,7.625
2117,Paraguay,PRY,1968,2350900.0,36.735
2118,Peru,PER,1968,12629333.0,55.207
2119,Philippines,PHL,1968,33797041.0,32.403
2120,Poland,POL,1968,32294655.0,51.326
2121,Portugal,PRT,1968,8836650.0,38.025
2122,Puerto Rico,PRI,1968,2662064.0,55.702
2123,Qatar,QAT,1968,93043.0,87.848
2124,Romania,ROM,1968,19799831.0,39.328
2125,Russian Federation,RUS,1968,128928000.0,60.783
2126,Rwanda,RWA,1968,3527260.0,3.0660000000000003
2127,Samoa,WSM,1968,137503.0,19.844
2128,San Marino,SMR,1968,18587.0,57.663
2129,Sao Tome and Principe,STP,1968,70040.0,26.264
2130,Saudi Arabia,SAU,1968,5389848.0,44.654
2131,Senegal,SEN,1968,3975614.0,28.507
2132,Seychelles,SYC,1968,51134.0,36.641
2133,Sierra Leone,SLE,1968,2435197.0,22.484
2134,Singapore,SGP,1968,2012000.0,100.0
2135,Slovak Republic,SVK,1968,4483915.0,39.435
2136,Slovenia,SVN,1968,1704546.0,35.169000000000004
2137,Solomon Islands,SLB,1968,149926.0,8.292
2138,Somalia,SOM,1968,3311111.0,21.563
2139,South Africa,ZAF,1968,21153722.0,47.59
2140,South Sudan,SSD,1968,3484335.0,8.656
2141,Spain,ESP,1968,33113134.0,64.168
2142,Sri Lanka,LKA,1968,11992000.0,18.742
2143,St. Kitts and Nevis,KNA,1968,46399.0,32.878
2144,St. Lucia,LCA,1968,101181.0,23.403
2145,St. Vincent and the Grenadines,VCT,1968,88615.0,29.697
2146,Sudan,SDN,1968,9598196.0,15.197
2147,Suriname,SUR,1968,359735.0,46.412
2148,Swaziland,SWZ,1968,422266.0,8.344
2149,Sweden,SWE,1968,7912273.0,79.51899999999999
2150,Switzerland,CHE,1968,6067714.0,56.114
2151,Syrian Arab Republic,SYR,1968,5963248.0,42.001000000000005
2152,Tajikistan,TJK,1968,2743461.0,36.368
2153,Tanzania,TZA,1968,12787494.0,6.803999999999999
2154,Thailand,THA,1968,34790945.0,20.556
2155,Timor-Leste,TMP,1968,577824.0,12.253
2156,Togo,TGO,1968,1945781.0,18.7
2157,Tonga,TON,1968,81096.0,20.127
2158,Trinidad and Tobago,TTO,1968,931466.0,12.761
2159,Tunisia,TUN,1968,4933131.0,41.848
2160,Turkey,TUR,1968,33196289.0,36.577
2161,Turkmenistan,TKM,1968,2066889.0,47.575
2162,Turks and Caicos Islands,TCA,1968,5563.0,50.42
2163,Tuvalu,TUV,1968,7128.0,20.719
2164,Uganda,UGA,1968,8872866.0,6.283
2165,Ukraine,UKR,1968,46409007.0,53.197
2166,United Arab Emirates,ARE,1968,185312.0,79.8
2167,United Kingdom,GBR,1968,55211700.0,77.4
2168,United States,USA,1968,200706000.0,72.97399999999999
2169,Uruguay,URY,1968,2774771.0,81.958
2170,Uzbekistan,UZB,1968,11240523.0,36.087
2171,Vanuatu,VUT,1968,80669.0,11.918
2172,"Venezuela, RB",VEN,1968,10881995.0,69.973
2173,Vietnam,VNM,1968,40856000.0,17.529
2174,Virgin Islands (U.S.),VIR,1968,54600.0,67.14
2175,"Yemen, Rep.",YEM,1968,5937125.0,12.347
2176,Zambia,ZMB,1968,3916928.0,27.791
2177,Zimbabwe,ZWE,1968,4874113.0,16.305999999999997
2178,Arab World,ARB,1969,118706804.0,38.0625830775041
2179,Caribbean small states,CSS,1969,4825706.0,33.986281122803604
2180,Central Europe and the Baltics,CEB,1969,98602140.0,50.21565769332189
2181,East Asia & Pacific (all income levels),EAS,1969,1256733708.0,24.7678120691616
2182,East Asia & Pacific (developing only),EAP,1969,1086235891.0,18.7455731422697
2183,Euro area,EMU,1969,285855062.0,66.7431732363795
2184,Europe & Central Asia (all income levels),ECS,1969,732044571.0,60.28412320486011
2185,Europe & Central Asia (developing only),ECA,1969,180865403.0,44.37572092906299
2186,European Union,EUU,1969,439730660.0,65.3114414922512
2187,Fragile and conflict affected situations,FCS,1969,150217067.0,22.8851454476618
2188,Heavily indebted poor countries (HIPC),HPC,1969,203029611.0,15.8135077915901
2189,High income,HIC,1969,1007897797.0,67.81681409248489
2190,High income: nonOECD,NOC,1969,211459827.0,63.84708664453301
2191,High income: OECD,OEC,1969,796437970.0,68.8001770824236
2192,Latin America & Caribbean (all income levels),LCN,1969,280641049.0,56.2857807579723
2193,Latin America & Caribbean (developing only),LAC,1969,229213906.0,52.40629312043139
2194,Least developed countries: UN classification,LDC,1969,301284584.0,12.4253751914369
2195,Low & middle income,LMY,1969,2601862909.0,24.3107501398193
2196,Low income,LIC,1969,193701378.0,14.724341950985
2197,Lower middle income,LMC,1969,1159046256.0,22.2264951452792
2198,Middle East & North Africa (all income levels),MEA,1969,135019358.0,41.8775432531163
2199,Middle East & North Africa (developing only),MNA,1969,124329068.0,40.2502757154425
2200,Middle income,MIC,1969,2408161531.0,25.0822180295721
2201,North America,NAC,1969,223759000.0,73.5112239016084
2202,OECD members,OED,1969,880830298.0,66.9841215201365
2203,Other small states,OSS,1969,7960631.0,19.6964722516343
2204,Pacific island small states,PSS,1969,1119515.0,25.737658231466305
2205,Small states,SST,1969,13905852.0,25.1417779208351
2206,South Asia,SAS,1969,697060567.0,18.4414894883101
2207,Sub-Saharan Africa (all income levels),SSF,1969,284502453.0,17.671025537660302
2208,Sub-Saharan Africa (developing only),SSA,1969,284158074.0,17.6578615697473
2209,Upper middle income,UMC,1969,1249115275.0,27.7293025840846
2210,World,WLD,1969,3609760706.0,36.338681039337295
2211,Afghanistan,AFG,1969,10849510.0,11.152
2212,Albania,ALB,1969,2081695.0,31.548
2213,Algeria,DZA,1969,14144437.0,39.334
2214,American Samoa,ASM,1969,26615.0,69.98
2215,Andorra,ADO,1969,23061.0,78.42399999999999
2216,Angola,AGO,1969,6177703.0,14.436
2217,Antigua and Barbuda,ATG,1969,64307.0,34.245
2218,Argentina,ARG,1969,23605992.0,78.39399999999999
2219,Armenia,ARM,1969,2456370.0,59.042
2220,Aruba,ABW,1969,58724.0,50.639
2221,Australia,AUS,1969,12263000.0,84.92200000000001
2222,Austria,AUT,1969,7441055.0,65.208
2223,Azerbaijan,AZE,1969,5066080.0,49.963
2224,"Bahamas, The",BHS,1969,164250.0,66.093
2225,Bahrain,BHR,1969,206469.0,83.52600000000001
2226,Bangladesh,BGD,1969,63422570.0,7.296
2227,Barbados,BRB,1969,237911.0,37.433
2228,Belarus,BLR,1969,8960304.0,42.76
2229,Belgium,BEL,1969,9646032.0,93.707
2230,Belize,BLZ,1969,119260.0,51.238
2231,Benin,BEN,1969,2846652.0,15.776
2232,Bermuda,BMU,1969,54000.0,100.0
2233,Bhutan,BTN,1969,282210.0,5.781000000000001
2234,Bolivia,BOL,1969,4413584.0,39.47
2235,Bosnia and Herzegovina,BIH,1969,3702834.0,26.283
2236,Botswana,BWA,1969,671305.0,6.81
2237,Brazil,BRA,1969,93585746.0,54.94
2238,Brunei Darussalam,BRN,1969,123875.0,59.908
2239,Bulgaria,BGR,1969,8434172.0,51.034
2240,Burkina Faso,BFA,1969,5528172.0,5.632000000000001
2241,Burundi,BDI,1969,3392949.0,2.7260000000000004
2242,Cabo Verde,CPV,1969,264885.0,19.255
2243,Cambodia,KHM,1969,6902025.0,14.579
2244,Cameroon,CMR,1969,6600479.0,19.577
2245,Canada,CAN,1969,21028000.0,75.161
2246,Cayman Islands,CYM,1969,8831.0,100.0
2247,Central African Republic,CAF,1969,1792150.0,26.645
2248,Chad,TCD,1969,3569778.0,10.862
2249,Channel Islands,CHI,1969,119971.0,36.346
2250,Chile,CHL,1969,9377005.0,74.547
2251,China,CHN,1969,796025000.0,17.528
2252,Colombia,COL,1969,21490948.0,54.063
2253,Comoros,COM,1969,223629.0,19.035
2254,"Congo, Dem. Rep.",ZAR,1969,19458874.0,24.37
2255,"Congo, Rep.",COG,1969,1296137.0,38.345
2256,Costa Rica,CRI,1969,1798315.0,38.212
2257,Cote d'Ivoire,CIV,1969,5010962.0,27.404
2258,Croatia,HRV,1969,4387000.0,39.13
2259,Cuba,CUB,1969,8563191.0,60.081
2260,Curacao,CUW,1969,142581.0,78.093
2261,Cyprus,CYP,1969,606117.0,40.242
2262,Czech Republic,CZE,1969,9896580.0,63.93
2263,Denmark,DNK,1969,4891860.0,79.222
2264,Djibouti,DJI,1969,149891.0,60.664
2265,Dominica,DMA,1969,70212.0,38.448
2266,Dominican Republic,DOM,1969,4376056.0,39.147
2267,Ecuador,ECU,1969,5899842.0,38.744
2268,"Egypt, Arab Rep.",EGY,1969,34038147.0,41.117
2269,El Salvador,SLV,1969,3572667.0,39.303
2270,Equatorial Guinea,GNQ,1969,292014.0,26.863000000000003
2271,Eritrea,ERI,1969,1758668.0,12.427
2272,Estonia,EST,1969,1345249.0,64.307
2273,Ethiopia,ETH,1969,27653622.0,8.422
2274,Faeroe Islands,FRO,1969,38164.0,27.524
2275,Fiji,FJI,1969,509659.0,34.371
2276,Finland,FIN,1969,4623785.0,62.908
2277,France,FRA,1969,51638260.0,70.648
2278,French Polynesia,PYF,1969,106858.0,53.773
2279,Gabon,GAB,1969,578114.0,30.237
2280,"Gambia, The",GMB,1969,435800.0,18.41
2281,Georgia,GEO,1969,4080300.0,47.522
2282,Germany,DEU,1969,77909682.0,72.211
2283,Ghana,GHA,1969,8397346.0,28.473000000000003
2284,Greece,GRC,1969,8772764.0,63.385
2285,Greenland,GRL,1969,44900.0,71.48100000000001
2286,Grenada,GRD,1969,94682.0,32.04
2287,Guam,GUM,1969,82042.0,59.784
2288,Guatemala,GTM,1969,5274726.0,35.232
2289,Guinea,GIN,1969,4160375.0,15.336
2290,Guinea-Bissau,GNB,1969,698917.0,14.972
2291,Guyana,GUY,1969,687658.0,29.369
2292,Haiti,HTI,1969,4622209.0,19.31
2293,Honduras,HND,1969,2620014.0,28.244
2294,"Hong Kong SAR, China",HKG,1969,3863900.0,87.476
2295,Hungary,HUN,1969,10298723.0,59.691
2296,Iceland,ISL,1969,203369.0,84.48299999999999
2297,India,IND,1969,541844848.0,19.562
2298,Indonesia,IDN,1969,111800090.0,16.809
2299,"Iran, Islamic Rep.",IRN,1969,27765239.0,40.321
2300,Iraq,IRQ,1969,9585576.0,55.089
2301,Ireland,IRL,1969,2932650.0,51.123000000000005
2302,Isle of Man,IMY,1969,55554.0,55.99100000000001
2303,Israel,ISR,1969,2877000.0,83.58200000000001
2304,Italy,ITA,1969,53537950.0,63.792
2305,Jamaica,JAM,1969,1844936.0,40.596
2306,Japan,JPN,1969,103172000.0,71.102
2307,Jordan,JOR,1969,1436517.0,55.633
2308,Kazakhstan,KAZ,1969,12550121.0,49.647
2309,Kenya,KEN,1969,10867717.0,9.85
2310,Kiribati,KIR,1969,50303.0,22.871
2311,"Korea, Dem. Rep.",PRK,1969,14009168.0,51.609
2312,"Korea, Rep.",KOR,1969,31544266.0,38.756
2313,Kuwait,KWT,1969,693876.0,84.58200000000001
2314,Kyrgyz Republic,KGZ,1969,2894800.0,37.214
2315,Lao PDR,LAO,1969,2618246.0,9.304
2316,Latvia,LVA,1969,2343173.0,59.946000000000005
2317,Lebanon,LBN,1969,2250609.0,57.79600000000001
2318,Lesotho,LSO,1969,1011308.0,8.196
2319,Liberia,LBR,1969,1383305.0,25.207
2320,Libya,LBY,1969,2025282.0,46.352
2321,Liechtenstein,LIE,1969,20765.0,18.654
2322,Lithuania,LTU,1969,3107321.0,48.53
2323,Luxembourg,LUX,1969,337500.0,73.902
2324,"Macao SAR, China",MAC,1969,245310.0,96.877
2325,"Macedonia, FYR",MKD,1969,1698140.0,45.718
2326,Madagascar,MDG,1969,6400454.0,13.751
2327,Malawi,MWI,1969,4484456.0,5.773
2328,Malaysia,MYS,1969,10640347.0,32.729
2329,Maldives,MDV,1969,112591.0,11.698
2330,Mali,MLI,1969,5861411.0,13.970999999999998
2331,Malta,MLT,1969,304300.0,89.69
2332,Marshall Islands,MHL,1969,19622.0,50.861
2333,Mauritania,MRT,1969,1115790.0,13.554
2334,Mauritius,MUS,1969,812405.0,41.008
2335,Mexico,MEX,1969,50423127.0,58.229
2336,"Micronesia, Fed. Sts.",FSM,1969,60167.0,24.551
2337,Moldova,MDA,1969,3002000.0,31.189
2338,Monaco,MCO,1969,23348.0,100.0
2339,Mongolia,MNG,1969,1242213.0,44.336000000000006
2340,Montenegro,MNE,1969,521424.0,25.955
2341,Morocco,MAR,1969,15687996.0,33.946
2342,Mozambique,MOZ,1969,9058691.0,6.72
2343,Myanmar,MMR,1969,26504247.0,22.449
2344,Namibia,NAM,1969,758305.0,21.852
2345,Nepal,NPL,1969,11750914.0,3.911
2346,Netherlands,NLD,1969,12877984.0,61.481
2347,New Caledonia,NCL,1969,104000.0,50.442
2348,New Zealand,NZL,1969,2772800.0,80.695
2349,Nicaragua,NIC,1969,2326136.0,46.16
2350,Niger,NER,1969,4375837.0,8.339
2351,Nigeria,NGA,1969,54859201.0,17.512999999999998
2352,Northern Mariana Islands,MNP,1969,12766.0,67.384
2353,Norway,NOR,1969,3847707.0,63.881
2354,Oman,OMN,1969,700729.0,28.093000000000004
2355,Pakistan,PAK,1969,56545924.0,24.552
2356,Palau,PLW,1969,11335.0,59.429
2357,Panama,PAN,1969,1476478.0,47.038
2358,Papua New Guinea,PNG,1969,2371515.0,8.649
2359,Paraguay,PRY,1969,2412565.0,36.9
2360,Peru,PER,1969,12982444.0,56.309
2361,Philippines,PHL,1969,34787588.0,32.672
2362,Poland,POL,1969,32548300.0,51.726000000000006
2363,Portugal,PRT,1969,8757705.0,38.414
2364,Puerto Rico,PRI,1969,2684150.0,57.077
2365,Qatar,QAT,1969,100697.0,88.103
2366,Romania,ROM,1969,20009141.0,39.822
2367,Russian Federation,RUS,1969,129664000.0,61.638000000000005
2368,Rwanda,RWA,1969,3640591.0,3.129
2369,Samoa,WSM,1969,140520.0,20.097
2370,San Marino,SMR,1969,18895.0,58.735
2371,Sao Tome and Principe,STP,1969,72240.0,27.861
2372,Saudi Arabia,SAU,1969,5601649.0,46.655
2373,Senegal,SEN,1969,4093763.0,29.247
2374,Seychelles,SYC,1969,52365.0,37.846
2375,Sierra Leone,SLE,1969,2473165.0,23.218000000000004
2376,Singapore,SGP,1969,2042500.0,100.0
2377,Slovak Republic,SVK,1969,4518607.0,40.243
2378,Slovenia,SVN,1969,1713874.0,36.081
2379,Solomon Islands,SLB,1969,154876.0,8.67
2380,Somalia,SOM,1969,3385414.0,22.115
2381,South Africa,ZAF,1969,21612522.0,47.70399999999999
2382,South Sudan,SSD,1969,3564079.0,8.645
2383,Spain,ESP,1969,33441054.0,65.108
2384,Sri Lanka,LKA,1969,12252000.0,19.125
2385,St. Kitts and Nevis,KNA,1969,45534.0,33.567
2386,St. Lucia,LCA,1969,102747.0,23.654
2387,St. Vincent and the Grenadines,VCT,1969,89518.0,30.187
2388,Sudan,SDN,1969,9909152.0,15.848
2389,Suriname,SUR,1969,366845.0,46.18
2390,Swaziland,SWZ,1969,433709.0,9.001
2391,Sweden,SWE,1969,7968072.0,80.28699999999999
2392,Switzerland,CHE,1969,6136387.0,56.742
2393,Syrian Arab Republic,SYR,1969,6166933.0,42.67100000000001
2394,Tajikistan,TJK,1969,2829641.0,36.777
2395,Tanzania,TZA,1969,13186560.0,7.311
2396,Thailand,THA,1969,35826803.0,20.668000000000003
2397,Timor-Leste,TMP,1969,589519.0,12.566
2398,Togo,TGO,1969,2034909.0,20.098
2399,Tonga,TON,1969,82879.0,20.157
2400,Trinidad and Tobago,TTO,1969,937846.0,12.268
2401,Tunisia,TUN,1969,5031211.0,42.662
2402,Turkey,TUR,1969,33969201.0,37.401
2403,Turkmenistan,TKM,1969,2126749.0,47.721
2404,Turks and Caicos Islands,TCA,1969,5573.0,50.763000000000005
2405,Tuvalu,TUV,1969,7213.0,21.392
2406,Uganda,UGA,1969,9162773.0,6.562
2407,Ukraine,UKR,1969,46746668.0,54.042
2408,United Arab Emirates,ARE,1969,205570.0,79.8
2409,United Kingdom,GBR,1969,55441750.0,77.259
2410,United States,USA,1969,202677000.0,73.333
2411,Uruguay,URY,1969,2795044.0,82.164
2412,Uzbekistan,UZB,1969,11599763.0,36.354
2413,Vanuatu,VUT,1969,82941.0,12.12
2414,"Venezuela, RB",VEN,1969,11235492.0,70.92
2415,Vietnam,VNM,1969,41773000.0,17.910999999999998
2416,Virgin Islands (U.S.),VIR,1969,58600.0,68.378
2417,"Yemen, Rep.",YEM,1969,6047230.0,12.815
2418,Zambia,ZMB,1969,4047479.0,29.37
2419,Zimbabwe,ZWE,1969,5036321.0,16.88
2420,Arab World,ARB,1970,121981406.0,38.7771917518396
2421,Caribbean small states,CSS,1970,4882583.0,34.2635475085626
2422,Central Europe and the Baltics,CEB,1970,99133296.0,50.780409860457
2423,East Asia & Pacific (all income levels),EAS,1970,1289398198.0,24.840816805208203
2424,East Asia & Pacific (developing only),EAP,1970,1116250866.0,18.7748809027262
2425,Euro area,EMU,1970,287416203.0,67.1473108283008
2426,Europe & Central Asia (all income levels),ECS,1970,737500170.0,60.776023681518296
2427,Europe & Central Asia (developing only),ECA,1970,183464390.0,45.0650596037354
2428,European Union,EUU,1970,442062264.0,65.6768935347261
2429,Fragile and conflict affected situations,FCS,1970,154210353.0,23.4769601046276
2430,Heavily indebted poor countries (HIPC),HPC,1970,208410359.0,16.2424227511359
2431,High income,HIC,1970,1017505527.0,68.3453832770022
2432,High income: nonOECD,NOC,1970,213932884.0,64.6780346873634
2433,High income: OECD,OEC,1970,803572643.0,69.2554854957625
2434,Latin America & Caribbean (all income levels),LCN,1970,287763515.0,57.0386751119347
2435,Latin America & Caribbean (developing only),LAC,1970,235361548.0,53.2171662667684
2436,Least developed countries: UN classification,LDC,1970,308870065.0,12.8070395377649
2437,Low & middle income,LMY,1970,2667317174.0,24.5580849967898
2438,Low income,LIC,1970,198588590.0,15.255084970662198
2439,Lower middle income,LMC,1970,1186201817.0,22.5040298118897
2440,Middle East & North Africa (all income levels),MEA,1970,138716538.0,42.6364866691454
2441,Middle East & North Africa (developing only),MNA,1970,127571595.0,40.924130498650605
2442,Middle income,MIC,1970,2468728584.0,25.306803327992306
2443,North America,NAC,1970,226431000.0,73.8016579001992
2444,OECD members,OED,1970,890374533.0,67.4459336354031
2445,Other small states,OSS,1970,8139804.0,20.3791451886311
2446,Pacific island small states,PSS,1970,1145542.0,26.089083436486806
2447,Small states,SST,1970,14167929.0,25.6256932771191
2448,South Asia,SAS,1970,713115397.0,18.6569274027679
2449,Sub-Saharan Africa (all income levels),SSF,1970,291897883.0,18.0311373119174
2450,Sub-Saharan Africa (developing only),SSA,1970,291553378.0,18.0183668160449
2451,Upper middle income,UMC,1970,1282526767.0,27.8964088956741
2452,World,WLD,1970,3684822701.0,36.5278776725921
2453,Afghanistan,AFG,1970,11121097.0,11.529000000000002
2454,Albania,ALB,1970,2135479.0,31.74
2455,Algeria,DZA,1970,14550033.0,39.5
2456,American Samoa,ASM,1970,27292.0,70.384
2457,Andorra,ADO,1970,24279.0,80.155
2458,Angola,AGO,1970,6300969.0,14.957
2459,Antigua and Barbuda,ATG,1970,65369.0,33.819
2460,Argentina,ARG,1970,23973062.0,78.88
2461,Armenia,ARM,1970,2518408.0,59.864
2462,Aruba,ABW,1970,59065.0,50.624
2463,Australia,AUS,1970,12507000.0,85.265
2464,Austria,AUT,1970,7467086.0,65.258
2465,Azerbaijan,AZE,1970,5178160.0,50.008
2466,"Bahamas, The",BHS,1970,169356.0,66.764
2467,Bahrain,BHR,1970,213102.0,83.775
2468,Bangladesh,BGD,1970,65048701.0,7.593
2469,Barbados,BRB,1970,238847.0,37.539
2470,Belarus,BLR,1970,9040000.0,44.01
2471,Belgium,BEL,1970,9655549.0,93.843
2472,Belize,BLZ,1970,122179.0,50.963
2473,Benin,BEN,1970,2907769.0,16.691
2474,Bermuda,BMU,1970,55000.0,100.0
2475,Bhutan,BTN,1970,291457.0,6.089
2476,Bolivia,BOL,1970,4505774.0,39.776
2477,Bosnia and Herzegovina,BIH,1970,3745637.0,27.201
2478,Botswana,BWA,1970,693021.0,7.834
2479,Brazil,BRA,1970,95982453.0,55.909
2480,Brunei Darussalam,BRN,1970,129729.0,61.675
2481,Bulgaria,BGR,1970,8489574.0,52.3
2482,Burkina Faso,BFA,1970,5624597.0,5.746
2483,Burundi,BDI,1970,3457113.0,2.845
2484,Cabo Verde,CPV,1970,270197.0,19.559
2485,Cambodia,KHM,1970,7022185.0,15.97
2486,Cameroon,CMR,1970,6770967.0,20.3
2487,Canada,CAN,1970,21324000.0,75.654
2488,Cayman Islands,CYM,1970,9144.0,100.0
2489,Central African Republic,CAF,1970,1828710.0,27.492
2490,Chad,TCD,1970,3644911.0,11.568
2491,Channel Islands,CHI,1970,121196.0,36.088
2492,Chile,CHL,1970,9561868.0,75.227
2493,China,CHN,1970,818315000.0,17.4
2494,Colombia,COL,1970,22061214.0,54.82
2495,Comoros,COM,1970,228443.0,19.39
2496,"Congo, Dem. Rep.",ZAR,1970,20009902.0,24.608
2497,"Congo, Rep.",COG,1970,1335090.0,39.129
2498,Costa Rica,CRI,1970,1848873.0,38.827
2499,Cote d'Ivoire,CIV,1970,5241914.0,28.163
2500,Croatia,HRV,1970,4411000.0,40.196
2501,Cuba,CUB,1970,8715123.0,60.266000000000005
2502,Curacao,CUW,1970,144739.0,78.44800000000001
2503,Cyprus,CYP,1970,613619.0,40.761
2504,Czech Republic,CZE,1970,9858071.0,64.402
2505,Denmark,DNK,1970,4928757.0,79.737
2506,Djibouti,DJI,1970,159667.0,61.777
2507,Dominica,DMA,1970,71076.0,38.683
2508,Dominican Republic,DOM,1970,4503114.0,40.209
2509,Ecuador,ECU,1970,6072520.0,39.278
2510,"Egypt, Arab Rep.",EGY,1970,34808599.0,41.477
2511,El Salvador,SLV,1970,3668592.0,39.402
2512,Equatorial Guinea,GNQ,1970,290905.0,26.954
2513,Eritrea,ERI,1970,1805480.0,12.593
2514,Estonia,EST,1970,1360076.0,64.947
2515,Ethiopia,ETH,1970,28414999.0,8.588
2516,Faeroe Islands,FRO,1970,38587.0,27.951
2517,Fiji,FJI,1970,520529.0,34.758
2518,Finland,FIN,1970,4606307.0,63.70399999999999
2519,France,FRA,1970,52035095.0,71.055
2520,French Polynesia,PYF,1970,110496.0,55.162
2521,Gabon,GAB,1970,590119.0,32.0
2522,"Gambia, The",GMB,1970,447283.0,19.496
2523,Georgia,GEO,1970,3967800.0,48.006
2524,Germany,DEU,1970,78169289.0,72.274
2525,Ghana,GHA,1970,8596977.0,28.958
2526,Greece,GRC,1970,8792806.0,64.22
2527,Greenland,GRL,1970,46400.0,72.744
2528,Grenada,GRD,1970,94430.0,32.212
2529,Guam,GUM,1970,83880.0,61.92
2530,Guatemala,GTM,1970,5423384.0,35.545
2531,Guinea,GIN,1970,4215442.0,15.977
2532,Guinea-Bissau,GNB,1970,711828.0,15.132
2533,Guyana,GUY,1970,695561.0,29.425
2534,Haiti,HTI,1970,4708639.0,19.762
2535,Honduras,HND,1970,2691309.0,28.902
2536,"Hong Kong SAR, China",HKG,1970,3959000.0,87.729
2537,Hungary,HUN,1970,10337910.0,60.112
2538,Iceland,ISL,1970,204438.0,84.9
2539,India,IND,1970,553943226.0,19.76
2540,Indonesia,IDN,1970,114834781.0,17.070999999999998
2541,"Iran, Islamic Rep.",IRN,1970,28514011.0,41.212
2542,Iraq,IRQ,1970,9917982.0,56.154
2543,Ireland,IRL,1970,2957250.0,51.722
2544,Isle of Man,IMY,1970,56712.0,55.831
2545,Israel,ISR,1970,2974000.0,84.195
2546,Italy,ITA,1970,53821850.0,64.27199999999999
2547,Jamaica,JAM,1970,1869000.0,41.324
2548,Japan,JPN,1970,104345000.0,71.877
2549,Jordan,JOR,1970,1508000.0,55.971
2550,Kazakhstan,KAZ,1970,12757245.0,50.236
2551,Kenya,KEN,1970,11252466.0,10.295
2552,Kiribati,KIR,1970,51181.0,24.088
2553,"Korea, Dem. Rep.",PRK,1970,14410400.0,54.2
2554,"Korea, Rep.",KOR,1970,32240827.0,40.704
2555,Kuwait,KWT,1970,750184.0,85.661
2556,Kyrgyz Republic,KGZ,1970,2959900.0,37.466
2557,Lao PDR,LAO,1970,2686025.0,9.625
2558,Latvia,LVA,1970,2359164.0,60.713
2559,Lebanon,LBN,1970,2297403.0,59.475
2560,Lesotho,LSO,1970,1032240.0,8.607999999999999
2561,Liberia,LBR,1970,1419728.0,26.025
2562,Libya,LBY,1970,2114264.0,49.67100000000001
2563,Liechtenstein,LIE,1970,21266.0,18.453
2564,Lithuania,LTU,1970,3139689.0,49.555
2565,Luxembourg,LUX,1970,339171.0,74.374
2566,"Macao SAR, China",MAC,1970,250997.0,97.032
2567,"Macedonia, FYR",MKD,1970,1720798.0,47.07899999999999
2568,Madagascar,MDG,1970,6576301.0,14.1
2569,Malawi,MWI,1970,4603739.0,6.053
2570,Malaysia,MYS,1970,10908634.0,33.454
2571,Maldives,MDV,1970,115703.0,11.893
2572,Mali,MLI,1970,5949043.0,14.33
2573,Malta,MLT,1970,302650.0,89.699
2574,Marshall Islands,MHL,1970,20397.0,53.492
2575,Mauritania,MRT,1970,1148908.0,14.564
2576,Mauritius,MUS,1970,826000.0,42.032
2577,Mexico,MEX,1970,52029859.0,59.021
2578,"Micronesia, Fed. Sts.",FSM,1970,61433.0,24.808000000000003
2579,Moldova,MDA,1970,3044000.0,32.068000000000005
2580,Monaco,MCO,1970,23484.0,100.0
2581,Mongolia,MNG,1970,1278825.0,45.052
2582,Montenegro,MNE,1970,526123.0,26.853
2583,Morocco,MAR,1970,16039600.0,34.477
2584,Mozambique,MOZ,1970,9262078.0,6.979
2585,Myanmar,MMR,1970,27166045.0,22.83
2586,Namibia,NAM,1970,780386.0,22.292
2587,Nepal,NPL,1970,11986974.0,3.956
2588,Netherlands,NLD,1970,13038526.0,61.663
2589,New Caledonia,NCL,1970,112000.0,51.232
2590,New Zealand,NZL,1970,2810700.0,81.10600000000001
2591,Nicaragua,NIC,1970,2398095.0,47.03
2592,Niger,NER,1970,4497355.0,8.794
2593,Nigeria,NGA,1970,56131844.0,17.76
2594,Northern Mariana Islands,MNP,1970,13203.0,70.062
2595,Norway,NOR,1970,3875763.0,65.396
2596,Oman,OMN,1970,723850.0,29.665
2597,Pakistan,PAK,1970,58094239.0,24.817
2598,Palau,PLW,1970,11481.0,59.715
2599,Panama,PAN,1970,1519293.0,47.64
2600,Papua New Guinea,PNG,1970,2434755.0,9.796
2601,Paraguay,PRY,1970,2474102.0,37.065
2602,Peru,PER,1970,13341071.0,57.406000000000006
2603,Philippines,PHL,1970,35804731.0,32.979
2604,Poland,POL,1970,32664300.0,52.125
2605,Portugal,PRT,1970,8680431.0,38.804
2606,Puerto Rico,PRI,1970,2718000.0,58.328
2607,Qatar,QAT,1970,109329.0,88.354
2608,Romania,ROM,1970,20250398.0,40.319
2609,Russian Federation,RUS,1970,130404000.0,62.471
2610,Rwanda,RWA,1970,3754546.0,3.194
2611,Samoa,WSM,1970,143175.0,20.353
2612,San Marino,SMR,1970,19136.0,59.8
2613,Sao Tome and Principe,STP,1970,74251.0,29.518
2614,Saudi Arabia,SAU,1970,5836394.0,48.669
2615,Senegal,SEN,1970,4217754.0,30.0
2616,Seychelles,SYC,1970,53600.0,39.068000000000005
2617,Sierra Leone,SLE,1970,2514151.0,23.969
2618,Singapore,SGP,1970,2074500.0,100.0
2619,Slovak Republic,SVK,1970,4538223.0,41.057
2620,Slovenia,SVN,1970,1724891.0,37.004
2621,Solomon Islands,SLB,1970,160292.0,8.917
2622,Somalia,SOM,1970,3445420.0,22.678
2623,South Africa,ZAF,1970,22087000.0,47.809
2624,South Sudan,SSD,1970,3647097.0,8.633
2625,Spain,ESP,1970,33814531.0,66.038
2626,Sri Lanka,LKA,1970,12514000.0,19.514
2627,St. Kitts and Nevis,KNA,1970,44882.0,34.141
2628,St. Lucia,LCA,1970,104162.0,23.907
2629,St. Vincent and the Grenadines,VCT,1970,90457.0,30.683000000000003
2630,Sudan,SDN,1970,10232758.0,16.523
2631,Suriname,SUR,1970,371268.0,45.948
2632,Swaziland,SWZ,1970,445844.0,9.705
2633,Sweden,SWE,1970,8042801.0,81.03399999999999
2634,Switzerland,CHE,1970,6180877.0,57.368
2635,Syrian Arab Republic,SYR,1970,6378802.0,43.345
2636,Tajikistan,TJK,1970,2919586.0,36.876
2637,Tanzania,TZA,1970,13605504.0,7.852
2638,Thailand,THA,1970,36884914.0,20.889
2639,Timor-Leste,TMP,1970,602737.0,12.886
2640,Togo,TGO,1970,2115521.0,21.28
2641,Tonga,TON,1970,84370.0,20.187
2642,Trinidad and Tobago,TTO,1970,945996.0,11.876
2643,Tunisia,TUN,1970,5127000.0,43.482
2644,Turkey,TUR,1970,34772031.0,38.234
2645,Turkmenistan,TKM,1970,2188499.0,47.78
2646,Turks and Caicos Islands,TCA,1970,5632.0,51.106
2647,Tuvalu,TUV,1970,7296.0,22.081
2648,Uganda,UGA,1970,9446024.0,6.664
2649,Ukraine,UKR,1970,47086758.0,54.831
2650,United Arab Emirates,ARE,1970,235434.0,79.8
2651,United Kingdom,GBR,1970,55663250.0,77.117
2652,United States,USA,1970,205052000.0,73.602
2653,Uruguay,URY,1970,2809799.0,82.368
2654,Uzbekistan,UZB,1970,11972994.0,36.714
2655,Vanuatu,VUT,1970,85388.0,12.325
2656,"Venezuela, RB",VEN,1970,11587758.0,71.852
2657,Vietnam,VNM,1970,42729000.0,18.3
2658,Virgin Islands (U.S.),VIR,1970,63000.0,69.592
2659,"Yemen, Rep.",YEM,1970,6156234.0,13.3
2660,Zambia,ZMB,1970,4185378.0,30.351
2661,Zimbabwe,ZWE,1970,5206311.0,17.362000000000002
2662,Arab World,ARB,1971,125273032.0,39.479791348644
2663,Caribbean small states,CSS,1971,4940523.0,34.529208306489004
2664,Central Europe and the Baltics,CEB,1971,99638983.0,51.4295664450529
2665,East Asia & Pacific (all income levels),EAS,1971,1323050025.0,24.9211984463622
2666,East Asia & Pacific (developing only),EAP,1971,1146964227.0,18.8079324788688
2667,Euro area,EMU,1971,288999688.0,67.5330798630828
2668,Europe & Central Asia (all income levels),ECS,1971,743148494.0,61.247686716713886
2669,Europe & Central Asia (developing only),ECA,1971,186246821.0,45.7037729342776
2670,European Union,EUU,1971,444368185.0,66.0511280433589
2671,Fragile and conflict affected situations,FCS,1971,158282922.0,24.0492721931992
2672,Heavily indebted poor countries (HIPC),HPC,1971,213971961.0,16.683500609245698
2673,High income,HIC,1971,1027734388.0,68.810889893093
2674,High income: nonOECD,NOC,1971,216468801.0,65.4851400217876
2675,High income: OECD,OEC,1971,811265587.0,69.6374580370485
2676,Latin America & Caribbean (all income levels),LCN,1971,295026304.0,57.7979480751661
2677,Latin America & Caribbean (developing only),LAC,1971,241620163.0,54.043193867914106
2678,Least developed countries: UN classification,LDC,1971,316378185.0,13.2241807021303
2679,Low & middle income,LMY,1971,2734363292.0,24.8162398704365
2680,Low income,LIC,1971,203612750.0,15.684364165849097
2681,Lower middle income,LMC,1971,1214104202.0,22.803340274172697
2682,Middle East & North Africa (all income levels),MEA,1971,142463436.0,43.3809654301332
2683,Middle East & North Africa (developing only),MNA,1971,130823545.0,41.5787791318528
2684,Middle income,MIC,1971,2530750542.0,25.551311513546
2685,North America,NAC,1971,229361135.0,73.8530438086208
2686,OECD members,OED,1971,900593213.0,67.8358773156577
2687,Other small states,OSS,1971,8319850.0,21.0830977108962
2688,Pacific island small states,PSS,1971,1171267.0,26.4170707285358
2689,Small states,SST,1971,14431640.0,26.1191383294622
2690,South Asia,SAS,1971,729469562.0,18.9043813018013
2691,Sub-Saharan Africa (all income levels),SSF,1971,299578724.0,18.428518342868
2692,Sub-Saharan Africa (developing only),SSA,1971,299238974.0,18.4162996254525
2693,Upper middle income,UMC,1971,1316646340.0,28.0826645483805
2694,World,WLD,1971,3762097680.0,36.7120755913617
2695,Afghanistan,AFG,1971,11412821.0,11.917
2696,Albania,ALB,1971,2187853.0,31.933000000000003
2697,Algeria,DZA,1971,14960111.0,39.665
2698,American Samoa,ASM,1971,27916.0,70.78399999999999
2699,Andorra,ADO,1971,25560.0,81.78
2700,Angola,AGO,1971,6437645.0,15.434
2701,Antigua and Barbuda,ATG,1971,66338.0,33.898
2702,Argentina,ARG,1971,24366442.0,79.321
2703,Armenia,ARM,1971,2580894.0,60.657
2704,Aruba,ABW,1971,59438.0,50.609
2705,Australia,AUS,1971,12937000.0,85.6
2706,Austria,AUT,1971,7500482.0,65.301
2707,Azerbaijan,AZE,1971,5287272.0,50.462
2708,"Bahamas, The",BHS,1971,173867.0,67.429
2709,Bahrain,BHR,1971,220808.0,84.021
2710,Bangladesh,BGD,1971,66417450.0,7.901
2711,Barbados,BRB,1971,240038.0,37.755
2712,Belarus,BLR,1971,9115576.0,45.349
2713,Belgium,BEL,1971,9673162.0,93.976
2714,Belize,BLZ,1971,124792.0,50.805
2715,Benin,BEN,1971,2971941.0,17.647000000000002
2716,Bermuda,BMU,1971,54600.0,100.0
2717,Bhutan,BTN,1971,301653.0,6.412999999999999
2718,Bolivia,BOL,1971,4600596.0,40.082
2719,Bosnia and Herzegovina,BIH,1971,3790948.0,28.094
2720,Botswana,BWA,1971,715811.0,8.998
2721,Brazil,BRA,1971,98402200.0,56.894
2722,Brunei Darussalam,BRN,1971,135716.0,63.412
2723,Bulgaria,BGR,1971,8536395.0,53.36
2724,Burkina Faso,BFA,1971,5723379.0,5.861000000000001
2725,Burundi,BDI,1971,3507593.0,2.97
2726,Cabo Verde,CPV,1971,273053.0,19.9
2727,Cambodia,KHM,1971,7167716.0,18.717
2728,Cameroon,CMR,1971,6948847.0,21.584
2729,Canada,CAN,1971,21645535.0,76.09
2730,Cayman Islands,CYM,1971,9583.0,100.0
2731,Central African Republic,CAF,1971,1864757.0,28.356
2732,Chad,TCD,1971,3727382.0,12.313
2733,Channel Islands,CHI,1971,122413.0,35.803000000000004
2734,Chile,CHL,1971,9741579.0,75.883
2735,China,CHN,1971,841105000.0,17.292
2736,Colombia,COL,1971,22611988.0,55.574
2737,Comoros,COM,1971,233125.0,19.75
2738,"Congo, Dem. Rep.",ZAR,1971,20563111.0,24.847
2739,"Congo, Rep.",COG,1971,1376189.0,39.919
2740,Costa Rica,CRI,1971,1898366.0,39.445
2741,Cote d'Ivoire,CIV,1971,5487594.0,28.934
2742,Croatia,HRV,1971,4435000.0,41.242
2743,Cuba,CUB,1971,8869961.0,60.976000000000006
2744,Curacao,CUW,1971,147389.0,78.79899999999999
2745,Cyprus,CYP,1971,620860.0,41.283
2746,Czech Republic,CZE,1971,9826815.0,65.295
2747,Denmark,DNK,1971,4963126.0,80.23899999999999
2748,Djibouti,DJI,1971,169370.0,62.878
2749,Dominica,DMA,1971,71566.0,39.47
2750,Dominican Republic,DOM,1971,4631114.0,41.291
2751,Ecuador,ECU,1971,6248831.0,39.813
2752,"Egypt, Arab Rep.",EGY,1971,35561087.0,41.838
2753,El Salvador,SLV,1971,3765252.0,39.504
2754,Equatorial Guinea,GNQ,1971,284915.0,27.045
2755,Eritrea,ERI,1971,1854395.0,12.762
2756,Estonia,EST,1971,1376955.0,65.483
2757,Ethiopia,ETH,1971,29246170.0,8.756
2758,Faeroe Islands,FRO,1971,38983.0,28.417
2759,Fiji,FJI,1971,531601.0,35.147
2760,Finland,FIN,1971,4612124.0,64.523
2761,France,FRA,1971,52480421.0,71.459
2762,French Polynesia,PYF,1971,114311.0,56.203
2763,Gabon,GAB,1971,601734.0,34.082
2764,"Gambia, The",GMB,1971,460193.0,20.63
2765,Georgia,GEO,1971,4009400.0,48.474
2766,Germany,DEU,1971,78312842.0,72.332
2767,Ghana,GHA,1971,8827273.0,29.174
2768,Greece,GRC,1971,8831036.0,64.95100000000001
2769,Greenland,GRL,1971,47200.0,73.433
2770,Grenada,GRD,1971,94180.0,32.282
2771,Guam,GUM,1971,85728.0,67.153
2772,Guatemala,GTM,1971,5577824.0,35.861
2773,Guinea,GIN,1971,4259102.0,16.641
2774,Guinea-Bissau,GNB,1971,724863.0,15.293
2775,Guyana,GUY,1971,703811.0,29.533
2776,Haiti,HTI,1971,4793157.0,20.222
2777,Honduras,HND,1971,2766444.0,29.569000000000003
2778,"Hong Kong SAR, China",HKG,1971,4045300.0,88.039
2779,Hungary,HUN,1971,10367537.0,60.539
2780,Iceland,ISL,1971,206098.0,85.26899999999999
2781,India,IND,1971,566605402.0,19.991
2782,Indonesia,IDN,1971,117921994.0,17.338
2783,"Iran, Islamic Rep.",IRN,1971,29281130.0,42.11
2784,Iraq,IRQ,1971,10255904.0,57.214
2785,Ireland,IRL,1971,2992050.0,52.269
2786,Isle of Man,IMY,1971,57711.0,55.556
2787,Israel,ISR,1971,3069000.0,84.789
2788,Italy,ITA,1971,54073490.0,64.75
2789,Jamaica,JAM,1971,1895629.0,41.858
2790,Japan,JPN,1971,105697000.0,72.666
2791,Jordan,JOR,1971,1573846.0,56.308
2792,Kazakhstan,KAZ,1971,12966920.0,50.753
2793,Kenya,KEN,1971,11657479.0,10.778
2794,Kiribati,KIR,1971,52020.0,25.348000000000003
2795,"Korea, Dem. Rep.",PRK,1971,14812363.0,54.702
2796,"Korea, Rep.",KOR,1971,32882704.0,42.261
2797,Kuwait,KWT,1971,807900.0,86.444
2798,Kyrgyz Republic,KGZ,1971,3022300.0,37.609
2799,Lao PDR,LAO,1971,2759634.0,9.955
2800,Latvia,LVA,1971,2376389.0,61.433
2801,Lebanon,LBN,1971,2353569.0,61.06
2802,Lesotho,LSO,1971,1053524.0,9.039
2803,Liberia,LBR,1971,1457714.0,26.86
2804,Libya,LBY,1971,2208125.0,52.992
2805,Liechtenstein,LIE,1971,21726.0,18.364
2806,Lithuania,LTU,1971,3179041.0,50.719
2807,Luxembourg,LUX,1971,342421.0,74.916
2808,"Macao SAR, China",MAC,1971,253881.0,97.208
2809,"Macedonia, FYR",MKD,1971,1739525.0,48.246
2810,Madagascar,MDG,1971,6760352.0,14.526
2811,Malawi,MWI,1971,4728693.0,6.345
2812,Malaysia,MYS,1971,11182078.0,34.271
2813,Maldives,MDV,1971,119315.0,12.842
2814,Mali,MLI,1971,6044532.0,14.697
2815,Malta,MLT,1971,302700.0,89.708
2816,Marshall Islands,MHL,1971,21310.0,56.103
2817,Mauritania,MRT,1971,1182945.0,15.636
2818,Mauritius,MUS,1971,839230.0,43.062
2819,Mexico,MEX,1971,53719547.0,59.779
2820,"Micronesia, Fed. Sts.",FSM,1971,62107.0,25.068
2821,Moldova,MDA,1971,3088000.0,32.879
2822,Monaco,MCO,1971,23722.0,100.0
2823,Mongolia,MNG,1971,1317049.0,45.77
2824,Montenegro,MNE,1971,530706.0,27.769
2825,Morocco,MAR,1971,16389949.0,35.012
2826,Mozambique,MOZ,1971,9468836.0,7.361000000000001
2827,Myanmar,MMR,1971,27836648.0,23.215
2828,Namibia,NAM,1971,804309.0,22.559
2829,Nepal,NPL,1971,12232454.0,4.005
2830,Netherlands,NLD,1971,13194497.0,61.913
2831,New Caledonia,NCL,1971,120000.0,52.022
2832,New Zealand,NZL,1971,2853000.0,81.491
2833,Nicaragua,NIC,1971,2472656.0,47.777
2834,Niger,NER,1971,4623121.0,9.271
2835,Nigeria,NGA,1971,57453734.0,18.151
2836,Northern Mariana Islands,MNP,1971,13658.0,72.609
2837,Norway,NOR,1971,3903039.0,66.23
2838,Oman,OMN,1971,748971.0,31.287
2839,Pakistan,PAK,1971,59690467.0,25.084
2840,Palau,PLW,1971,11656.0,60.001000000000005
2841,Panama,PAN,1971,1563113.0,47.919
2842,Papua New Guinea,PNG,1971,2503074.0,11.078
2843,Paraguay,PRY,1971,2535355.0,37.23
2844,Peru,PER,1971,13704333.0,58.496
2845,Philippines,PHL,1971,36851055.0,33.493
2846,Poland,POL,1971,32783500.0,52.668
2847,Portugal,PRT,1971,8643756.0,39.197
2848,Puerto Rico,PRI,1971,2762190.0,59.23
2849,Qatar,QAT,1971,119246.0,88.6
2850,Romania,ROM,1971,20461567.0,40.818000000000005
2851,Russian Federation,RUS,1971,131155000.0,63.278
2852,Rwanda,RWA,1971,3868345.0,3.3360000000000003
2853,Samoa,WSM,1971,145437.0,20.611
2854,San Marino,SMR,1971,19299.0,62.281000000000006
2855,Sao Tome and Principe,STP,1971,75989.0,30.205
2856,Saudi Arabia,SAU,1971,6096106.0,50.688
2857,Senegal,SEN,1971,4348499.0,30.72
2858,Seychelles,SYC,1971,54835.0,40.337
2859,Sierra Leone,SLE,1971,2558395.0,24.737
2860,Singapore,SGP,1971,2112900.0,100.0
2861,Slovak Republic,SVK,1971,4557449.0,42.00899999999999
2862,Slovenia,SVN,1971,1738335.0,37.972
2863,Solomon Islands,SLB,1971,166214.0,8.958
2864,Somalia,SOM,1971,3477568.0,23.251
2865,South Africa,ZAF,1971,22602373.0,47.869
2866,South Sudan,SSD,1971,3733547.0,8.622
2867,Spain,ESP,1971,34191678.0,66.848
2868,Sri Lanka,LKA,1971,12690000.0,19.91
2869,St. Kitts and Nevis,KNA,1971,44490.0,34.317
2870,St. Lucia,LCA,1971,105389.0,24.162
2871,St. Vincent and the Grenadines,VCT,1971,91440.0,31.182
2872,Sudan,SDN,1971,10568788.0,17.22
2873,Suriname,SUR,1971,372619.0,45.716
2874,Swaziland,SWZ,1971,458717.0,10.458
2875,Sweden,SWE,1971,8098334.0,81.563
2876,Switzerland,CHE,1971,6213399.0,57.597
2877,Syrian Arab Republic,SYR,1971,6599366.0,43.751000000000005
2878,Tajikistan,TJK,1971,3013956.0,36.607
2879,Tanzania,TZA,1971,14045757.0,8.431000000000001
2880,Thailand,THA,1971,37964925.0,21.442
2881,Timor-Leste,TMP,1971,618508.0,13.213
2882,Togo,TGO,1971,2185661.0,21.602
2883,Tonga,TON,1971,85520.0,20.217
2884,Trinidad and Tobago,TTO,1971,956364.0,11.774
2885,Tunisia,TUN,1971,5208154.0,44.305
2886,Turkey,TUR,1971,35608079.0,38.945
2887,Turkmenistan,TKM,1971,2252386.0,47.735
2888,Turks and Caicos Islands,TCA,1971,5750.0,51.487
2889,Tuvalu,TUV,1971,7379.0,22.786
2890,Uganda,UGA,1971,9720365.0,6.737
2891,Ukraine,UKR,1971,47433807.0,55.552
2892,United Arab Emirates,ARE,1971,275160.0,79.8
2893,United Kingdom,GBR,1971,55896223.0,77.03
2894,United States,USA,1971,207661000.0,73.613
2895,Uruguay,URY,1971,2818269.0,82.57
2896,Uzbekistan,UZB,1971,12361237.0,37.184
2897,Vanuatu,VUT,1971,88023.0,12.533
2898,"Venezuela, RB",VEN,1971,11937803.0,72.764
2899,Vietnam,VNM,1971,43725000.0,18.396
2900,Virgin Islands (U.S.),VIR,1971,71000.0,70.779
2901,"Yemen, Rep.",YEM,1971,6262934.0,13.598
2902,Zambia,ZMB,1971,4331002.0,31.241
2903,Zimbabwe,ZWE,1971,5385342.0,17.855
2904,Arab World,ARB,1972,128622897.0,40.20649478165621
2905,Caribbean small states,CSS,1972,4999973.0,34.8768312206886
2906,Central Europe and the Baltics,CEB,1972,100363597.0,52.1621059367571
2907,East Asia & Pacific (all income levels),EAS,1972,1354923284.0,25.0191511875457
2908,East Asia & Pacific (developing only),EAP,1972,1175990054.0,18.8623995401555
2909,Euro area,EMU,1972,290938923.0,67.8678118896831
2910,Europe & Central Asia (all income levels),ECS,1972,749503677.0,61.70756882349279
2911,Europe & Central Asia (developing only),ECA,1972,189214048.0,46.3077333955165
2912,European Union,EUU,1972,447151812.0,66.4294760437156
2913,Fragile and conflict affected situations,FCS,1972,162447767.0,24.614480029458605
2914,Heavily indebted poor countries (HIPC),HPC,1972,219712407.0,17.1300102673173
2915,High income,HIC,1972,1038086951.0,69.2473533103057
2916,High income: nonOECD,NOC,1972,219034450.0,66.2792185665682
2917,High income: OECD,OEC,1972,819052501.0,69.9862134654272
2918,Latin America & Caribbean (all income levels),LCN,1972,302408883.0,58.5501813627112
2919,Latin America & Caribbean (developing only),LAC,1972,247979312.0,54.8666430730157
2920,Least developed countries: UN classification,LDC,1972,323858659.0,13.6655151995087
2921,Low & middle income,LMY,1972,2800721995.0,25.1086921068478
2922,Low income,LIC,1972,208769614.0,16.1364638299566
2923,Lower middle income,LMC,1972,1242862038.0,23.1688170089804
2924,Middle East & North Africa (all income levels),MEA,1972,146283051.0,44.1377651891401
2925,Middle East & North Africa (developing only),MNA,1972,134123335.0,42.24824806895089
2926,Middle income,MIC,1972,2591952381.0,25.831719534695893
2927,North America,NAC,1972,231943831.0,73.85180832294259
2928,OECD members,OED,1972,911007982.0,68.1938374042457
2929,Other small states,OSS,1972,8501704.0,21.7539579005573
2930,Pacific island small states,PSS,1972,1196679.0,26.735279786810004
2931,Small states,SST,1972,14698356.0,26.6235539000416
2932,South Asia,SAS,1972,746222138.0,19.2296007544646
2933,Sub-Saharan Africa (all income levels),SSF,1972,307524082.0,18.8390845006701
2934,Sub-Saharan Africa (developing only),SSA,1972,307193108.0,18.827468495930606
2935,Upper middle income,UMC,1972,1349090343.0,28.2824206962847
2936,World,WLD,1972,3838808946.0,36.92100577189571
2937,Afghanistan,AFG,1972,11716896.0,12.316
2938,Albania,ALB,1972,2243126.0,32.126999999999995
2939,Algeria,DZA,1972,15377095.0,39.831
2940,American Samoa,ASM,1972,28490.0,71.182
2941,Andorra,ADO,1972,26892.0,83.301
2942,Angola,AGO,1972,6587647.0,15.875
2943,Antigua and Barbuda,ATG,1972,67205.0,33.978
2944,Argentina,ARG,1972,24782950.0,79.743
2945,Armenia,ARM,1972,2643464.0,61.445
2946,Aruba,ABW,1972,59849.0,50.593
2947,Australia,AUS,1972,13177000.0,85.681
2948,Austria,AUT,1972,7544201.0,65.311
2949,Azerbaijan,AZE,1972,5393176.0,50.917
2950,"Bahamas, The",BHS,1972,177844.0,68.08800000000001
2951,Bahrain,BHR,1972,229588.0,84.265
2952,Bangladesh,BGD,1972,67578486.0,8.221
2953,Barbados,BRB,1972,241441.0,37.971
2954,Belarus,BLR,1972,9188968.0,46.697
2955,Belgium,BEL,1972,9711115.0,94.106
2956,Belize,BLZ,1972,127148.0,50.646
2957,Benin,BEN,1972,3039300.0,18.648
2958,Bermuda,BMU,1972,54200.0,100.0
2959,Bhutan,BTN,1972,312712.0,6.754
2960,Bolivia,BOL,1972,4698090.0,40.389
2961,Bosnia and Herzegovina,BIH,1972,3838002.0,28.875
2962,Botswana,BWA,1972,739754.0,9.695
2963,Brazil,BRA,1972,100844391.0,57.879
2964,Brunei Darussalam,BRN,1972,141836.0,63.234
2965,Bulgaria,BGR,1972,8576200.0,54.419
2966,Burkina Faso,BFA,1972,5825171.0,5.98
2967,Burundi,BDI,1972,3547335.0,3.1010000000000004
2968,Cabo Verde,CPV,1972,273788.0,20.272
2969,Cambodia,KHM,1972,7331162.0,21.818
2970,Cameroon,CMR,1972,7134374.0,22.927
2971,Canada,CAN,1972,21993631.0,75.971
2972,Cayman Islands,CYM,1972,10137.0,100.0
2973,Central African Republic,CAF,1972,1900702.0,29.238000000000003
2974,Chad,TCD,1972,3816299.0,13.1
2975,Channel Islands,CHI,1972,123611.0,35.394
2976,Chile,CHL,1972,9916558.0,76.528
2977,China,CHN,1972,862030000.0,17.184
2978,Colombia,COL,1972,23146803.0,56.327
2979,Comoros,COM,1972,237797.0,20.115
2980,"Congo, Dem. Rep.",ZAR,1972,21120996.0,25.089
2981,"Congo, Rep.",COG,1972,1419305.0,40.715
2982,Costa Rica,CRI,1972,1947048.0,40.068000000000005
2983,Cote d'Ivoire,CIV,1972,5747633.0,29.719
2984,Croatia,HRV,1972,4457000.0,42.206
2985,Cuba,CUB,1972,9025299.0,61.8
2986,Curacao,CUW,1972,147710.0,79.146
2987,Cyprus,CYP,1972,628000.0,41.807
2988,Czech Republic,CZE,1972,9867632.0,66.484
2989,Denmark,DNK,1972,4991596.0,80.73100000000001
2990,Djibouti,DJI,1972,179212.0,63.968
2991,Dominica,DMA,1972,71737.0,40.264
2992,Dominican Republic,DOM,1972,4759935.0,42.382
2993,Ecuador,ECU,1972,6428707.0,40.352
2994,"Egypt, Arab Rep.",EGY,1972,36302154.0,42.2
2995,El Salvador,SLV,1972,3862132.0,40.003
2996,Equatorial Guinea,GNQ,1972,274906.0,27.136
2997,Eritrea,ERI,1972,1905406.0,12.932
2998,Estonia,EST,1972,1392518.0,66.017
2999,Ethiopia,ETH,1972,30135007.0,8.927999999999999
3000,Faeroe Islands,FRO,1972,39360.0,28.888
3001,Fiji,FJI,1972,542811.0,35.538000000000004
3002,Finland,FIN,1972,4639657.0,65.366
3003,France,FRA,1972,52959228.0,71.86
3004,French Polynesia,PYF,1972,118279.0,56.718
3005,Gabon,GAB,1972,613129.0,36.231
3006,"Gambia, The",GMB,1972,474538.0,21.814
3007,Georgia,GEO,1972,4205300.0,48.942
3008,Germany,DEU,1972,78688452.0,72.389
3009,Ghana,GHA,1972,9083575.0,29.392
3010,Greece,GRC,1972,8888628.0,65.454
3011,Greenland,GRL,1972,48300.0,73.675
3012,Grenada,GRD,1972,93937.0,32.353
3013,Guam,GUM,1972,87585.0,71.999
3014,Guatemala,GTM,1972,5737720.0,36.177
3015,Guinea,GIN,1972,4293208.0,17.327
3016,Guinea-Bissau,GNB,1972,738117.0,15.455
3017,Guyana,GUY,1972,712188.0,29.641
3018,Haiti,HTI,1972,4876558.0,20.323
3019,Honduras,HND,1972,2845260.0,30.246
3020,"Hong Kong SAR, China",HKG,1972,4123600.0,88.47399999999999
3021,Hungary,HUN,1972,10398489.0,60.965
3022,Iceland,ISL,1972,209137.0,85.63
3023,India,IND,1972,579800632.0,20.321
3024,Indonesia,IDN,1972,121059511.0,17.779
3025,"Iran, Islamic Rep.",IRN,1972,30073845.0,43.014
3026,Iraq,IRQ,1972,10599846.0,58.269
3027,Ireland,IRL,1972,3036850.0,52.611
3028,Isle of Man,IMY,1972,58563.0,54.77
3029,Israel,ISR,1972,3148000.0,85.351
3030,Italy,ITA,1972,54381345.0,65.039
3031,Jamaica,JAM,1972,1925162.0,42.395
3032,Japan,JPN,1972,107188000.0,73.452
3033,Jordan,JOR,1972,1633558.0,56.645
3034,Kazakhstan,KAZ,1972,13176584.0,51.269
3035,Kenya,KEN,1972,12083165.0,11.282
3036,Kiribati,KIR,1972,52823.0,26.654
3037,"Korea, Dem. Rep.",PRK,1972,15214615.0,55.20399999999999
3038,"Korea, Rep.",KOR,1972,33505406.0,43.692
3039,Kuwait,KWT,1972,866747.0,87.19200000000001
3040,Kyrgyz Republic,KGZ,1972,3088200.0,37.753
3041,Lao PDR,LAO,1972,2837967.0,10.295
3042,Latvia,LVA,1972,2395674.0,62.122
3043,Lebanon,LBN,1972,2416743.0,62.58
3044,Lesotho,LSO,1972,1075281.0,9.474
3045,Liberia,LBR,1972,1497356.0,27.713
3046,Libya,LBY,1972,2306668.0,56.292
3047,Liechtenstein,LIE,1972,22153.0,18.354
3048,Lithuania,LTU,1972,3213622.0,51.968
3049,Luxembourg,LUX,1972,346600.0,75.528
3050,"Macao SAR, China",MAC,1972,254282.0,97.397
3051,"Macedonia, FYR",MKD,1972,1754954.0,48.827
3052,Madagascar,MDG,1972,6952383.0,14.964
3053,Malawi,MWI,1972,4859569.0,6.651
3054,Malaysia,MYS,1972,11460080.0,35.104
3055,Maldives,MDV,1972,123372.0,13.858
3056,Mali,MLI,1972,6147459.0,15.072
3057,Malta,MLT,1972,302450.0,89.71600000000001
3058,Marshall Islands,MHL,1972,22340.0,58.685
3059,Mauritania,MRT,1972,1217912.0,16.773
3060,Mauritius,MUS,1972,852053.0,44.1
3061,Mexico,MEX,1972,55480125.0,60.532
3062,"Micronesia, Fed. Sts.",FSM,1972,62298.0,25.33
3063,Moldova,MDA,1972,3131000.0,33.701
3064,Monaco,MCO,1972,24052.0,100.0
3065,Mongolia,MNG,1972,1356669.0,46.49100000000001
3066,Montenegro,MNE,1972,535198.0,28.706
3067,Morocco,MAR,1972,16740525.0,35.675
3068,Mozambique,MOZ,1972,9679753.0,7.864
3069,Myanmar,MMR,1972,28517289.0,23.606
3070,Namibia,NAM,1972,829806.0,22.829
3071,Nepal,NPL,1972,12487785.0,4.198
3072,Netherlands,NLD,1972,13328593.0,62.232
3073,New Caledonia,NCL,1972,125500.0,52.81100000000001
3074,New Zealand,NZL,1972,2903900.0,81.819
3075,Nicaragua,NIC,1972,2549779.0,48.017
3076,Niger,NER,1972,4753054.0,9.772
3077,Nigeria,NGA,1972,58829319.0,18.549
3078,Northern Mariana Islands,MNP,1972,14142.0,75.021
3079,Norway,NOR,1972,3933004.0,66.725
3080,Oman,OMN,1972,776379.0,32.958
3081,Pakistan,PAK,1972,61341255.0,25.353
3082,Palau,PLW,1972,11853.0,60.287
3083,Panama,PAN,1972,1607835.0,48.199
3084,Papua New Guinea,PNG,1972,2576093.0,11.3
3085,Paraguay,PRY,1972,2596741.0,37.396
3086,Peru,PER,1972,14072476.0,59.547
3087,Philippines,PHL,1972,37925400.0,34.012
3088,Poland,POL,1972,33055650.0,53.324
3089,Portugal,PRT,1972,8630430.0,39.591
3090,Puerto Rico,PRI,1972,2817256.0,60.127
3091,Qatar,QAT,1972,130377.0,88.678
3092,Romania,ROM,1972,20657957.0,41.319
3093,Russian Federation,RUS,1972,131909000.0,64.078
3094,Rwanda,RWA,1972,3983707.0,3.491
3095,Samoa,WSM,1972,147323.0,20.752
3096,San Marino,SMR,1972,19396.0,64.703
3097,Sao Tome and Principe,STP,1972,77536.0,30.561
3098,Saudi Arabia,SAU,1972,6382106.0,52.707
3099,Senegal,SEN,1972,4485342.0,31.451
3100,Seychelles,SYC,1972,56068.0,41.802
3101,Sierra Leone,SLE,1972,2605837.0,25.522
3102,Singapore,SGP,1972,2152400.0,100.0
3103,Slovak Republic,SVK,1972,4596622.0,43.06399999999999
3104,Slovenia,SVN,1972,1752233.0,39.058
3105,Solomon Islands,SLB,1972,172599.0,8.999
3106,Somalia,SOM,1972,3490295.0,23.835
3107,South Africa,ZAF,1972,23126276.0,47.929
3108,South Sudan,SSD,1972,3823605.0,8.61
3109,Spain,ESP,1972,34502705.0,67.541
3110,Sri Lanka,LKA,1972,12861000.0,19.915
3111,St. Kitts and Nevis,KNA,1972,44328.0,34.495
3112,St. Lucia,LCA,1972,106458.0,24.419
3113,St. Vincent and the Grenadines,VCT,1972,92465.0,31.687
3114,Sudan,SDN,1972,10918137.0,17.941
3115,Suriname,SUR,1972,371318.0,46.76
3116,Swaziland,SWZ,1972,472337.0,11.264
3117,Sweden,SWE,1972,8122300.0,81.88600000000001
3118,Switzerland,CHE,1972,6260956.0,57.54
3119,Syrian Arab Republic,SYR,1972,6828765.0,44.078
3120,Tajikistan,TJK,1972,3112041.0,36.337
3121,Tanzania,TZA,1972,14506496.0,9.048
3122,Thailand,THA,1972,39061999.0,22.006
3123,Timor-Leste,TMP,1972,636100.0,13.548
3124,Togo,TGO,1972,2247575.0,21.929
3125,Tonga,TON,1972,86349.0,20.247
3126,Trinidad and Tobago,TTO,1972,968742.0,11.672
3127,Tunisia,TUN,1972,5294325.0,45.132
3128,Turkey,TUR,1972,36475356.0,39.6
3129,Turkmenistan,TKM,1972,2318070.0,47.691
3130,Turks and Caicos Islands,TCA,1972,5924.0,51.882
3131,Tuvalu,TUV,1972,7459.0,23.507
3132,Uganda,UGA,1972,9988321.0,6.812
3133,Ukraine,UKR,1972,47783013.0,56.272
3134,United Arab Emirates,ARE,1972,324069.0,79.8
3135,United Kingdom,GBR,1972,56086065.0,77.195
3136,United States,USA,1972,209896000.0,73.623
3137,Uruguay,URY,1972,2821437.0,82.771
3138,Uzbekistan,UZB,1972,12762439.0,37.657
3139,Vanuatu,VUT,1972,90824.0,12.744000000000002
3140,"Venezuela, RB",VEN,1972,12286434.0,73.575
3141,Vietnam,VNM,1972,44758000.0,18.492
3142,Virgin Islands (U.S.),VIR,1972,76000.0,71.941
3143,"Yemen, Rep.",YEM,1972,6370599.0,13.901
3144,Zambia,ZMB,1972,4484141.0,32.146
3145,Zimbabwe,ZWE,1972,5573312.0,18.36
3146,Arab World,ARB,1973,132115341.0,40.9252969943967
3147,Caribbean small states,CSS,1973,5060335.0,35.3050204624793
3148,Central Europe and the Baltics,CEB,1973,101120519.0,52.8944714715418
3149,East Asia & Pacific (all income levels),EAS,1973,1385240402.0,25.1758934014138
3150,East Asia & Pacific (developing only),EAP,1973,1204100118.0,19.0039479407251
3151,Euro area,EMU,1973,292789890.0,68.18069823052289
3152,Europe & Central Asia (all income levels),ECS,1973,755566832.0,62.1570443029125
3153,Europe & Central Asia (developing only),ECA,1973,192020160.0,46.9068277383047
3154,European Union,EUU,1973,449788759.0,66.7901135400385
3155,Fragile and conflict affected situations,FCS,1973,166746237.0,25.1558582561841
3156,Heavily indebted poor countries (HIPC),HPC,1973,225623793.0,17.5823772697501
3157,High income,HIC,1973,1047587071.0,69.67074295808699
3158,High income: nonOECD,NOC,1973,221683016.0,67.0678692993727
3159,High income: OECD,OEC,1973,825904055.0,70.3207512895321
3160,Latin America & Caribbean (all income levels),LCN,1973,309902169.0,59.27820502717339
3161,Latin America & Caribbean (developing only),LAC,1973,254430231.0,55.6633285421692
3162,Least developed countries: UN classification,LDC,1973,331415936.0,14.1119381151967
3163,Low & middle income,LMY,1973,2866997009.0,25.4378077581862
3164,Low income,LIC,1973,214017092.0,16.60251481955
3165,Lower middle income,LMC,1973,1272293235.0,23.53715600650549
3166,Middle East & North Africa (all income levels),MEA,1973,150292291.0,44.9094923570697
3167,Middle East & North Africa (developing only),MNA,1973,137516005.0,42.9178789388115
3168,Middle income,MIC,1973,2652979917.0,26.1509064223053
3169,North America,NAC,1973,234332208.0,73.8507843668165
3170,OECD members,OED,1973,920554338.0,68.5378099486681
3171,Other small states,OSS,1973,8685859.0,22.3088316609791
3172,Pacific island small states,PSS,1973,1222015.0,27.0480690891683
3173,Small states,SST,1973,14968209.0,27.0893961416493
3174,South Asia,SAS,1973,763491289.0,19.56117968755889
3175,Sub-Saharan Africa (all income levels),SSF,1973,315758889.0,19.252006046772
3176,Sub-Saharan Africa (developing only),SSA,1973,315439206.0,19.2410090681911
3177,Upper middle income,UMC,1973,1380686682.0,28.5569832171105
3178,World,WLD,1973,3914584080.0,37.1507539897336
3179,Afghanistan,AFG,1973,12022514.0,12.726
3180,Albania,ALB,1973,2296752.0,32.321
3181,Algeria,DZA,1973,15804428.0,39.997
3182,American Samoa,ASM,1973,29014.0,71.57600000000001
3183,Andorra,ADO,1973,28231.0,84.71600000000001
3184,Angola,AGO,1973,6750215.0,16.324
3185,Antigua and Barbuda,ATG,1973,67972.0,34.056999999999995
3186,Argentina,ARG,1973,25213388.0,80.158
3187,Armenia,ARM,1973,2705584.0,62.225
3188,Aruba,ABW,1973,60239.0,50.578
3189,Australia,AUS,1973,13380000.0,85.76100000000001
3190,Austria,AUT,1973,7586115.0,65.321
3191,Azerbaijan,AZE,1973,5496061.0,51.371
3192,"Bahamas, The",BHS,1973,181489.0,68.738
3193,Bahrain,BHR,1973,239860.0,84.50399999999999
3194,Bangladesh,BGD,1973,68658472.0,8.552999999999999
3195,Barbados,BRB,1973,242980.0,38.186
3196,Belarus,BLR,1973,9257272.0,48.04600000000001
3197,Belgium,BEL,1973,9741720.0,94.233
3198,Belize,BLZ,1973,129294.0,50.488
3199,Benin,BEN,1973,3110074.0,19.689
3200,Bermuda,BMU,1973,53800.0,100.0
3201,Bhutan,BTN,1973,324465.0,7.11
3202,Bolivia,BOL,1973,4798510.0,40.696
3203,Bosnia and Herzegovina,BIH,1973,3885229.0,29.666
3204,Botswana,BWA,1973,765177.0,10.380999999999998
3205,Brazil,BRA,1973,103320787.0,58.855
3206,Brunei Darussalam,BRN,1973,148067.0,62.823
3207,Bulgaria,BGR,1973,8620967.0,55.471
3208,Burkina Faso,BFA,1973,5930487.0,6.1
3209,Burundi,BDI,1973,3582952.0,3.236
3210,Cabo Verde,CPV,1973,273211.0,20.649
3211,Cambodia,KHM,1973,7478147.0,25.263
3212,Cameroon,CMR,1973,7327874.0,24.324
3213,Canada,CAN,1973,22369408.0,75.851
3214,Cayman Islands,CYM,1973,10785.0,100.0
3215,Central African Republic,CAF,1973,1937383.0,30.133000000000003
3216,Chad,TCD,1973,3908729.0,13.882
3217,Channel Islands,CHI,1973,124728.0,34.989000000000004
3218,Chile,CHL,1973,10087377.0,77.15899999999999
3219,China,CHN,1973,881940000.0,17.184
3220,Colombia,COL,1973,23674505.0,57.075
3221,Comoros,COM,1973,242875.0,20.484
3222,"Congo, Dem. Rep.",ZAR,1973,21690604.0,25.331
3223,"Congo, Rep.",COG,1973,1464052.0,41.514
3224,Costa Rica,CRI,1973,1995744.0,40.655
3225,Cote d'Ivoire,CIV,1973,6021405.0,30.513
3226,Croatia,HRV,1973,4478000.0,43.173
3227,Cuba,CUB,1973,9176051.0,62.614
3228,Curacao,CUW,1973,146912.0,79.488
3229,Cyprus,CYP,1973,635109.0,42.757
3230,Czech Republic,CZE,1973,9922266.0,67.649
3231,Denmark,DNK,1973,5021861.0,81.211
3232,Djibouti,DJI,1973,190536.0,65.04
3233,Dominica,DMA,1973,71745.0,41.06100000000001
3234,Dominican Republic,DOM,1973,4889437.0,43.478
3235,Ecuador,ECU,1973,6611916.0,40.892
3236,"Egypt, Arab Rep.",EGY,1973,37046807.0,42.563
3237,El Salvador,SLV,1973,3958616.0,40.503
3238,Equatorial Guinea,GNQ,1973,262399.0,27.227
3239,Eritrea,ERI,1973,1958444.0,13.104
3240,Estonia,EST,1973,1405951.0,66.545
3241,Ethiopia,ETH,1973,31028728.0,9.102
3242,Faeroe Islands,FRO,1973,39731.0,29.362
3243,Fiji,FJI,1973,554109.0,35.93
3244,Finland,FIN,1973,4666081.0,66.197
3245,France,FRA,1973,53441264.0,72.256
3246,French Polynesia,PYF,1973,122355.0,57.231
3247,Gabon,GAB,1973,624625.0,38.43
3248,"Gambia, The",GMB,1973,489860.0,22.941
3249,Georgia,GEO,1973,4242500.0,49.409
3250,Germany,DEU,1973,78936666.0,72.446
3251,Ghana,GHA,1973,9350111.0,29.61
3252,Greece,GRC,1973,8929086.0,65.952
3253,Greenland,GRL,1973,49000.0,73.914
3254,Grenada,GRD,1973,93629.0,32.424
3255,Guam,GUM,1973,89463.0,76.37100000000001
3256,Guatemala,GTM,1973,5901980.0,36.446
3257,Guinea,GIN,1973,4319502.0,18.033
3258,Guinea-Bissau,GNB,1973,751512.0,15.618
3259,Guyana,GUY,1973,720919.0,29.75
3260,Haiti,HTI,1973,4960655.0,20.35
3261,Honduras,HND,1973,2928190.0,30.93
3262,"Hong Kong SAR, China",HKG,1973,4241600.0,88.89399999999999
3263,Hungary,HUN,1973,10432055.0,61.388000000000005
3264,Iceland,ISL,1973,212317.0,85.98299999999999
3265,India,IND,1973,593451889.0,20.653
3266,Indonesia,IDN,1973,124242299.0,18.28
3267,"Iran, Islamic Rep.",IRN,1973,30903565.0,43.92
3268,Iraq,IRQ,1973,10951169.0,59.313
3269,Ireland,IRL,1973,3085950.0,52.952
3270,Isle of Man,IMY,1973,59326.0,53.983
3271,Israel,ISR,1973,3278000.0,85.79299999999999
3272,Italy,ITA,1973,54751406.0,65.241
3273,Jamaica,JAM,1973,1956080.0,42.933
3274,Japan,JPN,1973,108079000.0,74.22
3275,Jordan,JOR,1973,1689934.0,56.98
3276,Kazakhstan,KAZ,1973,13382211.0,51.785
3277,Kenya,KEN,1973,12529810.0,11.805
3278,Kiribati,KIR,1973,53605.0,27.997
3279,"Korea, Dem. Rep.",PRK,1973,15603001.0,55.703
3280,"Korea, Rep.",KOR,1973,34103149.0,45.131
3281,Kuwait,KWT,1973,926817.0,87.902
3282,Kyrgyz Republic,KGZ,1973,3153800.0,37.897
3283,Lao PDR,LAO,1973,2916148.0,10.597
3284,Latvia,LVA,1973,2415819.0,62.805
3285,Lebanon,LBN,1973,2480426.0,64.072
3286,Lesotho,LSO,1973,1098033.0,9.905
3287,Liberia,LBR,1973,1538882.0,28.581
3288,Libya,LBY,1973,2409101.0,59.528
3289,Liechtenstein,LIE,1973,22562.0,18.344
3290,Lithuania,LTU,1973,3244438.0,53.21
3291,Luxembourg,LUX,1973,350450.0,76.127
3292,"Macao SAR, China",MAC,1973,252845.0,97.573
3293,"Macedonia, FYR",MKD,1973,1768996.0,49.407
3294,Madagascar,MDG,1973,7152391.0,15.411
3295,Malawi,MWI,1973,4996861.0,6.97
3296,Malaysia,MYS,1973,11741849.0,35.944
3297,Maldives,MDV,1973,127717.0,14.936
3298,Mali,MLI,1973,6256192.0,15.454
3299,Malta,MLT,1973,302200.0,89.725
3300,Marshall Islands,MHL,1973,23440.0,61.212
3301,Mauritania,MRT,1973,1253839.0,17.971
3302,Mauritius,MUS,1973,864819.0,43.881
3303,Mexico,MEX,1973,57283361.0,61.279
3304,"Micronesia, Fed. Sts.",FSM,1973,62289.0,25.593000000000004
3305,Moldova,MDA,1973,3174000.0,34.531
3306,Monaco,MCO,1973,24440.0,100.0
3307,Mongolia,MNG,1973,1397305.0,47.211000000000006
3308,Montenegro,MNE,1973,539682.0,29.659
3309,Morocco,MAR,1973,17097003.0,36.349
3310,Mozambique,MOZ,1973,9901052.0,8.397
3311,Myanmar,MMR,1973,29209686.0,23.903
3312,Namibia,NAM,1973,855965.0,23.1
3313,Nepal,NPL,1973,12753028.0,4.399
3314,Netherlands,NLD,1973,13439322.0,62.55
3315,New Caledonia,NCL,1973,128500.0,53.597
3316,New Zealand,NZL,1973,2961300.0,82.141
3317,Nicaragua,NIC,1973,2629503.0,48.257
3318,Niger,NER,1973,4887484.0,10.296
3319,Nigeria,NGA,1973,60285453.0,18.952
3320,Northern Mariana Islands,MNP,1973,14605.0,77.28
3321,Norway,NOR,1973,3960612.0,67.21600000000001
3322,Oman,OMN,1973,806989.0,34.669000000000004
3323,Pakistan,PAK,1973,63062204.0,25.671
3324,Palau,PLW,1973,12045.0,60.571000000000005
3325,Panama,PAN,1973,1653257.0,48.479
3326,Papua New Guinea,PNG,1973,2652586.0,11.507
3327,Paraguay,PRY,1973,2659084.0,37.916
3328,Peru,PER,1973,14447649.0,60.188
3329,Philippines,PHL,1973,39026082.0,34.533
3330,Poland,POL,1973,33357200.0,53.977
3331,Portugal,PRT,1973,8633100.0,39.985
3332,Puerto Rico,PRI,1973,2878786.0,61.014
3333,Qatar,QAT,1973,142111.0,88.755
3334,Romania,ROM,1973,20835681.0,41.821000000000005
3335,Russian Federation,RUS,1973,132669000.0,64.869
3336,Rwanda,RWA,1973,4102336.0,3.652
3337,Samoa,WSM,1973,148889.0,20.832
3338,San Marino,SMR,1973,19467.0,67.046
3339,Sao Tome and Principe,STP,1973,79026.0,30.917
3340,Saudi Arabia,SAU,1973,6697486.0,54.712
3341,Senegal,SEN,1973,4625377.0,32.189
3342,Seychelles,SYC,1973,57284.0,43.277
3343,Sierra Leone,SLE,1973,2656380.0,26.321
3344,Singapore,SGP,1973,2193000.0,100.0
3345,Slovak Republic,SVK,1973,4641445.0,44.122
3346,Slovenia,SVN,1973,1766697.0,40.153
3347,Solomon Islands,SLB,1973,179354.0,9.041
3348,Somalia,SOM,1973,3526527.0,24.427
3349,South Africa,ZAF,1973,23655908.0,47.989
3350,South Sudan,SSD,1973,3917450.0,8.599
3351,Spain,ESP,1973,34817071.0,68.22399999999999
3352,Sri Lanka,LKA,1973,13091000.0,19.77
3353,St. Kitts and Nevis,KNA,1973,44314.0,34.672
3354,St. Lucia,LCA,1973,107461.0,24.677
3355,St. Vincent and the Grenadines,VCT,1973,93516.0,32.195
3356,Sudan,SDN,1973,11283574.0,18.548
3357,Suriname,SUR,1973,368342.0,49.087
3358,Swaziland,SWZ,1973,486656.0,12.12
3359,Sweden,SWE,1973,8136312.0,82.20299999999999
3360,Switzerland,CHE,1973,6307347.0,57.483
3361,Syrian Arab Republic,SYR,1973,7066474.0,44.405
3362,Tajikistan,TJK,1973,3212446.0,36.07
3363,Tanzania,TZA,1973,14984973.0,9.704
3364,Thailand,THA,1973,40164969.0,22.579
3365,Timor-Leste,TMP,1973,652017.0,13.889
3366,Togo,TGO,1973,2303345.0,22.258000000000003
3367,Tonga,TON,1973,86985.0,20.277
3368,Trinidad and Tobago,TTO,1973,982594.0,11.571
3369,Tunisia,TUN,1973,5388709.0,45.959
3370,Turkey,TUR,1973,37366922.0,40.258
3371,Turkmenistan,TKM,1973,2385039.0,47.646
3372,Turks and Caicos Islands,TCA,1973,6132.0,52.275
3373,Tuvalu,TUV,1973,7538.0,24.242
3374,Uganda,UGA,1973,10256342.0,6.8870000000000005
3375,Ukraine,UKR,1973,48127170.0,56.987
3376,United Arab Emirates,ARE,1973,382823.0,79.8
3377,United Kingdom,GBR,1973,56194527.0,77.358
3378,United States,USA,1973,211909000.0,73.633
3379,Uruguay,URY,1973,2822084.0,82.97
3380,Uzbekistan,UZB,1973,13170848.0,38.131
3381,Vanuatu,VUT,1973,93761.0,12.958
3382,"Venezuela, RB",VEN,1973,12636971.0,74.325
3383,Vietnam,VNM,1973,45825000.0,18.588
3384,Virgin Islands (U.S.),VIR,1973,84000.0,73.07
3385,"Yemen, Rep.",YEM,1973,6487853.0,14.209
3386,Zambia,ZMB,1973,4644329.0,33.061
3387,Zimbabwe,ZWE,1973,5768382.0,18.874
3388,Arab World,ARB,1974,135862252.0,41.5735827274746
3389,Caribbean small states,CSS,1974,5120227.0,35.7223546356441
3390,Central Europe and the Baltics,CEB,1974,101946256.0,53.6271744473382
3391,East Asia & Pacific (all income levels),EAS,1974,1415344143.0,25.4548651415927
3392,East Asia & Pacific (developing only),EAP,1974,1230702590.0,19.2230035727982
3393,Euro area,EMU,1974,294470414.0,68.4819262098908
3394,Europe & Central Asia (all income levels),ECS,1974,761425089.0,62.597463731013
3395,Europe & Central Asia (developing only),ECA,1974,194832203.0,47.5011673817865
3396,European Union,EUU,1974,452256892.0,67.1391623895496
3397,Fragile and conflict affected situations,FCS,1974,171243698.0,25.5981053324847
3398,Heavily indebted poor countries (HIPC),HPC,1974,231695364.0,18.0314767394526
3399,High income,HIC,1974,1058155782.0,70.09500503325029
3400,High income: nonOECD,NOC,1974,224356476.0,67.8498517000828
3401,High income: OECD,OEC,1974,833799306.0,70.6568124381852
3402,Latin America & Caribbean (all income levels),LCN,1974,317479496.0,59.99732474198829
3403,Latin America & Caribbean (developing only),LAC,1974,260960060.0,56.449421284759104
3404,Least developed countries: UN classification,LDC,1974,339201660.0,14.5642292345945
3405,Low & middle income,LMY,1974,2932819066.0,25.8056521804965
3406,Low income,LIC,1974,219301269.0,17.0843753418043
3407,Lower middle income,LMC,1974,1302556474.0,23.907335043517104
3408,Middle East & North Africa (all income levels),MEA,1974,154473222.0,45.6491742491718
3409,Middle East & North Africa (developing only),MNA,1974,141060855.0,43.55927567635969
3410,Middle income,MIC,1974,2713517797.0,26.510836912469607
3411,North America,NAC,1974,236681487.0,73.8498592608428
3412,OECD members,OED,1974,931162502.0,68.88661285561629
3413,Other small states,OSS,1974,8873253.0,22.8809595941872
3414,Pacific island small states,PSS,1974,1247548.0,27.285362692257102
3415,Small states,SST,1974,15241028.0,27.555549909559893
3416,South Asia,SAS,1974,781254784.0,19.9118406885928
3417,Sub-Saharan Africa (all income levels),SSF,1974,324316627.0,19.6643129019531
3418,Sub-Saharan Africa (developing only),SSA,1974,324008574.0,19.6538867454754
3419,Upper middle income,UMC,1974,1410961323.0,28.9118397395844
3420,World,WLD,1974,3990974848.0,37.42366523241171
3421,Afghanistan,AFG,1974,12315553.0,13.149
3422,Albania,ALB,1974,2350124.0,32.516
3423,Algeria,DZA,1974,16247113.0,40.163
3424,American Samoa,ASM,1974,29491.0,71.967
3425,Andorra,ADO,1974,29514.0,86.03200000000001
3426,Angola,AGO,1974,6923749.0,16.785
3427,Antigua and Barbuda,ATG,1974,68655.0,34.137
3428,Argentina,ARG,1974,25644505.0,80.567
3429,Armenia,ARM,1974,2766495.0,63.0
3430,Aruba,ABW,1974,60525.0,50.563
3431,Australia,AUS,1974,13723000.0,85.84100000000001
3432,Austria,AUT,1974,7599038.0,65.331
3433,Azerbaijan,AZE,1974,5596160.0,51.698
3434,"Bahamas, The",BHS,1974,185097.0,69.381
3435,Bahrain,BHR,1974,252139.0,84.741
3436,Bangladesh,BGD,1974,69837960.0,9.034
3437,Barbados,BRB,1974,244539.0,38.403
3438,Belarus,BLR,1974,9317584.0,49.4
3439,Belgium,BEL,1974,9772419.0,94.358
3440,Belize,BLZ,1974,131306.0,50.32899999999999
3441,Benin,BEN,1974,3184547.0,20.775
3442,Bermuda,BMU,1974,53400.0,100.0
3443,Bhutan,BTN,1974,336677.0,7.484
3444,Bolivia,BOL,1974,4902173.0,41.004
3445,Bosnia and Herzegovina,BIH,1974,3930283.0,30.471
3446,Botswana,BWA,1974,792513.0,11.11
3447,Brazil,BRA,1974,105846274.0,59.826
3448,Brunei Darussalam,BRN,1974,154395.0,62.409
3449,Bulgaria,BGR,1974,8678745.0,56.519
3450,Burkina Faso,BFA,1974,6040044.0,6.222
3451,Burundi,BDI,1974,3623853.0,3.377
3452,Cabo Verde,CPV,1974,272509.0,21.031
3453,Cambodia,KHM,1974,7561583.0,29.055
3454,Cameroon,CMR,1974,7529704.0,25.78
3455,Canada,CAN,1974,22774087.0,75.73100000000001
3456,Cayman Islands,CYM,1974,11494.0,100.0
3457,Central African Republic,CAF,1974,1975968.0,31.045
3458,Chad,TCD,1974,4000511.0,14.704
3459,Channel Islands,CHI,1974,125680.0,34.585
3460,Chile,CHL,1974,10255074.0,77.778
3461,China,CHN,1974,900350000.0,17.292
3462,Colombia,COL,1974,24208022.0,57.81100000000001
3463,Comoros,COM,1974,248921.0,20.859
3464,"Congo, Dem. Rep.",ZAR,1974,22282079.0,25.575
3465,"Congo, Rep.",COG,1974,1509880.0,42.357
3466,Costa Rica,CRI,1974,2045580.0,41.002
3467,Cote d'Ivoire,CIV,1974,6307936.0,31.321
3468,Croatia,HRV,1974,4497000.0,44.147
3469,Cuba,CUB,1974,9315371.0,63.423
3470,Curacao,CUW,1974,148351.0,79.827
3471,Cyprus,CYP,1974,642335.0,45.007
3472,Czech Republic,CZE,1974,9988459.0,68.794
3473,Denmark,DNK,1974,5045297.0,81.683
3474,Djibouti,DJI,1974,205157.0,66.09899999999999
3475,Dominica,DMA,1974,71811.0,41.864
3476,Dominican Republic,DOM,1974,5019471.0,44.582
3477,Ecuador,ECU,1974,6798205.0,41.457
3478,"Egypt, Arab Rep.",EGY,1974,37815578.0,42.926
3479,El Salvador,SLV,1974,4053958.0,41.006
3480,Equatorial Guinea,GNQ,1974,249587.0,27.319000000000003
3481,Eritrea,ERI,1974,2013382.0,13.278
3482,Estonia,EST,1974,1418169.0,67.069
3483,Ethiopia,ETH,1974,31855294.0,9.279
3484,Faeroe Islands,FRO,1974,40116.0,29.842
3485,Fiji,FJI,1974,565386.0,36.324
3486,Finland,FIN,1974,4690574.0,67.01899999999999
3487,France,FRA,1974,53882416.0,72.65
3488,French Polynesia,PYF,1974,126483.0,57.742
3489,Gabon,GAB,1974,636702.0,40.681
3490,"Gambia, The",GMB,1974,505512.0,23.675
3491,Georgia,GEO,1974,4279500.0,49.876000000000005
3492,Germany,DEU,1974,78967433.0,72.503
3493,Ghana,GHA,1974,9604280.0,29.829
3494,Greece,GRC,1974,8962022.0,66.44800000000001
3495,Greenland,GRL,1974,49500.0,74.152
3496,Grenada,GRD,1974,93151.0,32.495
3497,Guam,GUM,1974,91381.0,80.252
3498,Guatemala,GTM,1974,6069077.0,36.582
3499,Guinea,GIN,1974,4340748.0,18.763
3500,Guinea-Bissau,GNB,1974,764974.0,15.783
3501,Guyana,GUY,1974,730227.0,29.858
3502,Haiti,HTI,1974,5047948.0,20.377
3503,Honduras,HND,1974,3015606.0,31.571
3504,"Hong Kong SAR, China",HKG,1974,4334200.0,89.301
3505,Hungary,HUN,1974,10478720.0,61.81
3506,Iceland,ISL,1974,215209.0,86.33
3507,India,IND,1974,607446519.0,20.991
3508,Indonesia,IDN,1974,127465232.0,18.793
3509,"Iran, Islamic Rep.",IRN,1974,31784896.0,44.832
3510,Iraq,IRQ,1974,11312304.0,60.351000000000006
3511,Ireland,IRL,1974,3137500.0,53.294
3512,Isle of Man,IMY,1974,60098.0,53.194
3513,Israel,ISR,1974,3377000.0,86.22399999999999
3514,Italy,ITA,1974,55110868.0,65.442
3515,Jamaica,JAM,1974,1985852.0,43.472
3516,Japan,JPN,1974,110162000.0,74.975
3517,Jordan,JOR,1974,1747710.0,57.315
3518,Kazakhstan,KAZ,1974,13577049.0,52.3
3519,Kenya,KEN,1974,12997447.0,12.349
3520,Kiribati,KIR,1974,54382.0,28.96
3521,"Korea, Dem. Rep.",PRK,1974,15960127.0,56.202
3522,"Korea, Rep.",KOR,1974,34692266.0,46.57899999999999
3523,Kuwait,KWT,1974,988267.0,88.579
3524,Kyrgyz Republic,KGZ,1974,3223900.0,38.042
3525,Lao PDR,LAO,1974,2987544.0,10.837
3526,Latvia,LVA,1974,2437186.0,63.484
3527,Lebanon,LBN,1974,2535503.0,65.54
3528,Lesotho,LSO,1974,1122484.0,10.355
3529,Liberia,LBR,1974,1582584.0,29.47
3530,Libya,LBY,1974,2514373.0,61.237
3531,Liechtenstein,LIE,1974,22984.0,18.334
3532,Lithuania,LTU,1974,3273894.0,54.451
3533,Luxembourg,LUX,1974,355050.0,76.717
3534,"Macao SAR, China",MAC,1974,250550.0,97.738
3535,"Macedonia, FYR",MKD,1974,1784395.0,49.988
3536,Madagascar,MDG,1974,7360271.0,15.869000000000002
3537,Malawi,MWI,1974,5141138.0,7.303999999999999
3538,Malaysia,MYS,1974,12025930.0,36.794
3539,Maldives,MDV,1974,132122.0,16.085
3540,Mali,MLI,1974,6368351.0,15.845
3541,Malta,MLT,1974,301996.0,89.734
3542,Marshall Islands,MHL,1974,24536.0,61.093
3543,Mauritania,MRT,1974,1290755.0,19.237
3544,Mauritius,MUS,1974,878042.0,43.662
3545,Mexico,MEX,1974,59090495.0,62.022
3546,"Micronesia, Fed. Sts.",FSM,1974,62477.0,25.741
3547,Moldova,MDA,1974,3215000.0,35.372
3548,Monaco,MCO,1974,24835.0,100.0
3549,Mongolia,MNG,1974,1438423.0,47.933
3550,Montenegro,MNE,1974,544263.0,30.632
3551,Morocco,MAR,1974,17466606.0,37.029
3552,Mozambique,MOZ,1974,10141147.0,8.963
3553,Myanmar,MMR,1974,29916827.0,23.913
3554,Namibia,NAM,1974,881530.0,23.374
3555,Nepal,NPL,1974,13028248.0,4.61
3556,Netherlands,NLD,1974,13545056.0,62.867
3557,New Caledonia,NCL,1974,131000.0,54.382
3558,New Zealand,NZL,1974,3023700.0,82.46
3559,Nicaragua,NIC,1974,2711847.0,48.497
3560,Niger,NER,1974,5026744.0,10.845
3561,Nigeria,NGA,1974,61857023.0,19.363
3562,Northern Mariana Islands,MNP,1974,14978.0,79.016
3563,Norway,NOR,1974,3985258.0,67.703
3564,Oman,OMN,1974,841947.0,36.423
3565,Pakistan,PAK,1974,64873705.0,26.005
3566,Palau,PLW,1974,12195.0,60.855
3567,Panama,PAN,1974,1699114.0,48.75899999999999
3568,Papua New Guinea,PNG,1974,2730859.0,11.717
3569,Paraguay,PRY,1974,2723523.0,38.447
3570,Peru,PER,1974,14832839.0,60.827
3571,Philippines,PHL,1974,40149959.0,35.059
3572,Poland,POL,1974,33678899.0,54.629
3573,Portugal,PRT,1974,8754365.0,40.382
3574,Puerto Rico,PRI,1974,2939299.0,61.896
3575,Qatar,QAT,1974,153593.0,88.83200000000001
3576,Romania,ROM,1974,21029429.0,42.325
3577,Russian Federation,RUS,1974,133432000.0,65.652
3578,Rwanda,RWA,1974,4226836.0,3.821
3579,Samoa,WSM,1974,150219.0,20.912
3580,San Marino,SMR,1974,19565.0,69.309
3581,Sao Tome and Principe,STP,1974,80670.0,31.277
3582,Saudi Arabia,SAU,1974,7045477.0,56.70399999999999
3583,Senegal,SEN,1974,4764623.0,32.937
3584,Seychelles,SYC,1974,58466.0,44.767
3585,Sierra Leone,SLE,1974,2709797.0,27.137
3586,Singapore,SGP,1974,2229800.0,100.0
3587,Slovak Republic,SVK,1974,4689623.0,45.187
3588,Slovenia,SVN,1974,1776132.0,41.25899999999999
3589,Solomon Islands,SLB,1974,186338.0,9.083
3590,Somalia,SOM,1974,3644572.0,25.03
3591,South Africa,ZAF,1974,24189837.0,48.049
3592,South Sudan,SSD,1974,4015271.0,8.587
3593,Spain,ESP,1974,35154338.0,68.90100000000001
3594,Sri Lanka,LKA,1974,13284000.0,19.626
3595,St. Kitts and Nevis,KNA,1974,44327.0,34.849000000000004
3596,St. Lucia,LCA,1974,108534.0,24.938
3597,St. Vincent and the Grenadines,VCT,1974,94572.0,32.708
3598,Sudan,SDN,1974,11668674.0,18.744
3599,Suriname,SUR,1974,365104.0,51.42100000000001
3600,Swaziland,SWZ,1974,501596.0,13.033
3601,Sweden,SWE,1974,8159955.0,82.51700000000001
3602,Switzerland,CHE,1974,6341405.0,57.426
3603,Syrian Arab Republic,SYR,1974,7311685.0,44.733
3604,Tajikistan,TJK,1974,3313144.0,35.802
3605,Tanzania,TZA,1974,15477155.0,10.403
3606,Thailand,THA,1974,41259539.0,23.164
3607,Timor-Leste,TMP,1974,661528.0,14.237
3608,Togo,TGO,1974,2356623.0,22.591
3609,Tonga,TON,1974,87609.0,20.307
3610,Trinidad and Tobago,TTO,1974,997052.0,11.470999999999998
3611,Tunisia,TUN,1974,5493722.0,46.79
3612,Turkey,TUR,1974,38272701.0,40.92
3613,Turkmenistan,TKM,1974,2452528.0,47.602
3614,Turks and Caicos Islands,TCA,1974,6346.0,52.669
3615,Tuvalu,TUV,1974,7613.0,24.994
3616,Uganda,UGA,1974,10533627.0,6.962999999999999
3617,Ukraine,UKR,1974,48455120.0,57.7
3618,United Arab Emirates,ARE,1974,451948.0,79.8
3619,United Kingdom,GBR,1974,56229974.0,77.521
3620,United States,USA,1974,213854000.0,73.643
3621,Uruguay,URY,1974,2824069.0,83.167
3622,Uzbekistan,UZB,1974,13578783.0,38.608
3623,Vanuatu,VUT,1974,96793.0,13.175
3624,"Venezuela, RB",VEN,1974,12994025.0,75.063
3625,Vietnam,VNM,1974,46918000.0,18.685
3626,Virgin Islands (U.S.),VIR,1974,90000.0,74.172
3627,"Yemen, Rep.",YEM,1974,6626208.0,14.524
3628,Zambia,ZMB,1974,4810810.0,33.992
3629,Zimbabwe,ZWE,1974,5967861.0,19.4
3630,Arab World,ARB,1975,139939303.0,42.1827369103303
3631,Caribbean small states,CSS,1975,5178940.0,36.134142681707104
3632,Central Europe and the Baltics,CEB,1975,102862489.0,54.3496530853828
3633,East Asia & Pacific (all income levels),EAS,1975,1442562668.0,25.578924376360693
3634,East Asia & Pacific (developing only),EAP,1975,1254860626.0,19.2739171084455
3635,Euro area,EMU,1975,296017540.0,68.7354418611174
3636,Europe & Central Asia (all income levels),ECS,1975,767091297.0,63.0063335421993
3637,Europe & Central Asia (developing only),ECA,1975,197631051.0,48.0558119646319
3638,European Union,EUU,1975,454638308.0,67.4500501700244
3639,Fragile and conflict affected situations,FCS,1975,175976534.0,26.03226273167
3640,Heavily indebted poor countries (HIPC),HPC,1975,237918910.0,18.496682434284
3641,High income,HIC,1975,1068340087.0,70.4979814651505
3642,High income: nonOECD,NOC,1975,227123524.0,68.6164990515517
3643,High income: OECD,OEC,1975,841216563.0,70.9701699765557
3644,Latin America & Caribbean (all income levels),LCN,1975,325120067.0,60.7156700659464
3645,Latin America & Caribbean (developing only),LAC,1975,267558550.0,57.2350698257671
3646,Least developed countries: UN classification,LDC,1975,347328806.0,14.4657556531807
3647,Low & middle income,LMY,1975,2997398990.0,26.114815642504
3648,Low income,LIC,1975,224587750.0,16.6059761593854
3649,Lower middle income,LMC,1975,1333757819.0,24.2937403413928
3650,Middle East & North Africa (all income levels),MEA,1975,158887288.0,46.3631665786
3651,Middle East & North Africa (developing only),MNA,1975,144803846.0,44.1913339668478
3652,Middle income,MIC,1975,2772811240.0,26.8853779272964
3653,North America,NAC,1975,239235000.0,73.848789132025
3654,OECD members,OED,1975,941274599.0,69.215877408721
3655,Other small states,OSS,1975,9064866.0,23.501926295766506
3656,Pacific island small states,PSS,1975,1273508.0,27.4961287671534
3657,Small states,SST,1975,15517314.0,28.045762911480693
3658,South Asia,SAS,1975,799620311.0,20.2916250898984
3659,Sub-Saharan Africa (all income levels),SSF,1975,333222446.0,20.0888135199542
3660,Sub-Saharan Africa (developing only),SSA,1975,332924606.0,20.0788882704482
3661,Upper middle income,UMC,1975,1439053421.0,29.2849198011197
3662,World,WLD,1975,4065739077.0,37.6517965028469
3663,Afghanistan,AFG,1975,12582954.0,13.583
3664,Albania,ALB,1975,2404831.0,32.712
3665,Algeria,DZA,1975,16709098.0,40.33
3666,American Samoa,ASM,1975,29932.0,72.354
3667,Andorra,ADO,1975,30706.0,87.25200000000001
3668,Angola,AGO,1975,7107334.0,17.255
3669,Antigua and Barbuda,ATG,1975,69253.0,34.217
3670,Argentina,ARG,1975,26066975.0,80.969
3671,Armenia,ARM,1975,2825650.0,63.611
3672,Aruba,ABW,1975,60655.0,50.548
3673,Australia,AUS,1975,13893000.0,85.921
3674,Austria,AUT,1975,7578903.0,65.34100000000001
3675,Azerbaijan,AZE,1975,5693796.0,51.897
3676,"Bahamas, The",BHS,1975,188882.0,70.017
3677,Bahrain,BHR,1975,266686.0,84.975
3678,Bangladesh,BGD,1975,71247153.0,9.836
3679,Barbados,BRB,1975,246033.0,38.62
3680,Belarus,BLR,1975,9367000.0,50.614
3681,Belgium,BEL,1975,9800700.0,94.48
3682,Belize,BLZ,1975,133261.0,50.17100000000001
3683,Benin,BEN,1975,3262959.0,21.904
3684,Bermuda,BMU,1975,53000.0,100.0
3685,Bhutan,BTN,1975,349146.0,7.876
3686,Bolivia,BOL,1975,5009259.0,41.31399999999999
3687,Bosnia and Herzegovina,BIH,1975,3971608.0,31.288
3688,Botswana,BWA,1975,822029.0,11.884
3689,Brazil,BRA,1975,108431284.0,60.789
3690,Brunei Darussalam,BRN,1975,160799.0,61.994
3691,Bulgaria,BGR,1975,8720742.0,57.562
3692,Burkina Faso,BFA,1975,6154548.0,6.347
3693,Burundi,BDI,1975,3676991.0,3.525
3694,Cabo Verde,CPV,1975,272575.0,21.419
3695,Cambodia,KHM,1975,7551988.0,4.477
3696,Cameroon,CMR,1975,7740196.0,27.292
3697,Canada,CAN,1975,23209000.0,75.611
3698,Cayman Islands,CYM,1975,12238.0,100.0
3699,Central African Republic,CAF,1975,2017379.0,31.971
3700,Chad,TCD,1975,4088858.0,15.566
3701,Channel Islands,CHI,1975,126417.0,34.183
3702,Chile,CHL,1975,10420590.0,78.38600000000001
3703,China,CHN,1975,916395000.0,17.4
3704,Colombia,COL,1975,24756969.0,58.539
3705,Comoros,COM,1975,256309.0,21.239
3706,"Congo, Dem. Rep.",ZAR,1975,22902275.0,25.821
3707,"Congo, Rep.",COG,1975,1556406.0,43.264
3708,Costa Rica,CRI,1975,2097410.0,41.349
3709,Cote d'Ivoire,CIV,1975,6606395.0,32.229
3710,Croatia,HRV,1975,4514000.0,45.126000000000005
3711,Cuba,CUB,1975,9438445.0,64.22399999999999
3712,Curacao,CUW,1975,149129.0,80.161
3713,Cyprus,CYP,1975,649755.0,47.277
3714,Czech Republic,CZE,1975,10058620.0,69.917
3715,Denmark,DNK,1975,5059862.0,82.146
3716,Djibouti,DJI,1975,224182.0,67.142
3717,Dominica,DMA,1975,72091.0,42.67100000000001
3718,Dominican Republic,DOM,1975,5149934.0,45.691
3719,Ecuador,ECU,1975,6987393.0,42.363
3720,"Egypt, Arab Rep.",EGY,1975,38624410.0,43.291
3721,El Salvador,SLV,1975,4147525.0,41.51
3722,Equatorial Guinea,GNQ,1975,238240.0,27.41
3723,Eritrea,ERI,1975,2070145.0,13.454
3724,Estonia,EST,1975,1429352.0,67.589
3725,Ethiopia,ETH,1975,32568539.0,9.46
3726,Faeroe Islands,FRO,1975,40529.0,30.326
3727,Fiji,FJI,1975,576592.0,36.721
3728,Finland,FIN,1975,4711440.0,67.831
3729,France,FRA,1975,54252574.0,72.926
3730,French Polynesia,PYF,1975,130619.0,58.252
3731,Gabon,GAB,1975,649719.0,42.971
3732,"Gambia, The",GMB,1975,521070.0,24.426
3733,Georgia,GEO,1975,4311200.0,50.344
3734,Germany,DEU,1975,78673554.0,72.56
3735,Ghana,GHA,1975,9831409.0,30.049
3736,Greece,GRC,1975,9046541.0,66.94
3737,Greenland,GRL,1975,49600.0,74.389
3738,Grenada,GRD,1975,92453.0,32.565
3739,Guam,GUM,1975,93354.0,83.632
3740,Guatemala,GTM,1975,6237963.0,36.718
3741,Guinea,GIN,1975,4359735.0,19.515
3742,Guinea-Bissau,GNB,1975,778482.0,15.95
3743,Guyana,GUY,1975,740167.0,29.967
3744,Haiti,HTI,1975,5140357.0,20.404
3745,Honduras,HND,1975,3107735.0,32.11
3746,"Hong Kong SAR, China",HKG,1975,4461600.0,89.695
3747,Hungary,HUN,1975,10540525.0,62.231
3748,Iceland,ISL,1975,217979.0,86.669
3749,India,IND,1975,621703641.0,21.332
3750,Indonesia,IDN,1975,130724118.0,19.317
3751,"Iran, Islamic Rep.",IRN,1975,32730555.0,45.747
3752,Iraq,IRQ,1975,11684585.0,61.379
3753,Ireland,IRL,1975,3189550.0,53.63399999999999
3754,Isle of Man,IMY,1975,60941.0,52.403
3755,Israel,ISR,1975,3455000.0,86.64299999999999
3756,Italy,ITA,1975,55441001.0,65.643
3757,Jamaica,JAM,1975,2013000.0,44.013000000000005
3758,Japan,JPN,1975,111940000.0,75.71600000000001
3759,Jordan,JOR,1975,1810000.0,57.65
3760,Kazakhstan,KAZ,1975,13756789.0,52.56399999999999
3761,Kenya,KEN,1975,13486241.0,12.914
3762,Kiribati,KIR,1975,55169.0,29.606
3763,"Korea, Dem. Rep.",PRK,1975,16274740.0,56.7
3764,"Korea, Rep.",KOR,1975,35280725.0,48.033
3765,Kuwait,KWT,1975,1051187.0,89.384
3766,Kyrgyz Republic,KGZ,1975,3292400.0,38.186
3767,Lao PDR,LAO,1975,3047864.0,11.081
3768,Latvia,LVA,1975,2456130.0,64.157
3769,Lebanon,LBN,1975,2575693.0,66.97800000000001
3770,Lesotho,LSO,1975,1149090.0,10.822
3771,Liberia,LBR,1975,1628656.0,30.382
3772,Libya,LBY,1975,2621730.0,62.785
3773,Liechtenstein,LIE,1975,23435.0,18.324
3774,Lithuania,LTU,1975,3301652.0,55.685
3775,Luxembourg,LUX,1975,358950.0,77.297
3776,"Macao SAR, China",MAC,1975,248213.0,97.891
3777,"Macedonia, FYR",MKD,1975,1803009.0,50.569
3778,Madagascar,MDG,1975,7575757.0,16.334
3779,Malawi,MWI,1975,5292816.0,7.652
3780,Malaysia,MYS,1975,12311782.0,37.652
3781,Maldives,MDV,1975,136434.0,17.304000000000002
3782,Mali,MLI,1975,6482276.0,16.244
3783,Malta,MLT,1975,304222.0,89.742
3784,Marshall Islands,MHL,1975,25580.0,60.632
3785,Mauritania,MRT,1975,1328687.0,20.569000000000003
3786,Mauritius,MUS,1975,892000.0,43.443000000000005
3787,Mexico,MEX,1975,60872399.0,62.75899999999999
3788,"Micronesia, Fed. Sts.",FSM,1975,63146.0,25.858
3789,Moldova,MDA,1975,3251000.0,36.222
3790,Monaco,MCO,1975,25201.0,100.0
3791,Mongolia,MNG,1975,1479650.0,48.656000000000006
3792,Montenegro,MNE,1975,549002.0,31.622
3793,Morocco,MAR,1975,17854614.0,37.714
3794,Mozambique,MOZ,1975,10405000.0,9.563
3795,Myanmar,MMR,1975,30640635.0,23.922
3796,Namibia,NAM,1975,905647.0,23.651
3797,Nepal,NPL,1975,13313487.0,4.83
3798,Netherlands,NLD,1975,13666335.0,63.183
3799,New Caledonia,NCL,1975,132500.0,55.165
3800,New Zealand,NZL,1975,3083100.0,82.774
3801,Nicaragua,NIC,1975,2796748.0,48.737
3802,Niger,NER,1975,5171029.0,11.419
3803,Nigeria,NGA,1975,63565598.0,19.78
3804,Northern Mariana Islands,MNP,1975,15232.0,80.554
3805,Norway,NOR,1975,4007313.0,68.187
3806,Oman,OMN,1975,882044.0,38.213
3807,Pakistan,PAK,1975,66791496.0,26.341
3808,Palau,PLW,1975,12280.0,61.138000000000005
3809,Panama,PAN,1975,1745207.0,49.038
3810,Papua New Guinea,PNG,1975,2809692.0,11.93
3811,Paraguay,PRY,1975,2790964.0,38.981
3812,Peru,PER,1975,15229951.0,61.461000000000006
3813,Philippines,PHL,1975,41295129.0,35.56
3814,Poland,POL,1975,34015199.0,55.28
3815,Portugal,PRT,1975,9093470.0,40.779
3816,Puerto Rico,PRI,1975,2994000.0,62.77
3817,Qatar,QAT,1975,164333.0,88.90899999999999
3818,Romania,ROM,1975,21293583.0,42.831
3819,Russian Federation,RUS,1975,134200000.0,66.42699999999999
3820,Rwanda,RWA,1975,4359166.0,3.998
3821,Samoa,WSM,1975,151383.0,20.992
3822,San Marino,SMR,1975,19732.0,71.484
3823,Sao Tome and Principe,STP,1975,82607.0,31.639
3824,Saudi Arabia,SAU,1975,7428705.0,58.349
3825,Senegal,SEN,1975,4900491.0,33.693000000000005
3826,Seychelles,SYC,1975,59600.0,46.266000000000005
3827,Sierra Leone,SLE,1975,2765914.0,27.729
3828,Singapore,SGP,1975,2262600.0,100.0
3829,Slovak Republic,SVK,1975,4739105.0,46.257
3830,Slovenia,SVN,1975,1793581.0,42.374
3831,Solomon Islands,SLB,1975,193447.0,9.125
3832,Somalia,SOM,1975,3880955.0,25.498
3833,South Africa,ZAF,1975,24728000.0,48.109
3834,South Sudan,SSD,1975,4117299.0,8.576
3835,Spain,ESP,1975,35530725.0,69.57
3836,Sri Lanka,LKA,1975,13496000.0,19.483
3837,St. Kitts and Nevis,KNA,1975,44278.0,35.027
3838,St. Lucia,LCA,1975,109770.0,25.2
3839,St. Vincent and the Grenadines,VCT,1975,95614.0,33.225
3840,Sudan,SDN,1975,12075841.0,18.943
3841,Suriname,SUR,1975,362651.0,53.749
3842,Swaziland,SWZ,1975,517100.0,14.004
3843,Sweden,SWE,1975,8192437.0,82.73
3844,Switzerland,CHE,1975,6338632.0,57.369
3845,Syrian Arab Republic,SYR,1975,7564000.0,45.06100000000001
3846,Tajikistan,TJK,1975,3412819.0,35.536
3847,Tanzania,TZA,1975,15980265.0,11.146
3848,Thailand,THA,1975,42334954.0,23.758000000000003
3849,Timor-Leste,TMP,1975,661634.0,14.593
3850,Togo,TGO,1975,2410446.0,22.927
3851,Tonga,TON,1975,88347.0,20.337
3852,Trinidad and Tobago,TTO,1975,1011487.0,11.372
3853,Tunisia,TUN,1975,5611000.0,47.588
3854,Turkey,TUR,1975,39185637.0,41.586000000000006
3855,Turkmenistan,TKM,1975,2520002.0,47.557
3856,Turks and Caicos Islands,TCA,1975,6546.0,53.063
3857,Tuvalu,TUV,1975,7685.0,25.761
3858,Uganda,UGA,1975,10827071.0,7.04
3859,Ukraine,UKR,1975,48758986.0,58.389
3860,United Arab Emirates,ARE,1975,531265.0,79.8
3861,United Kingdom,GBR,1975,56225800.0,77.683
3862,United States,USA,1975,215973000.0,73.653
3863,Uruguay,URY,1975,2830172.0,83.387
3864,Uzbekistan,UZB,1975,13980997.0,39.087
3865,Vanuatu,VUT,1975,99879.0,13.395
3866,"Venezuela, RB",VEN,1975,13360988.0,75.786
3867,Vietnam,VNM,1975,48030000.0,18.782
3868,Virgin Islands (U.S.),VIR,1975,94000.0,75.245
3869,"Yemen, Rep.",YEM,1975,6793979.0,14.844
3870,Zambia,ZMB,1975,4983017.0,34.934
3871,Zimbabwe,ZWE,1975,6170284.0,19.873
3872,Arab World,ARB,1976,144379199.0,42.7583162051134
3873,Caribbean small states,CSS,1976,5237098.0,36.54424626673021
3874,Central Europe and the Baltics,CEB,1976,103770134.0,55.0611270122288
3875,East Asia & Pacific (all income levels),EAS,1976,1466831110.0,25.7370811483562
3876,East Asia & Pacific (developing only),EAP,1976,1277136144.0,19.4375241970499
3877,Euro area,EMU,1976,297374619.0,68.95738271063409
3878,Europe & Central Asia (all income levels),ECS,1976,772631984.0,63.39176495244779
3879,Europe & Central Asia (developing only),ECA,1976,200368874.0,48.5718958950534
3880,European Union,EUU,1976,456802618.0,67.7358384938766
3881,Fragile and conflict affected situations,FCS,1976,180975546.0,26.467860875500303
3882,Heavily indebted poor countries (HIPC),HPC,1976,244306047.0,18.9817694372379
3883,High income,HIC,1976,1077258111.0,70.8370278486439
3884,High income: nonOECD,NOC,1976,230076609.0,69.36896758792639
3885,High income: OECD,OEC,1976,847181502.0,71.207416309065
3886,Latin America & Caribbean (all income levels),LCN,1976,332817916.0,61.4299684572991
3887,Latin America & Caribbean (developing only),LAC,1976,274219905.0,58.01419552714089
3888,Least developed countries: UN classification,LDC,1976,355839316.0,14.945447591977198
3889,Low & middle income,LMY,1976,3061268276.0,26.4754185934248
3890,Low income,LIC,1976,229867681.0,16.9645290746332
3891,Lower middle income,LMC,1976,1365895464.0,24.6814500024772
3892,Middle East & North Africa (all income levels),MEA,1976,163558659.0,47.0658293302588
3893,Middle East & North Africa (developing only),MNA,1976,148752030.0,44.808833817084704
3894,Middle income,MIC,1976,2831400595.0,27.2479435610147
3895,North America,NAC,1976,241606200.0,73.8479052234587
3896,OECD members,OED,1976,949902285.0,69.4693937266632
3897,Other small states,OSS,1976,9260442.0,24.165752361928305
3898,Pacific island small states,PSS,1976,1299788.0,27.715981357729103
3899,Small states,SST,1976,15797328.0,28.5615546594968
3900,South Asia,SAS,1976,818590962.0,20.67808235707589
3901,Sub-Saharan Africa (all income levels),SSF,1976,342489556.0,20.5287247844895
3902,Sub-Saharan Africa (developing only),SSA,1976,342200361.0,20.5192355256107
3903,Upper middle income,UMC,1976,1465505131.0,29.6375420311476
3904,World,WLD,1976,4138526387.0,37.89659175217621
3905,Afghanistan,AFG,1976,12831361.0,14.029000000000002
3906,Albania,ALB,1976,2458526.0,32.908
3907,Algeria,DZA,1976,17190236.0,40.497
3908,American Samoa,ASM,1976,30325.0,72.73899999999999
3909,Andorra,ADO,1976,31781.0,88.382
3910,Angola,AGO,1976,7299508.0,17.737000000000002
3911,Antigua and Barbuda,ATG,1976,69782.0,34.297
3912,Argentina,ARG,1976,26477153.0,81.366
3913,Armenia,ARM,1976,2882831.0,64.219
3914,Aruba,ABW,1976,60589.0,50.532
3915,Australia,AUS,1976,14033000.0,86.0
3916,Austria,AUT,1976,7565525.0,65.351
3917,Azerbaijan,AZE,1976,5789050.0,52.096
3918,"Bahamas, The",BHS,1976,192905.0,70.64699999999999
3919,Bahrain,BHR,1976,283843.0,85.206
3920,Bangladesh,BGD,1976,72930206.0,10.701
3921,Barbados,BRB,1976,247444.0,38.838
3922,Belarus,BLR,1976,9411000.0,51.82899999999999
3923,Belgium,BEL,1976,9818227.0,94.6
3924,Belize,BLZ,1976,135145.0,50.012
3925,Benin,BEN,1976,3345501.0,23.079
3926,Bermuda,BMU,1976,53200.0,100.0
3927,Bhutan,BTN,1976,361862.0,8.288
3928,Bolivia,BOL,1976,5119833.0,41.624
3929,Bosnia and Herzegovina,BIH,1976,4008411.0,32.118
3930,Botswana,BWA,1976,853860.0,12.705
3931,Brazil,BRA,1976,111076063.0,61.745
3932,Brunei Darussalam,BRN,1976,167283.0,61.576
3933,Bulgaria,BGR,1976,8758599.0,58.526
3934,Burkina Faso,BFA,1976,6274037.0,6.667999999999999
3935,Burundi,BDI,1976,3744696.0,3.678
3936,Cabo Verde,CPV,1976,273625.0,21.812
3937,Cambodia,KHM,1976,7431505.0,4.82
3938,Cameroon,CMR,1976,7959500.0,28.678
3939,Canada,CAN,1976,23518000.0,75.503
3940,Cayman Islands,CYM,1976,13020.0,100.0
3941,Central African Republic,CAF,1976,2061552.0,32.575
3942,Chad,TCD,1976,4173070.0,16.47
3943,Channel Islands,CHI,1976,126906.0,33.783
3944,Chile,CHL,1976,10584237.0,78.982
3945,China,CHN,1976,930685000.0,17.46
3946,Colombia,COL,1976,25323412.0,59.265
3947,Comoros,COM,1976,265234.0,21.625
3948,"Congo, Dem. Rep.",ZAR,1976,23556784.0,26.068
3949,"Congo, Rep.",COG,1976,1603446.0,44.177
3950,Costa Rica,CRI,1976,2151492.0,41.698
3951,Cote d'Ivoire,CIV,1976,6916302.0,33.594
3952,Croatia,HRV,1976,4530000.0,46.109
3953,Cuba,CUB,1976,9544268.0,65.018
3954,Curacao,CUW,1976,149399.0,80.491
3955,Cyprus,CYP,1976,657526.0,49.563
3956,Czech Republic,CZE,1976,10125939.0,71.018
3957,Denmark,DNK,1976,5072596.0,82.6
3958,Djibouti,DJI,1976,248619.0,68.17
3959,Dominica,DMA,1976,72648.0,43.484
3960,Dominican Republic,DOM,1976,5280727.0,46.807
3961,Ecuador,ECU,1976,7179399.0,43.276
3962,"Egypt, Arab Rep.",EGY,1976,39478585.0,43.656000000000006
3963,El Salvador,SLV,1976,4239205.0,42.017
3964,Equatorial Guinea,GNQ,1976,228491.0,27.502
3965,Eritrea,ERI,1976,2128597.0,13.632
3966,Estonia,EST,1976,1439576.0,68.10600000000001
3967,Ethiopia,ETH,1976,33144537.0,9.644
3968,Faeroe Islands,FRO,1976,40974.0,30.815
3969,Fiji,FJI,1976,587523.0,37.119
3970,Finland,FIN,1976,4725664.0,68.634
3971,France,FRA,1976,54541493.0,72.997
3972,French Polynesia,PYF,1976,134743.0,58.76
3973,Gabon,GAB,1976,663774.0,45.295
3974,"Gambia, The",GMB,1976,536409.0,25.193
3975,Georgia,GEO,1976,4342400.0,50.812
3976,Germany,DEU,1976,78336950.0,72.617
3977,Ghana,GHA,1976,10023471.0,30.27
3978,Greece,GRC,1976,9188150.0,67.429
3979,Greenland,GRL,1976,49700.0,74.625
3980,Grenada,GRD,1976,91435.0,32.636
3981,Guam,GUM,1976,95386.0,86.53399999999999
3982,Guatemala,GTM,1976,6408029.0,36.854
3983,Guinea,GIN,1976,4376768.0,20.291
3984,Guinea-Bissau,GNB,1976,791959.0,16.118
3985,Guyana,GUY,1976,751008.0,30.076
3986,Haiti,HTI,1976,5238242.0,20.431
3987,Honduras,HND,1976,3204883.0,32.653
3988,"Hong Kong SAR, China",HKG,1976,4518000.0,90.077
3989,Hungary,HUN,1976,10598677.0,62.65
3990,Iceland,ISL,1976,220154.0,87.00200000000001
3991,India,IND,1976,636182810.0,21.677
3992,Indonesia,IDN,1976,134010695.0,19.853
3993,"Iran, Islamic Rep.",IRN,1976,33739231.0,46.666
3994,Iraq,IRQ,1976,12068195.0,62.398
3995,Ireland,IRL,1976,3238050.0,53.975
3996,Isle of Man,IMY,1976,61900.0,51.799
3997,Israel,ISR,1976,3533000.0,87.053
3998,Italy,ITA,1976,55718260.0,65.844
3999,Jamaica,JAM,1976,2037716.0,44.557
4000,Japan,JPN,1976,112771000.0,75.944
4001,Jordan,JOR,1976,1876274.0,57.984
4002,Kazakhstan,KAZ,1976,13920105.0,52.828
4003,Kenya,KEN,1976,13995974.0,13.503
4004,Kiribati,KIR,1976,55980.0,30.262
4005,"Korea, Dem. Rep.",PRK,1976,16539029.0,56.74
4006,"Korea, Rep.",KOR,1976,35848523.0,49.719
4007,Kuwait,KWT,1976,1115463.0,90.745
4008,Kyrgyz Republic,KGZ,1976,3358700.0,38.331
4009,Lao PDR,LAO,1976,3094940.0,11.331
4010,Latvia,LVA,1976,2470989.0,64.82600000000001
4011,Lebanon,LBN,1976,2598362.0,68.387
4012,Lesotho,LSO,1976,1177975.0,11.213
4013,Liberia,LBR,1976,1676016.0,31.311
4014,Libya,LBY,1976,2730373.0,64.31
4015,Liechtenstein,LIE,1976,23926.0,18.314
4016,Lithuania,LTU,1976,3328664.0,56.915
4017,Luxembourg,LUX,1976,360731.0,77.867
4018,"Macao SAR, China",MAC,1976,245915.0,98.035
4019,"Macedonia, FYR",MKD,1976,1825554.0,51.151
4020,Madagascar,MDG,1976,7799642.0,16.755
4021,Malawi,MWI,1976,5454839.0,8.015
4022,Malaysia,MYS,1976,12599655.0,38.519
4023,Maldives,MDV,1976,140582.0,18.596
4024,Mali,MLI,1976,6596817.0,16.651
4025,Malta,MLT,1976,305774.0,89.751
4026,Marshall Islands,MHL,1976,26549.0,60.168
4027,Mauritania,MRT,1976,1367640.0,21.971
4028,Mauritius,MUS,1976,906507.0,43.224
4029,Mexico,MEX,1976,62620087.0,63.49100000000001
4030,"Micronesia, Fed. Sts.",FSM,1976,64386.0,25.975
4031,Moldova,MDA,1976,3284000.0,37.082
4032,Monaco,MCO,1976,25521.0,100.0
4033,Mongolia,MNG,1976,1520865.0,49.381
4034,Montenegro,MNE,1976,553970.0,32.63
4035,Morocco,MAR,1976,18262366.0,38.405
4036,Mozambique,MOZ,1976,10693688.0,10.2
4037,Myanmar,MMR,1976,31379308.0,23.933000000000003
4038,Namibia,NAM,1976,928228.0,23.929
4039,Nepal,NPL,1976,13608670.0,5.061
4040,Netherlands,NLD,1976,13774037.0,63.498000000000005
4041,New Caledonia,NCL,1976,134000.0,55.873000000000005
4042,New Zealand,NZL,1976,3110500.0,83.02799999999999
4043,Nicaragua,NIC,1976,2884156.0,48.977
4044,Niger,NER,1976,5320869.0,12.021
4045,Nigeria,NGA,1976,65426976.0,20.205
4046,Northern Mariana Islands,MNP,1976,15316.0,82.007
4047,Norway,NOR,1976,4026152.0,68.667
4048,Oman,OMN,1976,927439.0,40.039
4049,Pakistan,PAK,1976,68818471.0,26.681
4050,Palau,PLW,1976,12284.0,61.42100000000001
4051,Panama,PAN,1976,1791459.0,49.319
4052,Papua New Guinea,PNG,1976,2888509.0,12.147
4053,Paraguay,PRY,1976,2861582.0,39.518
4054,Peru,PER,1976,15639898.0,62.093
4055,Philippines,PHL,1976,42461189.0,35.917
4056,Poland,POL,1976,34356300.0,55.929
4057,Portugal,PRT,1976,9355810.0,41.179
4058,Puerto Rico,PRI,1976,3043854.0,63.637
4059,Qatar,QAT,1976,173759.0,88.985
4060,Romania,ROM,1976,21551634.0,43.339
4061,Russian Federation,RUS,1976,135147000.0,67.194
4062,Rwanda,RWA,1976,4499720.0,4.182
4063,Samoa,WSM,1976,152390.0,21.073
4064,San Marino,SMR,1976,19981.0,73.566
4065,Sao Tome and Principe,STP,1976,84889.0,32.004
4066,Saudi Arabia,SAU,1976,7845300.0,59.897
4067,Senegal,SEN,1976,5031849.0,34.372
4068,Seychelles,SYC,1976,60704.0,47.774
4069,Sierra Leone,SLE,1976,2824827.0,28.14
4070,Singapore,SGP,1976,2293300.0,100.0
4071,Slovak Republic,SVK,1976,4789507.0,47.331
4072,Slovenia,SVN,1976,1820249.0,43.499
4073,Solomon Islands,SLB,1976,200642.0,9.271
4074,Somalia,SOM,1976,4259636.0,25.748
4075,South Africa,ZAF,1976,25268094.0,48.169
4076,South Sudan,SSD,1976,4222056.0,8.565
4077,Spain,ESP,1976,35939437.0,70.23100000000001
4078,Sri Lanka,LKA,1976,13717000.0,19.34
4079,St. Kitts and Nevis,KNA,1976,44142.0,35.206
4080,St. Lucia,LCA,1976,111211.0,25.465
4081,St. Vincent and the Grenadines,VCT,1976,96639.0,33.747
4082,Sudan,SDN,1976,12506035.0,19.143
4083,Suriname,SUR,1976,361368.0,56.06399999999999
4084,Swaziland,SWZ,1976,533264.0,15.037
4085,Sweden,SWE,1976,8222286.0,82.802
4086,Switzerland,CHE,1976,6302504.0,57.312
4087,Syrian Arab Republic,SYR,1976,7822610.0,45.39
4088,Tajikistan,TJK,1976,3511050.0,35.27
4089,Tanzania,TZA,1976,16493435.0,11.937
4090,Thailand,THA,1976,43386846.0,24.365
4091,Timor-Leste,TMP,1976,650490.0,14.956
4092,Togo,TGO,1976,2464457.0,23.268
4093,Tonga,TON,1976,89258.0,20.367
4094,Trinidad and Tobago,TTO,1976,1025655.0,11.274
4095,Tunisia,TUN,1976,5742339.0,48.184
4096,Turkey,TUR,1976,40100696.0,42.087
4097,Turkmenistan,TKM,1976,2587417.0,47.513000000000005
4098,Turks and Caicos Islands,TCA,1976,6723.0,53.456
4099,Tuvalu,TUV,1976,7752.0,26.545
4100,Uganda,UGA,1976,11139772.0,7.117999999999999
4101,Ukraine,UKR,1976,49036202.0,59.075
4102,United Arab Emirates,ARE,1976,622051.0,79.903
4103,United Kingdom,GBR,1976,56211968.0,77.844
4104,United States,USA,1976,218035000.0,73.663
4105,Uruguay,URY,1976,2841436.0,83.806
4106,Uzbekistan,UZB,1976,14374729.0,39.568000000000005
4107,Vanuatu,VUT,1976,103024.0,13.619000000000002
4108,"Venezuela, RB",VEN,1976,13739142.0,76.49600000000001
4109,Vietnam,VNM,1976,49158000.0,18.88
4110,Virgin Islands (U.S.),VIR,1976,96000.0,76.288
4111,"Yemen, Rep.",YEM,1976,6994840.0,15.171
4112,Zambia,ZMB,1976,5160570.0,35.89
4113,Zimbabwe,ZWE,1976,6373956.0,20.356
4114,Arab World,ARB,1977,149151171.0,43.2887008477795
4115,Caribbean small states,CSS,1977,5293790.0,36.9479239482488
4116,Central Europe and the Baltics,CEB,1977,104589313.0,55.7886862473798
4117,East Asia & Pacific (all income levels),EAS,1977,1489751299.0,25.903849516150107
4118,East Asia & Pacific (developing only),EAP,1977,1297790313.0,19.60569225765061
4119,Euro area,EMU,1977,298597020.0,69.1998173197743
4120,Europe & Central Asia (all income levels),ECS,1977,777921924.0,63.781652359148
4121,Europe & Central Asia (developing only),ECA,1977,203012115.0,49.078021247772895
4122,European Union,EUU,1977,458746586.0,68.0395543114843
4123,Fragile and conflict affected situations,FCS,1977,186205628.0,26.89860423238289
4124,Heavily indebted poor countries (HIPC),HPC,1977,250860495.0,19.4691975272591
4125,High income,HIC,1977,1086452483.0,71.1674606655647
4126,High income: nonOECD,NOC,1977,233083282.0,70.1124042549738
4127,High income: OECD,OEC,1977,853369201.0,71.4350257835073
4128,Latin America & Caribbean (all income levels),LCN,1977,340569396.0,62.1428529313573
4129,Latin America & Caribbean (developing only),LAC,1977,280940756.0,58.7928267398768
4130,Least developed countries: UN classification,LDC,1977,364711975.0,15.4462285723714
4131,Low & middle income,LMY,1977,3124619676.0,26.839451927917104
4132,Low income,LIC,1977,235165093.0,17.339652815450002
4133,Lower middle income,LMC,1977,1398936476.0,25.064738488673
4134,Middle East & North Africa (all income levels),MEA,1977,168489996.0,47.7152204430167
4135,Middle East & North Africa (developing only),MNA,1977,152907442.0,45.36681983050239
4136,Middle income,MIC,1977,2889454583.0,27.6129983703245
4137,North America,NAC,1977,244088400.0,73.86106457742359
4138,OECD members,OED,1977,958727106.0,69.7128334094311
4139,Other small states,OSS,1977,9460805.0,24.808834562069503
4140,Pacific island small states,PSS,1977,1326399.0,27.869928098558606
4141,Small states,SST,1977,16080994.0,29.0574538580762
4142,South Asia,SAS,1977,838141522.0,21.0722267847207
4143,Sub-Saharan Africa (all income levels),SSF,1977,352109622.0,20.96153943050161
4144,Sub-Saharan Africa (developing only),SSA,1977,351827528.0,20.9524155343524
4145,Upper middle income,UMC,1977,1490518107.0,30.0022411916053
4146,World,WLD,1977,4211072159.0,38.1491955761123
4147,Afghanistan,AFG,1977,13056499.0,14.487
4148,Albania,ALB,1977,2513546.0,33.105
4149,Algeria,DZA,1977,17690184.0,40.928
4150,American Samoa,ASM,1977,30690.0,73.12
4151,Andorra,ADO,1977,32769.0,89.42
4152,Angola,AGO,1977,7501320.0,18.228
4153,Antigua and Barbuda,ATG,1977,70223.0,34.376999999999995
4154,Argentina,ARG,1977,26878567.0,81.755
4155,Armenia,ARM,1977,2938181.0,64.821
4156,Aruba,ABW,1977,60366.0,50.517
4157,Australia,AUS,1977,14192000.0,85.94
4158,Austria,AUT,1977,7568430.0,65.361
4159,Azerbaijan,AZE,1977,5882395.0,52.294
4160,"Bahamas, The",BHS,1977,197118.0,71.266
4161,Bahrain,BHR,1977,303236.0,85.434
4162,Bangladesh,BGD,1977,74848466.0,11.63
4163,Barbados,BRB,1977,248785.0,39.056
4164,Belarus,BLR,1977,9463000.0,53.039
4165,Belgium,BEL,1977,9830358.0,94.806
4166,Belize,BLZ,1977,136991.0,49.854
4167,Benin,BEN,1977,3432262.0,24.293000000000003
4168,Bermuda,BMU,1977,53400.0,100.0
4169,Bhutan,BTN,1977,374801.0,8.717
4170,Bolivia,BOL,1977,5233677.0,42.446000000000005
4171,Bosnia and Herzegovina,BIH,1977,4041623.0,32.957
4172,Botswana,BWA,1977,887793.0,13.572
4173,Brazil,BRA,1977,113776467.0,62.68899999999999
4174,Brunei Darussalam,BRN,1977,173826.0,61.157
4175,Bulgaria,BGR,1977,8804183.0,59.428
4176,Burkina Faso,BFA,1977,6398937.0,7.151
4177,Burundi,BDI,1977,3825484.0,3.838
4178,Cabo Verde,CPV,1977,275479.0,22.209
4179,Cambodia,KHM,1977,7222050.0,5.186
4180,Cameroon,CMR,1977,8187840.0,29.469
4181,Canada,CAN,1977,23796000.0,75.543
4182,Cayman Islands,CYM,1977,13840.0,100.0
4183,Central African Republic,CAF,1977,2108417.0,32.897
4184,Chad,TCD,1977,4254770.0,17.413
4185,Channel Islands,CHI,1977,127190.0,33.387
4186,Chile,CHL,1977,10746328.0,79.565
4187,China,CHN,1977,943455000.0,17.52
4188,Colombia,COL,1977,25905124.0,59.985
4189,Comoros,COM,1977,275496.0,22.014
4190,"Congo, Dem. Rep.",ZAR,1977,24242643.0,26.317
4191,"Congo, Rep.",COG,1977,1651134.0,45.091
4192,Costa Rica,CRI,1977,2207727.0,42.04600000000001
4193,Cote d'Ivoire,CIV,1977,7237451.0,34.983000000000004
4194,Croatia,HRV,1977,4532000.0,47.093
4195,Cuba,CUB,1977,9634677.0,65.80199999999999
4196,Curacao,CUW,1977,149459.0,80.817
4197,Cyprus,CYP,1977,665528.0,51.843
4198,Czech Republic,CZE,1977,10186755.0,72.092
4199,Denmark,DNK,1977,5088419.0,82.88600000000001
4200,Djibouti,DJI,1977,277622.0,69.178
4201,Dominica,DMA,1977,73411.0,44.297
4202,Dominican Republic,DOM,1977,5411867.0,47.922
4203,Ecuador,ECU,1977,7374235.0,44.191
4204,"Egypt, Arab Rep.",EGY,1977,40377668.0,43.81
4205,El Salvador,SLV,1977,4328817.0,42.525
4206,Equatorial Guinea,GNQ,1977,220352.0,27.594
4207,Eritrea,ERI,1977,2188806.0,13.812
4208,Estonia,EST,1977,1450211.0,68.617
4209,Ethiopia,ETH,1977,33614153.0,9.83
4210,Faeroe Islands,FRO,1977,41447.0,31.307
4211,Fiji,FJI,1977,598258.0,37.319
4212,Finland,FIN,1977,4738902.0,69.423
4213,France,FRA,1977,54764462.0,73.068
4214,French Polynesia,PYF,1977,138867.0,59.17100000000001
4215,Gabon,GAB,1977,678786.0,47.633
4216,"Gambia, The",GMB,1977,551823.0,25.974
4217,Georgia,GEO,1977,4372100.0,51.279
4218,Germany,DEU,1977,78159814.0,72.67399999999999
4219,Ghana,GHA,1977,10189889.0,30.492
4220,Greece,GRC,1977,9308479.0,67.91199999999999
4221,Greenland,GRL,1977,49400.0,74.96600000000001
4222,Grenada,GRD,1977,90187.0,32.707
4223,Guam,GUM,1977,97476.0,88.98299999999999
4224,Guatemala,GTM,1977,6579710.0,36.99
4225,Guinea,GIN,1977,4393551.0,21.087
4226,Guinea-Bissau,GNB,1977,805481.0,16.287
4227,Guyana,GUY,1977,762445.0,30.186
4228,Haiti,HTI,1977,5341418.0,20.459
4229,Honduras,HND,1977,3306988.0,33.2
4230,"Hong Kong SAR, China",HKG,1977,4583700.0,90.445
4231,Hungary,HUN,1977,10648031.0,63.066
4232,Iceland,ISL,1977,221799.0,87.32600000000001
4233,India,IND,1977,650907559.0,22.026
4234,Indonesia,IDN,1977,137322122.0,20.398
4235,"Iran, Islamic Rep.",IRN,1977,34814231.0,47.47
4236,Iraq,IRQ,1977,12460997.0,63.404
4237,Ireland,IRL,1977,3282200.0,54.315
4238,Isle of Man,IMY,1977,62934.0,51.795
4239,Israel,ISR,1977,3613000.0,87.45
4240,Italy,ITA,1977,55955411.0,66.044
4241,Jamaica,JAM,1977,2059399.0,45.1
4242,Japan,JPN,1977,113863000.0,76.002
4243,Jordan,JOR,1977,1946630.0,58.316
4244,Kazakhstan,KAZ,1977,14070681.0,53.092
4245,Kenya,KEN,1977,14527187.0,14.112
4246,Kiribati,KIR,1977,56815.0,30.925
4247,"Korea, Dem. Rep.",PRK,1977,16758826.0,56.78
4248,"Korea, Rep.",KOR,1977,36411795.0,51.476000000000006
4249,Kuwait,KWT,1977,1180939.0,91.944
4250,Kyrgyz Republic,KGZ,1977,3423900.0,38.476
4251,Lao PDR,LAO,1977,3131492.0,11.584
4252,Latvia,LVA,1977,2485073.0,65.487
4253,Lebanon,LBN,1977,2606224.0,69.759
4254,Lesotho,LSO,1977,1208836.0,11.272
4255,Liberia,LBR,1977,1724313.0,32.251999999999995
4256,Libya,LBY,1977,2840378.0,65.80199999999999
4257,Liechtenstein,LIE,1977,24444.0,18.304
4258,Lithuania,LTU,1977,3355036.0,58.132
4259,Luxembourg,LUX,1977,361358.0,78.426
4260,"Macao SAR, China",MAC,1977,243729.0,98.169
4261,"Macedonia, FYR",MKD,1977,1851068.0,51.73
4262,Madagascar,MDG,1977,8031589.0,17.184
4263,Malawi,MWI,1977,5627788.0,8.394
4264,Malaysia,MYS,1977,12891715.0,39.391
4265,Maldives,MDV,1977,144645.0,19.958
4266,Mali,MLI,1977,6712545.0,17.083
4267,Malta,MLT,1977,306970.0,89.76
4268,Marshall Islands,MHL,1977,27470.0,59.70399999999999
4269,Mauritania,MRT,1977,1407621.0,23.327
4270,Mauritius,MUS,1977,921379.0,43.005
4271,Mexico,MEX,1977,64337694.0,64.215
4272,"Micronesia, Fed. Sts.",FSM,1977,66110.0,26.092
4273,Moldova,MDA,1977,3312000.0,37.948
4274,Monaco,MCO,1977,25809.0,100.0
4275,Mongolia,MNG,1977,1562212.0,50.103
4276,Montenegro,MNE,1977,559114.0,33.652
4277,Morocco,MAR,1977,18688782.0,39.099
4278,Mozambique,MOZ,1977,11001909.0,10.872
4279,Myanmar,MMR,1977,32130696.0,23.942
4280,Namibia,NAM,1977,949734.0,24.21
4281,Nepal,NPL,1977,13913775.0,5.3020000000000005
4282,Netherlands,NLD,1977,13856185.0,63.81100000000001
4283,New Caledonia,NCL,1977,136000.0,56.262
4284,New Zealand,NZL,1977,3120200.0,83.12799999999999
4285,Nicaragua,NIC,1977,2973805.0,49.217
4286,Niger,NER,1977,5476206.0,12.648
4287,Nigeria,NGA,1977,67425435.0,20.636
4288,Northern Mariana Islands,MNP,1977,15293.0,83.37
4289,Norway,NOR,1977,4043205.0,69.142
4290,Oman,OMN,1977,977806.0,41.888000000000005
4291,Pakistan,PAK,1977,70953777.0,27.023000000000003
4292,Palau,PLW,1977,12225.0,61.702
4293,Panama,PAN,1977,1837887.0,49.598
4294,Papua New Guinea,PNG,1977,2967620.0,12.366
4295,Paraguay,PRY,1977,2935375.0,40.056
4296,Peru,PER,1977,16061327.0,62.719
4297,Philippines,PHL,1977,43650333.0,36.275
4298,Poland,POL,1977,34689050.0,56.575
4299,Portugal,PRT,1977,9455675.0,41.578
4300,Puerto Rico,PRI,1977,3088690.0,64.492
4301,Qatar,QAT,1977,182370.0,89.06
4302,Romania,ROM,1977,21756096.0,43.942
4303,Russian Federation,RUS,1977,136100000.0,67.95
4304,Rwanda,RWA,1977,4648070.0,4.374
4305,Samoa,WSM,1977,153244.0,21.113000000000003
4306,San Marino,SMR,1977,20301.0,75.615
4307,Sao Tome and Principe,STP,1977,87436.0,32.37
4308,Saudi Arabia,SAU,1977,8295384.0,61.42100000000001
4309,Senegal,SEN,1977,5160313.0,34.718
4310,Seychelles,SYC,1977,61742.0,49.282
4311,Sierra Leone,SLE,1977,2886607.0,28.554
4312,Singapore,SGP,1977,2325300.0,100.0
4313,Slovak Republic,SVK,1977,4840501.0,48.405
4314,Slovenia,SVN,1977,1842377.0,44.627
4315,Solomon Islands,SLB,1977,207942.0,9.583
4316,Somalia,SOM,1977,4754149.0,25.999
4317,South Africa,ZAF,1977,25805575.0,48.229
4318,South Sudan,SSD,1977,4329467.0,8.552999999999999
4319,Spain,ESP,1977,36370050.0,70.883
4320,Sri Lanka,LKA,1977,13942000.0,19.199
4321,St. Kitts and Nevis,KNA,1977,43946.0,35.385
4322,St. Lucia,LCA,1977,112826.0,25.73
4323,St. Vincent and the Grenadines,VCT,1977,97649.0,34.271
4324,Sudan,SDN,1977,12958110.0,19.344
4325,Suriname,SUR,1977,361053.0,58.346
4326,Swaziland,SWZ,1977,550135.0,15.753
4327,Sweden,SWE,1977,8251540.0,82.87299999999999
4328,Switzerland,CHE,1977,6281174.0,57.255
4329,Syrian Arab Republic,SYR,1977,8088148.0,45.718
4330,Tajikistan,TJK,1977,3608761.0,35.006
4331,Tanzania,TZA,1977,17018013.0,12.773
4332,Thailand,THA,1977,44416007.0,24.98
4333,Timor-Leste,TMP,1977,630151.0,15.326
4334,Togo,TGO,1977,2518566.0,23.611
4335,Tonga,TON,1977,90296.0,20.504
4336,Trinidad and Tobago,TTO,1977,1039757.0,11.175999999999998
4337,Tunisia,TUN,1977,5889693.0,48.779
4338,Turkey,TUR,1977,41020211.0,42.508
4339,Turkmenistan,TKM,1977,2655036.0,47.469
4340,Turks and Caicos Islands,TCA,1977,6886.0,53.848
4341,Tuvalu,TUV,1977,7816.0,27.341
4342,Uganda,UGA,1977,11470741.0,7.197
4343,Ukraine,UKR,1977,49290087.0,59.756
4344,United Arab Emirates,ARE,1977,722849.0,80.10600000000001
4345,United Kingdom,GBR,1977,56193492.0,78.005
4346,United States,USA,1977,220239000.0,73.673
4347,Uruguay,URY,1977,2857107.0,84.215
4348,Uzbekistan,UZB,1977,14762133.0,40.051
4349,Vanuatu,VUT,1977,106223.0,13.845
4350,"Venezuela, RB",VEN,1977,14127790.0,77.189
4351,Vietnam,VNM,1977,50295000.0,18.978
4352,Virgin Islands (U.S.),VIR,1977,93000.0,77.298
4353,"Yemen, Rep.",YEM,1977,7226885.0,15.502
4354,Zambia,ZMB,1977,5343550.0,36.855
4355,Zimbabwe,ZWE,1977,6580739.0,20.846
4356,Arab World,ARB,1978,154178332.0,43.8075319019018
4357,Caribbean small states,CSS,1978,5350330.0,37.35026466703921
4358,Central Europe and the Baltics,CEB,1978,105304312.0,56.5306683896572
4359,East Asia & Pacific (all income levels),EAS,1978,1512546753.0,26.27768062956
4360,East Asia & Pacific (developing only),EAP,1978,1318387202.0,20.009020982555803
4361,Euro area,EMU,1978,299916557.0,69.444240790771
4362,Europe & Central Asia (all income levels),ECS,1978,783236424.0,64.1755903349395
4363,Europe & Central Asia (developing only),ECA,1978,205593316.0,49.5912883649183
4364,European Union,EUU,1978,460706924.0,68.3513984619754
4365,Fragile and conflict affected situations,FCS,1978,191569506.0,27.3173605909796
4366,Heavily indebted poor countries (HIPC),HPC,1978,257558535.0,19.9665563477871
4367,High income,HIC,1978,1095834109.0,71.4974100640492
4368,High income: nonOECD,NOC,1978,236180318.0,70.84557364683491
4369,High income: OECD,OEC,1978,859653791.0,71.6636191500015
4370,Latin America & Caribbean (all income levels),LCN,1978,348391181.0,62.852752484529
4371,Latin America & Caribbean (developing only),LAC,1978,287721149.0,59.5676897662952
4372,Least developed countries: UN classification,LDC,1978,373921370.0,15.965127386487696
4373,Low & middle income,LMY,1978,3189060100.0,27.3036882568877
4374,Low income,LIC,1978,240521361.0,17.717475808645503
4375,Lower middle income,LMC,1978,1432919504.0,25.4518376673707
4376,Middle East & North Africa (all income levels),MEA,1978,173702119.0,48.342309526437
4377,Middle East & North Africa (developing only),MNA,1978,157293292.0,45.9007502812453
4378,Middle income,MIC,1978,2948538739.0,28.08605244498149
4379,North America,NAC,1978,246674600.0,73.87295229423701
4380,OECD members,OED,1978,967632509.0,69.9586848878555
4381,Other small states,OSS,1978,9666095.0,25.450549579949303
4382,Pacific island small states,PSS,1978,1353818.0,28.0093145962013
4383,Small states,SST,1978,16370243.0,29.55137476371
4384,South Asia,SAS,1978,858266916.0,21.4759849444272
4385,Sub-Saharan Africa (all income levels),SSF,1978,362076216.0,21.400285812622894
4386,Sub-Saharan Africa (developing only),SSA,1978,361798225.0,21.391692746068607
4387,Upper middle income,UMC,1978,1515619235.0,30.5739938038072
4388,World,WLD,1978,4284894209.0,38.4789058402574
4389,Afghanistan,AFG,1978,13222547.0,14.958
4390,Albania,ALB,1978,2566266.0,33.302
4391,Algeria,DZA,1978,18212331.0,41.794
4392,American Samoa,ASM,1978,31105.0,73.497
4393,Andorra,ADO,1978,33746.0,90.378
4394,Angola,AGO,1978,7717139.0,18.73
4395,Antigua and Barbuda,ATG,1978,70508.0,34.457
4396,Argentina,ARG,1978,27277742.0,82.139
4397,Armenia,ARM,1978,2991954.0,65.419
4398,Aruba,ABW,1978,60106.0,50.502
4399,Australia,AUS,1978,14358000.0,85.881
4400,Austria,AUT,1978,7562305.0,65.37100000000001
4401,Azerbaijan,AZE,1978,5975045.0,52.492
4402,"Bahamas, The",BHS,1978,201511.0,71.87899999999999
4403,Bahrain,BHR,1978,323511.0,85.65899999999999
4404,Bangladesh,BGD,1978,76948378.0,12.629
4405,Barbados,BRB,1978,250035.0,39.274
4406,Belarus,BLR,1978,9525000.0,54.247
4407,Belgium,BEL,1978,9839534.0,95.005
4408,Belize,BLZ,1978,138972.0,49.695
4409,Benin,BEN,1978,3523270.0,25.552
4410,Bermuda,BMU,1978,53600.0,100.0
4411,Bhutan,BTN,1978,387731.0,9.168
4412,Bolivia,BOL,1978,5350320.0,43.442
4413,Bosnia and Herzegovina,BIH,1978,4073480.0,33.808
4414,Botswana,BWA,1978,923305.0,14.489
4415,Brazil,BRA,1978,116532153.0,63.625
4416,Brunei Darussalam,BRN,1978,180357.0,60.737
4417,Bulgaria,BGR,1978,8814032.0,60.326
4418,Burkina Faso,BFA,1978,6530820.0,7.667999999999999
4419,Burundi,BDI,1978,3917866.0,4.005
4420,Cabo Verde,CPV,1978,278152.0,22.612
4421,Cambodia,KHM,1978,6982522.0,5.577999999999999
4422,Cameroon,CMR,1978,8425707.0,30.274
4423,Canada,CAN,1978,24036000.0,75.583
4424,Cayman Islands,CYM,1978,14663.0,100.0
4425,Central African Republic,CAF,1978,2158844.0,33.221
4426,Chad,TCD,1978,4336389.0,18.4
4427,Channel Islands,CHI,1978,127394.0,32.992
4428,Chile,CHL,1978,10907901.0,80.13600000000001
4429,China,CHN,1978,956165000.0,17.9
4430,Colombia,COL,1978,26502172.0,60.701
4431,Comoros,COM,1978,286583.0,22.41
4432,"Congo, Dem. Rep.",ZAR,1978,24948113.0,26.567
4433,"Congo, Rep.",COG,1978,1699781.0,46.01
4434,Costa Rica,CRI,1978,2266153.0,42.396
4435,Cote d'Ivoire,CIV,1978,7569558.0,36.4
4436,Croatia,HRV,1978,4556000.0,48.081
4437,Cuba,CUB,1978,9711393.0,66.579
4438,Curacao,CUW,1978,148341.0,81.138
4439,Cyprus,CYP,1978,673252.0,54.119
4440,Czech Republic,CZE,1978,10242098.0,73.142
4441,Denmark,DNK,1978,5104248.0,83.169
4442,Djibouti,DJI,1978,308213.0,70.169
4443,Dominica,DMA,1978,74239.0,45.115
4444,Dominican Republic,DOM,1978,5543520.0,49.041
4445,Ecuador,ECU,1978,7571953.0,45.111
4446,"Egypt, Arab Rep.",EGY,1978,41324806.0,43.826
4447,El Salvador,SLV,1978,4415625.0,43.034
4448,Equatorial Guinea,GNQ,1978,215284.0,27.687
4449,Eritrea,ERI,1978,2251129.0,13.994000000000002
4450,Estonia,EST,1978,1460188.0,69.124
4451,Ethiopia,ETH,1978,34053431.0,10.02
4452,Faeroe Islands,FRO,1978,41946.0,31.355
4453,Fiji,FJI,1978,609348.0,37.469
4454,Finland,FIN,1978,4752528.0,70.202
4455,France,FRA,1978,54947975.0,73.14
4456,French Polynesia,PYF,1978,143033.0,59.115
4457,Gabon,GAB,1978,694734.0,49.985
4458,"Gambia, The",GMB,1978,567828.0,26.772
4459,Georgia,GEO,1978,4397700.0,51.747
4460,Germany,DEU,1978,78091820.0,72.73
4461,Ghana,GHA,1978,10354490.0,30.714
4462,Greece,GRC,1978,9429959.0,68.393
4463,Greenland,GRL,1978,49200.0,75.355
4464,Grenada,GRD,1978,89070.0,32.778
4465,Guam,GUM,1978,99628.0,91.036
4466,Guatemala,GTM,1978,6754258.0,37.127
4467,Guinea,GIN,1978,4416074.0,21.907
4468,Guinea-Bissau,GNB,1978,819371.0,16.457
4469,Guyana,GUY,1978,773227.0,30.295
4470,Haiti,HTI,1978,5450550.0,20.486
4471,Honduras,HND,1978,3413426.0,33.751999999999995
4472,"Hong Kong SAR, China",HKG,1978,4667500.0,90.801
4473,Hungary,HUN,1978,10684822.0,63.48
4474,Iceland,ISL,1978,223537.0,87.64399999999999
4475,India,IND,1978,665936435.0,22.379
4476,Indonesia,IDN,1978,140665859.0,20.956
4477,"Iran, Islamic Rep.",IRN,1978,35977589.0,48.21
4478,Iraq,IRQ,1978,12859226.0,64.178
4479,Ireland,IRL,1978,3329100.0,54.655
4480,Isle of Man,IMY,1978,63918.0,51.791
4481,Israel,ISR,1978,3690000.0,87.838
4482,Italy,ITA,1978,56155143.0,66.243
4483,Jamaica,JAM,1978,2080307.0,45.645
4484,Japan,JPN,1978,114898000.0,76.06
4485,Jordan,JOR,1978,2021107.0,58.649
4486,Kazakhstan,KAZ,1978,14215111.0,53.356
4487,Kenya,KEN,1978,15081598.0,14.745
4488,Kiribati,KIR,1978,57664.0,31.596
4489,"Korea, Dem. Rep.",PRK,1978,16953621.0,56.82
4490,"Korea, Rep.",KOR,1978,36969185.0,53.233
4491,Kuwait,KWT,1978,1247597.0,93.0
4492,Kyrgyz Republic,KGZ,1978,3487100.0,38.621
4493,Lao PDR,LAO,1978,3164146.0,11.843
4494,Latvia,LVA,1978,2497921.0,66.143
4495,Lebanon,LBN,1978,2604875.0,71.09899999999999
4496,Lesotho,LSO,1978,1241159.0,11.331
4497,Liberia,LBR,1978,1775200.0,33.209
4498,Libya,LBY,1978,2952877.0,67.265
4499,Liechtenstein,LIE,1978,24963.0,18.294
4500,Lithuania,LTU,1978,3379514.0,59.342
4501,Luxembourg,LUX,1978,362007.0,78.975
4502,"Macao SAR, China",MAC,1978,242458.0,98.294
4503,"Macedonia, FYR",MKD,1978,1877687.0,52.31
4504,Madagascar,MDG,1978,8268902.0,17.622
4505,Malawi,MWI,1978,5807170.0,8.636000000000001
4506,Malaysia,MYS,1978,13191699.0,40.271
4507,Maldives,MDV,1978,148797.0,20.978
4508,Mali,MLI,1978,6831530.0,17.54
4509,Malta,MLT,1978,310182.0,89.76799999999999
4510,Marshall Islands,MHL,1978,28399.0,59.237
4511,Mauritania,MRT,1978,1448664.0,24.627
4512,Mauritius,MUS,1978,933499.0,42.787
4513,Mexico,MEX,1978,66025613.0,64.934
4514,"Micronesia, Fed. Sts.",FSM,1978,68221.0,26.209
4515,Moldova,MDA,1978,3339000.0,38.822
4516,Monaco,MCO,1978,26086.0,100.0
4517,Mongolia,MNG,1978,1603908.0,50.827
4518,Montenegro,MNE,1978,564213.0,34.69
4519,Morocco,MAR,1978,19133462.0,39.798
4520,Mozambique,MOZ,1978,11320103.0,11.584
4521,Myanmar,MMR,1978,32895739.0,23.952
4522,Namibia,NAM,1978,970569.0,24.493
4523,Nepal,NPL,1978,14228941.0,5.553
4524,Netherlands,NLD,1978,13941700.0,64.123
4525,New Caledonia,NCL,1978,137500.0,56.651
4526,New Zealand,NZL,1978,3121200.0,83.229
4527,Nicaragua,NIC,1978,3065118.0,49.457
4528,Niger,NER,1978,5635954.0,13.025
4529,Nigeria,NGA,1978,69512233.0,21.074
4530,Northern Mariana Islands,MNP,1978,15390.0,84.65100000000001
4531,Norway,NOR,1978,4058671.0,69.61399999999999
4532,Oman,OMN,1978,1032799.0,43.762
4533,Pakistan,PAK,1978,73204087.0,27.368
4534,Palau,PLW,1978,12151.0,61.983
4535,Panama,PAN,1978,1884512.0,49.879
4536,Papua New Guinea,PNG,1978,3047769.0,12.59
4537,Paraguay,PRY,1978,3012833.0,40.598
4538,Peru,PER,1978,16491087.0,63.341
4539,Philippines,PHL,1978,44866279.0,36.635
4540,Poland,POL,1978,34965600.0,57.22
4541,Portugal,PRT,1978,9558250.0,41.979
4542,Puerto Rico,PRI,1978,3129421.0,65.34
4543,Qatar,QAT,1978,192018.0,89.135
4544,Romania,ROM,1978,21951464.0,44.649
4545,Russian Federation,RUS,1978,137060000.0,68.69800000000001
4546,Rwanda,RWA,1978,4804375.0,4.575
4547,Samoa,WSM,1978,154010.0,21.133000000000003
4548,San Marino,SMR,1978,20663.0,77.604
4549,Sao Tome and Principe,STP,1978,90095.0,32.738
4550,Saudi Arabia,SAU,1978,8785326.0,62.925
4551,Senegal,SEN,1978,5289445.0,35.067
4552,Seychelles,SYC,1978,62707.0,49.396
4553,Sierra Leone,SLE,1978,2951001.0,28.972
4554,Singapore,SGP,1978,2353600.0,100.0
4555,Slovak Republic,SVK,1978,4890125.0,49.482
4556,Slovenia,SVN,1978,1862548.0,45.762
4557,Solomon Islands,SLB,1978,215353.0,9.904
4558,Somalia,SOM,1978,5289049.0,26.252
4559,South Africa,ZAF,1978,26355319.0,48.289
4560,South Sudan,SSD,1978,4442665.0,8.542
4561,Spain,ESP,1978,36872506.0,71.527
4562,Sri Lanka,LKA,1978,14190000.0,19.058
4563,St. Kitts and Nevis,KNA,1978,43704.0,35.564
4564,St. Lucia,LCA,1978,114551.0,25.998
4565,St. Vincent and the Grenadines,VCT,1978,98634.0,34.8
4566,Sudan,SDN,1978,13429688.0,19.547
4567,Suriname,SUR,1978,361463.0,60.597
4568,Swaziland,SWZ,1978,567560.0,16.427
4569,Sweden,SWE,1978,8275599.0,82.944
4570,Switzerland,CHE,1978,6281738.0,57.198
4571,Syrian Arab Republic,SYR,1978,8363346.0,46.048
4572,Tajikistan,TJK,1978,3707624.0,34.743
4573,Tanzania,TZA,1978,17556148.0,13.659
4574,Thailand,THA,1978,45423442.0,25.606
4575,Timor-Leste,TMP,1978,606295.0,15.704
4576,Togo,TGO,1978,2576468.0,23.958
4577,Tonga,TON,1978,91360.0,20.719
4578,Trinidad and Tobago,TTO,1978,1054109.0,11.079
4579,Tunisia,TUN,1978,6049539.0,49.375
4580,Turkey,TUR,1978,41953105.0,42.931
4581,Turkmenistan,TKM,1978,2723006.0,47.424
4582,Turks and Caicos Islands,TCA,1978,7057.0,54.24
4583,Tuvalu,TUV,1978,7883.0,28.153
4584,Uganda,UGA,1978,11817951.0,7.276
4585,Ukraine,UKR,1978,49525597.0,60.434
4586,United Arab Emirates,ARE,1978,827394.0,80.309
4587,United Kingdom,GBR,1978,56196504.0,78.164
4588,United States,USA,1978,222585000.0,73.682
4589,Uruguay,URY,1978,2875970.0,84.616
4590,Uzbekistan,UZB,1978,15148932.0,40.536
4591,Vanuatu,VUT,1978,109429.0,14.074000000000002
4592,"Venezuela, RB",VEN,1978,14525929.0,77.868
4593,Vietnam,VNM,1978,51436000.0,19.076
4594,Virgin Islands (U.S.),VIR,1978,96000.0,78.278
4595,"Yemen, Rep.",YEM,1978,7485921.0,15.84
4596,Zambia,ZMB,1978,5532350.0,37.832
4597,Zimbabwe,ZWE,1978,6796946.0,21.345
4598,Arab World,ARB,1979,159346617.0,44.32627622261349
4599,Caribbean small states,CSS,1979,5409054.0,37.7541458010957
4600,Central Europe and the Baltics,CEB,1979,105924838.0,57.2131345221505
4601,East Asia & Pacific (all income levels),EAS,1979,1535745945.0,26.87247597795
4602,East Asia & Pacific (developing only),EAP,1979,1339265399.0,20.6574612719805
4603,Euro area,EMU,1979,301109767.0,69.6858981124183
4604,Europe & Central Asia (all income levels),ECS,1979,788431684.0,64.5299458810037
4605,Europe & Central Asia (developing only),ECA,1979,208151377.0,50.0731910645261
4606,European Union,EUU,1979,462498335.0,68.6533437220179
4607,Fragile and conflict affected situations,FCS,1979,196932449.0,27.66774503954889
4608,Heavily indebted poor countries (HIPC),HPC,1979,264368402.0,20.383956688780103
4609,High income,HIC,1979,1105455387.0,71.8072537099683
4610,High income: nonOECD,NOC,1979,239533579.0,71.49967182597359
4611,High income: OECD,OEC,1979,865921808.0,71.8861877606124
4612,Latin America & Caribbean (all income levels),LCN,1979,356288443.0,63.555640129034
4613,Latin America & Caribbean (developing only),LAC,1979,294563608.0,60.334214244446
4614,Least developed countries: UN classification,LDC,1979,383418369.0,16.4653902180884
4615,Low & middle income,LMY,1979,3254965161.0,27.8620403081185
4616,Low income,LIC,1979,245995521.0,18.0427642031661
4617,Lower middle income,LMC,1979,1467887007.0,25.8366334985813
4618,Middle East & North Africa (all income levels),MEA,1979,179237925.0,48.9631240715267
4619,Middle East & North Africa (developing only),MNA,1979,161932634.0,46.4245921029852
4620,Middle income,MIC,1979,3008969640.0,28.6652040975978
4621,North America,NAC,1979,249385800.0,73.8856527957887
4622,OECD members,OED,1979,976522691.0,70.1998680412281
4623,Other small states,OSS,1979,9887586.0,26.0976588075188
4624,Pacific island small states,PSS,1979,1382648.0,28.1582356673571
4625,Small states,SST,1979,16679288.0,30.048644009804303
4626,South Asia,SAS,1979,878939779.0,21.891042781746695
4627,Sub-Saharan Africa (all income levels),SSF,1979,372390972.0,21.7855580793215
4628,Sub-Saharan Africa (developing only),SSA,1979,372112364.0,21.7773788873648
4629,Upper middle income,UMC,1979,1541082633.0,31.3566915902841
4630,World,WLD,1979,4360420548.0,38.87605222042021
4631,Afghanistan,AFG,1979,13283279.0,15.435
4632,Albania,ALB,1979,2617832.0,33.5
4633,Algeria,DZA,1979,18760761.0,42.665
4634,American Samoa,ASM,1979,31670.0,73.87100000000001
4635,Andorra,ADO,1979,34819.0,91.257
4636,Angola,AGO,1979,7952882.0,19.242
4637,Antigua and Barbuda,ATG,1979,70553.0,34.538000000000004
4638,Argentina,ARG,1979,27684530.0,82.516
4639,Armenia,ARM,1979,3044564.0,65.839
4640,Aruba,ABW,1979,59978.0,50.487
4641,Australia,AUS,1979,14514000.0,85.821
4642,Austria,AUT,1979,7549425.0,65.381
4643,Azerbaijan,AZE,1979,6068531.0,52.655
4644,"Bahamas, The",BHS,1979,206038.0,72.484
4645,Bahrain,BHR,1979,342829.0,85.882
4646,Bangladesh,BGD,1979,79141947.0,13.701
4647,Barbados,BRB,1979,251176.0,39.493
4648,Belarus,BLR,1979,9584000.0,55.402
4649,Belgium,BEL,1979,9848382.0,95.196
4650,Belize,BLZ,1979,141308.0,49.537
4651,Benin,BEN,1979,3618509.0,26.676
4652,Bermuda,BMU,1979,53800.0,100.0
4653,Bhutan,BTN,1979,400378.0,9.639
4654,Bolivia,BOL,1979,5469123.0,44.443000000000005
4655,Bosnia and Herzegovina,BIH,1979,4107135.0,34.67
4656,Botswana,BWA,1979,959666.0,15.457
4657,Brazil,BRA,1979,119341444.0,64.551
4658,Brunei Darussalam,BRN,1979,186786.0,60.31399999999999
4659,Bulgaria,BGR,1979,8825940.0,61.216
4660,Burkina Faso,BFA,1979,6671659.0,8.218
4661,Burundi,BDI,1979,4018927.0,4.178
4662,Cabo Verde,CPV,1979,281555.0,23.02
4663,Cambodia,KHM,1979,6795102.0,5.999
4664,Cameroon,CMR,1979,8673666.0,31.091
4665,Canada,CAN,1979,24277000.0,75.623
4666,Cayman Islands,CYM,1979,15447.0,100.0
4667,Central African Republic,CAF,1979,2213888.0,33.546
4668,Chad,TCD,1979,4421448.0,18.592
4669,Channel Islands,CHI,1979,127694.0,32.599000000000004
4670,Chile,CHL,1979,11070198.0,80.695
4671,China,CHN,1979,969005000.0,18.617
4672,Colombia,COL,1979,27113510.0,61.413
4673,Comoros,COM,1979,297765.0,22.81
4674,"Congo, Dem. Rep.",ZAR,1979,25656486.0,26.819000000000003
4675,"Congo, Rep.",COG,1979,1749859.0,46.932
4676,Costa Rica,CRI,1979,2326708.0,42.747
4677,Cote d'Ivoire,CIV,1979,7912390.0,36.614
4678,Croatia,HRV,1979,4571000.0,49.07
4679,Cuba,CUB,1979,9777287.0,67.346
4680,Curacao,CUW,1979,147851.0,81.456
4681,Cyprus,CYP,1979,680013.0,56.378
4682,Czech Republic,CZE,1979,10292341.0,74.167
4683,Denmark,DNK,1979,5116801.0,83.448
4684,Djibouti,DJI,1979,336254.0,71.141
4685,Dominica,DMA,1979,74923.0,45.935
4686,Dominican Republic,DOM,1979,5675930.0,50.16
4687,Ecuador,ECU,1979,7772652.0,46.034
4688,"Egypt, Arab Rep.",EGY,1979,42321740.0,43.842
4689,El Salvador,SLV,1979,4498757.0,43.545
4690,Equatorial Guinea,GNQ,1979,215014.0,27.779
4691,Eritrea,ERI,1979,2316054.0,14.178
4692,Estonia,EST,1979,1468333.0,69.497
4693,Ethiopia,ETH,1979,34569428.0,10.214
4694,Faeroe Islands,FRO,1979,42468.0,31.27
4695,Fiji,FJI,1979,621541.0,37.619
4696,Finland,FIN,1979,4764690.0,70.97
4697,France,FRA,1979,55130594.0,73.211
4698,French Polynesia,PYF,1979,147299.0,59.059
4699,Gabon,GAB,1979,711544.0,52.337
4700,"Gambia, The",GMB,1979,585155.0,27.585
4701,Georgia,GEO,1979,4430200.0,52.156000000000006
4702,Germany,DEU,1979,78126350.0,72.78699999999999
4703,Ghana,GHA,1979,10550770.0,30.938
4704,Greece,GRC,1979,9548258.0,68.87
4705,Greenland,GRL,1979,49600.0,75.74
4706,Grenada,GRD,1979,88571.0,32.85
4707,Guam,GUM,1979,101846.0,92.737
4708,Guatemala,GTM,1979,6933492.0,37.263000000000005
4709,Guinea,GIN,1979,4451872.0,22.75
4710,Guinea-Bissau,GNB,1979,834068.0,16.743
4711,Guyana,GUY,1979,781677.0,30.405
4712,Haiti,HTI,1979,5566265.0,20.513
4713,Honduras,HND,1979,3523283.0,34.309
4714,"Hong Kong SAR, China",HKG,1979,4929700.0,91.145
4715,Hungary,HUN,1979,10704152.0,63.893
4716,Iceland,ISL,1979,225735.0,87.955
4717,India,IND,1979,681358553.0,22.736
4718,Indonesia,IDN,1979,144053516.0,21.524
4719,"Iran, Islamic Rep.",IRN,1979,37256771.0,48.951
4720,Iraq,IRQ,1979,13257910.0,64.852
4721,Ireland,IRL,1979,3373750.0,54.994
4722,Isle of Man,IMY,1979,64680.0,51.788
4723,Israel,ISR,1979,3786000.0,88.215
4724,Italy,ITA,1979,56317749.0,66.442
4725,Jamaica,JAM,1979,2104141.0,46.191
4726,Japan,JPN,1979,115870000.0,76.118
4727,Jordan,JOR,1979,2099312.0,58.98
4728,Kazakhstan,KAZ,1979,14362417.0,53.7
4729,Kenya,KEN,1979,15661414.0,15.401
4730,Kiribati,KIR,1979,58509.0,32.036
4731,"Korea, Dem. Rep.",PRK,1979,17151321.0,56.86
4732,"Korea, Rep.",KOR,1979,37534236.0,54.981
4733,Kuwait,KWT,1979,1315428.0,93.928
4734,Kyrgyz Republic,KGZ,1979,3552000.0,38.677
4735,Lao PDR,LAO,1979,3202270.0,12.107
4736,Latvia,LVA,1979,2505953.0,66.686
4737,Lebanon,LBN,1979,2602573.0,72.403
4738,Lesotho,LSO,1979,1274216.0,11.39
4739,Liberia,LBR,1979,1830963.0,34.181
4740,Libya,LBY,1979,3069540.0,68.696
4741,Liechtenstein,LIE,1979,25447.0,18.284
4742,Lithuania,LTU,1979,3397842.0,60.361
4743,Luxembourg,LUX,1979,362856.0,79.513
4744,"Macao SAR, China",MAC,1979,243073.0,98.41
4745,"Macedonia, FYR",MKD,1979,1902718.0,52.889
4746,Madagascar,MDG,1979,8507958.0,18.068
4747,Malawi,MWI,1979,5986639.0,8.841000000000001
4748,Malaysia,MYS,1979,13504433.0,41.158
4749,Maldives,MDV,1979,153285.0,21.607
4750,Mali,MLI,1979,6956779.0,18.007
4751,Malta,MLT,1979,313342.0,89.777
4752,Marshall Islands,MHL,1979,29416.0,58.769
4753,Mauritania,MRT,1979,1490811.0,25.975
4754,Mauritius,MUS,1979,949888.0,42.569
4755,Mexico,MEX,1979,67688533.0,65.646
4756,"Micronesia, Fed. Sts.",FSM,1979,70550.0,26.327
4757,Moldova,MDA,1979,3366000.0,39.64
4758,Monaco,MCO,1979,26391.0,100.0
4759,Mongolia,MNG,1979,1646291.0,51.488
4760,Montenegro,MNE,1979,568966.0,35.744
4761,Morocco,MAR,1979,19595092.0,40.502
4762,Mozambique,MOZ,1979,11635174.0,12.336
4763,Myanmar,MMR,1979,33675835.0,23.962
4764,Namibia,NAM,1979,991365.0,24.778
4765,Nepal,NPL,1979,14554356.0,5.816
4766,Netherlands,NLD,1979,14038270.0,64.435
4767,New Caledonia,NCL,1979,138500.0,57.039
4768,New Zealand,NZL,1979,3109000.0,83.32799999999999
4769,Nicaragua,NIC,1979,3157356.0,49.697
4770,Niger,NER,1979,5798584.0,13.233
4771,Nigeria,NGA,1979,71619216.0,21.518
4772,Northern Mariana Islands,MNP,1979,15906.0,85.85
4773,Norway,NOR,1979,4072517.0,70.081
4774,Oman,OMN,1979,1091855.0,45.654
4775,Pakistan,PAK,1979,75575981.0,27.715
4776,Palau,PLW,1979,12127.0,62.263000000000005
4777,Panama,PAN,1979,1931393.0,50.159
4778,Papua New Guinea,PNG,1979,3130125.0,12.817
4779,Paraguay,PRY,1979,3094479.0,41.141000000000005
4780,Peru,PER,1979,16924758.0,63.96
4781,Philippines,PHL,1979,46113992.0,36.997
4782,Poland,POL,1979,35247217.0,57.712
4783,Portugal,PRT,1979,9661265.0,42.381
4784,Puerto Rico,PRI,1979,3168088.0,66.178
4785,Qatar,QAT,1979,205244.0,89.21
4786,Romania,ROM,1979,22090488.0,45.358
4787,Russian Federation,RUS,1979,138027000.0,69.305
4788,Rwanda,RWA,1979,4968628.0,4.656000000000001
4789,Samoa,WSM,1979,154763.0,21.153
4790,San Marino,SMR,1979,21026.0,79.475
4791,Sao Tome and Principe,STP,1979,92652.0,33.109
4792,Saudi Arabia,SAU,1979,9323290.0,64.405
4793,Senegal,SEN,1979,5424299.0,35.417
4794,Seychelles,SYC,1979,63594.0,49.381
4795,Sierra Leone,SLE,1979,3017670.0,29.394
4796,Singapore,SGP,1979,2383500.0,100.0
4797,Slovak Republic,SVK,1979,4938973.0,50.56
4798,Slovenia,SVN,1979,1882599.0,46.901
4799,Solomon Islands,SLB,1979,222905.0,10.235
4800,Somalia,SOM,1979,5758961.0,26.507
4801,South Africa,ZAF,1979,26940793.0,48.349
4802,South Sudan,SSD,1979,4565912.0,8.531
4803,Spain,ESP,1979,37201123.0,72.16199999999999
4804,Sri Lanka,LKA,1979,14472000.0,18.918
4805,St. Kitts and Nevis,KNA,1979,43450.0,35.744
4806,St. Lucia,LCA,1979,116292.0,26.268
4807,St. Vincent and the Grenadines,VCT,1979,99589.0,35.333
4808,Sudan,SDN,1979,13917268.0,19.752
4809,Suriname,SUR,1979,362137.0,62.803
4810,Swaziland,SWZ,1979,585335.0,17.124000000000002
4811,Sweden,SWE,1979,8293678.0,83.016
4812,Switzerland,CHE,1979,6294365.0,57.141000000000005
4813,Syrian Arab Republic,SYR,1979,8651904.0,46.377
4814,Tajikistan,TJK,1979,3809991.0,34.501999999999995
4815,Tanzania,TZA,1979,18110990.0,14.140999999999998
4816,Thailand,THA,1979,46412310.0,26.242
4817,Timor-Leste,TMP,1979,586886.0,16.089000000000002
4818,Togo,TGO,1979,2642845.0,24.308000000000003
4819,Tonga,TON,1979,92299.0,20.935
4820,Trinidad and Tobago,TTO,1979,1069199.0,10.983
4821,Tunisia,TUN,1979,6215690.0,49.972
4822,Turkey,TUR,1979,42912350.0,43.355
4823,Turkmenistan,TKM,1979,2791575.0,47.299
4824,Turks and Caicos Islands,TCA,1979,7262.0,54.632
4825,Tuvalu,TUV,1979,7959.0,28.98
4826,Uganda,UGA,1979,12177677.0,7.356
4827,Ukraine,UKR,1979,49750150.0,61.081
4828,United Arab Emirates,ARE,1979,927303.0,80.51
4829,United Kingdom,GBR,1979,56246951.0,78.32300000000001
4830,United States,USA,1979,225055000.0,73.692
4831,Uruguay,URY,1979,2896021.0,85.009
4832,Uzbekistan,UZB,1979,15543520.0,40.794
4833,Vanuatu,VUT,1979,112579.0,14.368
4834,"Venezuela, RB",VEN,1979,14931741.0,78.533
4835,Vietnam,VNM,1979,52574000.0,19.175
4836,Virgin Islands (U.S.),VIR,1979,96000.0,79.22800000000001
4837,"Yemen, Rep.",YEM,1979,7765087.0,16.183
4838,Zambia,ZMB,1979,5727577.0,38.818000000000005
4839,Zimbabwe,ZWE,1979,7031159.0,21.853
4840,Arab World,ARB,1980,164571043.0,44.8718994914433
4841,Caribbean small states,CSS,1980,5471020.0,38.147142299425
4842,Central Europe and the Baltics,CEB,1980,106564905.0,57.822931161136
4843,East Asia & Pacific (all income levels),EAS,1980,1558464640.0,27.495758467769
4844,East Asia & Pacific (developing only),EAP,1980,1359783541.0,21.341309937816
4845,Euro area,EMU,1980,302311356.0,69.92481587645679
4846,Europe & Central Asia (all income levels),ECS,1980,793769417.0,64.8366358904709
4847,Europe & Central Asia (developing only),ECA,1980,210809729.0,50.5182458065145
4848,European Union,EUU,1980,464340783.0,68.93908211788279
4849,Fragile and conflict affected situations,FCS,1980,202198940.0,28.0108936594376
4850,Heavily indebted poor countries (HIPC),HPC,1980,271276022.0,20.7858896220544
4851,High income,HIC,1980,1114849145.0,72.0970792520152
4852,High income: nonOECD,NOC,1980,242853323.0,72.0461557264589
4853,High income: OECD,OEC,1980,871995822.0,72.11023093119941
4854,Latin America & Caribbean (all income levels),LCN,1980,364270961.0,64.2574560971749
4855,Latin America & Caribbean (developing only),LAC,1980,301466963.0,61.09039727127911
4856,Least developed countries: UN classification,LDC,1980,393172012.0,17.0256226875071
4857,Low & middle income,LMY,1980,3321741211.0,28.4336933634936
4858,Low income,LIC,1980,251638363.0,18.4383614818063
4859,Lower middle income,LMC,1980,1503783344.0,26.224305001276804
4860,Middle East & North Africa (all income levels),MEA,1980,185083537.0,49.5895508421476
4861,Middle East & North Africa (developing only),MNA,1980,166836852.0,46.957439597769394
4862,Middle income,MIC,1980,3070102848.0,29.2533583021977
4863,North America,NAC,1980,251872670.0,73.931658440751
4864,OECD members,OED,1980,985232586.0,70.4416033858699
4865,Other small states,OSS,1980,10123957.0,26.773084530683
4866,Pacific island small states,PSS,1980,1413201.0,28.324700673860303
4867,Small states,SST,1980,17008178.0,30.560700289354894
4868,South Asia,SAS,1980,900085240.0,22.3163527435846
4869,Sub-Saharan Africa (all income levels),SSF,1980,383043891.0,22.152558358877503
4870,Sub-Saharan Africa (developing only),SSA,1980,382758886.0,22.1446832103827
4871,Upper middle income,UMC,1980,1566319504.0,32.1585335875221
4872,World,WLD,1980,4436590356.0,39.278819407027896
4873,Afghanistan,AFG,1980,13211412.0,15.681
4874,Albania,ALB,1980,2671997.0,33.762
4875,Algeria,DZA,1980,19337723.0,43.542
4876,American Samoa,ASM,1980,32456.0,74.33
4877,Andorra,ADO,1980,36063.0,92.064
4878,Angola,AGO,1980,8211950.0,19.766
4879,Antigua and Barbuda,ATG,1980,70301.0,34.618
4880,Argentina,ARG,1980,28105889.0,82.887
4881,Armenia,ARM,1980,3096298.0,66.05
4882,Aruba,ABW,1980,60096.0,50.472
4883,Australia,AUS,1980,14692000.0,85.76
4884,Austria,AUT,1980,7549433.0,65.391
4885,Azerbaijan,AZE,1980,6163990.0,52.777
4886,"Bahamas, The",BHS,1980,210660.0,73.102
4887,Bahrain,BHR,1980,359902.0,86.101
4888,Bangladesh,BGD,1980,81364176.0,14.851
4889,Barbados,BRB,1980,252197.0,39.582
4890,Belarus,BLR,1980,9643000.0,56.498000000000005
4891,Belgium,BEL,1980,9859242.0,95.381
4892,Belize,BLZ,1980,144151.0,49.374
4893,Benin,BEN,1980,3718024.0,27.339
4894,Bermuda,BMU,1980,54670.0,100.0
4895,Bhutan,BTN,1980,412561.0,10.132
4896,Bolivia,BOL,1980,5589572.0,45.451
4897,Bosnia and Herzegovina,BIH,1980,4144726.0,35.543
4898,Botswana,BWA,1980,996331.0,16.479
4899,Brazil,BRA,1980,122199721.0,65.468
4900,Brunei Darussalam,BRN,1980,193057.0,59.89
4901,Bulgaria,BGR,1980,8861535.0,62.1
4902,Burkina Faso,BFA,1980,6822840.0,8.805
4903,Burundi,BDI,1980,4126544.0,4.339
4904,Cabo Verde,CPV,1980,285599.0,23.518
4905,Cambodia,KHM,1980,6718241.0,9.898
4906,Cameroon,CMR,1980,8932121.0,31.921
4907,Canada,CAN,1980,24593000.0,75.663
4908,Cayman Islands,CYM,1980,16164.0,100.0
4909,Central African Republic,CAF,1980,2274095.0,33.874
4910,Chad,TCD,1980,4512795.0,18.787
4911,Channel Islands,CHI,1980,128213.0,32.209
4912,Chile,CHL,1980,11234340.0,81.243
4913,China,CHN,1980,981235000.0,19.358
4914,Colombia,COL,1980,27737905.0,62.121
4915,Comoros,COM,1980,308518.0,23.215
4916,"Congo, Dem. Rep.",ZAR,1980,26357407.0,27.072
4917,"Congo, Rep.",COG,1980,1801688.0,47.857
4918,Costa Rica,CRI,1980,2389309.0,43.099
4919,Cote d'Ivoire,CIV,1980,8265549.0,36.829
4920,Croatia,HRV,1980,4588000.0,50.06100000000001
4921,Cuba,CUB,1980,9835177.0,68.10600000000001
4922,Curacao,CUW,1980,148041.0,81.76899999999999
4923,Cyprus,CYP,1980,685406.0,58.614
4924,Czech Republic,CZE,1980,10304193.0,75.167
4925,Denmark,DNK,1980,5123027.0,83.723
4926,Djibouti,DJI,1980,358960.0,72.096
4927,Dominica,DMA,1980,75313.0,46.75899999999999
4928,Dominican Republic,DOM,1980,5809271.0,51.281000000000006
4929,Ecuador,ECU,1980,7976449.0,46.961000000000006
4930,"Egypt, Arab Rep.",EGY,1980,43369552.0,43.858
4931,El Salvador,SLV,1980,4577683.0,44.058
4932,Equatorial Guinea,GNQ,1980,220605.0,27.872
4933,Eritrea,ERI,1980,2383858.0,14.364
4934,Estonia,EST,1980,1477219.0,69.711
4935,Ethiopia,ETH,1980,35239974.0,10.41
4936,Faeroe Islands,FRO,1980,43010.0,31.186
4937,Fiji,FJI,1980,635256.0,37.769
4938,Finland,FIN,1980,4779535.0,71.727
4939,France,FRA,1980,55340782.0,73.282
4940,French Polynesia,PYF,1980,151702.0,59.003
4941,Gabon,GAB,1980,729165.0,54.682
4942,"Gambia, The",GMB,1980,604371.0,28.414
4943,Georgia,GEO,1980,4467700.0,52.497
4944,Germany,DEU,1980,78288576.0,72.844
4945,Ghana,GHA,1980,10802025.0,31.163
4946,Greece,GRC,1980,9642505.0,69.343
4947,Greenland,GRL,1980,50200.0,76.12100000000001
4948,Grenada,GRD,1980,89004.0,32.921
4949,Guam,GUM,1980,104131.0,93.753
4950,Guatemala,GTM,1980,7118628.0,37.401
4951,Guinea,GIN,1980,4506559.0,23.617
4952,Guinea-Bissau,GNB,1980,849886.0,17.605
4953,Guyana,GUY,1980,786614.0,30.488000000000003
4954,Haiti,HTI,1980,5688832.0,20.541
4955,Honduras,HND,1980,3635862.0,34.87
4956,"Hong Kong SAR, China",HKG,1980,5063100.0,91.478
4957,Hungary,HUN,1980,10711122.0,64.191
4958,Iceland,ISL,1980,228138.0,88.26
4959,India,IND,1980,697229745.0,23.098000000000003
4960,Indonesia,IDN,1980,147490366.0,22.104
4961,"Iran, Islamic Rep.",IRN,1980,38668222.0,49.693000000000005
4962,Iraq,IRQ,1980,13653358.0,65.521
4963,Ireland,IRL,1980,3412800.0,55.333
4964,Isle of Man,IMY,1980,65108.0,51.784
4965,Israel,ISR,1980,3878000.0,88.583
4966,Italy,ITA,1980,56433883.0,66.64
4967,Jamaica,JAM,1980,2133000.0,46.739
4968,Japan,JPN,1980,116782000.0,76.175
4969,Jordan,JOR,1980,2181000.0,60.029
4970,Kazakhstan,KAZ,1980,14518924.0,54.142
4971,Kenya,KEN,1980,16267906.0,15.583
4972,Kiribati,KIR,1980,59340.0,32.284
4973,"Korea, Dem. Rep.",PRK,1980,17372167.0,56.9
4974,"Korea, Rep.",KOR,1980,38123775.0,56.72
4975,Kuwait,KWT,1980,1384342.0,94.781
4976,Kyrgyz Republic,KGZ,1980,3617400.0,38.627
4977,Lao PDR,LAO,1980,3252701.0,12.377
4978,Latvia,LVA,1980,2511701.0,67.095
4979,Lebanon,LBN,1980,2605294.0,73.672
4980,Lesotho,LSO,1980,1307403.0,11.45
4981,Liberia,LBR,1980,1892529.0,35.167
4982,Libya,LBY,1980,3191304.0,70.094
4983,Liechtenstein,LIE,1980,25869.0,18.274
4984,Lithuania,LTU,1980,3413202.0,61.158
4985,Luxembourg,LUX,1980,364150.0,80.042
4986,"Macao SAR, China",MAC,1980,246236.0,98.519
4987,"Macedonia, FYR",MKD,1980,1924194.0,53.469
4988,Madagascar,MDG,1980,8746516.0,18.524
4989,Malawi,MWI,1980,6163225.0,9.05
4990,Malaysia,MYS,1980,13833739.0,42.044
4991,Maldives,MDV,1980,158282.0,22.25
4992,Mali,MLI,1980,7090125.0,18.484
4993,Malta,MLT,1980,316645.0,89.785
4994,Marshall Islands,MHL,1980,30581.0,58.298
4995,Mauritania,MRT,1980,1534085.0,27.371
4996,Mauritius,MUS,1980,966039.0,42.351000000000006
4997,Mexico,MEX,1980,69330974.0,66.339
4998,"Micronesia, Fed. Sts.",FSM,1980,72967.0,26.445
4999,Moldova,MDA,1980,3396000.0,40.387
5000,Monaco,MCO,1980,26746.0,100.0
5001,Mongolia,MNG,1980,1689622.0,52.083
5002,Montenegro,MNE,1980,573170.0,36.813
5003,Morocco,MAR,1980,20071902.0,41.21
5004,Mozambique,MOZ,1980,11936379.0,13.130999999999998
5005,Myanmar,MMR,1980,34470694.0,23.973000000000003
5006,Namibia,NAM,1980,1012761.0,25.066
5007,Nepal,NPL,1980,14890080.0,6.091
5008,Netherlands,NLD,1980,14149800.0,64.745
5009,New Caledonia,NCL,1980,140050.0,57.426
5010,New Zealand,NZL,1980,3112900.0,83.428
5011,Nicaragua,NIC,1980,3249910.0,49.938
5012,Niger,NER,1980,5963159.0,13.443
5013,Nigeria,NGA,1980,73698096.0,21.97
5014,Northern Mariana Islands,MNP,1980,17048.0,86.78399999999999
5015,Norway,NOR,1980,4085620.0,70.545
5016,Oman,OMN,1980,1154375.0,47.562
5017,Pakistan,PAK,1980,78071984.0,28.066
5018,Palau,PLW,1980,12197.0,62.542
5019,Panama,PAN,1980,1978575.0,50.447
5020,Papua New Guinea,PNG,1980,3215483.0,13.047
5021,Paraguay,PRY,1980,3180628.0,41.688
5022,Peru,PER,1980,17359118.0,64.574
5023,Philippines,PHL,1980,47396966.0,37.481
5024,Poland,POL,1980,35574150.0,58.086000000000006
5025,Portugal,PRT,1980,9766312.0,42.785
5026,Puerto Rico,PRI,1980,3206000.0,67.835
5027,Qatar,QAT,1980,223715.0,89.363
5028,Romania,ROM,1980,22242653.0,46.07
5029,Russian Federation,RUS,1980,139010000.0,69.751
5030,Rwanda,RWA,1980,5140786.0,4.721
5031,Samoa,WSM,1980,155554.0,21.173
5032,San Marino,SMR,1980,21363.0,81.23100000000001
5033,Sao Tome and Principe,STP,1980,94953.0,33.482
5034,Saudi Arabia,SAU,1980,9912917.0,65.86
5035,Senegal,SEN,1980,5568651.0,35.769
5036,Seychelles,SYC,1980,64400.0,49.36600000000001
5037,Sierra Leone,SLE,1980,3086406.0,29.819000000000003
5038,Singapore,SGP,1980,2413900.0,100.0
5039,Slovak Republic,SVK,1980,4979815.0,51.638000000000005
5040,Slovenia,SVN,1980,1901315.0,48.045
5041,Solomon Islands,SLB,1980,230614.0,10.576
5042,Somalia,SOM,1980,6089707.0,26.763
5043,South Africa,ZAF,1980,27576000.0,48.425
5044,South Sudan,SSD,1980,4701360.0,8.519
5045,Spain,ESP,1980,37439035.0,72.789
5046,Sri Lanka,LKA,1980,14747000.0,18.779
5047,St. Kitts and Nevis,KNA,1980,43205.0,35.882
5048,St. Lucia,LCA,1980,117984.0,26.54
5049,St. Vincent and the Grenadines,VCT,1980,100506.0,35.87
5050,Sudan,SDN,1980,14418063.0,19.959
5051,Suriname,SUR,1980,362777.0,64.96
5052,Swaziland,SWZ,1980,603373.0,17.846
5053,Sweden,SWE,1980,8310531.0,83.087
5054,Switzerland,CHE,1980,6319408.0,57.084
5055,Syrian Arab Republic,SYR,1980,8956156.0,46.708
5056,Tajikistan,TJK,1980,3917642.0,34.289
5057,Tanzania,TZA,1980,18684893.0,14.555
5058,Thailand,THA,1980,47385325.0,26.791
5059,Timor-Leste,TMP,1980,577580.0,16.483
5060,Togo,TGO,1980,2720838.0,24.663
5061,Tonga,TON,1980,93007.0,21.154
5062,Trinidad and Tobago,TTO,1980,1085308.0,10.863
5063,Tunisia,TUN,1980,6384000.0,50.569
5064,Turkey,TUR,1980,43905790.0,43.78
5065,Turkmenistan,TKM,1980,2861000.0,47.078
5066,Turks and Caicos Islands,TCA,1980,7525.0,55.25899999999999
5067,Tuvalu,TUV,1980,8051.0,29.822
5068,Uganda,UGA,1980,12547754.0,7.534
5069,Ukraine,UKR,1980,49968811.0,61.693000000000005
5070,United Arab Emirates,ARE,1980,1016789.0,80.71
5071,United Kingdom,GBR,1980,56314216.0,78.48100000000001
5072,United States,USA,1980,227225000.0,73.738
5073,Uruguay,URY,1980,2915775.0,85.39399999999999
5074,Uzbekistan,UZB,1980,15951899.0,40.782
5075,Vanuatu,VUT,1980,115634.0,14.74
5076,"Venezuela, RB",VEN,1980,15343917.0,79.185
5077,Vietnam,VNM,1980,53700000.0,19.247
5078,Virgin Islands (U.S.),VIR,1980,97000.0,80.14699999999999
5079,"Yemen, Rep.",YEM,1980,8059381.0,16.534000000000002
5080,Zambia,ZMB,1980,5929497.0,39.815
5081,Zimbabwe,ZWE,1980,7289083.0,22.371
5082,Arab World,ARB,1981,169828213.0,45.4388115575002
5083,Caribbean small states,CSS,1981,5531599.0,38.3153468046039
5084,Central Europe and the Baltics,CEB,1981,107187982.0,58.2866905067398
5085,East Asia & Pacific (all income levels),EAS,1981,1581896123.0,28.15236404931689
5086,East Asia & Pacific (developing only),EAP,1981,1380911399.0,22.0564993279688
5087,Euro area,EMU,1981,303480588.0,70.1643649166681
5088,Europe & Central Asia (all income levels),ECS,1981,799091169.0,65.1792673215301
5089,Europe & Central Asia (developing only),ECA,1981,213607873.0,51.1450591844254
5090,European Union,EUU,1981,466081804.0,69.1879406589943
5091,Fragile and conflict affected situations,FCS,1981,207344181.0,28.3581154991015
5092,Heavily indebted poor countries (HIPC),HPC,1981,278278454.0,21.1773330796749
5093,High income,HIC,1981,1124313998.0,72.41529540289929
5094,High income: nonOECD,NOC,1981,246276835.0,72.63019435936249
5095,High income: OECD,OEC,1981,878037163.0,72.35941932349509
5096,Latin America & Caribbean (all income levels),LCN,1981,372330102.0,64.9435101110776
5097,Latin America & Caribbean (developing only),LAC,1981,308423371.0,61.7991294298641
5098,Least developed countries: UN classification,LDC,1981,403186706.0,17.511794743671402
5099,Low & middle income,LMY,1981,3390195034.0,29.0158729088374
5100,Low income,LIC,1981,257466559.0,18.8174488735603
5101,Lower middle income,LMC,1981,1540381043.0,26.622456806533
5102,Middle East & North Africa (all income levels),MEA,1981,191227827.0,50.212641707856704
5103,Middle East & North Africa (developing only),MNA,1981,172007692.0,47.4935727447003
5104,Middle income,MIC,1981,3132728475.0,29.854456477841
5105,North America,NAC,1981,254421050.0,74.07396730734351
5106,OECD members,OED,1981,993924740.0,70.73914468795999
5107,Other small states,OSS,1981,10373676.0,27.443175959708
5108,Pacific island small states,PSS,1981,1445947.0,28.532709860734897
5109,Small states,SST,1981,17351222.0,31.000037698267
5110,South Asia,SAS,1981,921521635.0,22.6909450971034
5111,Sub-Saharan Africa (all income levels),SSF,1981,394021126.0,22.5640941989923
5112,Sub-Saharan Africa (developing only),SSA,1981,393723064.0,22.5564677793196
5113,Upper middle income,UMC,1981,1592347432.0,32.9778294687017
5114,World,WLD,1981,4514509032.0,39.6976485500135
5115,Afghanistan,AFG,1981,12996923.0,15.93
5116,Albania,ALB,1981,2726056.0,34.024
5117,Algeria,DZA,1981,19943667.0,44.42
5118,American Samoa,ASM,1981,33488.0,75.043
5119,Andorra,ADO,1981,37502.0,92.8
5120,Angola,AGO,1981,8497950.0,20.299
5121,Antigua and Barbuda,ATG,1981,69750.0,34.698
5122,Argentina,ARG,1981,28543366.0,83.31299999999999
5123,Armenia,ARM,1981,3145885.0,66.259
5124,Aruba,ABW,1981,60567.0,50.456
5125,Australia,AUS,1981,14927000.0,85.7
5126,Austria,AUT,1981,7568710.0,65.405
5127,Azerbaijan,AZE,1981,6261942.0,52.897
5128,"Bahamas, The",BHS,1981,215404.0,73.843
5129,Bahrain,BHR,1981,374125.0,86.31700000000001
5130,Bangladesh,BGD,1981,83599582.0,15.800999999999998
5131,Barbados,BRB,1981,253080.0,38.851
5132,Belarus,BLR,1981,9710000.0,57.584
5133,Belgium,BEL,1981,9858982.0,95.535
5134,Belize,BLZ,1981,147566.0,49.183
5135,Benin,BEN,1981,3822206.0,28.01
5136,Bermuda,BMU,1981,55050.0,100.0
5137,Bhutan,BTN,1981,423887.0,10.646
5138,Bolivia,BOL,1981,5711598.0,46.459
5139,Bosnia and Herzegovina,BIH,1981,4185074.0,36.282
5140,Botswana,BWA,1981,1033073.0,17.552
5141,Brazil,BRA,1981,125107382.0,66.37
5142,Brunei Darussalam,BRN,1981,199136.0,59.465
5143,Bulgaria,BGR,1981,8891117.0,62.603
5144,Burkina Faso,BFA,1981,6985158.0,9.428
5145,Burundi,BDI,1981,4239673.0,4.503
5146,Cabo Verde,CPV,1981,290428.0,24.995
5147,Cambodia,KHM,1981,6774509.0,12.742
5148,Cameroon,CMR,1981,9201146.0,32.761
5149,Canada,CAN,1981,24900000.0,75.712
5150,Cayman Islands,CYM,1981,16795.0,100.0
5151,Central African Republic,CAF,1981,2340259.0,34.202
5152,Chad,TCD,1981,4610964.0,18.982
5153,Channel Islands,CHI,1981,128988.0,31.909
5154,Chile,CHL,1981,11400489.0,81.778
5155,China,CHN,1981,993885000.0,20.118
5156,Colombia,COL,1981,28375995.0,62.822
5157,Comoros,COM,1981,318659.0,23.649
5158,"Congo, Dem. Rep.",ZAR,1981,27049145.0,27.327
5159,"Congo, Rep.",COG,1981,1855391.0,48.781000000000006
5160,Costa Rica,CRI,1981,2454127.0,43.45
5161,Cote d'Ivoire,CIV,1981,8629121.0,37.044
5162,Croatia,HRV,1981,4608000.0,50.888000000000005
5163,Cuba,CUB,1981,9884219.0,68.85300000000001
5164,Curacao,CUW,1981,148629.0,82.07799999999999
5165,Cyprus,CYP,1981,689173.0,60.809
5166,Czech Republic,CZE,1981,10300591.0,75.48100000000001
5167,Denmark,DNK,1981,5121572.0,83.915
5168,Djibouti,DJI,1981,374683.0,73.028
5169,Dominica,DMA,1981,75376.0,47.793
5170,Dominican Republic,DOM,1981,5943591.0,52.398
5171,Ecuador,ECU,1981,8183194.0,47.888000000000005
5172,"Egypt, Arab Rep.",EGY,1981,44465918.0,43.874
5173,El Salvador,SLV,1981,4652058.0,44.571000000000005
5174,Equatorial Guinea,GNQ,1981,232934.0,27.965
5175,Eritrea,ERI,1981,2453689.0,14.552
5176,Estonia,EST,1981,1487666.0,69.92399999999999
5177,Ethiopia,ETH,1981,36093319.0,10.61
5178,Faeroe Islands,FRO,1981,43559.0,31.101
5179,Fiji,FJI,1981,650957.0,37.919
5180,Finland,FIN,1981,4799964.0,72.528
5181,France,FRA,1981,55585824.0,73.352
5182,French Polynesia,PYF,1981,156240.0,58.948
5183,Gabon,GAB,1981,747593.0,57.0
5184,"Gambia, The",GMB,1981,625413.0,29.256
5185,Georgia,GEO,1981,4504500.0,52.836000000000006
5186,Germany,DEU,1981,78407907.0,72.98899999999999
5187,Ghana,GHA,1981,11117608.0,31.388
5188,Greece,GRC,1981,9729350.0,69.74600000000001
5189,Greenland,GRL,1981,51000.0,76.497
5190,Grenada,GRD,1981,90575.0,32.988
5191,Guam,GUM,1981,106486.0,93.491
5192,Guatemala,GTM,1981,7310397.0,37.605
5193,Guinea,GIN,1981,4584305.0,24.503
5194,Guinea-Bissau,GNB,1981,866947.0,18.499
5195,Guyana,GUY,1981,787728.0,30.396
5196,Haiti,HTI,1981,5818673.0,20.568
5197,Honduras,HND,1981,3750843.0,35.435
5198,"Hong Kong SAR, China",HKG,1981,5183400.0,91.794
5199,Hungary,HUN,1981,10711848.0,64.372
5200,Iceland,ISL,1981,230755.0,88.53299999999999
5201,India,IND,1981,713561406.0,23.417
5202,Indonesia,IDN,1981,150978841.0,22.815
5203,"Iran, Islamic Rep.",IRN,1981,40209077.0,50.434
5204,Iraq,IRQ,1981,14046273.0,66.183
5205,Ireland,IRL,1981,3453000.0,55.63399999999999
5206,Isle of Man,IMY,1981,65128.0,51.78
5207,Israel,ISR,1981,3956000.0,88.94
5208,Italy,ITA,1981,56501675.0,66.837
5209,Jamaica,JAM,1981,2162300.0,47.286
5210,Japan,JPN,1981,117648000.0,76.273
5211,Jordan,JOR,1981,2267246.0,61.464
5212,Kazakhstan,KAZ,1981,14683789.0,54.582
5213,Kenya,KEN,1981,16901181.0,15.681
5214,Kiribati,KIR,1981,60137.0,32.532
5215,"Korea, Dem. Rep.",PRK,1981,17623335.0,57.049
5216,"Korea, Rep.",KOR,1981,38723248.0,58.407
5217,Kuwait,KWT,1981,1452383.0,95.67
5218,Kyrgyz Republic,KGZ,1981,3685800.0,38.577
5219,Lao PDR,LAO,1981,3317570.0,12.65
5220,Latvia,LVA,1981,2519421.0,67.44
5221,Lebanon,LBN,1981,2615753.0,74.899
5222,Lesotho,LSO,1981,1340694.0,11.51
5223,Liberia,LBR,1981,1961795.0,36.163
5224,Libya,LBY,1981,3318560.0,71.45100000000001
5225,Liechtenstein,LIE,1981,26221.0,18.187
5226,Lithuania,LTU,1981,3432947.0,61.946000000000005
5227,Luxembourg,LUX,1981,365225.0,80.444
5228,"Macao SAR, China",MAC,1981,252258.0,98.655
5229,"Macedonia, FYR",MKD,1981,1941445.0,54.007
5230,Madagascar,MDG,1981,8983494.0,18.988
5231,Malawi,MWI,1981,6327344.0,9.263
5232,Malaysia,MYS,1981,14180093.0,42.807
5233,Maldives,MDV,1981,163834.0,22.905
5234,Mali,MLI,1981,7233877.0,18.97
5235,Malta,MLT,1981,318982.0,89.794
5236,Marshall Islands,MHL,1981,31895.0,58.826
5237,Mauritania,MRT,1981,1578585.0,28.81
5238,Mauritius,MUS,1981,980462.0,42.13399999999999
5239,Mexico,MEX,1981,70950741.0,66.87
5240,"Micronesia, Fed. Sts.",FSM,1981,75462.0,26.417
5241,Moldova,MDA,1981,3429000.0,41.136
5242,Monaco,MCO,1981,27165.0,100.0
5243,Mongolia,MNG,1981,1733479.0,52.676
5244,Montenegro,MNE,1981,576678.0,37.892
5245,Morocco,MAR,1981,20564359.0,41.92
5246,Mozambique,MOZ,1981,12228508.0,14.050999999999998
5247,Myanmar,MMR,1981,35279907.0,23.982
5248,Namibia,NAM,1981,1034446.0,25.355
5249,Nepal,NPL,1981,15237302.0,6.376
5250,Netherlands,NLD,1981,14247208.0,65.104
5251,New Caledonia,NCL,1981,142650.0,57.812
5252,New Zealand,NZL,1981,3124900.0,83.51100000000001
5253,Nicaragua,NIC,1981,3342666.0,50.177
5254,Niger,NER,1981,6129762.0,13.656
5255,Nigeria,NGA,1981,75729572.0,22.671
5256,Northern Mariana Islands,MNP,1981,18906.0,87.117
5257,Norway,NOR,1981,4099702.0,70.78699999999999
5258,Oman,OMN,1981,1220548.0,49.471
5259,Pakistan,PAK,1981,80691701.0,28.38
5260,Palau,PLW,1981,12383.0,63.409
5261,Panama,PAN,1981,2026057.0,50.786
5262,Papua New Guinea,PNG,1981,3304188.0,13.242
5263,Paraguay,PRY,1981,3271454.0,42.235
5264,Peru,PER,1981,17792551.0,65.182
5265,Philippines,PHL,1981,48715592.0,38.571
5266,Poland,POL,1981,35898587.0,58.459
5267,Portugal,PRT,1981,9851362.0,43.221
5268,Puerto Rico,PRI,1981,3242552.0,71.77199999999999
5269,Qatar,QAT,1981,248053.0,89.514
5270,Romania,ROM,1981,22415169.0,46.781000000000006
5271,Russian Federation,RUS,1981,139941000.0,70.193
5272,Rwanda,RWA,1981,5313908.0,4.7860000000000005
5273,Samoa,WSM,1981,156435.0,21.193
5274,San Marino,SMR,1981,21666.0,82.86399999999999
5275,Sao Tome and Principe,STP,1981,96947.0,33.857
5276,Saudi Arabia,SAU,1981,10556936.0,67.281
5277,Senegal,SEN,1981,5723541.0,36.122
5278,Seychelles,SYC,1981,65128.0,49.352
5279,Sierra Leone,SLE,1981,3155368.0,30.248
5280,Singapore,SGP,1981,2532800.0,100.0
5281,Slovak Republic,SVK,1981,5016105.0,52.31
5282,Slovenia,SVN,1981,1906531.0,48.94
5283,Solomon Islands,SLB,1981,238488.0,10.927
5284,Somalia,SOM,1981,6251730.0,27.021
5285,South Africa,ZAF,1981,28254655.0,48.591
5286,South Sudan,SSD,1981,4849708.0,8.508
5287,Spain,ESP,1981,37740556.0,73.279
5288,Sri Lanka,LKA,1981,14847000.0,18.676
5289,St. Kitts and Nevis,KNA,1981,42978.0,35.754
5290,St. Lucia,LCA,1981,119593.0,26.812
5291,St. Vincent and the Grenadines,VCT,1981,101378.0,36.409
5292,Sudan,SDN,1981,14935471.0,20.166
5293,Suriname,SUR,1981,363309.0,65.035
5294,Swaziland,SWZ,1981,621314.0,18.589
5295,Sweden,SWE,1981,8320503.0,83.1
5296,Switzerland,CHE,1981,6354074.0,58.12
5297,Syrian Arab Republic,SYR,1981,9277263.0,47.038
5298,Tajikistan,TJK,1981,4030104.0,34.078
5299,Tanzania,TZA,1981,19279543.0,14.976
5300,Thailand,THA,1981,48336894.0,27.049
5301,Timor-Leste,TMP,1981,580556.0,16.883
5302,Togo,TGO,1981,2812071.0,25.02
5303,Tonga,TON,1981,93452.0,21.373
5304,Trinidad and Tobago,TTO,1981,1102562.0,10.599
5305,Tunisia,TUN,1981,6555185.0,51.164
5306,Turkey,TUR,1981,44936836.0,45.18899999999999
5307,Turkmenistan,TKM,1981,2931343.0,46.858
5308,Turks and Caicos Islands,TCA,1981,7855.0,57.358
5309,Tuvalu,TUV,1981,8160.0,30.675
5310,Uganda,UGA,1981,12927007.0,7.834
5311,Ukraine,UKR,1981,50221000.0,62.3
5312,United Arab Emirates,ARE,1981,1093108.0,80.683
5313,United Kingdom,GBR,1981,56333829.0,78.58800000000001
5314,United States,USA,1981,229466000.0,73.89
5315,Uruguay,URY,1981,2935036.0,85.76899999999999
5316,Uzbekistan,UZB,1981,16375135.0,40.77
5317,Vanuatu,VUT,1981,118578.0,15.12
5318,"Venezuela, RB",VEN,1981,15761800.0,79.82
5319,Vietnam,VNM,1981,54722000.0,19.309
5320,Virgin Islands (U.S.),VIR,1981,98000.0,81.03399999999999
5321,"Yemen, Rep.",YEM,1981,8369708.0,16.889
5322,Zambia,ZMB,1981,6138069.0,39.854
5323,Zimbabwe,ZWE,1981,7571965.0,22.895
5324,Arab World,ARB,1982,175134529.0,46.0119076635196
5325,Caribbean small states,CSS,1982,5599100.0,38.50405328820701
5326,Central Europe and the Baltics,CEB,1982,107770794.0,58.683563322898
5327,East Asia & Pacific (all income levels),EAS,1982,1607541549.0,28.8090349821741
5328,East Asia & Pacific (developing only),EAP,1982,1404321928.0,22.7825693038975
5329,Euro area,EMU,1982,304270836.0,70.3271600742176
5330,Europe & Central Asia (all income levels),ECS,1982,803850256.0,65.497246711843
5331,Europe & Central Asia (developing only),ECA,1982,216294202.0,51.83883219645799
5332,European Union,EUU,1982,467346238.0,69.3566867491036
5333,Fragile and conflict affected situations,FCS,1982,212408523.0,28.6988951789524
5334,Heavily indebted poor countries (HIPC),HPC,1982,285410524.0,21.5717963965688
5335,High income,HIC,1982,1133283621.0,72.7038508844579
5336,High income: nonOECD,NOC,1982,249695554.0,73.18977832235821
5337,High income: OECD,OEC,1982,883588067.0,72.5765981092827
5338,Latin America & Caribbean (all income levels),LCN,1982,380466998.0,65.6006008846703
5339,Latin America & Caribbean (developing only),LAC,1982,315432096.0,62.4799511795179
5340,Least developed countries: UN classification,LDC,1982,413495920.0,17.8397806353736
5341,Low & middle income,LMY,1982,3462147192.0,29.5638751995501
5342,Low income,LIC,1982,263493720.0,19.1287465667986
5343,Lower middle income,LMC,1982,1577970025.0,26.9542684556063
5344,Middle East & North Africa (all income levels),MEA,1982,197659182.0,50.8265298424436
5345,Middle East & North Africa (developing only),MNA,1982,177424668.0,48.02363690720839
5346,Middle income,MIC,1982,3198653472.0,30.423909417178
5347,North America,NAC,1982,256921449.0,74.2273072576358
5348,OECD members,OED,1982,1002134002.0,71.02745316291251
5349,Other small states,OSS,1982,10635559.0,28.1087435982443
5350,Pacific island small states,PSS,1982,1480475.0,28.762487738057
5351,Small states,SST,1982,17715134.0,31.448951487186
5352,South Asia,SAS,1982,943662470.0,22.9423505009678
5353,Sub-Saharan Africa (all income levels),SSF,1982,405328909.0,22.981157392758305
5354,Sub-Saharan Africa (developing only),SSA,1982,405011828.0,22.9737267382868
5355,Upper middle income,UMC,1982,1620683447.0,33.798720502585
5356,World,WLD,1982,4595430813.0,40.0763199588585
5357,Afghanistan,AFG,1982,12667001.0,16.182000000000002
5358,Albania,ALB,1982,2784278.0,34.287
5359,Algeria,DZA,1982,20575701.0,45.303
5360,American Samoa,ASM,1982,34740.0,75.743
5361,Andorra,ADO,1982,39112.0,93.474
5362,Angola,AGO,1982,8807511.0,20.843000000000004
5363,Antigua and Barbuda,ATG,1982,68950.0,34.779
5364,Argentina,ARG,1982,28993989.0,83.759
5365,Armenia,ARM,1982,3192877.0,66.467
5366,Aruba,ABW,1982,61344.0,50.441
5367,Australia,AUS,1982,15178000.0,85.64
5368,Austria,AUT,1982,7574140.0,65.446
5369,Azerbaijan,AZE,1982,6362289.0,53.018
5370,"Bahamas, The",BHS,1982,220275.0,74.571
5371,Bahrain,BHR,1982,385950.0,86.531
5372,Bangladesh,BGD,1982,85868228.0,16.212
5373,Barbados,BRB,1982,253836.0,38.124
5374,Belarus,BLR,1982,9776000.0,58.664
5375,Belgium,BEL,1982,9856303.0,95.637
5376,Belize,BLZ,1982,151498.0,48.992
5377,Benin,BEN,1982,3931355.0,28.692
5378,Bermuda,BMU,1982,55449.0,100.0
5379,Bhutan,BTN,1982,434385.0,11.184
5380,Bolivia,BOL,1982,5835186.0,47.472
5381,Bosnia and Herzegovina,BIH,1982,4226663.0,36.607
5382,Botswana,BWA,1982,1069962.0,19.489
5383,Brazil,BRA,1982,128054757.0,67.262
5384,Brunei Darussalam,BRN,1982,205061.0,60.034
5385,Bulgaria,BGR,1982,8917457.0,63.104
5386,Burkina Faso,BFA,1982,7158256.0,10.091
5387,Burundi,BDI,1982,4359122.0,4.674
5388,Cabo Verde,CPV,1982,296071.0,26.535
5389,Cambodia,KHM,1982,6945053.0,13.031
5390,Cameroon,CMR,1982,9480638.0,33.613
5391,Canada,CAN,1982,25202000.0,75.874
5392,Cayman Islands,CYM,1982,17357.0,100.0
5393,Central African Republic,CAF,1982,2411693.0,34.532
5394,Chad,TCD,1982,4716073.0,19.179
5395,Channel Islands,CHI,1982,129983.0,31.89
5396,Chile,CHL,1982,11569135.0,82.226
5397,China,CHN,1982,1008630000.0,20.902
5398,Colombia,COL,1982,29027158.0,63.519
5399,Comoros,COM,1982,328355.0,24.095
5400,"Congo, Dem. Rep.",ZAR,1982,27741104.0,27.583
5401,"Congo, Rep.",COG,1982,1910800.0,49.707
5402,Costa Rica,CRI,1982,2521163.0,43.803
5403,Cote d'Ivoire,CIV,1982,9002400.0,37.26
5404,Croatia,HRV,1982,4635000.0,51.239
5405,Cuba,CUB,1982,9925618.0,69.414
5406,Curacao,CUW,1982,150101.0,82.383
5407,Cyprus,CYP,1982,691711.0,62.964
5408,Czech Republic,CZE,1982,10314826.0,75.452
5409,Denmark,DNK,1982,5117810.0,84.025
5410,Djibouti,DJI,1982,384743.0,73.942
5411,Dominica,DMA,1982,75168.0,49.524
5412,Dominican Republic,DOM,1982,6078816.0,53.05
5413,Ecuador,ECU,1982,8392935.0,48.818000000000005
5414,"Egypt, Arab Rep.",EGY,1982,45610430.0,43.89
5415,El Salvador,SLV,1982,4722272.0,45.086000000000006
5416,Equatorial Guinea,GNQ,1982,251301.0,28.058000000000003
5417,Eritrea,ERI,1982,2525005.0,14.742
5418,Estonia,EST,1982,1498414.0,70.13600000000001
5419,Ethiopia,ETH,1982,37109517.0,10.813
5420,Faeroe Islands,FRO,1982,44105.0,31.017
5421,Fiji,FJI,1982,668196.0,38.07
5422,Finland,FIN,1982,4826933.0,73.373
5423,France,FRA,1982,55858727.0,73.425
5424,French Polynesia,PYF,1982,160883.0,58.892
5425,Gabon,GAB,1982,766867.0,58.372
5426,"Gambia, The",GMB,1982,648202.0,30.113000000000003
5427,Georgia,GEO,1982,4542800.0,53.176
5428,Germany,DEU,1982,78333366.0,73.107
5429,Ghana,GHA,1982,11488112.0,31.614
5430,Greece,GRC,1982,9789513.0,69.94
5431,Greenland,GRL,1982,51500.0,76.869
5432,Grenada,GRD,1982,93091.0,33.037
5433,Guam,GUM,1982,108911.0,93.219
5434,Guatemala,GTM,1982,7508161.0,37.99
5435,Guinea,GIN,1982,4684992.0,25.414
5436,Guinea-Bissau,GNB,1982,885166.0,19.43
5437,Guyana,GUY,1982,785466.0,30.305
5438,Haiti,HTI,1982,5955265.0,20.595
5439,Honduras,HND,1982,3868296.0,36.004
5440,"Hong Kong SAR, China",HKG,1982,5264500.0,92.09
5441,Hungary,HUN,1982,10705535.0,64.553
5442,Iceland,ISL,1982,233860.0,88.8
5443,India,IND,1982,730303461.0,23.647
5444,Indonesia,IDN,1982,154506266.0,23.606
5445,"Iran, Islamic Rep.",IRN,1982,41862373.0,51.175
5446,Iraq,IRQ,1982,14437661.0,66.839
5447,Ireland,IRL,1982,3485800.0,55.794
5448,Isle of Man,IMY,1982,64817.0,51.776
5449,Israel,ISR,1982,4031000.0,89.287
5450,Italy,ITA,1982,56543548.0,66.88600000000001
5451,Jamaica,JAM,1982,2200100.0,47.813
5452,Japan,JPN,1982,118449000.0,76.383
5453,Jordan,JOR,1982,2359755.0,62.882
5454,Kazakhstan,KAZ,1982,14853993.0,55.022
5455,Kenya,KEN,1982,17559778.0,15.78
5456,Kiribati,KIR,1982,60918.0,32.782
5457,"Korea, Dem. Rep.",PRK,1982,17899236.0,57.198
5458,"Korea, Rep.",KOR,1982,39326352.0,60.06100000000001
5459,Kuwait,KWT,1982,1518855.0,96.414
5460,Kyrgyz Republic,KGZ,1982,3759300.0,38.527
5461,Lao PDR,LAO,1982,3395113.0,12.93
5462,Latvia,LVA,1982,2531080.0,67.722
5463,Lebanon,LBN,1982,2632281.0,76.089
5464,Lesotho,LSO,1982,1374044.0,11.57
5465,Liberia,LBR,1982,2036325.0,37.173
5466,Libya,LBY,1982,3450078.0,72.773
5467,Liechtenstein,LIE,1982,26514.0,18.043
5468,Lithuania,LTU,1982,3457179.0,62.73
5469,Luxembourg,LUX,1982,365525.0,80.501
5470,"Macao SAR, China",MAC,1982,260921.0,98.889
5471,"Macedonia, FYR",MKD,1982,1954990.0,54.43
5472,Madagascar,MDG,1982,9220693.0,19.461
5473,Malawi,MWI,1982,6483571.0,9.481
5474,Malaysia,MYS,1982,14543585.0,43.574
5475,Maldives,MDV,1982,169861.0,23.574
5476,Mali,MLI,1982,7386669.0,19.466
5477,Malta,MLT,1982,325898.0,89.803
5478,Marshall Islands,MHL,1982,33334.0,59.614
5479,Mauritania,MRT,1982,1624310.0,30.295
5480,Mauritius,MUS,1982,992521.0,41.917
5481,Mexico,MEX,1982,72547995.0,67.396
5482,"Micronesia, Fed. Sts.",FSM,1982,78057.0,26.35
5483,Moldova,MDA,1982,3464000.0,41.891000000000005
5484,Monaco,MCO,1982,27629.0,100.0
5485,Mongolia,MNG,1982,1777727.0,53.268
5486,Montenegro,MNE,1982,579581.0,38.984
5487,Morocco,MAR,1982,21070647.0,42.63399999999999
5488,Mozambique,MOZ,1982,12511864.0,15.035
5489,Myanmar,MMR,1982,36098908.0,23.993
5490,Namibia,NAM,1982,1056758.0,25.611
5491,Nepal,NPL,1982,15596012.0,6.6160000000000005
5492,Netherlands,NLD,1982,14312690.0,65.51100000000001
5493,New Caledonia,NCL,1982,145700.0,58.197
5494,New Zealand,NZL,1982,3156100.0,83.552
5495,Nicaragua,NIC,1982,3435527.0,50.418
5496,Niger,NER,1982,6299343.0,13.871
5497,Nigeria,NGA,1982,77729802.0,23.389
5498,Northern Mariana Islands,MNP,1982,21393.0,87.444
5499,Norway,NOR,1982,4114787.0,70.918
5500,Oman,OMN,1982,1290007.0,51.385
5501,Pakistan,PAK,1982,83427522.0,28.619
5502,Palau,PLW,1982,12667.0,64.422
5503,Panama,PAN,1982,2073826.0,51.126000000000005
5504,Papua New Guinea,PNG,1982,3395798.0,13.428
5505,Paraguay,PRY,1982,3366726.0,42.785
5506,Peru,PER,1982,18225727.0,65.61
5507,Philippines,PHL,1982,50068493.0,39.675
5508,Poland,POL,1982,36230481.0,58.831
5509,Portugal,PRT,1982,9911771.0,43.738
5510,Puerto Rico,PRI,1982,3277453.0,75.406
5511,Qatar,QAT,1982,277242.0,89.663
5512,Romania,ROM,1982,22515389.0,47.495
5513,Russian Federation,RUS,1982,140823000.0,70.631
5514,Rwanda,RWA,1982,5486431.0,4.853
5515,Samoa,WSM,1982,157401.0,21.2
5516,San Marino,SMR,1982,21944.0,84.384
5517,Sao Tome and Principe,STP,1982,98692.0,34.826
5518,Saudi Arabia,SAU,1982,11247085.0,68.673
5519,Senegal,SEN,1982,5888261.0,36.476
5520,Seychelles,SYC,1982,65780.0,49.337
5521,Sierra Leone,SLE,1982,3224346.0,30.68
5522,Singapore,SGP,1982,2646500.0,100.0
5523,Slovak Republic,SVK,1982,5055099.0,52.777
5524,Slovenia,SVN,1982,1910334.0,49.1
5525,Solomon Islands,SLB,1982,246502.0,11.288
5526,Somalia,SOM,1982,6271538.0,27.28
5527,South Africa,ZAF,1982,28971839.0,48.756
5528,South Sudan,SSD,1982,5007145.0,8.497
5529,Spain,ESP,1982,37942805.0,73.515
5530,Sri Lanka,LKA,1982,15196000.0,18.664
5531,St. Kitts and Nevis,KNA,1982,42761.0,35.626
5532,St. Lucia,LCA,1982,121150.0,27.087
5533,St. Vincent and the Grenadines,VCT,1982,102202.0,36.953
5534,Sudan,SDN,1982,15470415.0,20.376
5535,Suriname,SUR,1982,363993.0,65.11
5536,Swaziland,SWZ,1982,639333.0,19.357
5537,Sweden,SWE,1982,8325263.0,83.1
5538,Switzerland,CHE,1982,6391309.0,59.938
5539,Syrian Arab Republic,SYR,1982,9613517.0,47.268
5540,Tajikistan,TJK,1982,4146923.0,33.866
5541,Tanzania,TZA,1982,19894677.0,15.409
5542,Thailand,THA,1982,49265597.0,27.308000000000003
5543,Timor-Leste,TMP,1982,593937.0,17.291
5544,Togo,TGO,1982,2915148.0,25.391
5545,Tonga,TON,1982,93683.0,21.594
5546,Trinidad and Tobago,TTO,1982,1120610.0,10.341
5547,Tunisia,TUN,1982,6729178.0,51.76
5548,Turkey,TUR,1982,45997940.0,46.997
5549,Turkmenistan,TKM,1982,3002785.0,46.637
5550,Turks and Caicos Islands,TCA,1982,8245.0,59.435
5551,Tuvalu,TUV,1982,8284.0,31.544
5552,Uganda,UGA,1982,13318149.0,8.147
5553,Ukraine,UKR,1982,50384000.0,62.904
5554,United Arab Emirates,ARE,1982,1158477.0,80.46600000000001
5555,United Kingdom,GBR,1982,56313641.0,78.539
5556,United States,USA,1982,231664000.0,74.042
5557,Uruguay,URY,1982,2954281.0,86.13799999999999
5558,Uzbekistan,UZB,1982,16810937.0,40.758
5559,Vanuatu,VUT,1982,121433.0,15.508
5560,"Venezuela, RB",VEN,1982,16185895.0,80.382
5561,Vietnam,VNM,1982,55687000.0,19.372
5562,Virgin Islands (U.S.),VIR,1982,102000.0,81.891
5563,"Yemen, Rep.",YEM,1982,8698304.0,17.250999999999998
5564,Zambia,ZMB,1982,6352561.0,39.805
5565,Zimbabwe,ZWE,1982,7876414.0,23.429
5566,Arab World,ARB,1983,180493632.0,46.61561339864329
5567,Caribbean small states,CSS,1983,5667553.0,38.5792702616103
5568,Central Europe and the Baltics,CEB,1983,108326895.0,59.0815670304591
5569,East Asia & Pacific (all income levels),EAS,1983,1633133807.0,29.3741484650855
5570,East Asia & Pacific (developing only),EAP,1983,1427842273.0,23.4099907180756
5571,Euro area,EMU,1983,304870908.0,70.44372271393641
5572,Europe & Central Asia (all income levels),ECS,1983,808434617.0,65.7993933957355
5573,Europe & Central Asia (developing only),ECA,1983,219011492.0,52.536582183073214
5574,European Union,EUU,1983,468419741.0,69.497261255537
5575,Fragile and conflict affected situations,FCS,1983,217457461.0,29.0926362926278
5576,Heavily indebted poor countries (HIPC),HPC,1983,292744009.0,21.996607592300897
5577,High income,HIC,1983,1141809095.0,72.9736692086918
5578,High income: nonOECD,NOC,1983,253015741.0,73.7269779970235
5579,High income: OECD,OEC,1983,888793354.0,72.77499168886109
5580,Latin America & Caribbean (all income levels),LCN,1983,388654061.0,66.239724084949
5581,Latin America & Caribbean (developing only),LAC,1983,322471961.0,63.1558252847075
5582,Least developed countries: UN classification,LDC,1983,424131976.0,18.1920905293333
5583,Low & middle income,LMY,1983,3535117516.0,30.0734838222683
5584,Low income,LIC,1983,269764917.0,19.462323561128603
5585,Lower middle income,LMC,1983,1616207449.0,27.2952242348476
5586,Middle East & North Africa (all income levels),MEA,1983,204315938.0,51.4325125500195
5587,Middle East & North Africa (developing only),MNA,1983,183047098.0,48.5494515023833
5588,Middle income,MIC,1983,3265352599.0,30.950551234467607
5589,North America,NAC,1983,259303930.0,74.3802980849538
5590,OECD members,OED,1983,1009999334.0,71.30173184902709
5591,Other small states,OSS,1983,10910915.0,28.788079983576107
5592,Pacific island small states,PSS,1983,1515158.0,28.998105383069
5593,Small states,SST,1983,18093626.0,31.8726088391017
5594,South Asia,SAS,1983,966101576.0,23.1974372249383
5595,Sub-Saharan Africa (all income levels),SSF,1983,416982682.0,23.4175906197682
5596,Sub-Saharan Africa (developing only),SSA,1983,416643116.0,23.410360545561
5597,Upper middle income,UMC,1983,1649145150.0,34.5292944563964
5598,World,WLD,1983,4676926611.0,40.4210620086656
5599,Afghanistan,AFG,1983,12279095.0,16.437
5600,Albania,ALB,1983,2843960.0,34.552
5601,Algeria,DZA,1983,21228288.0,46.18899999999999
5602,American Samoa,ASM,1983,36165.0,76.429
5603,Andorra,ADO,1983,40862.0,94.089
5604,Angola,AGO,1983,9128655.0,21.398000000000003
5605,Antigua and Barbuda,ATG,1983,67958.0,34.86
5606,Argentina,ARG,1983,29454739.0,84.194
5607,Armenia,ARM,1983,3239212.0,66.675
5608,Aruba,ABW,1983,62204.0,50.426
5609,Australia,AUS,1983,15369000.0,85.58
5610,Austria,AUT,1983,7561910.0,65.486
5611,Azerbaijan,AZE,1983,6464775.0,53.139
5612,"Bahamas, The",BHS,1983,225185.0,75.285
5613,Bahrain,BHR,1983,396447.0,86.742
5614,Bangladesh,BGD,1983,88181211.0,16.631
5615,Barbados,BRB,1983,254515.0,37.402
5616,Belarus,BLR,1983,9843000.0,59.736
5617,Belgium,BEL,1983,9855520.0,95.737
5618,Belize,BLZ,1983,155820.0,48.801
5619,Benin,BEN,1983,4045352.0,29.384
5620,Bermuda,BMU,1983,55930.0,100.0
5621,Bhutan,BTN,1983,444789.0,11.745
5622,Bolivia,BOL,1983,5959962.0,48.486
5623,Bosnia and Herzegovina,BIH,1983,4270598.0,36.933
5624,Botswana,BWA,1983,1107103.0,21.723000000000003
5625,Brazil,BRA,1983,131014337.0,68.142
5626,Brunei Darussalam,BRN,1983,210933.0,60.778
5627,Bulgaria,BGR,1983,8939738.0,63.603
5628,Burkina Faso,BFA,1983,7340907.0,10.796
5629,Burundi,BDI,1983,4486613.0,4.85
5630,Cabo Verde,CPV,1983,302174.0,28.133000000000003
5631,Cambodia,KHM,1983,7196139.0,13.325
5632,Cameroon,CMR,1983,9770555.0,34.476
5633,Canada,CAN,1983,25456000.0,76.035
5634,Cayman Islands,CYM,1983,17911.0,100.0
5635,Central African Republic,CAF,1983,2485666.0,34.864000000000004
5636,Chad,TCD,1983,4830055.0,19.377
5637,Channel Islands,CHI,1983,131158.0,31.871
5638,Chile,CHL,1983,11742057.0,82.359
5639,China,CHN,1983,1023310000.0,21.545
5640,Colombia,COL,1983,29687096.0,64.21
5641,Comoros,COM,1983,337853.0,24.548
5642,"Congo, Dem. Rep.",ZAR,1983,28448122.0,27.84
5643,"Congo, Rep.",COG,1983,1967596.0,50.633
5644,Costa Rica,CRI,1983,2589932.0,44.156000000000006
5645,Cote d'Ivoire,CIV,1983,9383289.0,37.476
5646,Croatia,HRV,1983,4659000.0,51.59
5647,Cuba,CUB,1983,9966733.0,69.925
5648,Curacao,CUW,1983,151159.0,82.684
5649,Cyprus,CYP,1983,694074.0,63.822
5650,Czech Republic,CZE,1983,10323856.0,75.423
5651,Denmark,DNK,1983,5114297.0,84.134
5652,Djibouti,DJI,1983,392908.0,74.50399999999999
5653,Dominica,DMA,1983,74750.0,51.257
5654,Dominican Republic,DOM,1983,6214857.0,53.323
5655,Ecuador,ECU,1983,8606214.0,49.658
5656,"Egypt, Arab Rep.",EGY,1983,46807221.0,43.906000000000006
5657,El Salvador,SLV,1983,4789472.0,45.602
5658,Equatorial Guinea,GNQ,1983,273199.0,28.151
5659,Eritrea,ERI,1983,2598626.0,14.934
5660,Estonia,EST,1983,1508745.0,70.347
5661,Ethiopia,ETH,1983,38259376.0,11.02
5662,Faeroe Islands,FRO,1983,44661.0,30.933000000000003
5663,Fiji,FJI,1983,685389.0,38.221
5664,Finland,FIN,1983,4855787.0,74.202
5665,France,FRA,1983,56156284.0,73.5
5666,French Polynesia,PYF,1983,165611.0,58.836000000000006
5667,Gabon,GAB,1983,787017.0,59.73
5668,"Gambia, The",GMB,1983,673230.0,31.008000000000003
5669,Georgia,GEO,1983,4582900.0,53.516000000000005
5670,Germany,DEU,1983,78128282.0,73.10300000000001
5671,Ghana,GHA,1983,11895130.0,31.842
5672,Greece,GRC,1983,9846627.0,70.134
5673,Greenland,GRL,1983,52100.0,77.237
5674,Grenada,GRD,1983,95981.0,33.086
5675,Guam,GUM,1983,111405.0,92.937
5676,Guatemala,GTM,1983,7710142.0,38.376
5677,Guinea,GIN,1983,4804740.0,26.072
5678,Guinea-Bissau,GNB,1983,904391.0,20.395
5679,Guyana,GUY,1983,780367.0,30.215
5680,Haiti,HTI,1983,6096690.0,21.36
5681,Honduras,HND,1983,3988371.0,36.577
5682,"Hong Kong SAR, China",HKG,1983,5345100.0,92.376
5683,Hungary,HUN,1983,10689463.0,64.734
5684,Iceland,ISL,1983,236977.0,89.06200000000001
5685,India,IND,1983,747374856.0,23.879
5686,Indonesia,IDN,1983,158044343.0,24.415
5687,"Iran, Islamic Rep.",IRN,1983,43610506.0,51.916
5688,Iraq,IRQ,1983,14824876.0,67.488
5689,Ireland,IRL,1983,3510600.0,55.955
5690,Isle of Man,IMY,1983,64404.0,51.773
5691,Israel,ISR,1983,4105000.0,89.60799999999999
5692,Italy,ITA,1983,56564074.0,66.866
5693,Jamaica,JAM,1983,2240800.0,48.016000000000005
5694,Japan,JPN,1983,119259000.0,76.493
5695,Jordan,JOR,1983,2455896.0,64.278
5696,Kazakhstan,KAZ,1983,15030495.0,55.461000000000006
5697,Kenya,KEN,1983,18241331.0,15.879
5698,Kiribati,KIR,1983,61760.0,33.032
5699,"Korea, Dem. Rep.",PRK,1983,18191881.0,57.346
5700,"Korea, Rep.",KOR,1983,39910403.0,61.693000000000005
5701,Kuwait,KWT,1983,1586205.0,97.034
5702,Kyrgyz Republic,KGZ,1983,3838300.0,38.477
5703,Lao PDR,LAO,1983,3483492.0,13.214
5704,Latvia,LVA,1983,2546011.0,68.003
5705,Lebanon,LBN,1983,2651295.0,77.24
5706,Lesotho,LSO,1983,1406818.0,11.63
5707,Liberia,LBR,1983,2107523.0,38.194
5708,Libya,LBY,1983,3583183.0,74.055
5709,Liechtenstein,LIE,1983,26768.0,17.901
5710,Lithuania,LTU,1983,3485192.0,63.506
5711,Luxembourg,LUX,1983,365622.0,80.557
5712,"Macao SAR, China",MAC,1983,271674.0,99.084
5713,"Macedonia, FYR",MKD,1983,1965488.0,54.853
5714,Madagascar,MDG,1983,9462343.0,19.943
5715,Malawi,MWI,1983,6659453.0,9.704
5716,Malaysia,MYS,1983,14926976.0,44.345
5717,Maldives,MDV,1983,176258.0,24.257
5718,Mali,MLI,1983,7542377.0,19.972
5719,Malta,MLT,1983,330524.0,89.811
5720,Marshall Islands,MHL,1983,34895.0,60.396
5721,Mauritania,MRT,1983,1671080.0,31.822
5722,Mauritius,MUS,1983,1001691.0,41.701
5723,Mexico,MEX,1983,74133377.0,67.919
5724,"Micronesia, Fed. Sts.",FSM,1983,80678.0,26.283
5725,Moldova,MDA,1983,3500000.0,42.649
5726,Monaco,MCO,1983,28098.0,100.0
5727,Mongolia,MNG,1983,1823215.0,53.86
5728,Montenegro,MNE,1983,582217.0,40.088
5729,Morocco,MAR,1983,21583746.0,43.347
5730,Mozambique,MOZ,1983,12766859.0,16.074
5731,Myanmar,MMR,1983,36917980.0,24.003
5732,Namibia,NAM,1983,1081740.0,25.861
5733,Nepal,NPL,1983,15963746.0,6.864
5734,Netherlands,NLD,1983,14367070.0,65.916
5735,New Caledonia,NCL,1983,148700.0,58.532
5736,New Zealand,NZL,1983,3199300.0,83.59200000000001
5737,Nicaragua,NIC,1983,3527935.0,50.658
5738,Niger,NER,1983,6472971.0,14.09
5739,Nigeria,NGA,1983,79729311.0,24.122
5740,Northern Mariana Islands,MNP,1983,24308.0,87.76299999999999
5741,Norway,NOR,1983,4128432.0,71.04899999999999
5742,Oman,OMN,1983,1360921.0,53.294
5743,Pakistan,PAK,1983,86264621.0,28.859
5744,Palau,PLW,1983,13015.0,65.421
5745,Panama,PAN,1983,2121921.0,51.465
5746,Papua New Guinea,PNG,1983,3489402.0,13.616
5747,Paraguay,PRY,1983,3465796.0,43.512
5748,Peru,PER,1983,18660443.0,66.031
5749,Philippines,PHL,1983,51455037.0,40.789
5750,Poland,POL,1983,36571808.0,59.202
5751,Portugal,PRT,1983,9957865.0,44.257
5752,Puerto Rico,PRI,1983,3311138.0,78.711
5753,Qatar,QAT,1983,309276.0,89.811
5754,Romania,ROM,1983,22588790.0,48.21
5755,Russian Federation,RUS,1983,141668000.0,71.066
5756,Rwanda,RWA,1983,5669251.0,4.92
5757,Samoa,WSM,1983,158383.0,21.2
5758,San Marino,SMR,1983,22203.0,85.792
5759,Sao Tome and Principe,STP,1983,100285.0,35.887
5760,Saudi Arabia,SAU,1983,11962244.0,70.033
5761,Senegal,SEN,1983,6062682.0,36.832
5762,Seychelles,SYC,1983,66367.0,49.322
5763,Sierra Leone,SLE,1983,3296530.0,31.115
5764,Singapore,SGP,1983,2681100.0,100.0
5765,Slovak Republic,SVK,1983,5091971.0,53.244
5766,Slovenia,SVN,1983,1922321.0,49.26
5767,Solomon Islands,SLB,1983,254602.0,11.659
5768,Somalia,SOM,1983,6199671.0,27.541
5769,South Africa,ZAF,1983,29724004.0,48.922
5770,South Sudan,SSD,1983,5165623.0,8.708
5771,Spain,ESP,1983,38122429.0,73.749
5772,Sri Lanka,LKA,1983,15417000.0,18.652
5773,St. Kitts and Nevis,KNA,1983,42539.0,35.498000000000005
5774,St. Lucia,LCA,1983,122738.0,27.364
5775,St. Vincent and the Grenadines,VCT,1983,102985.0,37.5
5776,Sudan,SDN,1983,16015120.0,20.901
5777,Suriname,SUR,1983,365242.0,65.184
5778,Swaziland,SWZ,1983,658496.0,20.149
5779,Sweden,SWE,1983,8329033.0,83.1
5780,Switzerland,CHE,1983,6418773.0,61.728
5781,Syrian Arab Republic,SYR,1983,9960833.0,47.476000000000006
5782,Tajikistan,TJK,1983,4269775.0,33.655
5783,Tanzania,TZA,1983,20528465.0,15.851
5784,Thailand,THA,1983,50183106.0,27.569000000000003
5785,Timor-Leste,TMP,1983,614379.0,17.708
5786,Togo,TGO,1983,3026378.0,25.778
5787,Tonga,TON,1983,93775.0,21.817
5788,Trinidad and Tobago,TTO,1983,1138673.0,10.087
5789,Tunisia,TUN,1983,6905136.0,52.356
5790,Turkey,TUR,1983,47072603.0,48.812
5791,Turkmenistan,TKM,1983,3075867.0,46.417
5792,Turks and Caicos Islands,TCA,1983,8671.0,61.478
5793,Tuvalu,TUV,1983,8413.0,32.425
5794,Uganda,UGA,1983,13727427.0,8.47
5795,Ukraine,UKR,1983,50564000.0,63.504
5796,United Arab Emirates,ARE,1983,1218223.0,80.247
5797,United Kingdom,GBR,1983,56332848.0,78.48899999999999
5798,United States,USA,1983,233792000.0,74.194
5799,Uruguay,URY,1983,2973461.0,86.49799999999999
5800,Uzbekistan,UZB,1983,17257774.0,40.746
5801,Vanuatu,VUT,1983,124248.0,15.905
5802,"Venezuela, RB",VEN,1983,16617343.0,80.907
5803,Vietnam,VNM,1983,56655000.0,19.435
5804,Virgin Islands (U.S.),VIR,1983,104000.0,82.71700000000001
5805,"Yemen, Rep.",YEM,1983,9043210.0,17.619
5806,Zambia,ZMB,1983,6571673.0,39.755
5807,Zimbabwe,ZWE,1983,8197564.0,24.069000000000003
5808,Arab World,ARB,1984,185880521.0,47.257873116984605
5809,Caribbean small states,CSS,1984,5732089.0,38.666796886266106
5810,Central Europe and the Baltics,CEB,1984,108853181.0,59.4802126206032
5811,East Asia & Pacific (all income levels),EAS,1984,1657490355.0,29.953504067185893
5812,East Asia & Pacific (developing only),EAP,1984,1450329263.0,24.0531214997908
5813,Euro area,EMU,1984,305380451.0,70.5197151930298
5814,Europe & Central Asia (all income levels),ECS,1984,813231116.0,66.0917254610698
5815,Europe & Central Asia (developing only),ECA,1984,221746766.0,53.2395428224626
5816,European Union,EUU,1984,469449808.0,69.6139259192667
5817,Fragile and conflict affected situations,FCS,1984,222584263.0,29.5403369691513
5818,Heavily indebted poor countries (HIPC),HPC,1984,300374211.0,22.4558058144712
5819,High income,HIC,1984,1150222380.0,73.2315153853157
5820,High income: nonOECD,NOC,1984,256549815.0,74.2546266440424
5821,High income: OECD,OEC,1984,893672565.0,72.9594271816423
5822,Latin America & Caribbean (all income levels),LCN,1984,396869481.0,66.8725607437119
5823,Latin America & Caribbean (developing only),LAC,1984,329519273.0,63.8270342943734
5824,Least developed countries: UN classification,LDC,1984,435137234.0,18.574981740523697
5825,Low & middle income,LMY,1984,3607919626.0,30.59395747043
5826,Low income,LIC,1984,276331665.0,19.809081069851302
5827,Lower middle income,LMC,1984,1655059253.0,27.6482297987458
5828,Middle East & North Africa (all income levels),MEA,1984,211060487.0,52.02566438424829
5829,Middle East & North Africa (developing only),MNA,1984,188779172.0,49.07334279070791
5830,Middle income,MIC,1984,3331587961.0,31.4889291493562
5831,North America,NAC,1984,261583423.0,74.5314048054184
5832,OECD members,OED,1984,1017531966.0,71.56669517566091
5833,Other small states,OSS,1984,11206029.0,29.575040461523
5834,Pacific island small states,PSS,1984,1547783.0,29.2267826659163
5835,Small states,SST,1984,18485901.0,32.3650440159774
5836,South Asia,SAS,1984,988898603.0,23.4552409789035
5837,Sub-Saharan Africa (all income levels),SSF,1984,429008541.0,23.8874989354722
5838,Sub-Saharan Africa (developing only),SSA,1984,428646549.0,23.879992690695897
5839,Upper middle income,UMC,1984,1676528708.0,35.2766718441794
5840,World,WLD,1984,4758142006.0,40.7757727350128
5841,Afghanistan,AFG,1984,11912510.0,16.695999999999998
5842,Albania,ALB,1984,2904429.0,34.817
5843,Algeria,DZA,1984,21893857.0,47.07899999999999
5844,American Samoa,ASM,1984,37687.0,77.10300000000001
5845,Andorra,ADO,1984,42704.0,94.649
5846,Angola,AGO,1984,9444918.0,21.965
5847,Antigua and Barbuda,ATG,1984,66863.0,34.94
5848,Argentina,ARG,1984,29920907.0,84.62100000000001
5849,Armenia,ARM,1984,3287588.0,66.883
5850,Aruba,ABW,1984,62831.0,50.411
5851,Australia,AUS,1984,15544000.0,85.52
5852,Austria,AUT,1984,7561434.0,65.52600000000001
5853,Azerbaijan,AZE,1984,6568857.0,53.299
5854,"Bahamas, The",BHS,1984,230016.0,75.987
5855,Bahrain,BHR,1984,407223.0,86.95
5856,Bangladesh,BGD,1984,90559540.0,17.06
5857,Barbados,BRB,1984,255195.0,36.685
5858,Belarus,BLR,1984,9910000.0,60.8
5859,Belgium,BEL,1984,9855372.0,95.835
5860,Belize,BLZ,1984,160342.0,48.61
5861,Benin,BEN,1984,4163968.0,30.086
5862,Bermuda,BMU,1984,56423.0,100.0
5863,Bhutan,BTN,1984,456135.0,12.332
5864,Bolivia,BOL,1984,6085499.0,49.504
5865,Bosnia and Herzegovina,BIH,1984,4318301.0,37.261
5866,Botswana,BWA,1984,1144716.0,24.139
5867,Brazil,BRA,1984,133950551.0,69.01
5868,Brunei Darussalam,BRN,1984,216893.0,61.519
5869,Bulgaria,BGR,1984,8960679.0,64.09899999999999
5870,Burkina Faso,BFA,1984,7531244.0,11.544
5871,Burundi,BDI,1984,4624617.0,5.033
5872,Cabo Verde,CPV,1984,308251.0,29.792
5873,Cambodia,KHM,1984,7475011.0,13.626
5874,Cameroon,CMR,1984,10070779.0,35.35
5875,Canada,CAN,1984,25702000.0,76.195
5876,Cayman Islands,CYM,1984,18543.0,100.0
5877,Central African Republic,CAF,1984,2558432.0,35.198
5878,Chad,TCD,1984,4955088.0,19.578
5879,Channel Islands,CHI,1984,132451.0,31.851
5880,Chile,CHL,1984,11921407.0,82.492
5881,China,CHN,1984,1036825000.0,22.203000000000003
5882,Colombia,COL,1984,30350082.0,64.896
5883,Comoros,COM,1984,347548.0,25.006
5884,"Congo, Dem. Rep.",ZAR,1984,29190679.0,28.1
5885,"Congo, Rep.",COG,1984,2025320.0,51.56
5886,Costa Rica,CRI,1984,2659772.0,44.542
5887,Cote d'Ivoire,CIV,1984,9769105.0,37.693000000000005
5888,Croatia,HRV,1984,4680000.0,51.941
5889,Cuba,CUB,1984,10017061.0,70.433
5890,Curacao,CUW,1984,151940.0,82.98200000000001
5891,Cyprus,CYP,1984,697717.0,64.252
5892,Czech Republic,CZE,1984,10330213.0,75.39399999999999
5893,Denmark,DNK,1984,5111619.0,84.243
5894,Djibouti,DJI,1984,404589.0,74.715
5895,Dominica,DMA,1984,74215.0,52.99
5896,Dominican Republic,DOM,1984,6351572.0,53.596
5897,Ecuador,ECU,1984,8823746.0,50.438
5898,"Egypt, Arab Rep.",EGY,1984,48061546.0,43.922
5899,El Salvador,SLV,1984,4855280.0,46.119
5900,Equatorial Guinea,GNQ,1984,295090.0,29.028
5901,Eritrea,ERI,1984,2675717.0,15.116
5902,Estonia,EST,1984,1518617.0,70.558
5903,Ethiopia,ETH,1984,39493503.0,11.232
5904,Faeroe Islands,FRO,1984,45239.0,30.849
5905,Fiji,FJI,1984,700366.0,38.372
5906,Finland,FIN,1984,4881803.0,75.015
5907,France,FRA,1984,56470769.0,73.575
5908,French Polynesia,PYF,1984,170397.0,58.745
5909,Gabon,GAB,1984,808088.0,61.076
5910,"Gambia, The",GMB,1984,701097.0,32.007
5911,Georgia,GEO,1984,4622200.0,53.855
5912,Germany,DEU,1984,77858685.0,72.943
5913,Ghana,GHA,1984,12311166.0,32.209
5914,Greece,GRC,1984,9895801.0,70.327
5915,Greenland,GRL,1984,52700.0,77.602
5916,Grenada,GRD,1984,98440.0,33.135
5917,Guam,GUM,1984,113961.0,92.643
5918,Guatemala,GTM,1984,7913814.0,38.764
5919,Guinea,GIN,1984,4937230.0,26.346
5920,Guinea-Bissau,GNB,1984,924378.0,21.397
5921,Guyana,GUY,1984,773302.0,30.124
5922,Haiti,HTI,1984,6240330.0,22.297
5923,Honduras,HND,1984,4111369.0,37.155
5924,"Hong Kong SAR, China",HKG,1984,5397900.0,92.653
5925,Hungary,HUN,1984,10668095.0,64.915
5926,Iceland,ISL,1984,239511.0,89.319
5927,India,IND,1984,764664278.0,24.113000000000003
5928,Indonesia,IDN,1984,161555584.0,25.244
5929,"Iran, Islamic Rep.",IRN,1984,45429019.0,52.657
5930,Iraq,IRQ,1984,15204746.0,68.132
5931,Ireland,IRL,1984,3532423.0,56.115
5932,Isle of Man,IMY,1984,64207.0,51.769
5933,Israel,ISR,1984,4159000.0,89.719
5934,Italy,ITA,1984,56576718.0,66.846
5935,Jamaica,JAM,1984,2279900.0,48.22
5936,Japan,JPN,1984,120018000.0,76.60300000000001
5937,Jordan,JOR,1984,2551301.0,65.652
5938,Kazakhstan,KAZ,1984,15214051.0,55.9
5939,Kenya,KEN,1984,18942599.0,15.979
5940,Kiribati,KIR,1984,62768.0,33.284
5941,"Korea, Dem. Rep.",PRK,1984,18487997.0,57.495
5942,"Korea, Rep.",KOR,1984,40405956.0,63.301
5943,Kuwait,KWT,1984,1657920.0,97.551
5944,Kyrgyz Republic,KGZ,1984,3916400.0,38.427
5945,Lao PDR,LAO,1984,3579370.0,13.504
5946,Latvia,LVA,1984,2562047.0,68.283
5947,Lebanon,LBN,1984,2667229.0,78.35300000000001
5948,Lesotho,LSO,1984,1438248.0,11.691
5949,Liberia,LBR,1984,2163835.0,39.834
5950,Libya,LBY,1984,3714264.0,75.3
5951,Liechtenstein,LIE,1984,27009.0,17.759
5952,Lithuania,LTU,1984,3514205.0,64.277
5953,Luxembourg,LUX,1984,365998.0,80.613
5954,"Macao SAR, China",MAC,1984,283672.0,99.244
5955,"Macedonia, FYR",MKD,1984,1974069.0,55.276
5956,Madagascar,MDG,1984,9714342.0,20.434
5957,Malawi,MWI,1984,6892527.0,9.931
5958,Malaysia,MYS,1984,15333369.0,45.119
5959,Maldives,MDV,1984,182864.0,24.954
5960,Mali,MLI,1984,7692537.0,20.488000000000003
5961,Malta,MLT,1984,330593.0,89.82
5962,Marshall Islands,MHL,1984,36567.0,61.175
5963,Mauritania,MRT,1984,1718641.0,33.391
5964,Mauritius,MUS,1984,1012221.0,42.012
5965,Mexico,MEX,1984,75721210.0,68.437
5966,"Micronesia, Fed. Sts.",FSM,1984,83242.0,26.216
5967,Moldova,MDA,1984,3536000.0,43.412
5968,Monaco,MCO,1984,28514.0,100.0
5969,Mongolia,MNG,1984,1871087.0,54.452
5970,Montenegro,MNE,1984,585064.0,41.20399999999999
5971,Morocco,MAR,1984,22094516.0,44.063
5972,Mozambique,MOZ,1984,12968335.0,17.172
5973,Myanmar,MMR,1984,37724581.0,24.03
5974,Namibia,NAM,1984,1112044.0,26.113000000000003
5975,Nepal,NPL,1984,16337117.0,7.121
5976,Netherlands,NLD,1984,14424211.0,66.319
5977,New Caledonia,NCL,1984,151650.0,58.683
5978,New Zealand,NZL,1984,3227100.0,83.633
5979,Nicaragua,NIC,1984,3619252.0,50.898
5980,Niger,NER,1984,6652110.0,14.312
5981,Nigeria,NGA,1984,81775215.0,24.872
5982,Northern Mariana Islands,MNP,1984,27363.0,88.07600000000001
5983,Norway,NOR,1984,4140099.0,71.18
5984,Oman,OMN,1984,1430926.0,55.197
5985,Pakistan,PAK,1984,89183159.0,29.101
5986,Palau,PLW,1984,13371.0,66.40899999999999
5987,Panama,PAN,1984,2170390.0,51.805
5988,Papua New Guinea,PNG,1984,3583707.0,13.806
5989,Paraguay,PRY,1984,3567750.0,44.247
5990,Peru,PER,1984,19099575.0,66.449
5991,Philippines,PHL,1984,52873979.0,41.915
5992,Poland,POL,1984,36904134.0,59.573
5993,Portugal,PRT,1984,9996232.0,44.777
5994,Puerto Rico,PRI,1984,3344190.0,81.684
5995,Qatar,QAT,1984,341286.0,89.956
5996,Romania,ROM,1984,22655940.0,48.926
5997,Russian Federation,RUS,1984,142745000.0,71.497
5998,Rwanda,RWA,1984,5877556.0,4.988
5999,Samoa,WSM,1984,159281.0,21.2
6000,San Marino,SMR,1984,22455.0,87.095
6001,Sao Tome and Principe,STP,1984,101871.0,36.963
6002,Saudi Arabia,SAU,1984,12674089.0,71.36
6003,Senegal,SEN,1984,6246140.0,37.191
6004,Seychelles,SYC,1984,66902.0,49.307
6005,Sierra Leone,SLE,1984,3376371.0,31.555
6006,Singapore,SGP,1984,2732200.0,100.0
6007,Slovak Republic,SVK,1984,5127097.0,53.711000000000006
6008,Slovenia,SVN,1984,1932154.0,49.42
6009,Solomon Islands,SLB,1984,262719.0,12.041
6010,Somalia,SOM,1984,6113252.0,27.804
6011,South Africa,ZAF,1984,30505361.0,49.088
6012,South Sudan,SSD,1984,5314358.0,9.261
6013,Spain,ESP,1984,38278575.0,73.982
6014,Sri Lanka,LKA,1984,15603000.0,18.639
6015,St. Kitts and Nevis,KNA,1984,42294.0,35.37
6016,St. Lucia,LCA,1984,124468.0,27.643
6017,St. Vincent and the Grenadines,VCT,1984,103742.0,38.05
6018,Sudan,SDN,1984,16559205.0,21.903
6019,Suriname,SUR,1984,367611.0,65.259
6020,Swaziland,SWZ,1984,680253.0,20.965
6021,Sweden,SWE,1984,8336605.0,83.1
6022,Switzerland,CHE,1984,6441865.0,63.489
6023,Syrian Arab Republic,SYR,1984,10313485.0,47.684
6024,Tajikistan,TJK,1984,4400743.0,33.445
6025,Tanzania,TZA,1984,21178079.0,16.305
6026,Thailand,THA,1984,51105438.0,27.832
6027,Timor-Leste,TMP,1984,636670.0,18.132
6028,Togo,TGO,1984,3140355.0,26.169
6029,Tonga,TON,1984,93838.0,22.042
6030,Trinidad and Tobago,TTO,1984,1155701.0,9.839
6031,Tunisia,TUN,1984,7042550.0,53.011
6032,Turkey,TUR,1984,48138191.0,50.63399999999999
6033,Turkmenistan,TKM,1984,3151262.0,46.196000000000005
6034,Turks and Caicos Islands,TCA,1984,9097.0,63.484
6035,Tuvalu,TUV,1984,8537.0,33.32
6036,Uganda,UGA,1984,14163214.0,8.805
6037,Ukraine,UKR,1984,50754000.0,64.1
6038,United Arab Emirates,ARE,1984,1280278.0,80.02600000000001
6039,United Kingdom,GBR,1984,56422072.0,78.44
6040,United States,USA,1984,235825000.0,74.344
6041,Uruguay,URY,1984,2992648.0,86.85
6042,Uzbekistan,UZB,1984,17712992.0,40.734
6043,Vanuatu,VUT,1984,127094.0,16.31
6044,"Venezuela, RB",VEN,1984,17057786.0,81.422
6045,Vietnam,VNM,1984,57692000.0,19.498
6046,Virgin Islands (U.S.),VIR,1984,108000.0,83.514
6047,"Yemen, Rep.",YEM,1984,9402070.0,17.993
6048,Zambia,ZMB,1984,6793708.0,39.705
6049,Zimbabwe,ZWE,1984,8528328.0,24.736
6050,Arab World,ARB,1985,191425366.0,47.8757325579568
6051,Caribbean small states,CSS,1985,5786277.0,38.7594225981577
6052,Central Europe and the Baltics,CEB,1985,109360296.0,59.87373520277411
6053,East Asia & Pacific (all income levels),EAS,1985,1682520138.0,30.537043827256102
6054,East Asia & Pacific (developing only),EAP,1985,1473632648.0,24.707100195195306
6055,Euro area,EMU,1985,305968030.0,70.5801639459293
6056,Europe & Central Asia (all income levels),ECS,1985,818137713.0,66.3738812285205
6057,Europe & Central Asia (developing only),ECA,1985,224460098.0,53.9141872915442
6058,European Union,EUU,1985,470587065.0,69.7211798398794
6059,Fragile and conflict affected situations,FCS,1985,227866979.0,29.99525329847389
6060,Heavily indebted poor countries (HIPC),HPC,1985,308377129.0,22.9474043682727
6061,High income,HIC,1985,1158705791.0,73.48441194533291
6062,High income: nonOECD,NOC,1985,260062555.0,74.76959418822841
6063,High income: OECD,OEC,1985,898643236.0,73.13987416253471
6064,Latin America & Caribbean (all income levels),LCN,1985,405083115.0,67.4992844252787
6065,Latin America & Caribbean (developing only),LAC,1985,336552535.0,64.49432488645199
6066,Least developed countries: UN classification,LDC,1985,446546151.0,18.9810242601531
6067,Low & middle income,LMY,1985,3682478101.0,31.1166423271488
6068,Low income,LIC,1985,283234655.0,20.1825898779547
6069,Lower middle income,LMC,1985,1694499225.0,28.0064900063337
6070,Middle East & North Africa (all income levels),MEA,1985,217994983.0,52.6010057702429
6071,Middle East & North Africa (developing only),MNA,1985,194689582.0,49.578687095501614
6072,Middle income,MIC,1985,3399243446.0,32.0281497781312
6073,North America,NAC,1985,263922898.0,74.6823253054761
6074,OECD members,OED,1985,1025143958.0,71.831220138055
6075,Other small states,OSS,1985,11517883.0,30.4154178872975
6076,Pacific island small states,PSS,1985,1576858.0,29.4400333390832
6077,Small states,SST,1985,18881018.0,32.89106192399161
6078,South Asia,SAS,1985,1012110768.0,23.7135766390473
6079,Sub-Saharan Africa (all income levels),SSF,1985,441414277.0,24.393667563077003
6080,Sub-Saharan Africa (developing only),SSA,1985,441032470.0,24.3859086029516
6081,Upper middle income,UMC,1985,1704744221.0,36.0216725898964
6082,World,WLD,1985,4841183892.0,41.132599369434
6083,Afghanistan,AFG,1985,11630498.0,16.958
6084,Albania,ALB,1985,2964762.0,35.083
6085,Algeria,DZA,1985,22565908.0,47.968
6086,American Samoa,ASM,1985,39247.0,77.762
6087,Andorra,ADO,1985,44597.0,95.159
6088,Angola,AGO,1985,9745209.0,22.541
6089,Antigua and Barbuda,ATG,1985,65744.0,35.021
6090,Argentina,ARG,1985,30388781.0,85.038
6091,Armenia,ARM,1985,3339147.0,67.09
6092,Aruba,ABW,1985,63028.0,50.395
6093,Australia,AUS,1985,15758000.0,85.46
6094,Austria,AUT,1985,7564985.0,65.566
6095,Azerbaijan,AZE,1985,6674107.0,53.498000000000005
6096,"Bahamas, The",BHS,1985,234684.0,76.67399999999999
6097,Bahrain,BHR,1985,419425.0,87.155
6098,Bangladesh,BGD,1985,93015182.0,17.496
6099,Barbados,BRB,1985,255929.0,35.975
6100,Belarus,BLR,1985,9975000.0,61.833
6101,Belgium,BEL,1985,9858308.0,95.93
6102,Belize,BLZ,1985,164916.0,48.419
6103,Benin,BEN,1985,4287263.0,30.796
6104,Bermuda,BMU,1985,56898.0,100.0
6105,Bhutan,BTN,1985,469010.0,12.941
6106,Bolivia,BOL,1985,6211549.0,50.519
6107,Bosnia and Herzegovina,BIH,1985,4369527.0,37.589
6108,Botswana,BWA,1985,1182942.0,26.724
6109,Brazil,BRA,1985,136836428.0,69.862
6110,Brunei Darussalam,BRN,1985,223049.0,62.252
6111,Bulgaria,BGR,1985,8960547.0,64.59
6112,Burkina Faso,BFA,1985,7727912.0,12.334
6113,Burundi,BDI,1985,4774258.0,5.221
6114,Cabo Verde,CPV,1985,313976.0,31.5
6115,Cambodia,KHM,1985,7743065.0,13.931
6116,Cameroon,CMR,1985,10381098.0,36.232
6117,Canada,CAN,1985,25942000.0,76.354
6118,Cayman Islands,CYM,1985,19315.0,100.0
6119,Central African Republic,CAF,1985,2627424.0,35.532
6120,Chad,TCD,1985,5092650.0,19.779
6121,Channel Islands,CHI,1985,133804.0,31.832
6122,Chile,CHL,1985,12108576.0,82.624
6123,China,CHN,1985,1051040000.0,22.874
6124,Colombia,COL,1985,31011686.0,65.574
6125,Comoros,COM,1985,357729.0,25.469
6126,"Congo, Dem. Rep.",ZAR,1985,29985665.0,28.513
6127,"Congo, Rep.",COG,1985,2083648.0,52.221
6128,Costa Rica,CRI,1985,2730231.0,45.445
6129,Cote d'Ivoire,CIV,1985,10158033.0,37.91
6130,Croatia,HRV,1985,4701000.0,52.291
6131,Cuba,CUB,1985,10082990.0,70.933
6132,Curacao,CUW,1985,152711.0,83.274
6133,Cyprus,CYP,1985,703693.0,64.678
6134,Czech Republic,CZE,1985,10337118.0,75.365
6135,Denmark,DNK,1985,5113691.0,84.351
6136,Djibouti,DJI,1985,423470.0,74.925
6137,Dominica,DMA,1985,73640.0,54.71
6138,Dominican Republic,DOM,1985,6488857.0,53.868
6139,Ecuador,ECU,1985,9045977.0,51.215
6140,"Egypt, Arab Rep.",EGY,1985,49373806.0,43.938
6141,El Salvador,SLV,1985,4920932.0,46.636
6142,Equatorial Guinea,GNQ,1985,314407.0,29.94
6143,Eritrea,ERI,1985,2756493.0,15.228
6144,Estonia,EST,1985,1528781.0,70.767
6145,Ethiopia,ETH,1985,40775997.0,11.453
6146,Faeroe Islands,FRO,1985,45840.0,30.766
6147,Fiji,FJI,1985,711663.0,38.523
6148,Finland,FIN,1985,4902206.0,75.808
6149,France,FRA,1985,56795686.0,73.65
6150,French Polynesia,PYF,1985,175208.0,58.639
6151,Gabon,GAB,1985,830091.0,62.402
6152,"Gambia, The",GMB,1985,732092.0,33.019
6153,Georgia,GEO,1985,4662900.0,54.194
6154,Germany,DEU,1985,77684873.0,72.711
6155,Ghana,GHA,1985,12716238.0,32.896
6156,Greece,GRC,1985,9934300.0,70.518
6157,Greenland,GRL,1985,53200.0,77.961
6158,Grenada,GRD,1985,99907.0,33.183
6159,Guam,GUM,1985,116576.0,92.339
6160,Guatemala,GTM,1985,8117499.0,39.152
6161,Guinea,GIN,1985,5078689.0,26.621
6162,Guinea-Bissau,GNB,1985,944941.0,22.431
6163,Guyana,GUY,1985,765043.0,30.033
6164,Haiti,HTI,1985,6384196.0,23.261
6165,Honduras,HND,1985,4237436.0,37.735
6166,"Hong Kong SAR, China",HKG,1985,5456200.0,92.92
6167,Hungary,HUN,1985,10648713.0,65.095
6168,Iceland,ISL,1985,241405.0,89.57
6169,India,IND,1985,782085127.0,24.348000000000003
6170,Indonesia,IDN,1985,165012195.0,26.089
6171,"Iran, Islamic Rep.",IRN,1985,47290793.0,53.395
6172,Iraq,IRQ,1985,15576396.0,68.767
6173,Ireland,IRL,1985,3538082.0,56.275
6174,Isle of Man,IMY,1985,64446.0,51.765
6175,Israel,ISR,1985,4233000.0,89.82799999999999
6176,Italy,ITA,1985,56593071.0,66.82600000000001
6177,Jamaica,JAM,1985,2311100.0,48.424
6178,Japan,JPN,1985,120754000.0,76.712
6179,Jordan,JOR,1985,2644000.0,66.99600000000001
6180,Kazakhstan,KAZ,1985,15403006.0,56.01
6181,Kenya,KEN,1985,19660713.0,16.079
6182,Kiribati,KIR,1985,64006.0,33.541
6183,"Korea, Dem. Rep.",PRK,1985,18778101.0,57.644
6184,"Korea, Rep.",KOR,1985,40805744.0,64.876
6185,Kuwait,KWT,1985,1735320.0,97.903
6186,Kyrgyz Republic,KGZ,1985,3990300.0,38.377
6187,Lao PDR,LAO,1985,3680145.0,13.804
6188,Latvia,LVA,1985,2578873.0,68.56
6189,Lebanon,LBN,1985,2676593.0,79.422
6190,Lesotho,LSO,1985,1467856.0,11.752
6191,Liberia,LBR,1985,2197442.0,42.373000000000005
6192,Libya,LBY,1985,3840635.0,75.45
6193,Liechtenstein,LIE,1985,27259.0,17.619
6194,Lithuania,LTU,1985,3544543.0,65.038
6195,Luxembourg,LUX,1985,366706.0,80.669
6196,"Macao SAR, China",MAC,1985,296222.0,99.377
6197,"Macedonia, FYR",MKD,1985,1981532.0,55.696000000000005
6198,Madagascar,MDG,1985,9981113.0,20.933000000000003
6199,Malawi,MWI,1985,7205635.0,10.163
6200,Malaysia,MYS,1985,15764340.0,45.893
6201,Maldives,MDV,1985,189551.0,25.491
6202,Mali,MLI,1985,7831891.0,21.013
6203,Malta,MLT,1985,336452.0,89.82799999999999
6204,Marshall Islands,MHL,1985,38334.0,61.945
6205,Mauritania,MRT,1985,1766855.0,34.994
6206,Mauritius,MUS,1985,1020528.0,42.325
6207,Mexico,MEX,1985,77322643.0,68.95
6208,"Micronesia, Fed. Sts.",FSM,1985,85689.0,26.149
6209,Moldova,MDA,1985,3570000.0,44.176
6210,Monaco,MCO,1985,28836.0,100.0
6211,Mongolia,MNG,1985,1921885.0,55.04
6212,Montenegro,MNE,1985,588434.0,42.325
6213,Morocco,MAR,1985,22596133.0,44.779
6214,Mozambique,MOZ,1985,13102982.0,18.326
6215,Myanmar,MMR,1985,38508821.0,24.076
6216,Namibia,NAM,1985,1149389.0,26.366
6217,Nepal,NPL,1985,16714335.0,7.386
6218,Netherlands,NLD,1985,14491632.0,66.719
6219,New Caledonia,NCL,1985,154450.0,58.834
6220,New Zealand,NZL,1985,3247100.0,83.67299999999999
6221,Nicaragua,NIC,1985,3709091.0,51.138000000000005
6222,Niger,NER,1985,6838170.0,14.536
6223,Nigeria,NGA,1985,83901570.0,25.635
6224,Northern Mariana Islands,MNP,1985,30341.0,88.381
6225,Norway,NOR,1985,4152516.0,71.31
6226,Oman,OMN,1985,1498416.0,57.07899999999999
6227,Pakistan,PAK,1985,92165065.0,29.344
6228,Palau,PLW,1985,13698.0,67.38
6229,Panama,PAN,1985,2219276.0,52.143
6230,Papua New Guinea,PNG,1985,3677854.0,13.998
6231,Paraguay,PRY,1985,3671826.0,44.983
6232,Peru,PER,1985,19544950.0,66.86399999999999
6233,Philippines,PHL,1985,54323651.0,43.04600000000001
6234,Poland,POL,1985,37201885.0,59.942
6235,Portugal,PRT,1985,10023613.0,45.298
6236,Puerto Rico,PRI,1985,3377000.0,84.31700000000001
6237,Qatar,QAT,1985,371071.0,90.1
6238,Romania,ROM,1985,22755427.0,49.641000000000005
6239,Russian Federation,RUS,1985,143858000.0,71.923
6240,Rwanda,RWA,1985,6117966.0,5.057
6241,Samoa,WSM,1985,160030.0,21.2
6242,San Marino,SMR,1985,22708.0,88.291
6243,Sao Tome and Principe,STP,1985,103557.0,38.049
6244,Saudi Arabia,SAU,1985,13361284.0,72.64699999999999
6245,Senegal,SEN,1985,6438024.0,37.549
6246,Seychelles,SYC,1985,67400.0,49.292
6247,Sierra Leone,SLE,1985,3466044.0,31.997
6248,Singapore,SGP,1985,2736000.0,100.0
6249,Slovak Republic,SVK,1985,5161768.0,54.176
6250,Slovenia,SVN,1985,1941641.0,49.58
6251,Solomon Islands,SLB,1985,270809.0,12.433
6252,Somalia,SOM,1985,6068425.0,28.067
6253,South Africa,ZAF,1985,31307880.0,49.372
6254,South Sudan,SSD,1985,5444907.0,9.844
6255,Spain,ESP,1985,38418817.0,74.21300000000001
6256,Sri Lanka,LKA,1985,15842000.0,18.627
6257,St. Kitts and Nevis,KNA,1985,42017.0,35.243
6258,St. Lucia,LCA,1985,126416.0,27.923
6259,St. Vincent and the Grenadines,VCT,1985,104477.0,38.602
6260,Sudan,SDN,1985,17097619.0,22.937
6261,Suriname,SUR,1985,371469.0,65.334
6262,Swaziland,SWZ,1985,705492.0,21.804
6263,Sweden,SWE,1985,8350386.0,83.1
6264,Switzerland,CHE,1985,6470365.0,65.21
6265,Syrian Arab Republic,SYR,1985,10667245.0,47.891000000000005
6266,Tajikistan,TJK,1985,4540688.0,33.235
6267,Tanzania,TZA,1985,21842087.0,16.767
6268,Thailand,THA,1985,52041468.0,28.095
6269,Timor-Leste,TMP,1985,657018.0,18.563
6270,Togo,TGO,1985,3252995.0,26.562
6271,Tonga,TON,1985,93953.0,22.268
6272,Trinidad and Tobago,TTO,1985,1170935.0,9.597
6273,Tunisia,TUN,1985,7260361.0,53.839
6274,Turkey,TUR,1985,49178079.0,52.448
6275,Turkmenistan,TKM,1985,3229499.0,45.976000000000006
6276,Turks and Caicos Islands,TCA,1985,9502.0,65.439
6277,Tuvalu,TUV,1985,8648.0,34.251
6278,Uganda,UGA,1985,14631089.0,9.152
6279,Ukraine,UKR,1985,50917000.0,64.681
6280,United Arab Emirates,ARE,1985,1350433.0,79.804
6281,United Kingdom,GBR,1985,56550268.0,78.39
6282,United States,USA,1985,237924000.0,74.494
6283,Uruguay,URY,1985,3011907.0,87.194
6284,Uzbekistan,UZB,1985,18174143.0,40.722
6285,Vanuatu,VUT,1985,130028.0,16.722
6286,"Venezuela, RB",VEN,1985,17508059.0,81.925
6287,Vietnam,VNM,1985,58868000.0,19.561
6288,Virgin Islands (U.S.),VIR,1985,107000.0,84.28
6289,"Yemen, Rep.",YEM,1985,9774242.0,18.373
6290,Zambia,ZMB,1985,7017292.0,39.655
6291,Zimbabwe,ZWE,1985,8862601.0,25.414
6292,Arab World,ARB,1986,197062077.0,48.4848014766687
6293,Caribbean small states,CSS,1986,5831154.0,38.861602763878295
6294,Central Europe and the Baltics,CEB,1986,109847148.0,60.2580865337897
6295,East Asia & Pacific (all income levels),EAS,1986,1709250537.0,31.137584657010105
6296,East Asia & Pacific (developing only),EAP,1986,1498637395.0,25.371970833410305
6297,Euro area,EMU,1986,306748199.0,70.67720561435151
6298,Europe & Central Asia (all income levels),ECS,1986,823185358.0,66.6509192568486
6299,Europe & Central Asia (developing only),ECA,1986,227221455.0,54.51307628977001
6300,European Union,EUU,1986,471888308.0,69.85236874787539
6301,Fragile and conflict affected situations,FCS,1986,233302129.0,30.446635908517298
6302,Heavily indebted poor countries (HIPC),HPC,1986,316760151.0,23.4269380152808
6303,High income,HIC,1986,1167401352.0,73.76229022848909
6304,High income: nonOECD,NOC,1986,263460516.0,75.3030915719873
6305,High income: OECD,OEC,1986,903940836.0,73.3462366160024
6306,Latin America & Caribbean (all income levels),LCN,1986,413292690.0,68.1127576144387
6307,Latin America & Caribbean (developing only),LAC,1986,343565634.0,65.1482056098079
6308,Least developed countries: UN classification,LDC,1986,458352456.0,19.3903919597215
6309,Low & middle income,LMY,1986,3759645486.0,31.635474600626
6310,Low income,LIC,1986,290486403.0,20.5485187884646
6311,Lower middle income,LMC,1986,1734571932.0,28.3705813731106
6312,Middle East & North Africa (all income levels),MEA,1986,225023065.0,53.16877205513129
6313,Middle East & North Africa (developing only),MNA,1986,200718320.0,50.08330032039429
6314,Middle income,MIC,1986,3469159083.0,32.5642889360938
6315,North America,NAC,1986,266394382.0,74.83222472762209
6316,OECD members,OED,1986,1033067368.0,72.10594894540509
6317,Other small states,OSS,1986,11849575.0,31.339383750472106
6318,Pacific island small states,PSS,1986,1601565.0,29.638337960057807
6319,Small states,SST,1986,19282294.0,33.4728893430937
6320,South Asia,SAS,1986,1035703508.0,23.9734084154526
6321,Sub-Saharan Africa (all income levels),SSF,1986,454197298.0,24.9151669452027
6322,Sub-Saharan Africa (developing only),SSA,1986,453799174.0,24.9071887373334
6323,Upper middle income,UMC,1986,1734587151.0,36.7538085169876
6324,World,WLD,1986,4927046838.0,41.49343452427321
6325,Afghanistan,AFG,1986,11438949.0,17.223
6326,Albania,ALB,1986,3022635.0,35.35
6327,Algeria,DZA,1986,23241276.0,48.86
6328,American Samoa,ASM,1986,40835.0,78.408
6329,Andorra,ADO,1986,46515.0,95.325
6330,Angola,AGO,1986,10023700.0,23.128
6331,Antigua and Barbuda,ATG,1986,64605.0,35.102
6332,Argentina,ARG,1986,30857242.0,85.445
6333,Armenia,ARM,1986,3396511.0,67.296
6334,Aruba,ABW,1986,62644.0,50.38
6335,Australia,AUS,1986,16018400.0,85.4
6336,Austria,AUT,1986,7569794.0,65.60600000000001
6337,Azerbaijan,AZE,1986,6779970.0,53.697
6338,"Bahamas, The",BHS,1986,239132.0,77.347
6339,Bahrain,BHR,1986,433487.0,87.35700000000001
6340,Bangladesh,BGD,1986,95550798.0,17.941
6341,Barbados,BRB,1986,256738.0,35.271
6342,Belarus,BLR,1986,10043000.0,62.857
6343,Belgium,BEL,1986,9861823.0,96.023
6344,Belize,BLZ,1986,169570.0,48.228
6345,Benin,BEN,1986,4414450.0,31.517
6346,Bermuda,BMU,1986,57382.0,100.0
6347,Bhutan,BTN,1986,484151.0,13.577
6348,Bolivia,BOL,1986,6337893.0,51.535
6349,Bosnia and Herzegovina,BIH,1986,4428460.0,37.919
6350,Botswana,BWA,1986,1221668.0,29.483
6351,Brazil,BRA,1986,139664639.0,70.703
6352,Brunei Darussalam,BRN,1986,229418.0,62.98
6353,Bulgaria,BGR,1986,8958171.0,64.999
6354,Burkina Faso,BFA,1986,7930690.0,12.832
6355,Burundi,BDI,1986,4936429.0,5.417000000000001
6356,Cabo Verde,CPV,1986,319161.0,33.885
6357,Cambodia,KHM,1986,7990133.0,14.242
6358,Cameroon,CMR,1986,10701458.0,37.124
6359,Canada,CAN,1986,26204000.0,76.502
6360,Cayman Islands,CYM,1986,20254.0,100.0
6361,Central African Republic,CAF,1986,2691312.0,35.868
6362,Chad,TCD,1986,5244158.0,19.983
6363,Channel Islands,CHI,1986,135227.0,31.813
6364,Chile,CHL,1986,12304203.0,82.755
6365,China,CHN,1986,1066790000.0,23.559
6366,Colombia,COL,1986,31669780.0,66.154
6367,Comoros,COM,1986,368443.0,25.938
6368,"Congo, Dem. Rep.",ZAR,1986,30829103.0,28.93
6369,"Congo, Rep.",COG,1986,2142529.0,52.642
6370,Costa Rica,CRI,1986,2800986.0,46.353
6371,Cote d'Ivoire,CIV,1986,10548148.0,38.127
6372,Croatia,HRV,1986,4722000.0,52.641000000000005
6373,Cuba,CUB,1986,10167998.0,71.43
6374,Curacao,CUW,1986,152662.0,83.56299999999999
6375,Cyprus,CYP,1986,712340.0,65.102
6376,Czech Republic,CZE,1986,10342227.0,75.336
6377,Denmark,DNK,1986,5120534.0,84.458
6378,Djibouti,DJI,1986,451068.0,75.134
6379,Dominica,DMA,1986,73025.0,56.422
6380,Dominican Republic,DOM,1986,6626544.0,54.14
6381,Ecuador,ECU,1986,9272905.0,51.993
6382,"Egypt, Arab Rep.",EGY,1986,50748187.0,43.95399999999999
6383,El Salvador,SLV,1986,4986528.0,47.155
6384,Equatorial Guinea,GNQ,1986,330247.0,30.871
6385,Eritrea,ERI,1986,2843141.0,15.341
6386,Estonia,EST,1986,1540190.0,70.975
6387,Ethiopia,ETH,1986,42097111.0,11.679
6388,Faeroe Islands,FRO,1986,46501.0,30.682
6389,Fiji,FJI,1986,718548.0,38.675
6390,Finland,FIN,1986,4918154.0,76.567
6391,France,FRA,1986,57132691.0,73.725
6392,French Polynesia,PYF,1986,180069.0,58.532
6393,Gabon,GAB,1986,853039.0,63.711000000000006
6394,"Gambia, The",GMB,1986,766598.0,34.049
6395,Georgia,GEO,1986,4704500.0,54.532
6396,Germany,DEU,1986,77720436.0,72.617
6397,Ghana,GHA,1986,13103975.0,33.591
6398,Greece,GRC,1986,9967213.0,70.709
6399,Greenland,GRL,1986,53500.0,78.317
6400,Grenada,GRD,1986,100146.0,33.232
6401,Guam,GUM,1986,119232.0,92.023
6402,Guatemala,GTM,1986,8320498.0,39.543
6403,Guinea,GIN,1986,5223553.0,26.898000000000003
6404,Guinea-Bissau,GNB,1986,966039.0,23.502
6405,Guyana,GUY,1986,755598.0,29.943
6406,Haiti,HTI,1986,6527545.0,24.255
6407,Honduras,HND,1986,4366401.0,38.319
6408,"Hong Kong SAR, China",HKG,1986,5524600.0,94.248
6409,Hungary,HUN,1986,10630564.0,65.274
6410,Iceland,ISL,1986,243180.0,89.816
6411,India,IND,1986,799607235.0,24.585
6412,Indonesia,IDN,1986,168402027.0,26.953000000000003
6413,"Iran, Islamic Rep.",IRN,1986,49205577.0,54.133
6414,Iraq,IRQ,1986,15937864.0,69.396
6415,Ireland,IRL,1986,3539690.0,56.426
6416,Isle of Man,IMY,1986,65225.0,51.761
6417,Israel,ISR,1986,4299000.0,89.936
6418,Italy,ITA,1986,56596155.0,66.806
6419,Jamaica,JAM,1986,2335800.0,48.628
6420,Japan,JPN,1986,121492000.0,76.835
6421,Jordan,JOR,1986,2744000.0,68.315
6422,Kazakhstan,KAZ,1986,15600928.0,56.121
6423,Kenya,KEN,1986,20393724.0,16.18
6424,Kiribati,KIR,1986,65519.0,33.828
6425,"Korea, Dem. Rep.",PRK,1986,19058988.0,57.792
6426,"Korea, Rep.",KOR,1986,41213674.0,66.679
6427,Kuwait,KWT,1986,1823201.0,97.917
6428,Kyrgyz Republic,KGZ,1986,4066500.0,38.327
6429,Lao PDR,LAO,1986,3785230.0,14.118
6430,Latvia,LVA,1986,2599892.0,68.782
6431,Lebanon,LBN,1986,2677290.0,80.454
6432,Lesotho,LSO,1986,1495101.0,11.905
6433,Liberia,LBR,1986,2206867.0,44.956
6434,Libya,LBY,1986,3961363.0,75.505
6435,Liechtenstein,LIE,1986,27523.0,17.479
6436,Lithuania,LTU,1986,3578914.0,65.793
6437,Luxembourg,LUX,1986,368355.0,80.725
6438,"Macao SAR, China",MAC,1986,309226.0,99.486
6439,"Macedonia, FYR",MKD,1986,1988401.0,56.117
6440,Madagascar,MDG,1986,10264368.0,21.442
6441,Malawi,MWI,1986,7617137.0,10.4
6442,Malaysia,MYS,1986,16221767.0,46.67100000000001
6443,Maldives,MDV,1986,196283.0,25.57
6444,Mali,MLI,1986,7957390.0,21.548
6445,Malta,MLT,1986,342121.0,89.90700000000001
6446,Marshall Islands,MHL,1986,40203.0,62.711000000000006
6447,Mauritania,MRT,1986,1815692.0,36.634
6448,Mauritius,MUS,1986,1028360.0,42.639
6449,Mexico,MEX,1986,78939441.0,69.459
6450,"Micronesia, Fed. Sts.",FSM,1986,87948.0,26.083
6451,Moldova,MDA,1986,3602000.0,44.944
6452,Monaco,MCO,1986,29048.0,100.0
6453,Mongolia,MNG,1986,1976311.0,55.628
6454,Montenegro,MNE,1986,592489.0,43.456
6455,Morocco,MAR,1986,23084731.0,45.498000000000005
6456,Mozambique,MOZ,1986,13155271.0,19.541
6457,Myanmar,MMR,1986,39269143.0,24.139
6458,Namibia,NAM,1986,1194769.0,26.621
6459,Nepal,NPL,1986,17091959.0,7.66
6460,Netherlands,NLD,1986,14572278.0,67.117
6461,New Caledonia,NCL,1986,157350.0,58.985
6462,New Zealand,NZL,1986,3246300.0,83.78
6463,Nicaragua,NIC,1986,3796914.0,51.378
6464,Niger,NER,1986,7031675.0,14.763
6465,Nigeria,NGA,1986,86118043.0,26.414
6466,Northern Mariana Islands,MNP,1986,33173.0,88.679
6467,Norway,NOR,1986,4167354.0,71.44
6468,Oman,OMN,1986,1561493.0,58.944
6469,Pakistan,PAK,1986,95207133.0,29.588
6470,Palau,PLW,1986,13982.0,68.188
6471,Panama,PAN,1986,2268619.0,52.482
6472,Papua New Guinea,PNG,1986,3771578.0,14.193
6473,Paraguay,PRY,1986,3777764.0,45.722
6474,Peru,PER,1986,19996250.0,67.277
6475,Philippines,PHL,1986,55803915.0,44.185
6476,Poland,POL,1986,37456119.0,60.31
6477,Portugal,PRT,1986,10032734.0,45.82
6478,Puerto Rico,PRI,1986,3409554.0,86.637
6479,Qatar,QAT,1986,398326.0,90.4
6480,Romania,ROM,1986,22859269.0,50.357
6481,Russian Federation,RUS,1986,144894000.0,72.346
6482,Rwanda,RWA,1986,6410594.0,5.127000000000001
6483,Samoa,WSM,1986,160591.0,21.2
6484,San Marino,SMR,1986,22959.0,89.39200000000001
6485,Sao Tome and Principe,STP,1986,105364.0,39.149
6486,Saudi Arabia,SAU,1986,14016569.0,73.9
6487,Senegal,SEN,1986,6638186.0,37.909
6488,Seychelles,SYC,1986,67877.0,49.277
6489,Sierra Leone,SLE,1986,3569102.0,32.325
6490,Singapore,SGP,1986,2733400.0,100.0
6491,Slovak Republic,SVK,1986,5193838.0,54.641000000000005
6492,Slovenia,SVN,1986,1965964.0,49.74
6493,Solomon Islands,SLB,1986,278846.0,12.837
6494,Somalia,SOM,1986,6082723.0,28.333
6495,South Africa,ZAF,1986,32121290.0,49.905
6496,South Sudan,SSD,1986,5559804.0,10.461
6497,Spain,ESP,1986,38535617.0,74.444
6498,Sri Lanka,LKA,1986,16127000.0,18.615
6499,St. Kitts and Nevis,KNA,1986,41697.0,35.116
6500,St. Lucia,LCA,1986,128620.0,28.205
6501,St. Vincent and the Grenadines,VCT,1986,105197.0,39.158
6502,Sudan,SDN,1986,17618852.0,24.005
6503,Suriname,SUR,1986,376973.0,65.408
6504,Swaziland,SWZ,1986,734790.0,22.668000000000003
6505,Sweden,SWE,1986,8369829.0,83.1
6506,Switzerland,CHE,1986,6504124.0,66.895
6507,Syrian Arab Republic,SYR,1986,11020718.0,48.099
6508,Tajikistan,TJK,1986,4690913.0,33.026
6509,Tanzania,TZA,1986,22516809.0,17.241
6510,Thailand,THA,1986,53002775.0,28.361
6511,Timor-Leste,TMP,1986,674128.0,19.003
6512,Togo,TGO,1986,3363448.0,26.96
6513,Tonga,TON,1986,94147.0,22.496
6514,Trinidad and Tobago,TTO,1986,1184053.0,9.361
6515,Tunisia,TUN,1986,7492633.0,54.667
6516,Turkey,TUR,1986,50187091.0,53.93
6517,Turkmenistan,TKM,1986,3310059.0,45.757
6518,Turks and Caicos Islands,TCA,1986,9873.0,67.345
6519,Tuvalu,TUV,1986,8741.0,35.496
6520,Uganda,UGA,1986,15133740.0,9.511
6521,Ukraine,UKR,1986,51097000.0,65.258
6522,United Arab Emirates,ARE,1986,1430548.0,79.624
6523,United Kingdom,GBR,1986,56681396.0,78.34
6524,United States,USA,1986,240133000.0,74.64399999999999
6525,Uruguay,URY,1986,3031032.0,87.55799999999999
6526,Uzbekistan,UZB,1986,18640558.0,40.71
6527,Vanuatu,VUT,1986,133040.0,17.143
6528,"Venezuela, RB",VEN,1986,17968530.0,82.41799999999999
6529,Vietnam,VNM,1986,60249000.0,19.625
6530,Virgin Islands (U.S.),VIR,1986,106500.0,85.01700000000001
6531,"Yemen, Rep.",YEM,1986,10153613.0,18.808
6532,Zambia,ZMB,1986,7242496.0,39.606
6533,Zimbabwe,ZWE,1986,9198874.0,26.105
6534,Arab World,ARB,1987,202715574.0,49.02323679753879
6535,Caribbean small states,CSS,1987,5863744.0,38.96478556584329
6536,Central Europe and the Baltics,CEB,1987,110296680.0,60.63861361599461
6537,East Asia & Pacific (all income levels),EAS,1987,1737467769.0,31.7508241073766
6538,East Asia & Pacific (developing only),EAP,1987,1525225958.0,26.0485470913982
6539,Euro area,EMU,1987,307614327.0,70.6938985436592
6540,Europe & Central Asia (all income levels),ECS,1987,828274895.0,66.8897842843607
6541,Europe & Central Asia (developing only),ECA,1987,229991108.0,55.07593901760701
6542,European Union,EUU,1987,473230098.0,69.9318079516933
6543,Fragile and conflict affected situations,FCS,1987,238891421.0,30.89772853903749
6544,Heavily indebted poor countries (HIPC),HPC,1987,325525015.0,23.893239994695893
6545,High income,HIC,1987,1176056839.0,74.0208659776474
6546,High income: nonOECD,NOC,1987,266853997.0,75.83270748190608
6547,High income: OECD,OEC,1987,909202842.0,73.52811364815
6548,Latin America & Caribbean (all income levels),LCN,1987,421490233.0,68.7150619831079
6549,Latin America & Caribbean (developing only),LAC,1987,350553157.0,65.7913331959124
6550,Least developed countries: UN classification,LDC,1987,470557196.0,19.8036367873057
6551,Low & middle income,LMY,1987,3839047787.0,32.147689609066504
6552,Low income,LIC,1987,298092145.0,20.9069201685573
6553,Lower middle income,LMC,1987,1775071638.0,28.7372094481404
6554,Middle East & North Africa (all income levels),MEA,1987,232066828.0,53.64256649671621
6555,Middle East & North Africa (developing only),MNA,1987,206781154.0,50.5227992725827
6556,Middle income,MIC,1987,3540955642.0,33.0944523160694
6557,North America,NAC,1987,268896849.0,74.9691387309637
6558,OECD members,OED,1987,1040942750.0,72.3542238790933
6559,Other small states,OSS,1987,12198628.0,32.3084320636714
6560,Pacific island small states,PSS,1987,1622627.0,30.010820900921804
6561,Small states,SST,1987,19684999.0,34.1018274812714
6562,South Asia,SAS,1987,1059570231.0,24.2346061347395
6563,Sub-Saharan Africa (all income levels),SSF,1987,467337821.0,25.4319530947828
6564,Sub-Saharan Africa (developing only),SSA,1987,466926179.0,25.4237703149559
6565,Upper middle income,UMC,1987,1765884004.0,37.470039823793
6566,World,WLD,1987,5015104626.0,41.8448071498578
6567,Afghanistan,AFG,1987,11337932.0,17.491
6568,Albania,ALB,1987,3083605.0,35.619
6569,Algeria,DZA,1987,23917889.0,49.722
6570,American Samoa,ASM,1987,42448.0,79.04
6571,Andorra,ADO,1987,48458.0,95.178
6572,Angola,AGO,1987,10285712.0,23.725
6573,Antigua and Barbuda,ATG,1987,63484.0,35.183
6574,Argentina,ARG,1987,31326473.0,85.84299999999999
6575,Armenia,ARM,1987,3457054.0,67.501
6576,Aruba,ABW,1987,61835.0,50.365
6577,Australia,AUS,1987,16263900.0,85.4
6578,Austria,AUT,1987,7574586.0,65.646
6579,Azerbaijan,AZE,1987,6886428.0,53.895
6580,"Bahamas, The",BHS,1987,243391.0,78.007
6581,Bahrain,BHR,1987,448994.0,87.557
6582,Bangladesh,BGD,1987,98149262.0,18.395
6583,Barbados,BRB,1987,257609.0,34.572
6584,Belarus,BLR,1987,10111000.0,63.87
6585,Belgium,BEL,1987,9870234.0,96.115
6586,Belize,BLZ,1987,174326.0,48.037
6587,Benin,BEN,1987,4546136.0,32.246
6588,Bermuda,BMU,1987,57849.0,100.0
6589,Bhutan,BTN,1987,500952.0,14.24
6590,Bolivia,BOL,1987,6464736.0,52.549
6591,Bosnia and Herzegovina,BIH,1987,4491745.0,38.25
6592,Botswana,BWA,1987,1260720.0,32.401
6593,Brazil,BRA,1987,142437479.0,71.529
6594,Brunei Darussalam,BRN,1987,235980.0,63.703
6595,Bulgaria,BGR,1987,8971359.0,65.346
6596,Burkina Faso,BFA,1987,8140076.0,13.072
6597,Burundi,BDI,1987,5108581.0,5.62
6598,Cabo Verde,CPV,1987,323972.0,36.355
6599,Cambodia,KHM,1987,8228268.0,14.559
6600,Cameroon,CMR,1987,11031515.0,37.941
6601,Canada,CAN,1987,26550000.0,76.52199999999999
6602,Cayman Islands,CYM,1987,21343.0,100.0
6603,Central African Republic,CAF,1987,2751163.0,36.206
6604,Chad,TCD,1987,5409275.0,20.187
6605,Channel Islands,CHI,1987,136716.0,31.707
6606,Chile,CHL,1987,12507488.0,82.885
6607,China,CHN,1987,1084035000.0,24.259
6608,Colombia,COL,1987,32324326.0,66.691
6609,Comoros,COM,1987,379589.0,26.413
6610,"Congo, Dem. Rep.",ZAR,1987,31721541.0,29.35
6611,"Congo, Rep.",COG,1987,2202106.0,53.06399999999999
6612,Costa Rica,CRI,1987,2872214.0,47.263000000000005
6613,Cote d'Ivoire,CIV,1987,10939987.0,38.346
6614,Croatia,HRV,1987,4740000.0,52.99100000000001
6615,Cuba,CUB,1987,10269276.0,71.921
6616,Curacao,CUW,1987,151456.0,83.848
6617,Cyprus,CYP,1987,723380.0,65.524
6618,Czech Republic,CZE,1987,10347318.0,75.307
6619,Denmark,DNK,1987,5127024.0,84.565
6620,Djibouti,DJI,1987,485565.0,75.34100000000001
6621,Dominica,DMA,1987,72368.0,58.118
6622,Dominican Republic,DOM,1987,6764623.0,54.412
6623,Ecuador,ECU,1987,9504132.0,52.769
6624,"Egypt, Arab Rep.",EGY,1987,52173840.0,43.877
6625,El Salvador,SLV,1987,5051885.0,47.674
6626,Equatorial Guinea,GNQ,1987,343290.0,31.817
6627,Eritrea,ERI,1987,2933871.0,15.455
6628,Estonia,EST,1987,1552221.0,71.183
6629,Ethiopia,ETH,1987,43470219.0,11.909
6630,Faeroe Islands,FRO,1987,47194.0,30.598000000000003
6631,Fiji,FJI,1987,721725.0,39.327
6632,Finland,FIN,1987,4932123.0,77.291
6633,France,FRA,1987,57482591.0,73.8
6634,French Polynesia,PYF,1987,184958.0,58.426
6635,Gabon,GAB,1987,876877.0,65.0
6636,"Gambia, The",GMB,1987,804134.0,35.094
6637,Georgia,GEO,1987,4743500.0,54.87
6638,Germany,DEU,1987,77839920.0,72.205
6639,Ghana,GHA,1987,13480381.0,34.293
6640,Greece,GRC,1987,10000595.0,70.9
6641,Greenland,GRL,1987,54100.0,78.668
6642,Grenada,GRD,1987,99381.0,33.281
6643,Guam,GUM,1987,121924.0,91.695
6644,Guatemala,GTM,1987,8523785.0,39.934
6645,Guinea,GIN,1987,5375058.0,27.178
6646,Guinea-Bissau,GNB,1987,987718.0,24.608
6647,Guyana,GUY,1987,745149.0,29.853
6648,Haiti,HTI,1987,6670566.0,25.277
6649,Honduras,HND,1987,4497875.0,38.907
6650,"Hong Kong SAR, China",HKG,1987,5590500.0,96.86
6651,Hungary,HUN,1987,10612741.0,65.453
6652,Iceland,ISL,1987,245859.0,90.057
6653,India,IND,1987,817232241.0,24.823
6654,Indonesia,IDN,1987,171728916.0,27.835
6655,"Iran, Islamic Rep.",IRN,1987,51152122.0,54.717
6656,Iraq,IRQ,1987,16293719.0,70.017
6657,Ireland,IRL,1987,3540057.0,56.54600000000001
6658,Isle of Man,IMY,1987,66449.0,51.757
6659,Israel,ISR,1987,4369000.0,90.044
6660,Italy,ITA,1987,56601931.0,66.786
6661,Jamaica,JAM,1987,2350600.0,48.832
6662,Japan,JPN,1987,122091000.0,76.962
6663,Jordan,JOR,1987,2846000.0,69.60600000000001
6664,Kazakhstan,KAZ,1987,15801753.0,56.231
6665,Kenya,KEN,1987,21140344.0,16.281
6666,Kiribati,KIR,1987,67262.0,34.116
6667,"Korea, Dem. Rep.",PRK,1987,19334550.0,57.94
6668,"Korea, Rep.",KOR,1987,41621690.0,68.563
6669,Kuwait,KWT,1987,1917950.0,97.932
6670,Kyrgyz Republic,KGZ,1987,4144600.0,38.277
6671,Lao PDR,LAO,1987,3895066.0,14.439
6672,Latvia,LVA,1987,2626583.0,68.947
6673,Lebanon,LBN,1987,2672182.0,81.446
6674,Lesotho,LSO,1987,1520244.0,12.394
6675,Liberia,LBR,1987,2196204.0,47.567
6676,Libya,LBY,1987,4076888.0,75.56
6677,Liechtenstein,LIE,1987,27799.0,17.34
6678,Lithuania,LTU,1987,3616367.0,66.54
6679,Luxembourg,LUX,1987,370750.0,80.78
6680,"Macao SAR, China",MAC,1987,322655.0,99.576
6681,"Macedonia, FYR",MKD,1987,1994368.0,56.536
6682,Madagascar,MDG,1987,10563491.0,21.959
6683,Malawi,MWI,1987,8108484.0,10.640999999999998
6684,Malaysia,MYS,1987,16703500.0,47.45
6685,Maldives,MDV,1987,203059.0,25.648000000000003
6686,Mali,MLI,1987,8073178.0,22.069000000000003
6687,Malta,MLT,1987,344485.0,90.02799999999999
6688,Marshall Islands,MHL,1987,42148.0,63.47
6689,Mauritania,MRT,1987,1865356.0,38.305
6690,Mauritius,MUS,1987,1036082.0,42.953
6691,Mexico,MEX,1987,80571067.0,69.96300000000001
6692,"Micronesia, Fed. Sts.",FSM,1987,90024.0,26.016
6693,Moldova,MDA,1987,3633000.0,45.714
6694,Monaco,MCO,1987,29169.0,100.0
6695,Mongolia,MNG,1987,2033345.0,56.215
6696,Montenegro,MNE,1987,597037.0,44.594
6697,Morocco,MAR,1987,23560825.0,46.219
6698,Mozambique,MOZ,1987,13142516.0,20.815
6699,Myanmar,MMR,1987,40005369.0,24.219
6700,Namibia,NAM,1987,1247186.0,26.877
6701,Nepal,NPL,1987,17472138.0,7.944
6702,Netherlands,NLD,1987,14665037.0,67.513
6703,New Caledonia,NCL,1987,160500.0,59.135
6704,New Zealand,NZL,1987,3274400.0,84.025
6705,Nicaragua,NIC,1987,3882940.0,51.618
6706,Niger,NER,1987,7233482.0,14.993
6707,Nigeria,NGA,1987,88412917.0,27.209
6708,Northern Mariana Islands,MNP,1987,35904.0,88.971
6709,Norway,NOR,1987,4186905.0,71.57
6710,Oman,OMN,1987,1620573.0,60.783
6711,Pakistan,PAK,1987,98301647.0,29.833
6712,Palau,PLW,1987,14237.0,68.541
6713,Panama,PAN,1987,2318444.0,52.82
6714,Papua New Guinea,PNG,1987,3865402.0,14.39
6715,Paraguay,PRY,1987,3885433.0,46.463
6716,Peru,PER,1987,20451712.0,67.687
6717,Philippines,PHL,1987,57312794.0,45.331
6718,Poland,POL,1987,37668045.0,60.676
6719,Portugal,PRT,1987,10030031.0,46.342
6720,Puerto Rico,PRI,1987,3441850.0,88.66
6721,Qatar,QAT,1987,423327.0,91.056
6722,Romania,ROM,1987,22949430.0,51.073
6723,Russian Federation,RUS,1987,145908000.0,72.765
6724,Rwanda,RWA,1987,6742390.0,5.198
6725,Samoa,WSM,1987,161014.0,21.2
6726,San Marino,SMR,1987,23208.0,90.4
6727,Sao Tome and Principe,STP,1987,107264.0,40.26
6728,Saudi Arabia,SAU,1987,14642354.0,74.589
6729,Senegal,SEN,1987,6846556.0,38.271
6730,Seychelles,SYC,1987,68352.0,49.262
6731,Sierra Leone,SLE,1987,3681945.0,32.555
6732,Singapore,SGP,1987,2774800.0,100.0
6733,Slovak Republic,SVK,1987,5222840.0,55.105
6734,Slovenia,SVN,1987,1989776.0,49.9
6735,Solomon Islands,SLB,1987,286868.0,13.111
6736,Somalia,SOM,1987,6138907.0,28.627
6737,South Africa,ZAF,1987,32933081.0,50.43899999999999
6738,South Sudan,SSD,1987,5660153.0,11.111
6739,Spain,ESP,1987,38630820.0,74.673
6740,Sri Lanka,LKA,1987,16373000.0,18.602
6741,St. Kitts and Nevis,KNA,1987,41353.0,34.989000000000004
6742,St. Lucia,LCA,1987,131032.0,28.488000000000003
6743,St. Vincent and the Grenadines,VCT,1987,105892.0,39.717
6744,Sudan,SDN,1987,18130501.0,25.107
6745,Suriname,SUR,1987,383916.0,65.483
6746,Swaziland,SWZ,1987,767417.0,22.824
6747,Sweden,SWE,1987,8397804.0,83.1
6748,Switzerland,CHE,1987,6545106.0,68.53699999999999
6749,Syrian Arab Republic,SYR,1987,11374772.0,48.307
6750,Tajikistan,TJK,1987,4849253.0,32.818000000000005
6751,Tanzania,TZA,1987,23204186.0,17.725
6752,Thailand,THA,1987,53979503.0,28.628
6753,Timor-Leste,TMP,1987,689170.0,19.451
6754,Togo,TGO,1987,3472459.0,27.362
6755,Tonga,TON,1987,94399.0,22.609
6756,Trinidad and Tobago,TTO,1987,1195243.0,9.129
6757,Tunisia,TUN,1987,7684751.0,55.49100000000001
6758,Turkey,TUR,1987,51168841.0,55.261
6759,Turkmenistan,TKM,1987,3392823.0,45.537
6760,Turks and Caicos Islands,TCA,1987,10224.0,69.197
6761,Tuvalu,TUV,1987,8821.0,36.762
6762,Uganda,UGA,1987,15668278.0,9.882
6763,Ukraine,UKR,1987,51293000.0,65.83
6764,United Arab Emirates,ARE,1987,1518991.0,79.482
6765,United Kingdom,GBR,1987,56802050.0,78.29
6766,United States,USA,1987,242289000.0,74.793
6767,Uruguay,URY,1987,3049962.0,87.926
6768,Uzbekistan,UZB,1987,19111312.0,40.697
6769,Vanuatu,VUT,1987,136129.0,17.573
6770,"Venezuela, RB",VEN,1987,18437737.0,82.9
6771,Vietnam,VNM,1987,61750000.0,19.688
6772,Virgin Islands (U.S.),VIR,1987,106000.0,85.726
6773,"Yemen, Rep.",YEM,1987,10542601.0,19.323
6774,Zambia,ZMB,1987,7469270.0,39.556
6775,Zimbabwe,ZWE,1987,9535657.0,26.809
6776,Arab World,ARB,1988,208407618.0,49.47803438632461
6777,Caribbean small states,CSS,1988,5886592.0,39.0651120429274
6778,Central Europe and the Baltics,CEB,1988,110688533.0,61.02048852591621
6779,East Asia & Pacific (all income levels),EAS,1988,1765928524.0,32.370117703832896
6780,East Asia & Pacific (developing only),EAP,1988,1552111436.0,26.7385014123535
6781,Euro area,EMU,1988,308674767.0,71.0204011568817
6782,Europe & Central Asia (all income levels),ECS,1988,833406599.0,67.2467172782025
6783,Europe & Central Asia (developing only),ECA,1988,232702061.0,55.6381446255535
6784,European Union,EUU,1988,474741457.0,70.21399319888761
6785,Fragile and conflict affected situations,FCS,1988,244716753.0,31.3104067476658
6786,Heavily indebted poor countries (HIPC),HPC,1988,334731596.0,24.352402168754303
6787,High income,HIC,1988,1184786734.0,74.35319627479551
6788,High income: nonOECD,NOC,1988,270168701.0,76.32861231225449
6789,High income: OECD,OEC,1988,914618033.0,73.812471617315
6790,Latin America & Caribbean (all income levels),LCN,1988,429668211.0,69.3094339587176
6791,Latin America & Caribbean (developing only),LAC,1988,357513361.0,66.4277196399633
6792,Least developed countries: UN classification,LDC,1988,483208054.0,20.2254731443404
6793,Low & middle income,LMY,1988,3919229285.0,32.6576856812122
6794,Low income,LIC,1988,306072925.0,21.2709633662043
6795,Lower middle income,LMC,1988,1815849122.0,29.1069510907992
6796,Middle East & North Africa (all income levels),MEA,1988,239039032.0,54.0378244548028
6797,Middle East & North Africa (developing only),MNA,1988,212804457.0,50.879807479474
6798,Middle income,MIC,1988,3613156360.0,33.6227410156072
6799,North America,NAC,1988,271452347.0,75.10591112332509
6800,OECD members,OED,1988,1048967683.0,72.6938577133668
6801,Other small states,OSS,1988,12555708.0,33.3112827963186
6802,Pacific island small states,PSS,1988,1641914.0,30.3962516185379
6803,Small states,SST,1988,20084214.0,34.7593959617738
6804,South Asia,SAS,1988,1083711645.0,24.497739000732107
6805,Sub-Saharan Africa (all income levels),SSF,1988,480809661.0,25.9482096466277
6806,Sub-Saharan Africa (developing only),SSA,1988,480386325.0,25.9398291773938
6807,Upper middle income,UMC,1988,1797307238.0,38.1806180536252
6808,World,WLD,1988,5104016019.0,42.214992751077
6809,Afghanistan,AFG,1988,11375768.0,17.762999999999998
6810,Albania,ALB,1988,3142336.0,35.888000000000005
6811,Algeria,DZA,1988,24591493.0,50.511
6812,American Samoa,ASM,1988,44049.0,79.65899999999999
6813,Andorra,ADO,1988,50431.0,95.027
6814,Angola,AGO,1988,10544904.0,24.334
6815,Antigua and Barbuda,ATG,1988,62538.0,35.264
6816,Argentina,ARG,1988,31795515.0,86.23299999999999
6817,Armenia,ARM,1988,3510439.0,67.706
6818,Aruba,ABW,1988,61077.0,50.35
6819,Australia,AUS,1988,16532200.0,85.4
6820,Austria,AUT,1988,7585317.0,65.686
6821,Azerbaijan,AZE,1988,6994139.0,54.094
6822,"Bahamas, The",BHS,1988,247576.0,78.654
6823,Bahrain,BHR,1988,465235.0,87.75399999999999
6824,Bangladesh,BGD,1988,100779551.0,18.859
6825,Barbados,BRB,1988,258524.0,33.88
6826,Belarus,BLR,1988,10140000.0,64.872
6827,Belgium,BEL,1988,9901664.0,96.204
6828,Belize,BLZ,1988,179025.0,47.846
6829,Benin,BEN,1988,4685375.0,32.985
6830,Bermuda,BMU,1988,58347.0,100.0
6831,Bhutan,BTN,1988,517068.0,14.929
6832,Bolivia,BOL,1988,6592787.0,53.563
6833,Bosnia and Herzegovina,BIH,1988,4542757.0,38.583
6834,Botswana,BWA,1988,1300097.0,35.467
6835,Brazil,BRA,1988,145150468.0,72.342
6836,Brunei Darussalam,BRN,1988,242750.0,64.421
6837,Bulgaria,BGR,1988,8981446.0,65.692
6838,Burkina Faso,BFA,1988,8356306.0,13.316
6839,Burundi,BDI,1988,5284173.0,5.83
6840,Cabo Verde,CPV,1988,328861.0,38.902
6841,Cambodia,KHM,1988,8467109.0,14.883
6842,Cameroon,CMR,1988,11370394.0,38.511
6843,Canada,CAN,1988,26895000.0,76.542
6844,Cayman Islands,CYM,1988,22539.0,100.0
6845,Central African Republic,CAF,1988,2809720.0,36.545
6846,Chad,TCD,1988,5585528.0,20.394
6847,Channel Islands,CHI,1988,138186.0,31.602
6848,Chile,CHL,1988,12716508.0,83.014
6849,China,CHN,1988,1101630000.0,24.974
6850,Colombia,COL,1988,32975533.0,67.225
6851,Comoros,COM,1988,391133.0,26.893
6852,"Congo, Dem. Rep.",ZAR,1988,32688708.0,29.775
6853,"Congo, Rep.",COG,1988,2262496.0,53.485
6854,Costa Rica,CRI,1988,2944560.0,48.176
6855,Cote d'Ivoire,CIV,1988,11337122.0,38.608
6856,Croatia,HRV,1988,4757000.0,53.341
6857,Cuba,CUB,1988,10379080.0,72.408
6858,Curacao,CUW,1988,149254.0,84.12899999999999
6859,Cyprus,CYP,1988,736477.0,65.945
6860,Czech Republic,CZE,1988,10355276.0,75.278
6861,Denmark,DNK,1988,5129516.0,84.671
6862,Djibouti,DJI,1988,523266.0,75.548
6863,Dominica,DMA,1988,71743.0,59.798
6864,Dominican Republic,DOM,1988,6903314.0,54.684
6865,Ecuador,ECU,1988,9739179.0,53.54600000000001
6866,"Egypt, Arab Rep.",EGY,1988,53617678.0,43.744
6867,El Salvador,SLV,1988,5117577.0,48.194
6868,Equatorial Guinea,GNQ,1988,354488.0,32.78
6869,Eritrea,ERI,1988,3020278.0,15.569
6870,Estonia,EST,1988,1561900.0,71.39
6871,Ethiopia,ETH,1988,44908705.0,12.143
6872,Faeroe Islands,FRO,1988,47789.0,30.515
6873,Fiji,FJI,1988,722918.0,40.085
6874,Finland,FIN,1988,4946481.0,78.0
6875,France,FRA,1988,57836486.0,73.875
6876,French Polynesia,PYF,1988,189742.0,58.32
6877,Gabon,GAB,1988,901473.0,66.41199999999999
6878,"Gambia, The",GMB,1988,843060.0,36.155
6879,Georgia,GEO,1988,4790700.0,55.208
6880,Germany,DEU,1988,78144619.0,72.999
6881,Ghana,GHA,1988,13852597.0,35.004
6882,Greece,GRC,1988,10036983.0,71.09
6883,Greenland,GRL,1988,54800.0,79.016
6884,Grenada,GRD,1988,98063.0,33.33
6885,Guam,GUM,1988,124677.0,91.354
6886,Guatemala,GTM,1988,8729406.0,40.328
6887,Guinea,GIN,1988,5548270.0,27.459
6888,Guinea-Bissau,GNB,1988,1009967.0,25.75
6889,Guyana,GUY,1988,734872.0,29.763
6890,Haiti,HTI,1988,6813344.0,26.329
6891,Honduras,HND,1988,4631491.0,39.481
6892,"Hong Kong SAR, China",HKG,1988,5627600.0,98.309
6893,Hungary,HUN,1988,10596487.0,65.632
6894,Iceland,ISL,1988,249740.0,90.294
6895,India,IND,1988,834944397.0,25.063
6896,Indonesia,IDN,1988,175000919.0,28.736
6897,"Iran, Islamic Rep.",IRN,1988,53035939.0,55.257
6898,Iraq,IRQ,1988,16657708.0,70.072
6899,Ireland,IRL,1988,3524949.0,56.666
6900,Isle of Man,IMY,1988,67902.0,51.754
6901,Israel,ISR,1988,4442000.0,90.15
6902,Italy,ITA,1988,56629288.0,66.766
6903,Jamaica,JAM,1988,2356400.0,49.036
6904,Japan,JPN,1988,122613000.0,77.08800000000001
6905,Jordan,JOR,1988,2948000.0,70.868
6906,Kazakhstan,KAZ,1988,15982510.0,56.341
6907,Kenya,KEN,1988,21899004.0,16.383
6908,Kiribati,KIR,1988,69104.0,34.405
6909,"Korea, Dem. Rep.",PRK,1988,19610512.0,58.088
6910,"Korea, Rep.",KOR,1988,42031247.0,70.389
6911,Kuwait,KWT,1988,2002645.0,97.946
6912,Kyrgyz Republic,KGZ,1988,4218400.0,38.227
6913,Lao PDR,LAO,1988,4009121.0,14.765999999999998
6914,Latvia,LVA,1988,2653434.0,69.112
6915,Lebanon,LBN,1988,2668593.0,82.4
6916,Lesotho,LSO,1988,1544580.0,12.901
6917,Liberia,LBR,1988,2170426.0,50.195
6918,Libya,LBY,1988,4187631.0,75.61399999999999
6919,Liechtenstein,LIE,1988,28091.0,17.201
6920,Lithuania,LTU,1988,3655049.0,67.28
6921,Luxembourg,LUX,1988,373450.0,80.836
6922,"Macao SAR, China",MAC,1988,335952.0,99.651
6923,"Macedonia, FYR",MKD,1988,1998471.0,56.955
6924,Madagascar,MDG,1988,10877757.0,22.487
6925,Malawi,MWI,1988,8620942.0,10.934
6926,Malaysia,MYS,1988,17202032.0,48.232
6927,Maldives,MDV,1988,209832.0,25.727
6928,Mali,MLI,1988,8189984.0,22.482
6929,Malta,MLT,1988,347325.0,90.147
6930,Marshall Islands,MHL,1988,44063.0,64.22399999999999
6931,Mauritania,MRT,1988,1916240.0,39.782
6932,Mauritius,MUS,1988,1043239.0,43.269
6933,Mexico,MEX,1988,82223153.0,70.462
6934,"Micronesia, Fed. Sts.",FSM,1988,92020.0,25.95
6935,Moldova,MDA,1988,3660000.0,46.488
6936,Monaco,MCO,1988,29238.0,100.0
6937,Mongolia,MNG,1988,2089716.0,56.8
6938,Montenegro,MNE,1988,601603.0,45.739
6939,Morocco,MAR,1988,24027330.0,46.943000000000005
6940,Mozambique,MOZ,1988,13124285.0,22.152
6941,Myanmar,MMR,1988,40711172.0,24.318
6942,Namibia,NAM,1988,1303879.0,27.136
6943,Nepal,NPL,1988,17865238.0,8.238
6944,Netherlands,NLD,1988,14760094.0,67.906
6945,New Caledonia,NCL,1988,163650.0,59.286
6946,New Zealand,NZL,1988,3283400.0,84.26799999999999
6947,Nicaragua,NIC,1988,3968453.0,51.858
6948,Niger,NER,1988,7445788.0,15.209
6949,Nigeria,NGA,1988,90773613.0,28.019
6950,Northern Mariana Islands,MNP,1988,38570.0,89.257
6951,Norway,NOR,1988,4209488.0,71.699
6952,Oman,OMN,1988,1679089.0,62.594
6953,Pakistan,PAK,1988,101420791.0,30.08
6954,Palau,PLW,1988,14485.0,68.892
6955,Panama,PAN,1988,2368772.0,53.159
6956,Papua New Guinea,PNG,1988,3960243.0,14.589
6957,Paraguay,PRY,1988,3994328.0,47.207
6958,Peru,PER,1988,20909897.0,68.095
6959,Philippines,PHL,1988,58844392.0,46.483
6960,Poland,POL,1988,37824487.0,61.043
6961,Portugal,PRT,1988,10019610.0,46.867
6962,Puerto Rico,PRI,1988,3473898.0,90.413
6963,Qatar,QAT,1988,445203.0,91.671
6964,Romania,ROM,1988,23057662.0,51.79
6965,Russian Federation,RUS,1988,146857000.0,73.181
6966,Rwanda,RWA,1988,7048075.0,5.27
6967,Samoa,WSM,1988,161424.0,21.2
6968,San Marino,SMR,1988,23463.0,90.4
6969,Sao Tome and Principe,STP,1988,109268.0,41.382
6970,Saudi Arabia,SAU,1988,15239174.0,75.267
6971,Senegal,SEN,1988,7062540.0,38.614
6972,Seychelles,SYC,1988,68848.0,49.247
6973,Sierra Leone,SLE,1988,3791078.0,32.787
6974,Singapore,SGP,1988,2846100.0,100.0
6975,Slovak Republic,SVK,1988,5250596.0,55.568000000000005
6976,Slovenia,SVN,1988,1995196.0,50.06100000000001
6977,Solomon Islands,SLB,1988,294962.0,13.298
6978,Somalia,SOM,1988,6217331.0,28.969
6979,South Africa,ZAF,1988,33728498.0,50.972
6980,South Sudan,SSD,1988,5735170.0,11.797
6981,Spain,ESP,1988,38715849.0,74.9
6982,Sri Lanka,LKA,1988,16599000.0,18.59
6983,St. Kitts and Nevis,KNA,1988,41045.0,34.861999999999995
6984,St. Lucia,LCA,1988,133532.0,28.774
6985,St. Vincent and the Grenadines,VCT,1988,106533.0,40.28
6986,Sudan,SDN,1988,18669146.0,26.244
6987,Suriname,SUR,1988,391851.0,65.557
6988,Swaziland,SWZ,1988,801350.0,22.852
6989,Sweden,SWE,1988,8436489.0,83.1
6990,Switzerland,CHE,1988,6593386.0,70.137
6991,Syrian Arab Republic,SYR,1988,11730217.0,48.515
6992,Tajikistan,TJK,1988,5008827.0,32.61
6993,Tanzania,TZA,1988,23914852.0,18.221
6994,Thailand,THA,1988,54933561.0,28.897
6995,Timor-Leste,TMP,1988,703696.0,19.907
6996,Togo,TGO,1988,3579489.0,27.768
6997,Tonga,TON,1988,94680.0,22.641
6998,Trinidad and Tobago,TTO,1988,1204890.0,8.902000000000001
6999,Tunisia,TUN,1988,7857619.0,56.31399999999999
7000,Turkey,TUR,1988,52126497.0,56.587
7001,Turkmenistan,TKM,1988,3479088.0,45.317
7002,Turks and Caicos Islands,TCA,1988,10588.0,70.99
7003,Tuvalu,TUV,1988,8889.0,38.047
7004,Uganda,UGA,1988,16227778.0,10.267
7005,Ukraine,UKR,1988,51521000.0,66.399
7006,United Arab Emirates,ARE,1988,1613904.0,79.339
7007,United Kingdom,GBR,1988,56928327.0,78.24
7008,United States,USA,1988,244499000.0,74.942
7009,Uruguay,URY,1988,3069094.0,88.285
7010,Uzbekistan,UZB,1988,19583186.0,40.685
7011,Vanuatu,VUT,1988,139369.0,18.011
7012,"Venezuela, RB",VEN,1988,18912431.0,83.37200000000001
7013,Vietnam,VNM,1988,63263000.0,19.752
7014,Virgin Islands (U.S.),VIR,1988,104500.0,86.40700000000001
7015,"Yemen, Rep.",YEM,1988,10958983.0,19.849
7016,Zambia,ZMB,1988,7696070.0,39.506
7017,Zimbabwe,ZWE,1988,9866776.0,27.524
7018,Arab World,ARB,1989,214097076.0,49.8775040769917
7019,Caribbean small states,CSS,1989,5923643.0,39.1914093450601
7020,Central Europe and the Baltics,CEB,1989,110801380.0,61.312199620203295
7021,East Asia & Pacific (all income levels),EAS,1989,1793749582.0,33.0037138122857
7022,East Asia & Pacific (developing only),EAP,1989,1578320124.0,27.4421802924284
7023,Euro area,EMU,1989,310043791.0,71.1358560014898
7024,Europe & Central Asia (all income levels),ECS,1989,838579751.0,67.4516687442657
7025,Europe & Central Asia (developing only),ECA,1989,235319327.0,56.0776837586188
7026,European Union,EUU,1989,476355806.0,70.3482693500728
7027,Fragile and conflict affected situations,FCS,1989,250873378.0,31.7066909646524
7028,Heavily indebted poor countries (HIPC),HPC,1989,344448856.0,24.7989208235866
7029,High income,HIC,1989,1193890119.0,74.5921608848584
7030,High income: nonOECD,NOC,1989,273342928.0,76.6824645135393
7031,High income: OECD,OEC,1989,920547191.0,74.0169659465302
7032,Latin America & Caribbean (all income levels),LCN,1989,437843614.0,69.8910665111305
7033,Latin America & Caribbean (developing only),LAC,1989,364467472.0,67.0521725282167
7034,Least developed countries: UN classification,LDC,1989,496364388.0,20.643788694129697
7035,Low & middle income,LMY,1989,3999011125.0,33.1606541189003
7036,Low income,LIC,1989,314448816.0,21.6309056691598
7037,Lower middle income,LMC,1989,1856795603.0,29.47068569463711
7038,Middle East & North Africa (all income levels),MEA,1989,245759075.0,54.3957596554756
7039,Middle East & North Africa (developing only),MNA,1989,218626660.0,51.2027849203386
7040,Middle income,MIC,1989,3684562309.0,34.1451168740536
7041,North America,NAC,1989,274256841.0,75.24139384730971
7042,OECD members,OED,1989,1057515403.0,72.96530729364709
7043,Other small states,OSS,1989,12910362.0,34.3232988693888
7044,Pacific island small states,PSS,1989,1662156.0,30.7675477686812
7045,Small states,SST,1989,20496161.0,35.4418856874709
7046,South Asia,SAS,1989,1108132042.0,24.761791847512495
7047,Sub-Saharan Africa (all income levels),SSF,1989,494580339.0,26.4603607630044
7048,Sub-Saharan Africa (developing only),SSA,1989,494145500.0,26.4517663649188
7049,Upper middle income,UMC,1989,1827766706.0,38.889115682128
7050,World,WLD,1989,5192901244.0,42.5658508740579
7051,Afghanistan,AFG,1989,11608351.0,18.038
7052,Albania,ALB,1989,3227943.0,36.158
7053,Algeria,DZA,1989,25257671.0,51.298
7054,American Samoa,ASM,1989,45591.0,80.263
7055,Andorra,ADO,1989,52449.0,94.872
7056,Angola,AGO,1989,10820992.0,24.952
7057,Antigua and Barbuda,ATG,1989,61967.0,35.345
7058,Argentina,ARG,1989,32263559.0,86.613
7059,Armenia,ARM,1989,3542720.0,67.69
7060,Aruba,ABW,1989,61032.0,50.335
7061,Australia,AUS,1989,16814400.0,85.4
7062,Austria,AUT,1989,7619567.0,65.725
7063,Azerbaijan,AZE,1989,7104058.0,54.057
7064,"Bahamas, The",BHS,1989,251855.0,79.28399999999999
7065,Bahrain,BHR,1989,481126.0,87.949
7066,Bangladesh,BGD,1989,103400571.0,19.33
7067,Barbados,BRB,1989,259454.0,33.196
7068,Belarus,BLR,1989,10170000.0,65.585
7069,Belgium,BEL,1989,9937697.0,96.292
7070,Belize,BLZ,1989,183470.0,47.655
7071,Benin,BEN,1989,4836240.0,33.73
7072,Bermuda,BMU,1989,58841.0,100.0
7073,Bhutan,BTN,1989,529284.0,15.645
7074,Bolivia,BOL,1989,6723046.0,54.571000000000005
7075,Bosnia and Herzegovina,BIH,1989,4559256.0,38.915
7076,Botswana,BWA,1989,1339813.0,38.648
7077,Brazil,BRA,1989,147801816.0,73.139
7078,Brunei Darussalam,BRN,1989,249738.0,65.13
7079,Bulgaria,BGR,1989,8876972.0,66.035
7080,Burkina Faso,BFA,1989,8579825.0,13.563
7081,Burundi,BDI,1989,5454475.0,6.047000000000001
7082,Cabo Verde,CPV,1989,334473.0,41.504
7083,Cambodia,KHM,1989,8723550.0,15.211
7084,Cameroon,CMR,1989,11716975.0,39.082
7085,Canada,CAN,1989,27379000.0,76.562
7086,Cayman Islands,CYM,1989,23776.0,100.0
7087,Central African Republic,CAF,1989,2871005.0,36.744
7088,Chad,TCD,1989,5769273.0,20.602
7089,Channel Islands,CHI,1989,139528.0,31.497
7090,Chile,CHL,1989,12928491.0,83.14299999999999
7091,China,CHN,1989,1118650000.0,25.701
7092,Colombia,COL,1989,33624442.0,67.752
7093,Comoros,COM,1989,403003.0,27.378
7094,"Congo, Dem. Rep.",ZAR,1989,33763056.0,30.202
7095,"Congo, Rep.",COG,1989,2323890.0,53.905
7096,Costa Rica,CRI,1989,3018953.0,49.088
7097,Cote d'Ivoire,CIV,1989,11744698.0,38.976
7098,Croatia,HRV,1989,4767000.0,53.69
7099,Cuba,CUB,1989,10486110.0,72.888
7100,Curacao,CUW,1989,146937.0,84.405
7101,Cyprus,CYP,1989,751047.0,66.361
7102,Czech Republic,CZE,1989,10361068.0,75.249
7103,Denmark,DNK,1989,5132594.0,84.777
7104,Djibouti,DJI,1989,558810.0,75.753
7105,Dominica,DMA,1989,71242.0,61.45
7106,Dominican Republic,DOM,1989,7042940.0,54.955
7107,Ecuador,ECU,1989,9977380.0,54.318000000000005
7108,"Egypt, Arab Rep.",EGY,1989,55035937.0,43.611
7109,El Salvador,SLV,1989,5184221.0,48.713
7110,Equatorial Guinea,GNQ,1989,365451.0,33.755
7111,Eritrea,ERI,1989,3091083.0,15.684
7112,Estonia,EST,1989,1568131.0,71.415
7113,Ethiopia,ETH,1989,46433604.0,12.38
7114,Faeroe Islands,FRO,1989,48105.0,30.432
7115,Fiji,FJI,1989,724624.0,40.845
7116,Finland,FIN,1989,4964371.0,78.691
7117,France,FRA,1989,58182702.0,73.95
7118,French Polynesia,PYF,1989,194249.0,58.103
7119,Gabon,GAB,1989,926648.0,67.792
7120,"Gambia, The",GMB,1989,881146.0,37.226
7121,Georgia,GEO,1989,4803300.0,55.277
7122,Germany,DEU,1989,78751283.0,72.976
7123,Ghana,GHA,1989,14232493.0,35.719
7124,Greece,GRC,1989,10089498.0,71.279
7125,Greenland,GRL,1989,55300.0,79.359
7126,Grenada,GRD,1989,96871.0,33.379
7127,Guam,GUM,1989,127525.0,91.002
7128,Guatemala,GTM,1989,8940285.0,40.721
7129,Guinea,GIN,1989,5763843.0,27.741
7130,Guinea-Bissau,GNB,1989,1032797.0,26.923
7131,Guyana,GUY,1989,726237.0,29.673
7132,Haiti,HTI,1989,6956301.0,27.405
7133,Honduras,HND,1989,4766802.0,39.969
7134,"Hong Kong SAR, China",HKG,1989,5686200.0,99.094
7135,Hungary,HUN,1989,10481719.0,65.81
7136,Iceland,ISL,1989,252852.0,90.524
7137,India,IND,1989,852736160.0,25.305
7138,Indonesia,IDN,1989,178233231.0,29.651
7139,"Iran, Islamic Rep.",IRN,1989,54735239.0,55.794
7140,Iraq,IRQ,1989,17048167.0,69.889
7141,Ireland,IRL,1989,3511009.0,56.786
7142,Isle of Man,IMY,1989,69265.0,51.75
7143,Israel,ISR,1989,4518000.0,90.255
7144,Italy,ITA,1989,56671781.0,66.74600000000001
7145,Jamaica,JAM,1989,2374900.0,49.24
7146,Japan,JPN,1989,123116000.0,77.21300000000001
7147,Jordan,JOR,1989,3056000.0,72.095
7148,Kazakhstan,KAZ,1989,16249500.0,56.357
7149,Kenya,KEN,1989,22668238.0,16.485
7150,Kiribati,KIR,1989,70863.0,34.695
7151,"Korea, Dem. Rep.",PRK,1989,19895390.0,58.236
7152,"Korea, Rep.",KOR,1989,42449038.0,72.148
7153,Kuwait,KWT,1989,2054443.0,97.96
7154,Kyrgyz Republic,KGZ,1989,4307500.0,38.065
7155,Lao PDR,LAO,1989,4126935.0,15.098
7156,Latvia,LVA,1989,2666955.0,69.2
7157,Lebanon,LBN,1989,2676615.0,82.76299999999999
7158,Lesotho,LSO,1989,1569936.0,13.425
7159,Liberia,LBR,1989,2137018.0,52.81399999999999
7160,Libya,LBY,1989,4294547.0,75.669
7161,Liechtenstein,LIE,1989,28405.0,17.064
7162,Lithuania,LTU,1989,3684255.0,67.642
7163,Luxembourg,LUX,1989,377100.0,80.891
7164,"Macao SAR, China",MAC,1989,348467.0,99.712
7165,"Macedonia, FYR",MKD,1989,1999338.0,57.373000000000005
7166,Madagascar,MDG,1989,11205548.0,23.021
7167,Malawi,MWI,1989,9073088.0,11.243
7168,Malaysia,MYS,1989,17707064.0,49.012
7169,Maldives,MDV,1989,216553.0,25.806
7170,Mali,MLI,1989,8322726.0,22.899
7171,Malta,MLT,1989,350722.0,90.265
7172,Marshall Islands,MHL,1989,45813.0,64.714
7173,Mauritania,MRT,1989,1968870.0,40.551
7174,Mauritius,MUS,1989,1051260.0,43.584
7175,Mexico,MEX,1989,83901643.0,70.956
7176,"Micronesia, Fed. Sts.",FSM,1989,94091.0,25.884
7177,Moldova,MDA,1989,3681000.0,46.856
7178,Monaco,MCO,1989,29313.0,100.0
7179,Mongolia,MNG,1989,2141006.0,57.078
7180,Montenegro,MNE,1989,605521.0,46.886
7181,Morocco,MAR,1989,24489354.0,47.666
7182,Mozambique,MOZ,1989,13181941.0,23.545
7183,Myanmar,MMR,1989,41379635.0,24.435
7184,Namibia,NAM,1989,1360921.0,27.395
7185,Nepal,NPL,1989,18285434.0,8.541
7186,Netherlands,NLD,1989,14848907.0,68.296
7187,New Caledonia,NCL,1989,166898.0,59.427
7188,New Zealand,NZL,1989,3299200.0,84.506
7189,Nicaragua,NIC,1989,4055262.0,52.098
7190,Niger,NER,1989,7671233.0,15.289
7191,Nigeria,NGA,1989,93179755.0,28.842
7192,Northern Mariana Islands,MNP,1989,41243.0,89.535
7193,Norway,NOR,1989,4226901.0,71.828
7194,Oman,OMN,1989,1741965.0,64.366
7195,Pakistan,PAK,1989,104530689.0,30.327
7196,Palau,PLW,1989,14762.0,69.24
7197,Panama,PAN,1989,2419618.0,53.497
7198,Papua New Guinea,PNG,1989,4057406.0,14.791
7199,Paraguay,PRY,1989,4103909.0,47.949
7200,Peru,PER,1989,21368856.0,68.499
7201,Philippines,PHL,1989,60391168.0,47.636
7202,Poland,POL,1989,37961529.0,61.225
7203,Portugal,PRT,1989,10005000.0,47.391000000000005
7204,Puerto Rico,PRI,1989,3505650.0,91.915
7205,Qatar,QAT,1989,463062.0,92.247
7206,Romania,ROM,1989,23161458.0,52.504
7207,Russian Federation,RUS,1989,147721000.0,73.398
7208,Rwanda,RWA,1989,7239097.0,5.3420000000000005
7209,Samoa,WSM,1989,162001.0,21.2
7210,San Marino,SMR,1989,23740.0,90.4
7211,Sao Tome and Principe,STP,1989,111373.0,42.511
7212,Saudi Arabia,SAU,1989,15810980.0,75.93
7213,Senegal,SEN,1989,7285378.0,38.757
7214,Seychelles,SYC,1989,69388.0,49.246
7215,Sierra Leone,SLE,1989,3878211.0,33.019
7216,Singapore,SGP,1989,2930900.0,100.0
7217,Slovak Republic,SVK,1989,5275942.0,56.03
7218,Slovenia,SVN,1989,1996351.0,50.22
7219,Solomon Islands,SLB,1989,303258.0,13.486
7220,Somalia,SOM,1989,6285456.0,29.312
7221,South Africa,ZAF,1989,34490549.0,51.505
7222,South Sudan,SSD,1989,5771305.0,12.517
7223,Spain,ESP,1989,38791473.0,75.126
7224,Sri Lanka,LKA,1989,16825000.0,18.578
7225,St. Kitts and Nevis,KNA,1989,40854.0,34.735
7226,St. Lucia,LCA,1989,135954.0,29.061
7227,St. Vincent and the Grenadines,VCT,1989,107081.0,40.843
7228,Sudan,SDN,1989,19284633.0,27.41
7229,Suriname,SUR,1989,400133.0,65.632
7230,Swaziland,SWZ,1989,833787.0,22.88
7231,Sweden,SWE,1989,8492964.0,83.1
7232,Switzerland,CHE,1989,6646912.0,71.684
7233,Syrian Arab Republic,SYR,1989,12088714.0,48.723
7234,Tajikistan,TJK,1989,5160375.0,32.231
7235,Tanzania,TZA,1989,24663284.0,18.565
7236,Thailand,THA,1989,55812794.0,29.167
7237,Timor-Leste,TMP,1989,720198.0,20.37
7238,Togo,TGO,1989,3684309.0,28.176
7239,Tonga,TON,1989,94943.0,22.672
7240,Trinidad and Tobago,TTO,1989,1213625.0,8.681000000000001
7241,Tunisia,TUN,1989,7958694.0,57.131
7242,Turkey,TUR,1989,53066569.0,57.899
7243,Turkmenistan,TKM,1989,3570558.0,45.16
7244,Turks and Caicos Islands,TCA,1989,11019.0,72.71600000000001
7245,Tuvalu,TUV,1989,8949.0,39.346
7246,Uganda,UGA,1989,16802258.0,10.665
7247,Ukraine,UKR,1989,51773000.0,66.718
7248,United Arab Emirates,ARE,1989,1712117.0,79.196
7249,United Kingdom,GBR,1989,57076711.0,78.19
7250,United States,USA,1989,246819000.0,75.089
7251,Uruguay,URY,1989,3088985.0,88.633
7252,Uzbekistan,UZB,1989,20052259.0,40.518
7253,Vanuatu,VUT,1989,142852.0,18.435
7254,"Venezuela, RB",VEN,1989,19388262.0,83.833
7255,Vietnam,VNM,1989,64774000.0,19.89
7256,Virgin Islands (U.S.),VIR,1989,103000.0,87.059
7257,"Yemen, Rep.",YEM,1989,11426912.0,20.385
7258,Zambia,ZMB,1989,7921028.0,39.456
7259,Zimbabwe,ZWE,1989,10184966.0,28.25
7260,Arab World,ARB,1990,221928852.0,50.4170979225045
7261,Caribbean small states,CSS,1990,5960368.0,39.327827744193
7262,Central Europe and the Baltics,CEB,1990,110745760.0,61.5209944816578
7263,East Asia & Pacific (all income levels),EAS,1990,1820607703.0,33.649793581229
7264,East Asia & Pacific (developing only),EAP,1990,1603652723.0,28.160639831072697
7265,Euro area,EMU,1990,311482918.0,71.2911054700085
7266,Europe & Central Asia (all income levels),ECS,1990,842907397.0,67.5955617202361
7267,Europe & Central Asia (developing only),ECA,1990,237277995.0,56.3868081778768
7268,European Union,EUU,1990,477948527.0,70.49662346944109
7269,Fragile and conflict affected situations,FCS,1990,259402603.0,32.3829615793243
7270,Heavily indebted poor countries (HIPC),HPC,1990,354714206.0,25.2592736992947
7271,High income,HIC,1990,1203134914.0,74.8154106186845
7272,High income: nonOECD,NOC,1990,276140078.0,76.8850674111326
7273,High income: OECD,OEC,1990,926994836.0,74.24414589911801
7274,Latin America & Caribbean (all income levels),LCN,1990,445998222.0,70.4566837861546
7275,Latin America & Caribbean (developing only),LAC,1990,371398873.0,67.6625449965434
7276,Least developed countries: UN classification,LDC,1990,510057629.0,21.0783653705766
7277,Low & middle income,LMY,1990,4079581077.0,33.6750076310636
7278,Low income,LIC,1990,323227228.0,22.007184950839
7279,Lower middle income,LMC,1990,1899363670.0,29.8673032962406
7280,Middle East & North Africa (all income levels),MEA,1990,254342990.0,54.850997498268
7281,Middle East & North Africa (developing only),MNA,1990,226312496.0,51.664201854373104
7282,Middle income,MIC,1990,3756353849.0,34.6794984999067
7283,North America,NAC,1990,277473326.0,75.43368281101009
7284,OECD members,OED,1990,1066598845.0,73.2559582659252
7285,Other small states,OSS,1990,13247336.0,35.3341628791214
7286,Pacific island small states,PSS,1990,1685260.0,31.125816134009
7287,Small states,SST,1990,20892964.0,36.1338298078446
7288,South Asia,SAS,1990,1132770314.0,25.0257165987294
7289,Sub-Saharan Africa (all income levels),SSF,1990,508616039.0,26.9931436190395
7290,Sub-Saharan Africa (developing only),SSA,1990,508168676.0,26.9843201634864
7291,Upper middle income,UMC,1990,1856990179.0,39.596661268238286
7292,World,WLD,1990,5282715991.0,42.9255837774908
7293,Afghanistan,AFG,1990,12067570.0,18.316
7294,Albania,ALB,1990,3286542.0,36.428
7295,Algeria,DZA,1990,25912364.0,52.085
7296,American Samoa,ASM,1990,47044.0,80.94800000000001
7297,Andorra,ADO,1990,54511.0,94.712
7298,Angola,AGO,1990,11127870.0,25.582
7299,Antigua and Barbuda,ATG,1990,61906.0,35.426
7300,Argentina,ARG,1990,32729740.0,86.984
7301,Armenia,ARM,1990,3544695.0,67.421
7302,Aruba,ABW,1990,62148.0,50.319
7303,Australia,AUS,1990,17065100.0,85.4
7304,Austria,AUT,1990,7677850.0,65.765
7305,Azerbaijan,AZE,1990,7159000.0,53.749
7306,"Bahamas, The",BHS,1990,256338.0,79.83800000000001
7307,Bahrain,BHR,1990,495944.0,88.14
7308,Bangladesh,BGD,1990,105983136.0,19.811
7309,Barbados,BRB,1990,260374.0,32.65
7310,Belarus,BLR,1990,10189000.0,65.98100000000001
7311,Belgium,BEL,1990,9967379.0,96.377
7312,Belize,BLZ,1990,187552.0,47.465
7313,Benin,BEN,1990,5001271.0,34.485
7314,Bermuda,BMU,1990,59326.0,100.0
7315,Bhutan,BTN,1990,535505.0,16.387999999999998
7316,Bolivia,BOL,1990,6856246.0,55.577
7317,Bosnia and Herzegovina,BIH,1990,4526996.0,39.249
7318,Botswana,BWA,1990,1379814.0,41.933
7319,Brazil,BRA,1990,150393143.0,73.922
7320,Brunei Darussalam,BRN,1990,256939.0,65.833
7321,Bulgaria,BGR,1990,8718289.0,66.377
7322,Burkina Faso,BFA,1990,8811033.0,13.815
7323,Burundi,BDI,1990,5613141.0,6.271
7324,Cabo Verde,CPV,1990,341256.0,44.12
7325,Cambodia,KHM,1990,9008856.0,15.546
7326,Cameroon,CMR,1990,12070359.0,39.657
7327,Canada,CAN,1990,27791000.0,76.582
7328,Cayman Islands,CYM,1990,25009.0,100.0
7329,Central African Republic,CAF,1990,2937832.0,36.825
7330,Chad,TCD,1990,5958022.0,20.811
7331,Channel Islands,CHI,1990,140669.0,31.392
7332,Chile,CHL,1990,13141202.0,83.271
7333,China,CHN,1990,1135185000.0,26.442
7334,Colombia,COL,1990,34271563.0,68.27600000000001
7335,Comoros,COM,1990,415144.0,27.869
7336,"Congo, Dem. Rep.",ZAR,1990,34962676.0,30.633000000000003
7337,"Congo, Rep.",COG,1990,2386467.0,54.324
7338,Costa Rica,CRI,1990,3095994.0,50.002
7339,Cote d'Ivoire,CIV,1990,12165909.0,39.345
7340,Croatia,HRV,1990,4780000.0,54.039
7341,Cuba,CUB,1990,10582082.0,73.36399999999999
7342,Curacao,CUW,1990,145400.0,84.678
7343,Cyprus,CYP,1990,766611.0,66.77600000000001
7344,Czech Republic,CZE,1990,10333355.0,75.22
7345,Denmark,DNK,1990,5140939.0,84.84299999999999
7346,Djibouti,DJI,1990,588356.0,75.957
7347,Dominica,DMA,1990,70928.0,63.07899999999999
7348,Dominican Republic,DOM,1990,7183646.0,55.226000000000006
7349,Ecuador,ECU,1990,10218085.0,55.09
7350,"Egypt, Arab Rep.",EGY,1990,56397273.0,43.478
7351,El Salvador,SLV,1990,5252082.0,49.233
7352,Equatorial Guinea,GNQ,1990,377363.0,34.745
7353,Eritrea,ERI,1990,3139083.0,15.8
7354,Estonia,EST,1990,1569174.0,71.23100000000001
7355,Ethiopia,ETH,1990,48057094.0,12.621
7356,Faeroe Islands,FRO,1990,48031.0,30.594
7357,Fiji,FJI,1990,728626.0,41.611
7358,Finland,FIN,1990,4986431.0,79.367
7359,France,FRA,1990,58512808.0,74.056
7360,French Polynesia,PYF,1990,198370.0,57.86
7361,Gabon,GAB,1990,952269.0,69.143
7362,"Gambia, The",GMB,1990,916811.0,38.312
7363,Georgia,GEO,1990,4802000.0,55.038
7364,Germany,DEU,1990,79433029.0,73.118
7365,Ghana,GHA,1990,14628260.0,36.441
7366,Greece,GRC,1990,10156902.0,71.467
7367,Greenland,GRL,1990,55600.0,79.69800000000001
7368,Grenada,GRD,1990,96286.0,33.428000000000004
7369,Guam,GUM,1990,130482.0,90.796
7370,Guatemala,GTM,1990,9158547.0,41.117
7371,Guinea,GIN,1990,6034082.0,28.026
7372,Guinea-Bissau,GNB,1990,1056208.0,28.131
7373,Guyana,GUY,1990,720282.0,29.583
7374,Haiti,HTI,1990,7099733.0,28.51
7375,Honduras,HND,1990,4903363.0,40.46
7376,"Hong Kong SAR, China",HKG,1990,5704500.0,99.517
7377,Hungary,HUN,1990,10373988.0,65.83800000000001
7378,Iceland,ISL,1990,254826.0,90.75
7379,India,IND,1990,870601776.0,25.547
7380,Indonesia,IDN,1990,181436821.0,30.584
7381,"Iran, Islamic Rep.",IRN,1990,56169196.0,56.33
7382,Iraq,IRQ,1990,17478455.0,69.706
7383,Ireland,IRL,1990,3513974.0,56.906000000000006
7384,Isle of Man,IMY,1990,70312.0,51.746
7385,Israel,ISR,1990,4660000.0,90.359
7386,Italy,ITA,1990,56719240.0,66.726
7387,Jamaica,JAM,1990,2390000.0,49.444
7388,Japan,JPN,1990,123537000.0,77.339
7389,Jordan,JOR,1990,3170000.0,73.291
7390,Kazakhstan,KAZ,1990,16348000.0,56.266000000000005
7391,Kenya,KEN,1990,23446229.0,16.748
7392,Kiribati,KIR,1990,72411.0,34.986999999999995
7393,"Korea, Dem. Rep.",PRK,1990,20194354.0,58.38399999999999
7394,"Korea, Rep.",KOR,1990,42869283.0,73.844
7395,Kuwait,KWT,1990,2058832.0,97.974
7396,Kyrgyz Republic,KGZ,1990,4391200.0,37.777
7397,Lao PDR,LAO,1990,4247839.0,15.437
7398,Latvia,LVA,1990,2663151.0,69.25
7399,Lebanon,LBN,1990,2703019.0,83.12
7400,Lesotho,LSO,1990,1597534.0,13.967
7401,Liberia,LBR,1990,2102877.0,55.422
7402,Libya,LBY,1990,4398419.0,75.723
7403,Liechtenstein,LIE,1990,28745.0,16.928
7404,Lithuania,LTU,1990,3697838.0,67.583
7405,Luxembourg,LUX,1990,381850.0,80.947
7406,"Macao SAR, China",MAC,1990,359735.0,99.763
7407,"Macedonia, FYR",MKD,1990,1996227.0,57.789
7408,Madagascar,MDG,1990,11545782.0,23.566
7409,Malawi,MWI,1990,9408998.0,11.56
7410,Malaysia,MYS,1990,18211097.0,49.794
7411,Maldives,MDV,1990,218000.0,25.84
7412,Mali,MLI,1990,8482075.0,23.322
7413,Malta,MLT,1990,354170.0,90.381
7414,Marshall Islands,MHL,1990,47300.0,65.054
7415,Mauritania,MRT,1990,2023665.0,41.325
7416,Mauritius,MUS,1990,1058775.0,43.9
7417,Mexico,MEX,1990,85609404.0,71.419
7418,"Micronesia, Fed. Sts.",FSM,1990,96331.0,25.818
7419,Moldova,MDA,1990,3696000.0,46.762
7420,Monaco,MCO,1990,29438.0,100.0
7421,Mongolia,MNG,1990,2184145.0,57.033
7422,Montenegro,MNE,1990,608320.0,48.037
7423,Morocco,MAR,1990,24950128.0,48.391000000000005
7424,Mozambique,MOZ,1990,13371971.0,25.0
7425,Myanmar,MMR,1990,42007309.0,24.57
7426,Namibia,NAM,1990,1415447.0,27.656
7427,Nepal,NPL,1990,18741688.0,8.854
7428,Netherlands,NLD,1990,14951510.0,68.684
7429,New Caledonia,NCL,1990,170899.0,59.537
7430,New Zealand,NZL,1990,3329800.0,84.742
7431,Nicaragua,NIC,1990,4144564.0,52.337
7432,Niger,NER,1990,7911884.0,15.368
7433,Nigeria,NGA,1990,95617345.0,29.68
7434,Northern Mariana Islands,MNP,1990,43972.0,89.73100000000001
7435,Norway,NOR,1990,4241473.0,71.956
7436,Oman,OMN,1990,1812159.0,66.102
7437,Pakistan,PAK,1990,107607639.0,30.576
7438,Palau,PLW,1990,15089.0,69.593
7439,Panama,PAN,1990,2471010.0,53.903
7440,Papua New Guinea,PNG,1990,4157903.0,14.994000000000002
7441,Paraguay,PRY,1990,4213740.0,48.694
7442,Peru,PER,1990,21826658.0,68.90100000000001
7443,Philippines,PHL,1990,61947340.0,48.59
7444,Poland,POL,1990,38110782.0,61.27
7445,Portugal,PRT,1990,9983218.0,47.915
7446,Puerto Rico,PRI,1990,3537000.0,92.942
7447,Qatar,QAT,1990,476478.0,92.786
7448,Romania,ROM,1990,23201835.0,53.217
7449,Russian Federation,RUS,1990,148292000.0,73.39399999999999
7450,Rwanda,RWA,1990,7259740.0,5.416
7451,Samoa,WSM,1990,162865.0,21.2
7452,San Marino,SMR,1990,24045.0,90.4
7453,Sao Tome and Principe,STP,1990,113575.0,43.648
7454,Saudi Arabia,SAU,1990,16361453.0,76.583
7455,Senegal,SEN,1990,7514201.0,38.9
7456,Serbia,SRB,1990,7586000.0,50.393
7457,Seychelles,SYC,1990,70000.0,49.258
7458,Sierra Leone,SLE,1990,3931208.0,33.251999999999995
7459,Singapore,SGP,1990,3047100.0,100.0
7460,Slovak Republic,SVK,1990,5299187.0,56.49100000000001
7461,Slovenia,SVN,1990,1998161.0,50.38
7462,Solomon Islands,SLB,1990,311849.0,13.677
7463,Somalia,SOM,1990,6321615.0,29.658
7464,South Africa,ZAF,1990,35200000.0,52.037
7465,South Sudan,SSD,1990,5762190.0,13.276
7466,Spain,ESP,1990,38850435.0,75.351
7467,Sri Lanka,LKA,1990,17015000.0,18.566
7468,St. Kitts and Nevis,KNA,1990,40833.0,34.609
7469,St. Lucia,LCA,1990,138180.0,29.349
7470,St. Vincent and the Grenadines,VCT,1990,107509.0,41.409
7471,Sudan,SDN,1990,20008804.0,28.61
7472,Suriname,SUR,1990,408276.0,65.706
7473,Swaziland,SWZ,1990,862728.0,22.908
7474,Sweden,SWE,1990,8558835.0,83.1
7475,Switzerland,CHE,1990,6715519.0,73.184
7476,Syrian Arab Republic,SYR,1990,12451539.0,48.931
7477,Tajikistan,TJK,1990,5297286.0,31.658
7478,Tanzania,TZA,1990,25458208.0,18.884
7479,Thailand,THA,1990,56582824.0,29.424
7480,Timor-Leste,TMP,1990,740231.0,20.842
7481,Togo,TGO,1990,3786942.0,28.589
7482,Tonga,TON,1990,95152.0,22.704
7483,Trinidad and Tobago,TTO,1990,1221904.0,8.533999999999999
7484,Tunisia,TUN,1990,8154400.0,57.946000000000005
7485,Turkey,TUR,1990,53994605.0,59.203
7486,Turkmenistan,TKM,1990,3668000.0,45.075
7487,Turks and Caicos Islands,TCA,1990,11550.0,74.343
7488,Tuvalu,TUV,1990,9004.0,40.661
7489,Uganda,UGA,1990,17384369.0,11.076
7490,Ukraine,UKR,1990,51892000.0,66.757
7491,United Arab Emirates,ARE,1990,1811458.0,79.051
7492,United Kingdom,GBR,1990,57247586.0,78.14
7493,United States,USA,1990,249623000.0,75.3
7494,Uruguay,URY,1990,3109987.0,88.973
7495,Uzbekistan,UZB,1990,20510000.0,40.172
7496,Vanuatu,VUT,1990,146633.0,18.715
7497,"Venezuela, RB",VEN,1990,19861959.0,84.28399999999999
7498,Vietnam,VNM,1990,66016700.0,20.255
7499,Virgin Islands (U.S.),VIR,1990,103963.0,87.685
7500,West Bank and Gaza,WBG,1990,1978248.0,67.709
7501,"Yemen, Rep.",YEM,1990,11961099.0,20.931
7502,Zambia,ZMB,1990,8143142.0,39.407
7503,Zimbabwe,ZWE,1990,10484771.0,28.988000000000003
7504,Arab World,ARB,1991,228177371.0,50.8117684176754
7505,Caribbean small states,CSS,1991,6001738.0,39.548935132456606
7506,Central Europe and the Baltics,CEB,1991,110290445.0,61.7415392216252
7507,East Asia & Pacific (all income levels),EAS,1991,1846409698.0,34.3432945658707
7508,East Asia & Pacific (developing only),EAP,1991,1627881291.0,28.9390109467227
7509,Euro area,EMU,1991,312611072.0,71.45909028844629
7510,Europe & Central Asia (all income levels),ECS,1991,846199873.0,67.7141476869968
7511,Europe & Central Asia (developing only),ECA,1991,238912959.0,56.589523204617606
7512,European Union,EUU,1991,478879335.0,70.66886755584471
7513,Fragile and conflict affected situations,FCS,1991,266496626.0,32.7962219347881
7514,Heavily indebted poor countries (HIPC),HPC,1991,365581300.0,25.6840392322501
7515,High income,HIC,1991,1212307029.0,75.0617701283413
7516,High income: nonOECD,NOC,1991,278295749.0,77.0914793961116
7517,High income: OECD,OEC,1991,934011280.0,74.5015207915401
7518,Latin America & Caribbean (all income levels),LCN,1991,454117634.0,70.98840971308209
7519,Latin America & Caribbean (developing only),LAC,1991,378303460.0,68.2433301654418
7520,Least developed countries: UN classification,LDC,1991,524324699.0,21.4856077952223
7521,Low & middle income,LMY,1991,4157436224.0,34.1723502837673
7522,Low income,LIC,1991,332433715.0,22.3544170318856
7523,Lower middle income,LMC,1991,1940144327.0,30.176194295605697
7524,Middle East & North Africa (all income levels),MEA,1991,261083151.0,55.2314135416536
7525,Middle East & North Africa (developing only),MNA,1991,232078456.0,52.00558237415628
7526,Middle income,MIC,1991,3825002509.0,35.1999645394395
7527,North America,NAC,1991,281211703.0,75.7981649712494
7528,OECD members,OED,1991,1076267996.0,73.5425013399627
7529,Other small states,OSS,1991,13580617.0,36.2550580347799
7530,Pacific island small states,PSS,1991,1711895.0,31.4886979896547
7531,Small states,SST,1991,21294250.0,36.8001824327218
7532,South Asia,SAS,1991,1157713321.0,25.2760609164584
7533,Sub-Saharan Africa (all income levels),SSF,1991,523007873.0,27.4405820084796
7534,Sub-Saharan Africa (developing only),SSA,1991,522546737.0,27.4314181996012
7535,Upper middle income,UMC,1991,1884858182.0,40.3660244795214
7536,World,WLD,1991,5369743253.0,43.2857928893349
7537,Afghanistan,AFG,1991,12789374.0,18.597
7538,Albania,ALB,1991,3266790.0,36.7
7539,Algeria,DZA,1991,26554277.0,52.871
7540,American Samoa,ASM,1991,48379.0,81.88600000000001
7541,Andorra,ADO,1991,56674.0,94.53
7542,Angola,AGO,1991,11472173.0,26.221
7543,Antigua and Barbuda,ATG,1991,62412.0,35.465
7544,Argentina,ARG,1991,33193920.0,87.32799999999999
7545,Armenia,ARM,1991,3511912.0,67.15
7546,Aruba,ABW,1991,64623.0,50.304
7547,Australia,AUS,1991,17284000.0,85.4
7548,Austria,AUT,1991,7754891.0,65.8
7549,Azerbaijan,AZE,1991,7271000.0,53.441
7550,"Bahamas, The",BHS,1991,261117.0,80.067
7551,Bahrain,BHR,1991,509654.0,88.329
7552,Bangladesh,BGD,1991,108509679.0,20.257
7553,Barbados,BRB,1991,261281.0,32.772
7554,Belarus,BLR,1991,10194000.0,66.374
7555,Belgium,BEL,1991,10004486.0,96.461
7556,Belize,BLZ,1991,191127.0,47.306
7557,Benin,BEN,1991,5182525.0,35.247
7558,Bermuda,BMU,1991,59021.0,100.0
7559,Bhutan,BTN,1991,534678.0,17.160999999999998
7560,Bolivia,BOL,1991,6992521.0,56.57899999999999
7561,Bosnia and Herzegovina,BIH,1991,4437898.0,39.495
7562,Botswana,BWA,1991,1420098.0,45.292
7563,Brazil,BRA,1991,152916852.0,74.69
7564,Brunei Darussalam,BRN,1991,264365.0,66.53
7565,Bulgaria,BGR,1991,8632367.0,66.717
7566,Burkina Faso,BFA,1991,9050090.0,14.07
7567,Burundi,BDI,1991,5759429.0,6.455
7568,Cabo Verde,CPV,1991,349326.0,45.044
7569,Cambodia,KHM,1991,9323607.0,15.887
7570,Cameroon,CMR,1991,12430311.0,40.235
7571,Canada,CAN,1991,28171682.0,76.62
7572,Cayman Islands,CYM,1991,26211.0,100.0
7573,Central African Republic,CAF,1991,3010950.0,36.906
7574,Chad,TCD,1991,6151213.0,21.023000000000003
7575,Channel Islands,CHI,1991,141568.0,31.262
7576,Chile,CHL,1991,13354054.0,83.398
7577,China,CHN,1991,1150780000.0,27.312
7578,Colombia,COL,1991,34916770.0,68.796
7579,Comoros,COM,1991,427556.0,28.366
7580,"Congo, Dem. Rep.",ZAR,1991,36309209.0,31.067
7581,"Congo, Rep.",COG,1991,2450125.0,54.743
7582,Costa Rica,CRI,1991,3175654.0,50.916
7583,Cote d'Ivoire,CIV,1991,12600967.0,39.716
7584,Croatia,HRV,1991,4510000.0,54.335
7585,Cuba,CUB,1991,10664577.0,73.676
7586,Curacao,CUW,1991,144403.0,84.947
7587,Cyprus,CYP,1991,783138.0,67.188
7588,Czech Republic,CZE,1991,10308578.0,75.158
7589,Denmark,DNK,1991,5154298.0,84.87100000000001
7590,Djibouti,DJI,1991,610679.0,76.11399999999999
7591,Dominica,DMA,1991,70849.0,64.482
7592,Dominican Republic,DOM,1991,7325622.0,55.497
7593,Ecuador,ECU,1991,10460988.0,55.709
7594,"Egypt, Arab Rep.",EGY,1991,57689828.0,43.345
7595,El Salvador,SLV,1991,5321576.0,49.754
7596,Equatorial Guinea,GNQ,1991,390381.0,35.748000000000005
7597,Eritrea,ERI,1991,3160644.0,15.925999999999998
7598,Estonia,EST,1991,1561314.0,71.046
7599,Ethiopia,ETH,1991,49784987.0,12.867
7600,Faeroe Islands,FRO,1991,47494.0,30.814
7601,Fiji,FJI,1991,735469.0,42.381
7602,Finland,FIN,1991,5013740.0,79.843
7603,France,FRA,1991,58559312.0,74.229
7604,French Polynesia,PYF,1991,202020.0,57.61600000000001
7605,Gabon,GAB,1991,978252.0,70.462
7606,"Gambia, The",GMB,1991,949490.0,39.41
7607,Georgia,GEO,1991,4835900.0,54.799
7608,Germany,DEU,1991,80013896.0,73.26899999999999
7609,Ghana,GHA,1991,15042736.0,37.17
7610,Greece,GRC,1991,10256292.0,71.635
7611,Greenland,GRL,1991,55500.0,80.033
7612,Grenada,GRD,1991,96455.0,33.506
7613,Guam,GUM,1991,133553.0,91.061
7614,Guatemala,GTM,1991,9385000.0,41.513000000000005
7615,Guinea,GIN,1991,6367110.0,28.312
7616,Guinea-Bissau,GNB,1991,1080191.0,29.371
7617,Guyana,GUY,1991,717502.0,29.493
7618,Haiti,HTI,1991,7243391.0,29.641
7619,Honduras,HND,1991,5041050.0,40.953
7620,"Hong Kong SAR, China",HKG,1991,5752000.0,99.832
7621,Hungary,HUN,1991,10373400.0,65.71300000000001
7622,Iceland,ISL,1991,257797.0,90.932
7623,India,IND,1991,888513869.0,25.778
7624,Indonesia,IDN,1991,184614740.0,31.613000000000003
7625,"Iran, Islamic Rep.",IRN,1991,57288039.0,56.865
7626,Iraq,IRQ,1991,17952909.0,69.52199999999999
7627,Ireland,IRL,1991,3534235.0,57.04600000000001
7628,Isle of Man,IMY,1991,70963.0,51.745
7629,Israel,ISR,1991,4949000.0,90.463
7630,Italy,ITA,1991,56758521.0,66.706
7631,Jamaica,JAM,1991,2406042.0,49.656000000000006
7632,Japan,JPN,1991,123921000.0,77.473
7633,Jordan,JOR,1991,3545000.0,74.455
7634,Kazakhstan,KAZ,1991,16450500.0,56.175
7635,Kenya,KEN,1991,24234087.0,17.043
7636,Kiribati,KIR,1991,73698.0,35.272
7637,"Korea, Dem. Rep.",PRK,1991,20510208.0,58.531000000000006
7638,"Korea, Rep.",KOR,1991,43295704.0,74.972
7639,Kuwait,KWT,1991,2007110.0,97.988
7640,Kyrgyz Republic,KGZ,1991,4463600.0,37.49
7641,Lao PDR,LAO,1991,4371549.0,15.782
7642,Latvia,LVA,1991,2650581.0,69.20100000000001
7643,Lebanon,LBN,1991,2752473.0,83.47200000000001
7644,Lesotho,LSO,1991,1627900.0,14.527
7645,Liberia,LBR,1991,2066060.0,58.0
7646,Libya,LBY,1991,4499210.0,75.777
7647,Liechtenstein,LIE,1991,29111.0,16.820999999999998
7648,Lithuania,LTU,1991,3704134.0,67.523
7649,Luxembourg,LUX,1991,387000.0,81.13
7650,"Macao SAR, China",MAC,1991,369484.0,99.805
7651,"Macedonia, FYR",MKD,1991,1988458.0,58.234
7652,Madagascar,MDG,1991,11898267.0,24.119
7653,Malawi,MWI,1991,9604199.0,11.885
7654,Malaysia,MYS,1991,18709835.0,50.576
7655,Maldives,MDV,1991,227000.0,25.776
7656,Mali,MLI,1991,8672581.0,23.751
7657,Malta,MLT,1991,357727.0,90.497
7658,Marshall Islands,MHL,1991,48481.0,65.392
7659,Mauritania,MRT,1991,2080782.0,42.104
7660,Mauritius,MUS,1991,1070266.0,43.777
7661,Mexico,MEX,1991,87347208.0,71.816
7662,"Micronesia, Fed. Sts.",FSM,1991,98800.0,25.752
7663,Moldova,MDA,1991,3704000.0,46.669
7664,Monaco,MCO,1991,29626.0,100.0
7665,Mongolia,MNG,1991,2217920.0,56.987
7666,Montenegro,MNE,1991,609861.0,49.165
7667,Morocco,MAR,1991,25410178.0,49.117
7668,Mozambique,MOZ,1991,13719853.0,25.487
7669,Myanmar,MMR,1991,42588029.0,24.724
7670,Namibia,NAM,1991,1466152.0,27.919
7671,Nepal,NPL,1991,19237322.0,9.18
7672,Netherlands,NLD,1991,15069798.0,69.329
7673,New Caledonia,NCL,1991,175362.0,59.648
7674,New Zealand,NZL,1991,3495100.0,84.93299999999999
7675,Nicaragua,NIC,1991,4236805.0,52.577
7676,Niger,NER,1991,8168834.0,15.449000000000002
7677,Nigeria,NGA,1991,98085436.0,30.176
7678,Northern Mariana Islands,MNP,1991,46719.0,89.697
7679,Norway,NOR,1991,4261732.0,72.265
7680,Oman,OMN,1991,1892345.0,67.796
7681,Pakistan,PAK,1991,110634399.0,30.826
7682,Palau,PLW,1991,15471.0,69.96600000000001
7683,Panama,PAN,1991,2522901.0,54.757
7684,Papua New Guinea,PNG,1991,4261933.0,14.816
7685,Paraguay,PRY,1991,4323402.0,49.43899999999999
7686,Peru,PER,1991,22283130.0,69.3
7687,Philippines,PHL,1991,63509940.0,48.53
7688,Poland,POL,1991,38246193.0,61.315
7689,Portugal,PRT,1991,9960235.0,48.469
7690,Puerto Rico,PRI,1991,3562110.0,93.106
7691,Qatar,QAT,1991,485114.0,93.291
7692,Romania,ROM,1991,23001155.0,53.93
7693,Russian Federation,RUS,1991,148624000.0,73.389
7694,Rwanda,RWA,1991,7071393.0,5.4910000000000005
7695,Samoa,WSM,1991,164073.0,21.2
7696,San Marino,SMR,1991,24385.0,90.4
7697,Sao Tome and Principe,STP,1991,115900.0,44.793
7698,Saudi Arabia,SAU,1991,16890555.0,77.223
7699,Senegal,SEN,1991,7749559.0,39.044
7700,Serbia,SRB,1991,7595636.0,50.768
7701,Seychelles,SYC,1991,70755.0,49.283
7702,Sierra Leone,SLE,1991,3945899.0,33.485
7703,Singapore,SGP,1991,3135100.0,100.0
7704,Slovak Republic,SVK,1991,5303294.0,56.78
7705,Slovenia,SVN,1991,1999429.0,50.507
7706,Solomon Islands,SLB,1991,320764.0,13.87
7707,Somalia,SOM,1991,6319531.0,30.007
7708,South Africa,ZAF,1991,35933108.0,52.554
7709,South Sudan,SSD,1991,5698998.0,14.074000000000002
7710,Spain,ESP,1991,38939049.0,75.528
7711,Sri Lanka,LKA,1991,17267000.0,18.553
7712,St. Kitts and Nevis,KNA,1991,41009.0,34.474000000000004
7713,St. Lucia,LCA,1991,140159.0,29.572
7714,St. Vincent and the Grenadines,VCT,1991,107811.0,41.949
7715,Sudan,SDN,1991,20861117.0,29.84
7716,Suriname,SUR,1991,416068.0,65.78
7717,Swaziland,SWZ,1991,887248.0,22.935
7718,Sweden,SWE,1991,8617375.0,83.204
7719,Switzerland,CHE,1991,6799978.0,73.781
7720,Syrian Arab Republic,SYR,1991,12817578.0,49.139
7721,Tajikistan,TJK,1991,5417554.0,31.09
7722,Tanzania,TZA,1991,26307482.0,19.208
7723,Thailand,THA,1991,57225972.0,29.593000000000004
7724,Timor-Leste,TMP,1991,764884.0,21.215
7725,Togo,TGO,1991,3886858.0,29.005
7726,Tonga,TON,1991,95304.0,22.736
7727,Trinidad and Tobago,TTO,1991,1229906.0,8.742
7728,Tunisia,TUN,1991,8318200.0,58.756
7729,Turkey,TUR,1991,54909508.0,59.976000000000006
7730,Turkmenistan,TKM,1991,3772350.0,44.99
7731,Turks and Caicos Islands,TCA,1991,12205.0,75.53699999999999
7732,Tuvalu,TUV,1991,9056.0,41.99100000000001
7733,Uganda,UGA,1991,17973428.0,11.338
7734,Ukraine,UKR,1991,52000470.0,66.796
7735,United Arab Emirates,ARE,1991,1913190.0,78.906
7736,United Kingdom,GBR,1991,57424897.0,78.112
7737,United States,USA,1991,252981000.0,75.70100000000001
7738,Uruguay,URY,1991,3132048.0,89.304
7739,Uzbekistan,UZB,1991,20952000.0,39.828
7740,Vanuatu,VUT,1991,150779.0,18.998
7741,"Venezuela, RB",VEN,1991,20332247.0,84.70100000000001
7742,Vietnam,VNM,1991,67242400.0,20.625
7743,Virgin Islands (U.S.),VIR,1991,104807.0,88.285
7744,West Bank and Gaza,WBG,1991,2068845.0,68.219
7745,"Yemen, Rep.",YEM,1991,12571240.0,21.489
7746,Zambia,ZMB,1991,8361381.0,38.989
7747,Zimbabwe,ZWE,1991,10763036.0,29.738000000000003
7748,Arab World,ARB,1992,232406302.0,50.789867125092
7749,Caribbean small states,CSS,1992,6047269.0,39.756287843487705
7750,Central Europe and the Baltics,CEB,1992,110005636.0,61.8202878944312
7751,East Asia & Pacific (all income levels),EAS,1992,1870507435.0,35.0560965241496
7752,East Asia & Pacific (developing only),EAP,1992,1650544592.0,29.7433404076756
7753,Euro area,EMU,1992,314036613.0,71.6145230778234
7754,Europe & Central Asia (all income levels),ECS,1992,849633122.0,67.7989678806288
7755,Europe & Central Asia (developing only),ECA,1992,240445513.0,56.6963302914707
7756,European Union,EUU,1992,480313031.0,70.8140422980175
7757,Fragile and conflict affected situations,FCS,1992,274006899.0,33.1704704967105
7758,Heavily indebted poor countries (HIPC),HPC,1992,377011630.0,26.0925240672098
7759,High income,HIC,1992,1219635819.0,75.2542052145223
7760,High income: nonOECD,NOC,1992,278453585.0,77.099194654038
7761,High income: OECD,OEC,1992,941182234.0,74.7490118260084
7762,Latin America & Caribbean (all income levels),LCN,1992,462201058.0,71.4973233887338
7763,Latin America & Caribbean (developing only),LAC,1992,385177748.0,68.8075378760431
7764,Least developed countries: UN classification,LDC,1992,539125756.0,21.869748453038103
7765,Low & middle income,LMY,1992,4233647370.0,34.6638776629394
7766,Low income,LIC,1992,342050447.0,22.689194331487
7767,Lower middle income,LMC,1992,1980929189.0,30.4773311070327
7768,Middle East & North Africa (all income levels),MEA,1992,265325554.0,55.3202845364981
7769,Middle East & North Africa (developing only),MNA,1992,237431427.0,52.3858825755404
7770,Middle income,MIC,1992,3891596923.0,35.7169101748432
7771,North America,NAC,1992,285092192.0,76.18094154097
7772,OECD members,OED,1992,1086103411.0,73.8093319937967
7773,Other small states,OSS,1992,13901028.0,36.9071821321475
7774,Pacific island small states,PSS,1992,1741313.0,31.8579528666012
7775,Small states,SST,1992,21689610.0,37.2961343340066
7776,South Asia,SAS,1992,1182764267.0,25.4990703063273
7777,Sub-Saharan Africa (all income levels),SSF,1992,537759561.0,27.8748113321782
7778,Sub-Saharan Africa (developing only),SSA,1992,537283823.0,27.8652640475088
7779,Upper middle income,UMC,1992,1910667734.0,41.1438616644677
7780,World,WLD,1992,5453283189.0,43.62485043725571
7781,Afghanistan,AFG,1992,13745630.0,18.882
7782,Albania,ALB,1992,3247039.0,37.249
7783,Algeria,DZA,1992,27180921.0,53.657
7784,American Samoa,ASM,1992,49597.0,82.789
7785,Andorra,ADO,1992,58904.0,94.324
7786,Angola,AGO,1992,11848971.0,26.872
7787,Antigua and Barbuda,ATG,1992,63434.0,35.085
7788,Argentina,ARG,1992,33655149.0,87.542
7789,Armenia,ARM,1992,3449497.0,66.878
7790,Aruba,ABW,1992,68235.0,49.998000000000005
7791,Australia,AUS,1992,17495000.0,85.566
7792,Austria,AUT,1992,7840709.0,65.8
7793,Azerbaijan,AZE,1992,7382000.0,53.132
7794,"Bahamas, The",BHS,1992,266133.0,80.293
7795,Bahrain,BHR,1992,522748.0,88.398
7796,Bangladesh,BGD,1992,110987459.0,20.61
7797,Barbados,BRB,1992,262184.0,32.894
7798,Belarus,BLR,1992,10216000.0,66.766
7799,Belgium,BEL,1992,10045158.0,96.542
7800,Belize,BLZ,1992,194321.0,47.351000000000006
7801,Benin,BEN,1992,5378226.0,35.827
7802,Bermuda,BMU,1992,58595.0,100.0
7803,Bhutan,BTN,1992,528085.0,17.962
7804,Bolivia,BOL,1992,7131699.0,57.548
7805,Bosnia and Herzegovina,BIH,1992,4301169.0,39.474
7806,Botswana,BWA,1992,1460453.0,46.443000000000005
7807,Brazil,BRA,1992,155379009.0,75.444
7808,Brunei Darussalam,BRN,1992,271989.0,67.078
7809,Bulgaria,BGR,1992,8540164.0,67.056
7810,Burkina Faso,BFA,1992,9297116.0,14.33
7811,Burundi,BDI,1992,5895131.0,6.6370000000000005
7812,Cabo Verde,CPV,1992,358473.0,45.973
7813,Cambodia,KHM,1992,9659238.0,16.234
7814,Cameroon,CMR,1992,12796739.0,40.817
7815,Canada,CAN,1992,28519597.0,76.887
7816,Cayman Islands,CYM,1992,27402.0,100.0
7817,Central African Republic,CAF,1992,3089141.0,36.987
7818,Chad,TCD,1992,6350174.0,21.235
7819,Channel Islands,CHI,1992,142258.0,31.076
7820,Chile,CHL,1992,13566942.0,83.564
7821,China,CHN,1992,1164970000.0,28.2
7822,Colombia,COL,1992,35558683.0,69.311
7823,Comoros,COM,1992,440252.0,28.435
7824,"Congo, Dem. Rep.",ZAR,1992,37783835.0,31.506
7825,"Congo, Rep.",COG,1992,2514907.0,55.162
7826,Costa Rica,CRI,1992,3257463.0,51.83
7827,Cote d'Ivoire,CIV,1992,13046907.0,40.088
7828,Croatia,HRV,1992,4470000.0,54.475
7829,Cuba,CUB,1992,10735775.0,73.827
7830,Curacao,CUW,1992,143912.0,85.444
7831,Cyprus,CYP,1992,800660.0,67.598
7832,Czech Republic,CZE,1992,10319123.0,75.03
7833,Denmark,DNK,1992,5171370.0,84.898
7834,Djibouti,DJI,1992,627063.0,76.161
7835,Dominica,DMA,1992,70978.0,64.569
7836,Dominican Republic,DOM,1992,7468551.0,55.767
7837,Ecuador,ECU,1992,10705670.0,56.226000000000006
7838,"Egypt, Arab Rep.",EGY,1992,58922018.0,43.212
7839,El Salvador,SLV,1992,5392142.0,50.275
7840,Equatorial Guinea,GNQ,1992,404081.0,36.766
7841,Eritrea,ERI,1992,3160617.0,16.062
7842,Estonia,EST,1992,1533091.0,70.86
7843,Ethiopia,ETH,1992,51602776.0,13.116
7844,Faeroe Islands,FRO,1992,46574.0,30.842
7845,Fiji,FJI,1992,744534.0,43.156000000000006
7846,Finland,FIN,1992,5041992.0,80.128
7847,France,FRA,1992,58851216.0,74.40100000000001
7848,French Polynesia,PYF,1992,205269.0,57.372
7849,Gabon,GAB,1992,1004598.0,71.749
7850,"Gambia, The",GMB,1992,979701.0,40.52
7851,Georgia,GEO,1992,4873500.0,54.559
7852,Germany,DEU,1992,80624598.0,73.36
7853,Ghana,GHA,1992,15471527.0,37.905
7854,Greece,GRC,1992,10369866.0,71.757
7855,Greenland,GRL,1992,55300.0,80.301
7856,Grenada,GRD,1992,97201.0,33.765
7857,Guam,GUM,1992,136696.0,91.32
7858,Guatemala,GTM,1992,9619113.0,41.912
7859,Guinea,GIN,1992,6751394.0,28.601
7860,Guinea-Bissau,GNB,1992,1104708.0,30.335
7861,Guyana,GUY,1992,717621.0,29.404
7862,Haiti,HTI,1992,7386974.0,30.8
7863,Honduras,HND,1992,5179557.0,41.448
7864,"Hong Kong SAR, China",HKG,1992,5800500.0,99.979
7865,Hungary,HUN,1992,10369341.0,65.587
7866,Iceland,ISL,1992,261057.0,91.112
7867,India,IND,1992,906461358.0,25.984
7868,Indonesia,IDN,1992,187762097.0,32.703
7869,"Iran, Islamic Rep.",IRN,1992,58130099.0,57.653
7870,Iraq,IRQ,1992,18468521.0,69.337
7871,Ireland,IRL,1992,3558430.0,57.265
7872,Isle of Man,IMY,1992,71306.0,51.754
7873,Israel,ISR,1992,5123000.0,90.565
7874,Italy,ITA,1992,56797087.0,66.742
7875,Jamaica,JAM,1992,2423044.0,49.896
7876,Japan,JPN,1992,124229000.0,77.61
7877,Jordan,JOR,1992,3733000.0,75.586
7878,Kazakhstan,KAZ,1992,16439095.0,56.083
7879,Kenya,KEN,1992,25029754.0,17.342
7880,Kiribati,KIR,1992,74773.0,35.555
7881,"Korea, Dem. Rep.",PRK,1992,20838082.0,58.679
7882,"Korea, Rep.",KOR,1992,43747962.0,75.82
7883,Kyrgyz Republic,KGZ,1992,4515400.0,37.203
7884,Lao PDR,LAO,1992,4496971.0,16.133
7885,Latvia,LVA,1992,2614338.0,68.852
7886,Lebanon,LBN,1992,2821868.0,83.818
7887,Lesotho,LSO,1992,1660360.0,15.106
7888,Liberia,LBR,1992,2028672.0,55.019
7889,Libya,LBY,1992,4596811.0,75.832
7890,Liechtenstein,LIE,1992,29503.0,16.736
7891,Lithuania,LTU,1992,3700114.0,67.464
7892,Luxembourg,LUX,1992,392175.0,81.528
7893,"Macao SAR, China",MAC,1992,377799.0,99.839
7894,"Macedonia, FYR",MKD,1992,1977033.0,58.764
7895,Madagascar,MDG,1992,12263899.0,24.681
7896,Malawi,MWI,1992,9682918.0,12.218
7897,Malaysia,MYS,1992,19204700.0,51.81399999999999
7898,Maldives,MDV,1992,234000.0,25.713
7899,Mali,MLI,1992,8891141.0,24.186
7900,Malta,MLT,1992,361260.0,90.611
7901,Marshall Islands,MHL,1992,49382.0,65.72800000000001
7902,Mauritania,MRT,1992,2140250.0,42.887
7903,Mauritius,MUS,1992,1084441.0,43.653
7904,Mexico,MEX,1992,89110043.0,72.209
7905,"Micronesia, Fed. Sts.",FSM,1992,101412.0,25.686
7906,Moldova,MDA,1992,3706000.0,46.575
7907,Monaco,MCO,1992,29864.0,100.0
7908,Mongolia,MNG,1992,2243506.0,56.942
7909,Montenegro,MNE,1992,610328.0,50.218
7910,Morocco,MAR,1992,25866445.0,49.844
7911,Mozambique,MOZ,1992,14203987.0,25.98
7912,Myanmar,MMR,1992,43126260.0,24.896
7913,Namibia,NAM,1992,1513689.0,28.336
7914,Nepal,NPL,1992,19765570.0,9.585
7915,Netherlands,NLD,1992,15184166.0,70.223
7916,New Caledonia,NCL,1992,179799.0,59.75899999999999
7917,New Zealand,NZL,1992,3531700.0,85.03399999999999
7918,Nicaragua,NIC,1992,4331273.0,52.817
7919,Niger,NER,1992,8442330.0,15.529000000000002
7920,Nigeria,NGA,1992,100592458.0,30.677
7921,Northern Mariana Islands,MNP,1992,49429.0,89.662
7922,Norway,NOR,1992,4286401.0,72.665
7923,Oman,OMN,1992,1979914.0,69.447
7924,Pakistan,PAK,1992,113616165.0,31.077
7925,Palau,PLW,1992,15894.0,70.337
7926,Panama,PAN,1992,2575330.0,55.609
7927,Papua New Guinea,PNG,1992,4369407.0,14.629
7928,Paraguay,PRY,1992,4432738.0,50.18600000000001
7929,Peru,PER,1992,22737056.0,69.697
7930,Philippines,PHL,1992,65078901.0,48.47
7931,Poland,POL,1992,38363667.0,61.359
7932,Portugal,PRT,1992,9952494.0,49.13
7933,Puerto Rico,PRI,1992,3585176.0,93.267
7934,Qatar,QAT,1992,489668.0,93.763
7935,Romania,ROM,1992,22794284.0,54.227
7936,Russian Federation,RUS,1992,148689000.0,73.385
7937,Rwanda,RWA,1992,6712924.0,6.287999999999999
7938,Samoa,WSM,1992,165568.0,21.258000000000003
7939,San Marino,SMR,1992,24755.0,90.4
7940,Sao Tome and Principe,STP,1992,118346.0,45.764
7941,Saudi Arabia,SAU,1992,17398523.0,77.851
7942,Senegal,SEN,1992,7990736.0,39.188
7943,Serbia,SRB,1992,7646424.0,51.037
7944,Seychelles,SYC,1992,71657.0,49.322
7945,Sierra Leone,SLE,1992,3929182.0,33.72
7946,Singapore,SGP,1992,3230700.0,100.0
7947,Slovak Republic,SVK,1992,5305016.0,56.719
7948,Slovenia,SVN,1992,1996498.0,50.534
7949,Solomon Islands,SLB,1992,329984.0,14.065
7950,Somalia,SOM,1992,6294017.0,30.359
7951,South Africa,ZAF,1992,36690739.0,53.038
7952,South Sudan,SSD,1992,5593347.0,14.912
7953,Spain,ESP,1992,39067745.0,75.61
7954,Sri Lanka,LKA,1992,17426000.0,18.541
7955,St. Kitts and Nevis,KNA,1992,41360.0,34.283
7956,St. Lucia,LCA,1992,141934.0,29.369
7957,St. Vincent and the Grenadines,VCT,1992,108001.0,42.306
7958,Sudan,SDN,1992,21820588.0,31.103
7959,Suriname,SUR,1992,423572.0,65.854
7960,Swaziland,SWZ,1992,907947.0,22.964
7961,Sweden,SWE,1992,8668067.0,83.361
7962,Switzerland,CHE,1992,6875364.0,73.73
7963,Syrian Arab Republic,SYR,1992,13186187.0,49.347
7964,Tajikistan,TJK,1992,5523207.0,30.527
7965,Tanzania,TZA,1992,27203865.0,19.536
7966,Thailand,THA,1992,57761574.0,29.763
7967,Timor-Leste,TMP,1992,792846.0,21.54
7968,Togo,TGO,1992,3984356.0,29.425
7969,Tonga,TON,1992,95421.0,22.768
7970,Trinidad and Tobago,TTO,1992,1237486.0,8.955
7971,Tunisia,TUN,1992,8489900.0,59.562
7972,Turkey,TUR,1992,55811134.0,60.518
7973,Turkmenistan,TKM,1992,3881973.0,44.904
7974,Turks and Caicos Islands,TCA,1992,12970.0,76.694
7975,Tuvalu,TUV,1992,9103.0,42.751000000000005
7976,Uganda,UGA,1992,18571527.0,11.418
7977,Ukraine,UKR,1992,52150266.0,66.835
7978,United Arab Emirates,ARE,1992,2019014.0,78.76
7979,United Kingdom,GBR,1992,57580402.0,78.172
7980,United States,USA,1992,256514000.0,76.097
7981,Uruguay,URY,1992,3154853.0,89.62700000000001
7982,Uzbekistan,UZB,1992,21449000.0,39.484
7983,Vanuatu,VUT,1992,155242.0,19.285
7984,"Venezuela, RB",VEN,1992,20799471.0,85.09899999999999
7985,Vietnam,VNM,1992,68450100.0,21.0
7986,Virgin Islands (U.S.),VIR,1992,105711.0,88.86
7987,West Bank and Gaza,WBG,1992,2163591.0,68.726
7988,"Yemen, Rep.",YEM,1992,13245003.0,22.058000000000003
7989,Zambia,ZMB,1992,8576987.0,38.514
7990,Zimbabwe,ZWE,1992,11019717.0,30.499
7991,Arab World,ARB,1993,238577631.0,51.135925388223
7992,Caribbean small states,CSS,1993,6096016.0,39.96427473090621
7993,Central Europe and the Baltics,CEB,1993,110081461.0,61.77941024451879
7994,East Asia & Pacific (all income levels),EAS,1993,1893708684.0,35.7849348373345
7995,East Asia & Pacific (developing only),EAP,1993,1672375813.0,30.561694058677503
7996,Euro area,EMU,1993,315275812.0,71.7550709584502
7997,Europe & Central Asia (all income levels),ECS,1993,852664422.0,67.86197314864991
7998,Europe & Central Asia (developing only),ECA,1993,241843532.0,56.75864005967399
7999,European Union,EUU,1993,481925994.0,70.913440750546
8000,Fragile and conflict affected situations,FCS,1993,281787906.0,33.5037621372283
8001,Heavily indebted poor countries (HIPC),HPC,1993,388837016.0,26.4748899868731
8002,High income,HIC,1993,1228426035.0,75.47508184565692
8003,High income: nonOECD,NOC,1993,280529160.0,77.24112893659809
8004,High income: OECD,OEC,1993,947896875.0,74.99142122707391
8005,Latin America & Caribbean (all income levels),LCN,1993,470263697.0,71.99416453885429
8006,Latin America & Caribbean (developing only),LAC,1993,392032035.0,69.3515844344761
8007,Least developed countries: UN classification,LDC,1993,554321297.0,22.2431624579652
8008,Low & middle income,LMY,1993,4309167596.0,35.153294871591804
8009,Low income,LIC,1993,351987725.0,23.0046948155564
8010,Lower middle income,LMC,1993,2021636325.0,30.7777926951283
8011,Middle East & North Africa (all income levels),MEA,1993,271261333.0,55.7269622563714
8012,Middle East & North Africa (developing only),MNA,1993,242523161.0,52.7781061789806
8013,Middle income,MIC,1993,3957179871.0,36.23443912359279
8014,North America,NAC,1993,288811320.0,76.5590861200316
8015,OECD members,OED,1993,1095491426.0,74.071441345017
8016,Other small states,OSS,1993,14210350.0,37.5056285843485
8017,Pacific island small states,PSS,1993,1772270.0,32.2307837022576
8018,Small states,SST,1993,22078636.0,37.7610534458076
8019,South Asia,SAS,1993,1208041497.0,25.7226488270498
8020,Sub-Saharan Africa (all income levels),SSF,1993,552842678.0,28.2973225988968
8021,Sub-Saharan Africa (developing only),SSA,1993,552351558.0,28.2873556903247
8022,Upper middle income,UMC,1993,1935543546.0,41.9282561964077
8023,World,WLD,1993,5537593631.0,43.9821227816969
8024,Afghanistan,AFG,1993,14824371.0,19.17
8025,Albania,ALB,1993,3227287.0,37.799
8026,Algeria,DZA,1993,27785977.0,54.43899999999999
8027,American Samoa,ASM,1993,50725.0,83.654
8028,Andorra,ADO,1993,61003.0,94.111
8029,Angola,AGO,1993,12246786.0,27.53
8030,Antigua and Barbuda,ATG,1993,64868.0,34.709
8031,Argentina,ARG,1993,34110912.0,87.75200000000001
8032,Armenia,ARM,1993,3369673.0,66.60600000000001
8033,Aruba,ABW,1993,72498.0,49.588
8034,Australia,AUS,1993,17667000.0,85.74799999999999
8035,Austria,AUT,1993,7905633.0,65.8
8036,Azerbaijan,AZE,1993,7495000.0,52.824
8037,"Bahamas, The",BHS,1993,271165.0,80.518
8038,Bahrain,BHR,1993,535692.0,88.395
8039,Bangladesh,BGD,1993,113442354.0,20.966
8040,Barbados,BRB,1993,263091.0,33.016
8041,Belarus,BLR,1993,10239000.0,67.155
8042,Belgium,BEL,1993,10084475.0,96.622
8043,Belize,BLZ,1993,197615.0,47.395
8044,Benin,BEN,1993,5582420.0,36.136
8045,Bermuda,BMU,1993,58910.0,100.0
8046,Bhutan,BTN,1993,518847.0,18.791
8047,Bolivia,BOL,1993,7273824.0,58.167
8048,Bosnia and Herzegovina,BIH,1993,4141167.0,39.453
8049,Botswana,BWA,1993,1500356.0,47.286
8050,Brazil,BRA,1993,157812220.0,76.181
8051,Brunei Darussalam,BRN,1993,279717.0,67.604
8052,Bulgaria,BGR,1993,8472313.0,67.33
8053,Burkina Faso,BFA,1993,9552473.0,14.593
8054,Burundi,BDI,1993,6019901.0,6.823
8055,Cabo Verde,CPV,1993,368423.0,46.902
8056,Cambodia,KHM,1993,10007092.0,16.587
8057,Cameroon,CMR,1993,13169100.0,41.399
8058,Canada,CAN,1993,28833410.0,77.152
8059,Cayman Islands,CYM,1993,28652.0,100.0
8060,Central African Republic,CAF,1993,3170848.0,37.068000000000005
8061,Chad,TCD,1993,6556628.0,21.408
8062,Channel Islands,CHI,1993,142822.0,30.891
8063,Chile,CHL,1993,13778676.0,83.896
8064,China,CHN,1993,1178440000.0,29.103
8065,Colombia,COL,1993,36195170.0,69.82
8066,Comoros,COM,1993,453188.0,28.39
8067,"Congo, Dem. Rep.",ZAR,1993,39314955.0,31.946
8068,"Congo, Rep.",COG,1993,2581306.0,55.58
8069,Costa Rica,CRI,1993,3341005.0,52.74100000000001
8070,Cote d'Ivoire,CIV,1993,13499696.0,40.461
8071,Croatia,HRV,1993,4640000.0,54.614
8072,Cuba,CUB,1993,10797556.0,73.977
8073,Curacao,CUW,1993,144299.0,86.22399999999999
8074,Cyprus,CYP,1993,818814.0,67.792
8075,Czech Republic,CZE,1993,10329855.0,74.90100000000001
8076,Denmark,DNK,1993,5188628.0,84.925
8077,Djibouti,DJI,1993,639215.0,76.207
8078,Dominica,DMA,1993,71205.0,64.656
8079,Dominican Republic,DOM,1993,7611463.0,56.037
8080,Ecuador,ECU,1993,10951200.0,56.74
8081,"Egypt, Arab Rep.",EGY,1993,60108373.0,43.07899999999999
8082,El Salvador,SLV,1993,5461834.0,51.382
8083,Equatorial Guinea,GNQ,1993,418409.0,37.792
8084,Eritrea,ERI,1993,3150811.0,16.21
8085,Estonia,EST,1993,1494128.0,70.67399999999999
8086,Ethiopia,ETH,1993,53477944.0,13.37
8087,Faeroe Islands,FRO,1993,45501.0,30.87
8088,Fiji,FJI,1993,755024.0,43.933
8089,Finland,FIN,1993,5066447.0,80.40899999999999
8090,France,FRA,1993,59106766.0,74.572
8091,French Polynesia,PYF,1993,208349.0,57.128
8092,Gabon,GAB,1993,1031358.0,72.999
8093,"Gambia, The",GMB,1993,1008296.0,41.586000000000006
8094,Georgia,GEO,1993,4911100.0,54.32
8095,Germany,DEU,1993,81156363.0,73.381
8096,Ghana,GHA,1993,15907244.0,38.644
8097,Greece,GRC,1993,10465528.0,71.878
8098,Greenland,GRL,1993,55200.0,80.503
8099,Grenada,GRD,1993,98302.0,34.025
8100,Guam,GUM,1993,139820.0,91.571
8101,Guatemala,GTM,1993,9860063.0,42.31
8102,Guinea,GIN,1993,7155564.0,28.89
8103,Guinea-Bissau,GNB,1993,1129706.0,31.091
8104,Guyana,GUY,1993,719910.0,29.315
8105,Haiti,HTI,1993,7530703.0,31.39
8106,Honduras,HND,1993,5318042.0,41.943000000000005
8107,"Hong Kong SAR, China",HKG,1993,5901000.0,100.0
8108,Hungary,HUN,1993,10357523.0,65.461
8109,Iceland,ISL,1993,263725.0,91.287
8110,India,IND,1993,924475633.0,26.191
8111,Indonesia,IDN,1993,190873248.0,33.808
8112,"Iran, Islamic Rep.",IRN,1993,58811858.0,58.519
8113,Iraq,IRQ,1993,19021967.0,69.152
8114,Ireland,IRL,1993,3576261.0,57.484
8115,Isle of Man,IMY,1993,71486.0,51.764
8116,Israel,ISR,1993,5261000.0,90.666
8117,Italy,ITA,1993,56831821.0,66.80199999999999
8118,Jamaica,JAM,1993,2441024.0,50.136
8119,Japan,JPN,1993,124536000.0,77.74600000000001
8120,Jordan,JOR,1993,3906000.0,76.68
8121,Kazakhstan,KAZ,1993,16330419.0,55.992
8122,Kenya,KEN,1993,25824736.0,17.645
8123,Kiribati,KIR,1993,75722.0,35.839
8124,"Korea, Dem. Rep.",PRK,1993,21166230.0,58.826
8125,"Korea, Rep.",KOR,1993,44194628.0,76.645
8126,Kyrgyz Republic,KGZ,1993,4516700.0,36.918
8127,Lao PDR,LAO,1993,4621685.0,16.49
8128,Latvia,LVA,1993,2563290.0,68.79899999999999
8129,Lebanon,LBN,1993,2900862.0,84.15700000000001
8130,Lesotho,LSO,1993,1693459.0,15.703
8131,Liberia,LBR,1993,2006349.0,52.00899999999999
8132,Libya,LBY,1993,4691934.0,75.88600000000001
8133,Liechtenstein,LIE,1993,29921.0,16.651
8134,Lithuania,LTU,1993,3682613.0,67.404
8135,Luxembourg,LUX,1993,397475.0,81.857
8136,"Macao SAR, China",MAC,1993,385041.0,99.867
8137,"Macedonia, FYR",MKD,1993,1964924.0,59.291
8138,Madagascar,MDG,1993,12643864.0,25.251
8139,Malawi,MWI,1993,9697635.0,12.558
8140,Malaysia,MYS,1993,19700762.0,53.109
8141,Maldives,MDV,1993,242000.0,25.649
8142,Mali,MLI,1993,9131449.0,24.624
8143,Malta,MLT,1993,364704.0,90.723
8144,Marshall Islands,MHL,1993,50052.0,66.063
8145,Mauritania,MRT,1993,2202201.0,43.672
8146,Mauritius,MUS,1993,1097374.0,43.53
8147,Mexico,MEX,1993,90887097.0,72.598
8148,"Micronesia, Fed. Sts.",FSM,1993,103937.0,25.62
8149,Moldova,MDA,1993,3701000.0,46.481
8150,Monaco,MCO,1993,30138.0,100.0
8151,Mongolia,MNG,1993,2263204.0,56.896
8152,Montenegro,MNE,1993,609984.0,51.267
8153,Morocco,MAR,1993,26314339.0,50.569
8154,Mozambique,MOZ,1993,14775877.0,26.479
8155,Myanmar,MMR,1993,43642311.0,25.086
8156,Namibia,NAM,1993,1559480.0,28.823
8157,Nepal,NPL,1993,20312687.0,10.005
8158,Netherlands,NLD,1993,15290368.0,71.1
8159,New Caledonia,NCL,1993,184496.0,59.869
8160,New Zealand,NZL,1993,3572200.0,85.134
8161,Nicaragua,NIC,1993,4426577.0,53.056
8162,Niger,NER,1993,8732500.0,15.61
8163,Nigeria,NGA,1993,103145093.0,31.182
8164,Northern Mariana Islands,MNP,1993,52120.0,89.62700000000001
8165,Norway,NOR,1993,4311991.0,73.061
8166,Oman,OMN,1993,2066264.0,71.044
8167,Pakistan,PAK,1993,116579605.0,31.329
8168,Palau,PLW,1993,16345.0,70.704
8169,Panama,PAN,1993,2628511.0,56.456
8170,Papua New Guinea,PNG,1993,4480689.0,14.445
8171,Paraguay,PRY,1993,4541902.0,50.844
8172,Peru,PER,1993,23184222.0,70.089
8173,Philippines,PHL,1993,66654954.0,48.41
8174,Poland,POL,1993,38461408.0,61.404
8175,Portugal,PRT,1993,9964675.0,49.789
8176,Puerto Rico,PRI,1993,3615497.0,93.424
8177,Qatar,QAT,1993,492120.0,94.203
8178,Romania,ROM,1993,22763280.0,54.074
8179,Russian Federation,RUS,1993,148520000.0,73.381
8180,Rwanda,RWA,1993,6300358.0,7.313
8181,Samoa,WSM,1993,167206.0,21.347
8182,San Marino,SMR,1993,25141.0,90.839
8183,Sao Tome and Principe,STP,1993,120849.0,46.717
8184,Saudi Arabia,SAU,1993,17890529.0,78.186
8185,Senegal,SEN,1993,8234147.0,39.332
8186,Serbia,SRB,1993,7699307.0,51.306
8187,Seychelles,SYC,1993,72711.0,49.375
8188,Sierra Leone,SLE,1993,3893891.0,33.955
8189,Singapore,SGP,1993,3313500.0,100.0
8190,Slovak Republic,SVK,1993,5325305.0,56.659
8191,Slovenia,SVN,1993,1991746.0,50.56100000000001
8192,Solomon Islands,SLB,1993,339490.0,14.262
8193,Somalia,SOM,1993,6269244.0,30.711
8194,South Africa,ZAF,1993,37473796.0,53.521
8195,South Sudan,SSD,1993,5484372.0,15.626
8196,Spain,ESP,1993,39189400.0,75.692
8197,Sri Lanka,LKA,1993,17646000.0,18.529
8198,St. Kitts and Nevis,KNA,1993,41836.0,34.093
8199,St. Lucia,LCA,1993,143592.0,29.167
8200,St. Vincent and the Grenadines,VCT,1993,108097.0,42.663
8201,Sudan,SDN,1993,22829227.0,32.126999999999995
8202,Suriname,SUR,1993,430901.0,65.928
8203,Swaziland,SWZ,1993,926224.0,22.992
8204,Sweden,SWE,1993,8718561.0,83.516
8205,Switzerland,CHE,1993,6938265.0,73.679
8206,Syrian Arab Republic,SYR,1993,13559642.0,49.555
8207,Tajikistan,TJK,1993,5616797.0,29.972
8208,Tanzania,TZA,1993,28122799.0,19.867
8209,Thailand,THA,1993,58237672.0,29.934
8210,Timor-Leste,TMP,1993,820471.0,21.867
8211,Togo,TGO,1993,4081398.0,29.848000000000003
8212,Tonga,TON,1993,95532.0,22.8
8213,Trinidad and Tobago,TTO,1993,1244410.0,9.173
8214,Tunisia,TUN,1993,8572200.0,60.362
8215,Turkey,TUR,1993,56707454.0,61.055
8216,Turkmenistan,TKM,1993,3991917.0,44.819
8217,Turks and Caicos Islands,TCA,1993,13793.0,77.81
8218,Tuvalu,TUV,1993,9148.0,43.156000000000006
8219,Uganda,UGA,1993,19177660.0,11.499
8220,Ukraine,UKR,1993,52179210.0,66.874
8221,United Arab Emirates,ARE,1993,2127863.0,78.61399999999999
8222,United Kingdom,GBR,1993,57718614.0,78.232
8223,United States,USA,1993,259919000.0,76.488
8224,Uruguay,URY,1993,3178156.0,89.94
8225,Uzbekistan,UZB,1993,21942000.0,39.141
8226,Vanuatu,VUT,1993,159814.0,19.574
8227,"Venezuela, RB",VEN,1993,21263994.0,85.48700000000001
8228,Vietnam,VNM,1993,69644500.0,21.397
8229,Virgin Islands (U.S.),VIR,1993,106577.0,89.40899999999999
8230,West Bank and Gaza,WBG,1993,2262676.0,69.227
8231,"Yemen, Rep.",YEM,1993,13948118.0,22.636
8232,Zambia,ZMB,1993,8794061.0,38.042
8233,Zimbabwe,ZWE,1993,11256512.0,30.94
8234,Arab World,ARB,1994,244799607.0,51.3787911519932
8235,Caribbean small states,CSS,1994,6146503.0,40.17510029263789
8236,Central Europe and the Baltics,CEB,1994,110019570.0,61.751130812191
8237,East Asia & Pacific (all income levels),EAS,1994,1916918806.0,36.5330003514961
8238,East Asia & Pacific (developing only),EAP,1994,1694082971.0,31.3943399777295
8239,Euro area,EMU,1994,316145953.0,71.8787890384002
8240,Europe & Central Asia (all income levels),ECS,1994,854549337.0,67.9259909437396
8241,Europe & Central Asia (developing only),ECA,1994,242652404.0,56.8154205352646
8242,European Union,EUU,1994,483042019.0,71.0066119654427
8243,Fragile and conflict affected situations,FCS,1994,289632847.0,33.742042772304394
8244,Heavily indebted poor countries (HIPC),HPC,1994,400825087.0,26.7884085601957
8245,High income,HIC,1994,1236528925.0,75.6932667215992
8246,High income: nonOECD,NOC,1994,282394827.0,77.38982465830759
8247,High income: OECD,OEC,1994,954134098.0,75.2285823485013
8248,Latin America & Caribbean (all income levels),LCN,1994,478310786.0,72.4865415145897
8249,Latin America & Caribbean (developing only),LAC,1994,398881480.0,69.8907999855646
8250,Least developed countries: UN classification,LDC,1994,569720374.0,22.5664090360704
8251,Low & middle income,LMY,1994,4384485541.0,35.63727099307729
8252,Low income,LIC,1994,362123035.0,23.2942042042755
8253,Lower middle income,LMC,1994,2062007453.0,31.0660223002669
8254,Middle East & North Africa (all income levels),MEA,1994,277250339.0,56.1191749264299
8255,Middle East & North Africa (developing only),MNA,1994,247687836.0,53.1724824028621
8256,Middle income,MIC,1994,4022362506.0,36.7490368691912
8257,North America,NAC,1994,292297226.0,76.9333758271247
8258,OECD members,OED,1994,1104406531.0,74.3289131841036
8259,Other small states,OSS,1994,14511268.0,38.09784957385121
8260,Pacific island small states,PSS,1994,1802890.0,32.6052925708169
8261,Small states,SST,1994,22460661.0,38.2254030538031
8262,South Asia,SAS,1994,1233459616.0,25.9484590166503
8263,Sub-Saharan Africa (all income levels),SSF,1994,568228356.0,28.664859372646298
8264,Sub-Saharan Africa (developing only),SSA,1994,567721234.0,28.654396812041696
8265,Upper middle income,UMC,1994,1960355053.0,42.7209397203103
8266,World,WLD,1994,5621014466.0,44.334517849655285
8267,Afghanistan,AFG,1994,15869967.0,19.462
8268,Albania,ALB,1994,3207536.0,38.354
8269,Algeria,DZA,1994,28362015.0,55.219
8270,American Samoa,ASM,1994,51807.0,84.485
8271,Andorra,ADO,1994,62707.0,93.89
8272,Angola,AGO,1994,12648483.0,28.2
8273,Antigua and Barbuda,ATG,1994,66550.0,34.334
8274,Argentina,ARG,1994,34558114.0,87.96
8275,Armenia,ARM,1994,3289943.0,66.332
8276,Aruba,ABW,1994,76700.0,49.177
8277,Australia,AUS,1994,17855000.0,85.928
8278,Austria,AUT,1994,7936118.0,65.8
8279,Azerbaijan,AZE,1994,7597000.0,52.515
8280,"Bahamas, The",BHS,1994,275903.0,80.74
8281,Bahrain,BHR,1994,549151.0,88.39200000000001
8282,Bangladesh,BGD,1994,115913710.0,21.328000000000003
8283,Barbados,BRB,1994,264015.0,33.139
8284,Belarus,BLR,1994,10227000.0,67.541
8285,Belgium,BEL,1994,10115603.0,96.7
8286,Belize,BLZ,1994,201678.0,47.43899999999999
8287,Benin,BEN,1994,5786794.0,36.447
8288,Bermuda,BMU,1994,59320.0,100.0
8289,Bhutan,BTN,1994,511382.0,19.649
8290,Bolivia,BOL,1994,7418864.0,58.785
8291,Bosnia and Herzegovina,BIH,1994,3992256.0,39.432
8292,Botswana,BWA,1994,1539135.0,48.133
8293,Brazil,BRA,1994,160260508.0,76.903
8294,Brunei Darussalam,BRN,1994,287423.0,68.126
8295,Bulgaria,BGR,1994,8443591.0,67.557
8296,Burkina Faso,BFA,1994,9816586.0,14.86
8297,Burundi,BDI,1994,6134041.0,7.013999999999999
8298,Cabo Verde,CPV,1994,378763.0,47.834
8299,Cambodia,KHM,1994,10355253.0,16.945999999999998
8300,Cameroon,CMR,1994,13546823.0,41.985
8301,Canada,CAN,1994,29111906.0,77.414
8302,Cayman Islands,CYM,1994,30055.0,100.0
8303,Central African Republic,CAF,1994,3253698.0,37.149
8304,Chad,TCD,1994,6773104.0,21.44
8305,Channel Islands,CHI,1994,143388.0,30.706
8306,Chile,CHL,1994,13987999.0,84.223
8307,China,CHN,1994,1191835000.0,30.024
8308,Colombia,COL,1994,36823539.0,70.199
8309,Comoros,COM,1994,466309.0,28.346
8310,"Congo, Dem. Rep.",ZAR,1994,40804011.0,32.39
8311,"Congo, Rep.",COG,1994,2649964.0,55.996
8312,Costa Rica,CRI,1994,3425692.0,53.651
8313,Cote d'Ivoire,CIV,1994,13953779.0,40.835
8314,Croatia,HRV,1994,4650000.0,54.753
8315,Cuba,CUB,1994,10853435.0,74.127
8316,Curacao,CUW,1994,144630.0,86.969
8317,Cyprus,CYP,1994,837166.0,67.915
8318,Czech Republic,CZE,1994,10333587.0,74.77199999999999
8319,Denmark,DNK,1994,5206180.0,84.95200000000001
8320,Djibouti,DJI,1994,649878.0,76.25399999999999
8321,Dominica,DMA,1994,71372.0,64.744
8322,Dominican Republic,DOM,1994,7753052.0,56.751000000000005
8323,Ecuador,ECU,1994,11196476.0,57.254
8324,"Egypt, Arab Rep.",EGY,1994,61272847.0,42.946000000000005
8325,El Salvador,SLV,1994,5528012.0,52.677
8326,Equatorial Guinea,GNQ,1994,433197.0,38.831
8327,Eritrea,ERI,1994,3147871.0,16.367
8328,Estonia,EST,1994,1462514.0,70.487
8329,Ethiopia,ETH,1994,55366517.0,13.627
8330,Faeroe Islands,FRO,1994,44600.0,30.898000000000003
8331,Fiji,FJI,1994,765666.0,44.713
8332,Finland,FIN,1994,5088333.0,80.688
8333,France,FRA,1994,59327194.0,74.743
8334,French Polynesia,PYF,1994,211584.0,56.883
8335,Gabon,GAB,1994,1058625.0,74.214
8336,"Gambia, The",GMB,1994,1036627.0,42.472
8337,Georgia,GEO,1994,4861600.0,54.08
8338,Germany,DEU,1994,81438348.0,73.343
8339,Ghana,GHA,1994,16339344.0,39.39
8340,Greece,GRC,1994,10553035.0,71.998
8341,Greenland,GRL,1994,55500.0,80.703
8342,Grenada,GRD,1994,99403.0,34.286
8343,Guam,GUM,1994,142806.0,91.816
8344,Guatemala,GTM,1994,10106463.0,42.71
8345,Guinea,GIN,1994,7536389.0,29.182
8346,Guinea-Bissau,GNB,1994,1155111.0,31.857
8347,Guyana,GUY,1994,723230.0,29.226
8348,Haiti,HTI,1994,7674911.0,31.987
8349,Honduras,HND,1994,5455481.0,42.441
8350,"Hong Kong SAR, China",HKG,1994,6035400.0,100.0
8351,Hungary,HUN,1994,10343355.0,65.335
8352,Iceland,ISL,1994,266021.0,91.46
8353,India,IND,1994,942604211.0,26.399
8354,Indonesia,IDN,1994,193939912.0,34.933
8355,"Iran, Islamic Rep.",IRN,1994,59501292.0,59.38
8356,Iraq,IRQ,1994,19606895.0,68.96600000000001
8357,Ireland,IRL,1994,3590386.0,57.702
8358,Isle of Man,IMY,1994,71726.0,51.773
8359,Israel,ISR,1994,5399000.0,90.767
8360,Italy,ITA,1994,56843400.0,66.862
8361,Jamaica,JAM,1994,2460002.0,50.375
8362,Japan,JPN,1994,124961000.0,77.881
8363,Jordan,JOR,1994,4061000.0,77.74
8364,Kazakhstan,KAZ,1994,16095199.0,55.9
8365,Kenya,KEN,1994,26608089.0,17.952
8366,Kiribati,KIR,1994,76674.0,36.123000000000005
8367,"Korea, Dem. Rep.",PRK,1994,21478544.0,58.93899999999999
8368,"Korea, Rep.",KOR,1994,44641540.0,77.452
8369,Kyrgyz Republic,KGZ,1994,4515100.0,36.633
8370,Lao PDR,LAO,1994,4742685.0,16.854
8371,Latvia,LVA,1994,2520742.0,68.90100000000001
8372,Lebanon,LBN,1994,2974647.0,84.491
8373,Lesotho,LSO,1994,1725118.0,16.319000000000003
8374,Liberia,LBR,1994,2019148.0,48.981
8375,Libya,LBY,1994,4785488.0,75.94
8376,Liechtenstein,LIE,1994,30365.0,16.566
8377,Lithuania,LTU,1994,3657144.0,67.345
8378,Luxembourg,LUX,1994,402925.0,82.48200000000001
8379,"Macao SAR, China",MAC,1994,391783.0,99.891
8380,"Macedonia, FYR",MKD,1994,1956165.0,59.794
8381,Madagascar,MDG,1994,13039754.0,25.536
8382,Malawi,MWI,1994,9725612.0,12.907
8383,Malaysia,MYS,1994,20205992.0,54.402
8384,Maldives,MDV,1994,245000.0,25.586
8385,Mali,MLI,1994,9383608.0,25.069000000000003
8386,Malta,MLT,1994,367941.0,90.835
8387,Marshall Islands,MHL,1994,50577.0,66.396
8388,Mauritania,MRT,1994,2266745.0,44.462
8389,Mauritius,MUS,1994,1112846.0,43.407
8390,Mexico,MEX,1994,92663664.0,72.985
8391,"Micronesia, Fed. Sts.",FSM,1994,106057.0,25.554
8392,Moldova,MDA,1994,3691000.0,46.387
8393,Monaco,MCO,1994,30423.0,100.0
8394,Mongolia,MNG,1994,2280495.0,56.851000000000006
8395,Montenegro,MNE,1994,609231.0,52.317
8396,Morocco,MAR,1994,26747660.0,51.295
8397,Mozambique,MOZ,1994,15363065.0,26.984
8398,Myanmar,MMR,1994,44164109.0,25.296
8399,Namibia,NAM,1994,1605828.0,29.316
8400,Nepal,NPL,1994,20859421.0,10.442
8401,Netherlands,NLD,1994,15382838.0,71.962
8402,New Caledonia,NCL,1994,189482.0,59.979
8403,New Zealand,NZL,1994,3620000.0,85.234
8404,Nicaragua,NIC,1994,4520727.0,53.295
8405,Niger,NER,1994,9039088.0,15.691
8406,Nigeria,NGA,1994,105753088.0,31.691
8407,Northern Mariana Islands,MNP,1994,54817.0,89.59200000000001
8408,Norway,NOR,1994,4336613.0,73.453
8409,Oman,OMN,1994,2139539.0,71.688
8410,Pakistan,PAK,1994,119564925.0,31.582
8411,Palau,PLW,1994,16805.0,71.069
8412,Panama,PAN,1994,2682720.0,57.301
8413,Papua New Guinea,PNG,1994,4596131.0,14.262
8414,Paraguay,PRY,1994,4651222.0,51.488
8415,Peru,PER,1994,23619358.0,70.521
8416,Philippines,PHL,1994,68240134.0,48.35
8417,Poland,POL,1994,38542652.0,61.449
8418,Portugal,PRT,1994,9991525.0,50.449
8419,Puerto Rico,PRI,1994,3649237.0,93.578
8420,Qatar,QAT,1994,495179.0,94.614
8421,Romania,ROM,1994,22730211.0,53.922
8422,Russian Federation,RUS,1994,148336000.0,73.376
8423,Rwanda,RWA,1994,5995987.0,8.49
8424,Samoa,WSM,1994,168786.0,21.436
8425,San Marino,SMR,1994,25519.0,91.261
8426,Sao Tome and Principe,STP,1994,123318.0,47.673
8427,Saudi Arabia,SAU,1994,18373412.0,78.429
8428,Senegal,SEN,1994,8475136.0,39.476
8429,Serbia,SRB,1994,7734639.0,51.575
8430,Seychelles,SYC,1994,73925.0,49.441
8431,Sierra Leone,SLE,1994,3858559.0,34.192
8432,Singapore,SGP,1994,3419000.0,100.0
8433,Slovak Republic,SVK,1994,5346331.0,56.598
8434,Slovenia,SVN,1994,1989443.0,50.589
8435,Solomon Islands,SLB,1994,349250.0,14.462
8436,Somalia,SOM,1994,6278911.0,31.067
8437,South Africa,ZAF,1994,38283223.0,54.004
8438,South Sudan,SSD,1994,5425099.0,15.749
8439,Spain,ESP,1994,39294967.0,75.774
8440,Sri Lanka,LKA,1994,17891000.0,18.516
8441,St. Kitts and Nevis,KNA,1994,42363.0,33.904
8442,St. Lucia,LCA,1994,145262.0,28.965
8443,St. Vincent and the Grenadines,VCT,1994,108129.0,43.021
8444,Sudan,SDN,1994,23805536.0,32.179
8445,Suriname,SUR,1994,438280.0,66.002
8446,Swaziland,SWZ,1994,944223.0,23.02
8447,Sweden,SWE,1994,8780745.0,83.671
8448,Switzerland,CHE,1994,6993795.0,73.62899999999999
8449,Syrian Arab Republic,SYR,1994,13941025.0,49.764
8450,Tajikistan,TJK,1994,5702611.0,29.421
8451,Tanzania,TZA,1994,29030288.0,20.203
8452,Thailand,THA,1994,58722767.0,30.105
8453,Timor-Leste,TMP,1994,842752.0,22.199
8454,Togo,TGO,1994,4180689.0,30.275
8455,Tonga,TON,1994,95678.0,22.832
8456,Trinidad and Tobago,TTO,1994,1250316.0,9.395
8457,Tunisia,TUN,1994,8785700.0,61.078
8458,Turkey,TUR,1994,57608769.0,61.59
8459,Turkmenistan,TKM,1994,4095512.0,44.734
8460,Turks and Caicos Islands,TCA,1994,14597.0,78.888
8461,Tuvalu,TUV,1994,9188.0,43.563
8462,Uganda,UGA,1994,19791266.0,11.581
8463,Ukraine,UKR,1994,51921041.0,66.91199999999999
8464,United Arab Emirates,ARE,1994,2238281.0,78.467
8465,United Kingdom,GBR,1994,57865745.0,78.293
8466,United States,USA,1994,263126000.0,76.875
8467,Uruguay,URY,1994,3201604.0,90.245
8468,Uzbekistan,UZB,1994,22377000.0,38.8
8469,Vanuatu,VUT,1994,164209.0,19.868
8470,"Venezuela, RB",VEN,1994,21726808.0,85.868
8471,Vietnam,VNM,1994,70824500.0,21.8
8472,Virgin Islands (U.S.),VIR,1994,107317.0,89.934
8473,West Bank and Gaza,WBG,1994,2366298.0,69.72399999999999
8474,"Yemen, Rep.",YEM,1994,14633091.0,23.225
8475,Zambia,ZMB,1994,9018229.0,37.572
8476,Zimbabwe,ZWE,1994,11476807.0,31.335
8477,Arab World,ARB,1995,252465890.0,51.8702442230711
8478,Caribbean small states,CSS,1995,6197620.0,40.3917135239011
8479,Central Europe and the Baltics,CEB,1995,109913216.0,61.7159626035053
8480,East Asia & Pacific (all income levels),EAS,1995,1939948993.0,37.2953674220131
8481,East Asia & Pacific (developing only),EAP,1995,1715417437.0,32.2391247343448
8482,Euro area,EMU,1995,316909668.0,71.993043464373
8483,Europe & Central Asia (all income levels),ECS,1995,856102195.0,67.991984710938
8484,Europe & Central Asia (developing only),ECA,1995,243052945.0,56.870910273807
8485,European Union,EUU,1995,483999563.0,71.0938551622184
8486,Fragile and conflict affected situations,FCS,1995,297399140.0,33.9957327550781
8487,Heavily indebted poor countries (HIPC),HPC,1995,412815898.0,27.0868944312435
8488,High income,HIC,1995,1246418863.0,75.9357613722433
8489,High income: nonOECD,NOC,1995,286202901.0,77.65071421593271
8490,High income: OECD,OEC,1995,960215962.0,75.46264409414809
8491,Latin America & Caribbean (all income levels),LCN,1995,486343677.0,72.97023347090891
8492,Latin America & Caribbean (developing only),LAC,1995,405733941.0,70.42063602916821
8493,Least developed countries: UN classification,LDC,1995,585189354.0,22.8804920101366
8494,Low & middle income,LMY,1995,4459374255.0,36.11861893280521
8495,Low income,LIC,1995,372371977.0,23.5656366041342
8496,Lower middle income,LMC,1995,2102273232.0,31.3504039711097
8497,Middle East & North Africa (all income levels),MEA,1995,284848005.0,56.703432709268895
8498,Middle East & North Africa (developing only),MNA,1995,252835066.0,53.5211540102195
8499,Middle income,MIC,1995,4087002278.0,37.2629054661674
8500,North America,NAC,1995,295691746.0,77.3030911589937
8501,OECD members,OED,1995,1113165228.0,74.5836570933691
8502,Other small states,OSS,1995,14811146.0,38.665595984488
8503,Pacific island small states,PSS,1995,1831802.0,32.9545837410375
8504,Small states,SST,1995,22840568.0,38.6759454013676
8505,South Asia,SAS,1995,1258965823.0,26.1763630147072
8506,Sub-Saharan Africa (all income levels),SSF,1995,583892679.0,29.0194836999266
8507,Sub-Saharan Africa (developing only),SSA,1995,583369043.0,29.0092947249157
8508,Upper middle income,UMC,1995,1984729046.0,43.5195292634425
8509,World,WLD,1995,5705793118.0,44.70304938519
8510,Afghanistan,AFG,1995,16772522.0,19.757
8511,Albania,ALB,1995,3187784.0,38.911
8512,Algeria,DZA,1995,28904300.0,55.997
8513,American Samoa,ASM,1995,52874.0,85.28
8514,Andorra,ADO,1995,63854.0,93.661
8515,Angola,AGO,1995,13042666.0,28.88
8516,Antigua and Barbuda,ATG,1995,68349.0,33.961
8517,Argentina,ARG,1995,34994818.0,88.164
8518,Armenia,ARM,1995,3223173.0,66.057
8519,Aruba,ABW,1995,80326.0,48.767
8520,Australia,AUS,1995,18072000.0,86.10600000000001
8521,Austria,AUT,1995,7948278.0,65.8
8522,Azerbaijan,AZE,1995,7685000.0,52.206
8523,"Bahamas, The",BHS,1995,280151.0,80.961
8524,Bahrain,BHR,1995,563730.0,88.38799999999999
8525,Bangladesh,BGD,1995,118427768.0,21.693
8526,Barbados,BRB,1995,264962.0,33.262
8527,Belarus,BLR,1995,10194000.0,67.926
8528,Belgium,BEL,1995,10136811.0,96.777
8529,Belize,BLZ,1995,206962.0,47.484
8530,Benin,BEN,1995,5985658.0,36.758
8531,Bermuda,BMU,1995,59746.0,100.0
8532,Bhutan,BTN,1995,508897.0,20.537
8533,Bolivia,BOL,1995,7566716.0,59.4
8534,Bosnia and Herzegovina,BIH,1995,3879278.0,39.411
8535,Botswana,BWA,1995,1576291.0,48.981
8536,Brazil,BRA,1995,162755054.0,77.61
8537,Brunei Darussalam,BRN,1995,295010.0,68.64399999999999
8538,Bulgaria,BGR,1995,8406067.0,67.782
8539,Burkina Faso,BFA,1995,10089876.0,15.130999999999998
8540,Burundi,BDI,1995,6239030.0,7.211
8541,Cabo Verde,CPV,1995,389156.0,48.768
8542,Cambodia,KHM,1995,10694459.0,17.311
8543,Cameroon,CMR,1995,13929575.0,42.573
8544,Canada,CAN,1995,29354000.0,77.675
8545,Cayman Islands,CYM,1995,31672.0,100.0
8546,Central African Republic,CAF,1995,3335840.0,37.231
8547,Chad,TCD,1995,7001634.0,21.473000000000003
8548,Channel Islands,CHI,1995,144050.0,30.522
8549,Chile,CHL,1995,14193986.0,84.545
8550,China,CHN,1995,1204855000.0,30.961
8551,Colombia,COL,1995,37441980.0,70.516
8552,Comoros,COM,1995,479574.0,28.301
8553,"Congo, Dem. Rep.",ZAR,1995,42183620.0,32.838
8554,"Congo, Rep.",COG,1995,2721277.0,56.413
8555,Costa Rica,CRI,1995,3510925.0,54.559
8556,Cote d'Ivoire,CIV,1995,14404340.0,41.21
8557,Croatia,HRV,1995,4669000.0,54.892
8558,Cuba,CUB,1995,10906048.0,74.277
8559,Curacao,CUW,1995,145139.0,87.68
8560,Cyprus,CYP,1995,855389.0,68.038
8561,Czech Republic,CZE,1995,10327253.0,74.643
8562,Denmark,DNK,1995,5233373.0,84.979
8563,Djibouti,DJI,1995,661076.0,76.3
8564,Dominica,DMA,1995,71367.0,64.831
8565,Dominican Republic,DOM,1995,7892420.0,57.596
8566,Ecuador,ECU,1995,11440576.0,57.766000000000005
8567,"Egypt, Arab Rep.",EGY,1995,62434527.0,42.81399999999999
8568,El Salvador,SLV,1995,5588743.0,53.967
8569,Equatorial Guinea,GNQ,1995,448332.0,38.834
8570,Eritrea,ERI,1995,3164095.0,16.535999999999998
8571,Estonia,EST,1995,1436634.0,70.3
8572,Ethiopia,ETH,1995,57237226.0,13.827
8573,Faeroe Islands,FRO,1995,44099.0,30.926
8574,Fiji,FJI,1995,775498.0,45.496
8575,Finland,FIN,1995,5107790.0,80.96300000000001
8576,France,FRA,1995,59541900.0,74.91199999999999
8577,French Polynesia,PYF,1995,215200.0,56.638000000000005
8578,Gabon,GAB,1995,1086449.0,75.358
8579,"Gambia, The",GMB,1995,1065746.0,43.362
8580,Georgia,GEO,1995,4734000.0,53.841
8581,Germany,DEU,1995,81678051.0,73.286
8582,Ghana,GHA,1995,16760991.0,40.14
8583,Greece,GRC,1995,10634385.0,72.119
8584,Greenland,GRL,1995,55800.0,80.902
8585,Grenada,GRD,1995,100253.0,34.548
8586,Guam,GUM,1995,145562.0,92.055
8587,Guatemala,GTM,1995,10357354.0,43.11
8588,Guinea,GIN,1995,7863033.0,29.475
8589,Guinea-Bissau,GNB,1995,1180877.0,32.633
8590,Guyana,GUY,1995,726695.0,29.137
8591,Haiti,HTI,1995,7819806.0,32.59
8592,Honduras,HND,1995,5591136.0,42.941
8593,"Hong Kong SAR, China",HKG,1995,6156100.0,100.0
8594,Hungary,HUN,1995,10328965.0,65.209
8595,Iceland,ISL,1995,267468.0,91.63
8596,India,IND,1995,960874982.0,26.607
8597,Indonesia,IDN,1995,196957845.0,36.076
8598,"Iran, Islamic Rep.",IRN,1995,60318632.0,60.236
8599,Iraq,IRQ,1995,20217759.0,68.78
8600,Ireland,IRL,1995,3608841.0,57.92
8601,Isle of Man,IMY,1995,72181.0,51.783
8602,Israel,ISR,1995,5545000.0,90.866
8603,Italy,ITA,1995,56844303.0,66.922
8604,Jamaica,JAM,1995,2480000.0,50.615
8605,Japan,JPN,1995,125439000.0,78.016
8606,Jordan,JOR,1995,4195000.0,78.365
8607,Kazakhstan,KAZ,1995,15815626.0,55.92100000000001
8608,Kenya,KEN,1995,27373035.0,18.263
8609,Kiribati,KIR,1995,77727.0,36.409
8610,"Korea, Dem. Rep.",PRK,1995,21763670.0,59.018
8611,"Korea, Rep.",KOR,1995,45092991.0,78.23899999999999
8612,Kuwait,KWT,1995,1637031.0,98.043
8613,Kyrgyz Republic,KGZ,1995,4560400.0,36.349
8614,Lao PDR,LAO,1995,4857774.0,17.378
8615,Latvia,LVA,1995,2485056.0,68.75
8616,Lebanon,LBN,1995,3033406.0,84.82
8617,Lesotho,LSO,1995,1753824.0,16.955
8618,Liberia,LBR,1995,2079921.0,45.96
8619,Libya,LBY,1995,4878202.0,75.994
8620,Liechtenstein,LIE,1995,30833.0,16.482
8621,Lithuania,LTU,1995,3629102.0,67.285
8622,Luxembourg,LUX,1995,408625.0,82.89299999999999
8623,"Macao SAR, China",MAC,1995,398459.0,99.91
8624,"Macedonia, FYR",MKD,1995,1953544.0,59.587
8625,Madagascar,MDG,1995,13452526.0,25.796
8626,Malawi,MWI,1995,9822812.0,13.263
8627,Malaysia,MYS,1995,20725374.0,55.688
8628,Maldives,MDV,1995,255000.0,25.638
8629,Mali,MLI,1995,9640643.0,25.519
8630,Malta,MLT,1995,370433.0,90.946
8631,Marshall Islands,MHL,1995,51020.0,66.727
8632,Mauritania,MRT,1995,2333966.0,45.254
8633,Mauritius,MUS,1995,1122457.0,43.284
8634,Mexico,MEX,1995,94426946.0,73.368
8635,"Micronesia, Fed. Sts.",FSM,1995,107556.0,25.068
8636,Moldova,MDA,1995,3675099.0,46.294
8637,Monaco,MCO,1995,30700.0,100.0
8638,Mongolia,MNG,1995,2298038.0,56.805
8639,Montenegro,MNE,1995,608388.0,53.365
8640,Morocco,MAR,1995,27161889.0,51.692
8641,Mozambique,MOZ,1995,15913101.0,27.495
8642,Myanmar,MMR,1995,44710931.0,25.525
8643,Namibia,NAM,1995,1654214.0,29.813
8644,Nepal,NPL,1995,21390905.0,10.895
8645,Netherlands,NLD,1995,15459006.0,72.809
8646,New Caledonia,NCL,1995,193816.0,60.09
8647,New Zealand,NZL,1995,3673400.0,85.333
8648,Nicaragua,NIC,1995,4612229.0,53.534
8649,Niger,NER,1995,9361912.0,15.773
8650,Nigeria,NGA,1995,108424822.0,32.205
8651,Northern Mariana Islands,MNP,1995,57518.0,89.557
8652,Norway,NOR,1995,4359184.0,73.764
8653,Oman,OMN,1995,2191864.0,71.669
8654,Pakistan,PAK,1995,122599749.0,31.836
8655,Palau,PLW,1995,17255.0,71.431
8656,Panama,PAN,1995,2738125.0,58.141000000000005
8657,Papua New Guinea,PNG,1995,4715929.0,14.081
8658,Paraguay,PRY,1995,4760853.0,52.131
8659,Peru,PER,1995,24038761.0,70.95100000000001
8660,Philippines,PHL,1995,69835713.0,48.29
8661,Poland,POL,1995,38594998.0,61.493
8662,Portugal,PRT,1995,10026176.0,51.109
8663,Puerto Rico,PRI,1995,3683103.0,93.729
8664,Qatar,QAT,1995,501019.0,94.998
8665,Romania,ROM,1995,22684270.0,53.769
8666,Russian Federation,RUS,1995,148375726.0,73.372
8667,Rwanda,RWA,1995,5912755.0,9.837
8668,Samoa,WSM,1995,170158.0,21.526
8669,San Marino,SMR,1995,25875.0,91.664
8670,Sao Tome and Principe,STP,1995,125694.0,48.631
8671,Saudi Arabia,SAU,1995,18853670.0,78.67
8672,Senegal,SEN,1995,8710746.0,39.62
8673,Serbia,SRB,1995,7625357.0,51.844
8674,Seychelles,SYC,1995,75304.0,49.52
8675,Sierra Leone,SLE,1995,3837807.0,34.429
8676,Singapore,SGP,1995,3524500.0,100.0
8677,Slovak Republic,SVK,1995,5361999.0,56.537
8678,Slovenia,SVN,1995,1989872.0,50.61600000000001
8679,Solomon Islands,SLB,1995,359236.0,14.664
8680,Somalia,SOM,1995,6346440.0,31.425
8681,South Africa,ZAF,1995,39120000.0,54.486
8682,South Sudan,SSD,1995,5452771.0,15.873
8683,Spain,ESP,1995,39387017.0,75.85600000000001
8684,Sri Lanka,LKA,1995,18136000.0,18.504
8685,St. Kitts and Nevis,KNA,1995,42888.0,33.715
8686,St. Lucia,LCA,1995,147040.0,28.765
8687,St. Vincent and the Grenadines,VCT,1995,108122.0,43.38
8688,Sudan,SDN,1995,24691970.0,32.232
8689,Suriname,SUR,1995,445830.0,66.07600000000001
8690,Swaziland,SWZ,1995,963428.0,23.048
8691,Sweden,SWE,1995,8826939.0,83.824
8692,Switzerland,CHE,1995,7040687.0,73.578
8693,Syrian Arab Republic,SYR,1995,14331962.0,50.104
8694,Tajikistan,TJK,1995,5784330.0,28.877
8695,Tanzania,TZA,1995,29903329.0,20.543000000000003
8696,Thailand,THA,1995,59266089.0,30.276
8697,Timor-Leste,TMP,1995,856439.0,22.534
8698,Togo,TGO,1995,4284286.0,30.705
8699,Tonga,TON,1995,95889.0,22.864
8700,Trinidad and Tobago,TTO,1995,1255001.0,9.622
8701,Tunisia,TUN,1995,8957500.0,61.474
8702,Turkey,TUR,1995,58522320.0,62.123000000000005
8703,Turkmenistan,TKM,1995,4188010.0,44.794
8704,Turks and Caicos Islands,TCA,1995,15334.0,79.928
8705,Tuvalu,TUV,1995,9227.0,43.97
8706,Uganda,UGA,1995,20412967.0,11.663
8707,Ukraine,UKR,1995,51512299.0,66.95100000000001
8708,United Arab Emirates,ARE,1995,2350192.0,78.319
8709,United Kingdom,GBR,1995,58019030.0,78.35300000000001
8710,United States,USA,1995,266278000.0,77.257
8711,Uruguay,URY,1995,3224807.0,90.542
8712,Uzbekistan,UZB,1995,22785000.0,38.44
8713,Vanuatu,VUT,1995,168236.0,20.164
8714,"Venezuela, RB",VEN,1995,22188671.0,86.24
8715,Vietnam,VNM,1995,71995500.0,22.187
8716,Virgin Islands (U.S.),VIR,1995,107817.0,90.437
8717,West Bank and Gaza,WBG,1995,2474666.0,70.21600000000001
8718,"Yemen, Rep.",YEM,1995,15266147.0,23.76
8719,Zambia,ZMB,1995,9253527.0,37.104
8720,Zimbabwe,ZWE,1995,11683136.0,31.732
8721,Arab World,ARB,1996,258300051.0,52.0480983905845
8722,Caribbean small states,CSS,1996,6258158.0,40.628332088931
8723,Central Europe and the Baltics,CEB,1996,109563097.0,61.6958129204033
8724,East Asia & Pacific (all income levels),EAS,1996,1962640188.0,38.0674957538103
8725,East Asia & Pacific (developing only),EAP,1996,1736435473.0,33.0989280625345
8726,Euro area,EMU,1996,317684325.0,72.10659315104071
8727,Europe & Central Asia (all income levels),ECS,1996,857333424.0,68.0533686936744
8728,Europe & Central Asia (developing only),ECA,1996,243653269.0,56.92043654942
8729,European Union,EUU,1996,484682026.0,71.1864827331084
8730,Fragile and conflict affected situations,FCS,1996,305025311.0,34.2601809308824
8731,Heavily indebted poor countries (HIPC),HPC,1996,424741843.0,27.3743332546636
8732,High income,HIC,1996,1254142817.0,76.1423322522749
8733,High income: nonOECD,NOC,1996,288040686.0,77.8248568675402
8734,High income: OECD,OEC,1996,966102131.0,75.6780888691788
8735,Latin America & Caribbean (all income levels),LCN,1996,494384205.0,73.4312375449812
8736,Latin America & Caribbean (developing only),LAC,1996,412605665.0,70.923770347569
8737,Least developed countries: UN classification,LDC,1996,600664665.0,23.191947078222103
8738,Low & middle income,LMY,1996,4534496929.0,36.60330740961
8739,Low income,LIC,1996,382697537.0,23.827145364102503
8740,Lower middle income,LMC,1996,2142621760.0,31.6389311351553
8741,Middle East & North Africa (all income levels),MEA,1996,290827337.0,57.0370062471466
8742,Middle East & North Africa (developing only),MNA,1996,258014220.0,53.8631012128014
8743,Middle income,MIC,1996,4151799392.0,37.781551837676
8744,North America,NAC,1996,299126029.0,77.67174203653141
8745,OECD members,OED,1996,1121735329.0,74.8155838638876
8746,Other small states,OSS,1996,15107874.0,39.242804982039
8747,Pacific island small states,PSS,1996,1858774.0,33.3224500030665
8748,Small states,SST,1996,23224806.0,39.14230947249629
8749,South Asia,SAS,1996,1284469918.0,26.408887795792108
8750,Sub-Saharan Africa (all income levels),SSF,1996,599858645.0,29.366544263765697
8751,Sub-Saharan Africa (developing only),SSA,1996,599318384.0,29.356639216824004
8752,Upper middle income,UMC,1996,2009177632.0,44.3258613982309
8753,World,WLD,1996,5788639746.0,45.0573695379699
8754,Afghanistan,AFG,1996,17481800.0,20.055
8755,Albania,ALB,1996,3168033.0,39.473
8756,Algeria,DZA,1996,29411839.0,56.774
8757,American Samoa,ASM,1996,53926.0,86.04299999999999
8758,Andorra,ADO,1996,64291.0,93.425
8759,Angola,AGO,1996,13424813.0,29.57
8760,Antigua and Barbuda,ATG,1996,70245.0,33.59
8761,Argentina,ARG,1996,35419683.0,88.366
8762,Armenia,ARM,1996,3173425.0,65.781
8763,Aruba,ABW,1996,83195.0,48.356
8764,Australia,AUS,1996,18311000.0,86.28299999999999
8765,Austria,AUT,1996,7959017.0,65.8
8766,Azerbaijan,AZE,1996,7763000.0,51.896
8767,"Bahamas, The",BHS,1996,283792.0,81.18
8768,Bahrain,BHR,1996,579855.0,88.385
8769,Bangladesh,BGD,1996,120987124.0,22.064
8770,Barbados,BRB,1996,265940.0,33.386
8771,Belarus,BLR,1996,10160000.0,68.308
8772,Belgium,BEL,1996,10156637.0,96.851
8773,Belize,BLZ,1996,213674.0,47.528
8774,Benin,BEN,1996,6176318.0,37.071
8775,Bermuda,BMU,1996,60129.0,100.0
8776,Bhutan,BTN,1996,512377.0,21.456
8777,Bolivia,BOL,1996,7717445.0,59.891000000000005
8778,Bosnia and Herzegovina,BIH,1996,3810649.0,39.39
8779,Botswana,BWA,1996,1611827.0,49.83
8780,Brazil,BRA,1996,165303155.0,78.30199999999999
8781,Brunei Darussalam,BRN,1996,302449.0,69.158
8782,Bulgaria,BGR,1996,8362826.0,68.007
8783,Burkina Faso,BFA,1996,10372809.0,15.407
8784,Burundi,BDI,1996,6333415.0,7.412000000000001
8785,Cabo Verde,CPV,1996,399508.0,49.70399999999999
8786,Cambodia,KHM,1996,11022162.0,17.683
8787,Cameroon,CMR,1996,14317191.0,43.164
8788,Canada,CAN,1996,29671900.0,77.95100000000001
8789,Cayman Islands,CYM,1996,33535.0,100.0
8790,Central African Republic,CAF,1996,3417163.0,37.312
8791,Chad,TCD,1996,7242018.0,21.506
8792,Channel Islands,CHI,1996,144832.0,30.4
8793,Chile,CHL,1996,14396020.0,84.861
8794,China,CHN,1996,1217550000.0,31.916
8795,Colombia,COL,1996,38049040.0,70.832
8796,Comoros,COM,1996,492979.0,28.257
8797,"Congo, Dem. Rep.",ZAR,1996,43424997.0,33.289
8798,"Congo, Rep.",COG,1996,2795903.0,56.832
8799,Costa Rica,CRI,1996,3596733.0,55.465
8800,Cote d'Ivoire,CIV,1996,14852193.0,41.587
8801,Croatia,HRV,1996,4494000.0,55.031000000000006
8802,Cuba,CUB,1996,10955372.0,74.426
8803,Curacao,CUW,1996,146306.0,88.35799999999999
8804,Cyprus,CYP,1996,873246.0,68.161
8805,Czech Republic,CZE,1996,10315241.0,74.513
8806,Denmark,DNK,1996,5263074.0,85.006
8807,Djibouti,DJI,1996,673202.0,76.347
8808,Dominica,DMA,1996,71146.0,64.918
8809,Dominican Republic,DOM,1996,8029114.0,58.437
8810,Ecuador,ECU,1996,11683480.0,58.277
8811,"Egypt, Arab Rep.",EGY,1996,63595629.0,42.681
8812,El Salvador,SLV,1996,5643363.0,55.254
8813,Equatorial Guinea,GNQ,1996,463844.0,38.829
8814,Eritrea,ERI,1996,3202598.0,16.717
8815,Estonia,EST,1996,1415594.0,70.111
8816,Ethiopia,ETH,1996,59076414.0,14.005999999999998
8817,Faeroe Islands,FRO,1996,44081.0,33.035
8818,Fiji,FJI,1996,784479.0,46.282
8819,Finland,FIN,1996,5124573.0,81.223
8820,France,FRA,1996,59753098.0,75.082
8821,French Polynesia,PYF,1996,219282.0,56.393
8822,Gabon,GAB,1996,1114879.0,76.431
8823,"Gambia, The",GMB,1996,1095839.0,44.258
8824,Georgia,GEO,1996,4616100.0,53.6
8825,Germany,DEU,1996,81914831.0,73.232
8826,Ghana,GHA,1996,17169214.0,40.896
8827,Greece,GRC,1996,10709173.0,72.23899999999999
8828,Greenland,GRL,1996,55900.0,81.1
8829,Grenada,GRD,1996,100796.0,34.811
8830,Guam,GUM,1996,148060.0,92.287
8831,Guatemala,GTM,1996,10612300.0,43.512
8832,Guinea,GIN,1996,8124799.0,29.77
8833,Guinea-Bissau,GNB,1996,1207006.0,33.42
8834,Guyana,GUY,1996,730193.0,29.048
8835,Haiti,HTI,1996,7965548.0,33.2
8836,Honduras,HND,1996,5724587.0,43.442
8837,"Hong Kong SAR, China",HKG,1996,6435500.0,100.0
8838,Hungary,HUN,1996,10311238.0,65.083
8839,Iceland,ISL,1996,268916.0,91.797
8840,India,IND,1996,979290432.0,26.817
8841,Indonesia,IDN,1996,199926615.0,37.235
8842,"Iran, Islamic Rep.",IRN,1996,61306632.0,61.087
8843,Iraq,IRQ,1996,20855408.0,68.593
8844,Ireland,IRL,1996,3637510.0,58.144
8845,Isle of Man,IMY,1996,72899.0,51.792
8846,Israel,ISR,1996,5692000.0,90.943
8847,Italy,ITA,1996,56860281.0,66.982
8848,Jamaica,JAM,1996,2509923.0,50.855
8849,Japan,JPN,1996,125757000.0,78.145
8850,Jordan,JOR,1996,4325000.0,78.66
8851,Kazakhstan,KAZ,1996,15577894.0,55.943000000000005
8852,Kenya,KEN,1996,28116027.0,18.579
8853,Kiribati,KIR,1996,78907.0,37.386
8854,"Korea, Dem. Rep.",PRK,1996,22016510.0,59.097
8855,"Korea, Rep.",KOR,1996,45524681.0,78.66199999999999
8856,Kuwait,KWT,1996,1637906.0,98.057
8857,Kyrgyz Republic,KGZ,1996,4628400.0,36.066
8858,Lao PDR,LAO,1996,4966303.0,18.234
8859,Latvia,LVA,1996,2457222.0,68.65
8860,Lebanon,LBN,1996,3070974.0,85.14200000000001
8861,Lesotho,LSO,1996,1779201.0,17.570999999999998
8862,Liberia,LBR,1996,2197801.0,42.964
8863,Libya,LBY,1996,4970391.0,76.048
8864,Liechtenstein,LIE,1996,31327.0,16.29
8865,Lithuania,LTU,1996,3601613.0,67.225
8866,Luxembourg,LUX,1996,414225.0,82.825
8867,"Macao SAR, China",MAC,1996,405231.0,99.98
8868,"Macedonia, FYR",MKD,1996,1958303.0,59.38
8869,Madagascar,MDG,1996,13882646.0,26.058000000000003
8870,Malawi,MWI,1996,10006767.0,13.629
8871,Malaysia,MYS,1996,21260881.0,56.969
8872,Maldives,MDV,1996,262000.0,26.008000000000003
8873,Mali,MLI,1996,9901045.0,25.975
8874,Malta,MLT,1996,372687.0,91.181
8875,Marshall Islands,MHL,1996,51397.0,67.058
8876,Mauritania,MRT,1996,2403779.0,46.049
8877,Mauritius,MUS,1996,1133996.0,43.161
8878,Mexico,MEX,1996,96181710.0,73.67
8879,"Micronesia, Fed. Sts.",FSM,1996,108342.0,24.473000000000003
8880,Moldova,MDA,1996,3667748.0,46.2
8881,Monaco,MCO,1996,30971.0,100.0
8882,Mongolia,MNG,1996,2316571.0,56.76
8883,Montenegro,MNE,1996,607502.0,54.412
8884,Morocco,MAR,1996,27556892.0,52.022
8885,Mozambique,MOZ,1996,16410777.0,28.013
8886,Myanmar,MMR,1996,45290888.0,25.773000000000003
8887,Namibia,NAM,1996,1705349.0,30.316
8888,Nepal,NPL,1996,21902534.0,11.367
8889,Netherlands,NLD,1996,15530498.0,73.64
8890,New Caledonia,NCL,1996,197564.0,60.2
8891,New Zealand,NZL,1996,3732000.0,85.421
8892,Nicaragua,NIC,1996,4700777.0,53.775
8893,Niger,NER,1996,9701730.0,15.855
8894,Nigeria,NGA,1996,111164651.0,32.725
8895,Northern Mariana Islands,MNP,1996,60248.0,89.655
8896,Norway,NOR,1996,4381336.0,74.039
8897,Oman,OMN,1996,2219768.0,71.649
8898,Pakistan,PAK,1996,125697651.0,32.092
8899,Palau,PLW,1996,17695.0,71.158
8900,Panama,PAN,1996,2794845.0,58.978
8901,Papua New Guinea,PNG,1996,4840311.0,13.901
8902,Paraguay,PRY,1996,4870695.0,52.774
8903,Peru,PER,1996,24441076.0,71.377
8904,Philippines,PHL,1996,71437381.0,48.23
8905,Poland,POL,1996,38624370.0,61.538
8906,Portugal,PRT,1996,10063945.0,51.77
8907,Puerto Rico,PRI,1996,3724655.0,93.876
8908,Qatar,QAT,1996,511864.0,95.356
8909,Romania,ROM,1996,22619004.0,53.61600000000001
8910,Russian Federation,RUS,1996,148160042.0,73.367
8911,Rwanda,RWA,1996,6097688.0,11.374
8912,Samoa,WSM,1996,171276.0,21.616
8913,San Marino,SMR,1996,26201.0,92.052
8914,Sao Tome and Principe,STP,1996,127946.0,49.592
8915,Saudi Arabia,SAU,1996,19331311.0,78.91
8916,Senegal,SEN,1996,8939438.0,39.765
8917,Serbia,SRB,1996,7617794.0,52.114
8918,Seychelles,SYC,1996,76417.0,49.613
8919,Sierra Leone,SLE,1996,3833053.0,34.667
8920,Singapore,SGP,1996,3670700.0,100.0
8921,Slovak Republic,SVK,1996,5373361.0,56.476000000000006
8922,Slovenia,SVN,1996,1988628.0,50.643
8923,Solomon Islands,SLB,1996,369438.0,14.869000000000002
8924,Somalia,SOM,1996,6480888.0,31.785
8925,South Africa,ZAF,1996,40000247.0,54.967
8926,South Sudan,SSD,1996,5584223.0,15.997
8927,Spain,ESP,1996,39478186.0,75.938
8928,Sri Lanka,LKA,1996,18336000.0,18.492
8929,St. Kitts and Nevis,KNA,1996,43391.0,33.526
8930,St. Lucia,LCA,1996,148962.0,28.565
8931,St. Vincent and the Grenadines,VCT,1996,108078.0,43.74100000000001
8932,Sudan,SDN,1996,25466387.0,32.284
8933,Suriname,SUR,1996,453653.0,66.15
8934,Swaziland,SWZ,1996,984506.0,23.076
8935,Sweden,SWE,1996,8840998.0,83.914
8936,Switzerland,CHE,1996,7071850.0,73.527
8937,Syrian Arab Republic,SYR,1996,14736209.0,50.473
8938,Tajikistan,TJK,1996,5862224.0,28.338
8939,Tanzania,TZA,1996,30733937.0,20.888
8940,Thailand,THA,1996,59878955.0,30.449
8941,Timor-Leste,TMP,1996,859496.0,22.873
8942,Togo,TGO,1996,4392941.0,31.139
8943,Tonga,TON,1996,96174.0,22.897
8944,Trinidad and Tobago,TTO,1996,1258365.0,9.854
8945,Tunisia,TUN,1996,9089300.0,61.87
8946,Turkey,TUR,1996,59451488.0,62.653
8947,Turkmenistan,TKM,1996,4267690.0,45.018
8948,Turks and Caicos Islands,TCA,1996,15967.0,80.93
8949,Tuvalu,TUV,1996,9264.0,44.379
8950,Uganda,UGA,1996,21041468.0,11.746
8951,Ukraine,UKR,1996,51057189.0,66.99
8952,United Arab Emirates,ARE,1996,2467726.0,78.493
8953,United Kingdom,GBR,1996,58166950.0,78.413
8954,United States,USA,1996,269394000.0,77.63600000000001
8955,Uruguay,URY,1996,3248039.0,90.835
8956,Uzbekistan,UZB,1996,23225000.0,38.08
8957,Vanuatu,VUT,1996,171802.0,20.464
8958,"Venezuela, RB",VEN,1996,22649212.0,86.605
8959,Vietnam,VNM,1996,73156700.0,22.579
8960,Virgin Islands (U.S.),VIR,1996,108093.0,90.917
8961,West Bank and Gaza,WBG,1996,2587997.0,70.705
8962,"Yemen, Rep.",YEM,1996,15834747.0,24.249
8963,Zambia,ZMB,1996,9502346.0,36.638000000000005
8964,Zimbabwe,ZWE,1996,11877664.0,32.132
8965,Arab World,ARB,1997,264052700.0,52.27009003015311
8966,Caribbean small states,CSS,1997,6312682.0,40.8572035569034
8967,Central Europe and the Baltics,CEB,1997,109459093.0,61.6616566303815
8968,East Asia & Pacific (all income levels),EAS,1997,1984861851.0,38.8360109113611
8969,East Asia & Pacific (developing only),EAP,1997,1757273497.0,33.9676955579374
8970,Euro area,EMU,1997,318394013.0,72.2167687413268
8971,Europe & Central Asia (all income levels),ECS,1997,858726155.0,68.1106078672847
8972,Europe & Central Asia (developing only),ECA,1997,244288869.0,56.97977867794791
8973,European Union,EUU,1997,485524343.0,71.2668768614121
8974,Fragile and conflict affected situations,FCS,1997,312569145.0,34.557281655740105
8975,Heavily indebted poor countries (HIPC),HPC,1997,436671177.0,27.6713015901437
8976,High income,HIC,1997,1261864853.0,76.3354760314971
8977,High income: nonOECD,NOC,1997,289904172.0,77.9645991217425
8978,High income: OECD,OEC,1997,971960681.0,75.8858754024773
8979,Latin America & Caribbean (all income levels),LCN,1997,502390020.0,73.90181771025951
8980,Latin America & Caribbean (developing only),LAC,1997,419468647.0,71.4395773991232
8981,Least developed countries: UN classification,LDC,1997,616192978.0,23.511915929709
8982,Low & middle income,LMY,1997,4609883929.0,37.0942805417431
8983,Low income,LIC,1997,393134571.0,24.0991001841224
8984,Lower middle income,LMC,1997,2183096828.0,31.9354427316016
8985,Middle East & North Africa (all income levels),MEA,1997,296885404.0,57.3904164884273
8986,Middle East & North Africa (developing only),MNA,1997,263229416.0,54.2184217411211
8987,Middle income,MIC,1997,4216749358.0,38.3064422086736
8988,North America,NAC,1997,302704697.0,78.04528452361609
8989,OECD members,OED,1997,1130280610.0,75.037370186784
8990,Other small states,OSS,1997,15399398.0,39.8053031411714
8991,Pacific island small states,PSS,1997,1884253.0,33.564899200903504
8992,Small states,SST,1997,23596333.0,39.588406914236295
8993,South Asia,SAS,1997,1310019343.0,26.6439033558698
8994,Sub-Saharan Africa (all income levels),SSF,1997,616161312.0,29.7189399306297
8995,Sub-Saharan Africa (developing only),SSA,1997,615604157.0,29.709331617132
8996,Upper middle income,UMC,1997,2033652530.0,45.1390802081708
8997,World,WLD,1997,5871748782.0,45.4162581506848
8998,Afghanistan,AFG,1997,18034130.0,20.356
8999,Albania,ALB,1997,3148281.0,40.035
9000,Algeria,DZA,1997,29887717.0,57.544
9001,American Samoa,ASM,1997,54942.0,86.771
9002,Andorra,ADO,1997,64147.0,93.18
9003,Angola,AGO,1997,13801868.0,30.268
9004,Antigua and Barbuda,ATG,1997,72232.0,33.221
9005,Argentina,ARG,1997,35833965.0,88.564
9006,Armenia,ARM,1997,3137652.0,65.50399999999999
9007,Aruba,ABW,1997,85447.0,47.946000000000005
9008,Australia,AUS,1997,18517000.0,86.50399999999999
9009,Austria,AUT,1997,7968041.0,65.8
9010,Azerbaijan,AZE,1997,7838250.0,51.588
9011,"Bahamas, The",BHS,1997,286968.0,81.396
9012,Bahrain,BHR,1997,597834.0,88.382
9013,Bangladesh,BGD,1997,123574107.0,22.438
9014,Barbados,BRB,1997,266944.0,33.509
9015,Belarus,BLR,1997,10117000.0,68.687
9016,Belgium,BEL,1997,10181245.0,96.924
9017,Belize,BLZ,1997,221608.0,47.573
9018,Benin,BEN,1997,6361301.0,37.385
9019,Bermuda,BMU,1997,60497.0,100.0
9020,Bhutan,BTN,1997,520917.0,22.401
9021,Bolivia,BOL,1997,7870860.0,60.38
9022,Bosnia and Herzegovina,BIH,1997,3779354.0,39.369
9023,Botswana,BWA,1997,1645846.0,50.677
9024,Brazil,BRA,1997,167893835.0,79.048
9025,Brunei Darussalam,BRN,1997,309746.0,69.666
9026,Bulgaria,BGR,1997,8312068.0,68.23100000000001
9027,Burkina Faso,BFA,1997,10665781.0,15.875
9028,Burundi,BDI,1997,6420397.0,7.617999999999999
9029,Cabo Verde,CPV,1997,409805.0,50.637
9030,Cambodia,KHM,1997,11338733.0,18.06
9031,Cameroon,CMR,1997,14709961.0,43.755
9032,Canada,CAN,1997,29987200.0,78.34
9033,Cayman Islands,CYM,1997,35596.0,100.0
9034,Central African Republic,CAF,1997,3497910.0,37.394
9035,Chad,TCD,1997,7494143.0,21.538
9036,Channel Islands,CHI,1997,145709.0,30.416
9037,Chile,CHL,1997,14594070.0,85.17200000000001
9038,China,CHN,1997,1230075000.0,32.883
9039,Colombia,COL,1997,38645409.0,71.146
9040,Comoros,COM,1997,506525.0,28.213
9041,"Congo, Dem. Rep.",ZAR,1997,44558347.0,33.742
9042,"Congo, Rep.",COG,1997,2873638.0,57.299
9043,Costa Rica,CRI,1997,3682725.0,56.365
9044,Cote d'Ivoire,CIV,1997,15296390.0,41.964
9045,Croatia,HRV,1997,4572000.0,55.17
9046,Cuba,CUB,1997,11000431.0,74.618
9047,Curacao,CUW,1997,146956.0,89.00200000000001
9048,Cyprus,CYP,1997,890733.0,68.283
9049,Czech Republic,CZE,1997,10304131.0,74.382
9050,Denmark,DNK,1997,5284991.0,85.03299999999999
9051,Djibouti,DJI,1997,685644.0,76.393
9052,Dominica,DMA,1997,70756.0,65.005
9053,Dominican Republic,DOM,1997,8163474.0,59.272
9054,Ecuador,ECU,1997,11924991.0,58.785
9055,"Egypt, Arab Rep.",EGY,1997,64754566.0,42.658
9056,El Salvador,SLV,1997,5692300.0,56.53
9057,Equatorial Guinea,GNQ,1997,479836.0,38.823
9058,Eritrea,ERI,1997,3260612.0,16.908
9059,Estonia,EST,1997,1399535.0,69.923
9060,Ethiopia,ETH,1997,60893264.0,14.186
9061,Faeroe Islands,FRO,1997,44467.0,35.354
9062,Fiji,FJI,1997,792859.0,46.732
9063,Finland,FIN,1997,5139835.0,81.46600000000001
9064,France,FRA,1997,59964845.0,75.25
9065,French Polynesia,PYF,1997,223734.0,56.29
9066,Gabon,GAB,1997,1143838.0,77.437
9067,"Gambia, The",GMB,1997,1126786.0,45.155
9068,Georgia,GEO,1997,4531600.0,53.36
9069,Germany,DEU,1997,82034771.0,73.17
9070,Ghana,GHA,1997,17568583.0,41.654
9071,Greece,GRC,1997,10776504.0,72.358
9072,Greenland,GRL,1997,56000.0,81.226
9073,Grenada,GRD,1997,101125.0,35.074
9074,Guam,GUM,1997,150306.0,92.513
9075,Guatemala,GTM,1997,10871786.0,43.914
9076,Guinea,GIN,1997,8331366.0,30.067
9077,Guinea-Bissau,GNB,1997,1233520.0,34.215
9078,Guyana,GUY,1997,733854.0,28.959
9079,Haiti,HTI,1997,8111954.0,33.792
9080,Honduras,HND,1997,5855946.0,43.944
9081,"Hong Kong SAR, China",HKG,1997,6489300.0,100.0
9082,Hungary,HUN,1997,10290486.0,64.956
9083,Iceland,ISL,1997,271128.0,91.96
9084,India,IND,1997,997817250.0,27.028
9085,Indonesia,IDN,1997,202853850.0,38.406
9086,"Iran, Islamic Rep.",IRN,1997,62426086.0,61.853
9087,Iraq,IRQ,1997,21519356.0,68.405
9088,Ireland,IRL,1997,3674171.0,58.395
9089,Isle of Man,IMY,1997,73817.0,51.8
9090,Israel,ISR,1997,5836000.0,91.009
9091,Italy,ITA,1997,56890372.0,67.042
9092,Jamaica,JAM,1997,2534069.0,51.095
9093,Japan,JPN,1997,126057000.0,78.27199999999999
9094,Jordan,JOR,1997,4444000.0,78.95100000000001
9095,Kazakhstan,KAZ,1997,15333703.0,55.964
9096,Kenya,KEN,1997,28842245.0,18.898
9097,Kiribati,KIR,1997,80190.0,38.752
9098,"Korea, Dem. Rep.",PRK,1997,22240826.0,59.176
9099,"Korea, Rep.",KOR,1997,45953580.0,78.905
9100,Kuwait,KWT,1997,1686256.0,98.071
9101,Kyrgyz Republic,KGZ,1997,4696400.0,35.785
9102,Lao PDR,LAO,1997,5068658.0,19.12
9103,Latvia,LVA,1997,2432851.0,68.6
9104,Lebanon,LBN,1997,3092684.0,85.459
9105,Lesotho,LSO,1997,1801695.0,18.049
9106,Liberia,LBR,1997,2365290.0,43.304
9107,Libya,LBY,1997,5062160.0,76.11
9108,Liechtenstein,LIE,1997,31842.0,15.994000000000002
9109,Lithuania,LTU,1997,3575137.0,67.166
9110,Luxembourg,LUX,1997,419450.0,82.779
9111,"Macao SAR, China",MAC,1997,412031.0,100.0
9112,"Macedonia, FYR",MKD,1997,1969345.0,59.172
9113,Madagascar,MDG,1997,14329239.0,26.321
9114,Malawi,MWI,1997,10260421.0,14.002
9115,Malaysia,MYS,1997,21808125.0,58.237
9116,Maldives,MDV,1997,264000.0,26.379
9117,Mali,MLI,1997,10168000.0,26.434
9118,Malta,MLT,1997,375236.0,91.492
9119,Marshall Islands,MHL,1997,51697.0,67.385
9120,Mauritania,MRT,1997,2476188.0,46.845
9121,Mauritius,MUS,1997,1148284.0,43.038
9122,Mexico,MEX,1997,97925825.0,73.929
9123,"Micronesia, Fed. Sts.",FSM,1997,108506.0,23.889
9124,Moldova,MDA,1997,3654208.0,46.101000000000006
9125,Monaco,MCO,1997,31242.0,100.0
9126,Mongolia,MNG,1997,2335694.0,56.714
9127,Montenegro,MNE,1997,606549.0,55.451
9128,Morocco,MAR,1997,27934014.0,52.35
9129,Mozambique,MOZ,1997,16872896.0,28.535
9130,Myanmar,MMR,1997,45895991.0,26.042
9131,Namibia,NAM,1997,1758097.0,30.823
9132,Nepal,NPL,1997,22395247.0,11.855
9133,Netherlands,NLD,1997,15610650.0,74.453
9134,New Caledonia,NCL,1997,201418.0,60.597
9135,New Zealand,NZL,1997,3781300.0,85.485
9136,Nicaragua,NIC,1997,4786641.0,54.016000000000005
9137,Niger,NER,1997,10058960.0,15.937
9138,Nigeria,NGA,1997,113975055.0,33.247
9139,Northern Mariana Islands,MNP,1997,62939.0,89.78399999999999
9140,Norway,NOR,1997,4405157.0,74.309
9141,Oman,OMN,1997,2227596.0,71.62899999999999
9142,Pakistan,PAK,1997,128845692.0,32.348
9143,Palau,PLW,1997,18123.0,70.732
9144,Panama,PAN,1997,2852739.0,59.807
9145,Papua New Guinea,PNG,1997,4969116.0,13.724
9146,Paraguay,PRY,1997,4980346.0,53.414
9147,Peru,PER,1997,24827409.0,71.798
9148,Philippines,PHL,1997,73042605.0,48.17
9149,Poland,POL,1997,38649660.0,61.583
9150,Portugal,PRT,1997,10108977.0,52.428
9151,Puerto Rico,PRI,1997,3759430.0,94.02
9152,Qatar,QAT,1997,528213.0,95.659
9153,Romania,ROM,1997,22553978.0,53.463
9154,Russian Federation,RUS,1997,147915307.0,73.363
9155,Rwanda,RWA,1997,6506118.0,12.466
9156,Samoa,WSM,1997,172191.0,21.705
9157,San Marino,SMR,1997,26503.0,92.422
9158,Sao Tome and Principe,STP,1997,130110.0,50.55
9159,Saudi Arabia,SAU,1997,19809633.0,79.14699999999999
9160,Senegal,SEN,1997,9163184.0,39.91
9161,Serbia,SRB,1997,7596501.0,52.382
9162,Seychelles,SYC,1997,77319.0,49.72
9163,Sierra Leone,SLE,1997,3843472.0,34.905
9164,Singapore,SGP,1997,3796000.0,100.0
9165,Slovak Republic,SVK,1997,5383291.0,56.416
9166,Slovenia,SVN,1997,1985956.0,50.67100000000001
9167,Solomon Islands,SLB,1997,379859.0,15.076
9168,Somalia,SOM,1997,6672781.0,32.147
9169,South Africa,ZAF,1997,40926063.0,55.449
9170,South Sudan,SSD,1997,5806951.0,16.123
9171,Spain,ESP,1997,39582413.0,76.01899999999999
9172,Sri Lanka,LKA,1997,18568000.0,18.48
9173,St. Kitts and Nevis,KNA,1997,43885.0,33.339
9174,St. Lucia,LCA,1997,150994.0,28.366
9175,St. Vincent and the Grenadines,VCT,1997,108001.0,44.1
9176,Sudan,SDN,1997,26149124.0,32.337
9177,Suriname,SUR,1997,461569.0,66.223
9178,Swaziland,SWZ,1997,1006760.0,23.081
9179,Sweden,SWE,1997,8846062.0,83.94200000000001
9180,Switzerland,CHE,1997,7088906.0,73.476
9181,Syrian Arab Republic,SYR,1997,15151962.0,50.841
9182,Tajikistan,TJK,1997,5936780.0,27.806
9183,Tanzania,TZA,1997,31533781.0,21.237
9184,Thailand,THA,1997,60544937.0,30.622
9185,Timor-Leste,TMP,1997,853867.0,23.215
9186,Togo,TGO,1997,4506465.0,31.576
9187,Tonga,TON,1997,96526.0,22.927
9188,Trinidad and Tobago,TTO,1997,1260677.0,10.091
9189,Tunisia,TUN,1997,9214900.0,62.262
9190,Turkey,TUR,1997,60394104.0,63.179
9191,Turkmenistan,TKM,1997,4335991.0,45.24100000000001
9192,Turks and Caicos Islands,TCA,1997,16527.0,81.89
9193,Tuvalu,TUV,1997,9298.0,44.787
9194,Uganda,UGA,1997,21679497.0,11.829
9195,Ukraine,UKR,1997,50594105.0,67.029
9196,United Arab Emirates,ARE,1997,2595220.0,78.938
9197,United Kingdom,GBR,1997,58316954.0,78.472
9198,United States,USA,1997,272657000.0,78.008
9199,Uruguay,URY,1997,3271014.0,91.147
9200,Uzbekistan,UZB,1997,23667000.0,37.833
9201,Vanuatu,VUT,1997,175004.0,20.766
9202,"Venezuela, RB",VEN,1997,23108003.0,86.96
9203,Vietnam,VNM,1997,74306900.0,22.974
9204,Virgin Islands (U.S.),VIR,1997,108355.0,91.374
9205,West Bank and Gaza,WBG,1997,2706518.0,71.187
9206,"Yemen, Rep.",YEM,1997,16349809.0,24.743
9207,Zambia,ZMB,1997,9763742.0,36.176
9208,Zimbabwe,ZWE,1997,12059858.0,32.534
9209,Arab World,ARB,1998,269737923.0,52.5305543581872
9210,Caribbean small states,CSS,1998,6365223.0,41.0841841783077
9211,Central Europe and the Baltics,CEB,1998,109207205.0,61.6328908224782
9212,East Asia & Pacific (all income levels),EAS,1998,2006344261.0,39.6174728645456
9213,East Asia & Pacific (developing only),EAP,1998,1777437867.0,34.8494135853796
9214,Euro area,EMU,1998,319037521.0,72.32492264741491
9215,Europe & Central Asia (all income levels),ECS,1998,859806214.0,68.1720392809424
9216,Europe & Central Asia (developing only),ECA,1998,244814942.0,57.053780638513096
9217,European Union,EUU,1998,486169409.0,71.3507819523215
9218,Fragile and conflict affected situations,FCS,1998,319951491.0,34.8662566067928
9219,Heavily indebted poor countries (HIPC),HPC,1998,448746908.0,27.9546376333205
9220,High income,HIC,1998,1269243042.0,76.53043481624991
9221,High income: nonOECD,NOC,1998,291694145.0,78.1205318133377
9222,High income: OECD,OEC,1998,977548897.0,76.0915285322203
9223,Latin America & Caribbean (all income levels),LCN,1998,510356845.0,74.36924288937209
9224,Latin America & Caribbean (developing only),LAC,1998,426291808.0,71.9510717616793
9225,Least developed countries: UN classification,LDC,1998,631885766.0,23.824852918472
9226,Low & middle income,LMY,1998,4684786527.0,37.5902466803929
9227,Low income,LIC,1998,403759218.0,24.3552846122785
9228,Lower middle income,LMC,1998,2223434661.0,32.2390355930806
9229,Middle East & North Africa (all income levels),MEA,1998,302949605.0,57.770527629128296
9230,Middle East & North Africa (developing only),MNA,1998,268407285.0,54.5985795801928
9231,Middle income,MIC,1998,4281027309.0,38.8390576772815
9232,North America,NAC,1998,306162843.0,78.41558662819179
9233,OECD members,OED,1998,1138526070.0,75.2572701560993
9234,Other small states,OSS,1998,15692402.0,40.3616100340728
9235,Pacific island small states,PSS,1998,1908365.0,33.7810680084785
9236,Small states,SST,1998,23965990.0,40.0295158604852
9237,South Asia,SAS,1998,1335552652.0,26.8815937371972
9238,Sub-Saharan Africa (all income levels),SSF,1998,632857149.0,30.0618497325374
9239,Sub-Saharan Africa (developing only),SSA,1998,632281973.0,30.052510747685
9240,Upper middle income,UMC,1998,2057592648.0,45.9647379139374
9241,World,WLD,1998,5954029569.0,45.7810516101569
9242,Afghanistan,AFG,1998,18511480.0,20.661
9243,Albania,ALB,1998,3128530.0,40.601
9244,Algeria,DZA,1998,30336880.0,58.313
9245,American Samoa,ASM,1998,55899.0,87.46700000000001
9246,Andorra,ADO,1998,63888.0,92.927
9247,Angola,AGO,1998,14187710.0,30.975
9248,Antigua and Barbuda,ATG,1998,74206.0,32.855
9249,Argentina,ARG,1998,36241578.0,88.759
9250,Armenia,ARM,1998,3112958.0,65.226
9251,Aruba,ABW,1998,87276.0,47.536
9252,Australia,AUS,1998,18711000.0,86.727
9253,Austria,AUT,1998,7976789.0,65.8
9254,Azerbaijan,AZE,1998,7913000.0,51.278
9255,"Bahamas, The",BHS,1998,290054.0,81.611
9256,Bahrain,BHR,1998,618054.0,88.37899999999999
9257,Bangladesh,BGD,1998,126169583.0,22.818
9258,Barbados,BRB,1998,267949.0,33.633
9259,Belarus,BLR,1998,10069000.0,69.064
9260,Belgium,BEL,1998,10203008.0,96.996
9261,Belize,BLZ,1998,230289.0,47.617
9262,Benin,BEN,1998,6546493.0,37.699
9263,Bermuda,BMU,1998,60943.0,100.0
9264,Bhutan,BTN,1998,533506.0,23.377
9265,Bolivia,BOL,1998,8026257.0,60.86600000000001
9266,Bosnia and Herzegovina,BIH,1998,3775898.0,39.348
9267,Botswana,BWA,1998,1678111.0,51.525
9268,Brazil,BRA,1998,170516482.0,79.781
9269,Brunei Darussalam,BRN,1998,316873.0,70.17
9270,Bulgaria,BGR,1998,8256786.0,68.454
9271,Burkina Faso,BFA,1998,10969093.0,16.51
9272,Burundi,BDI,1998,6511920.0,7.83
9273,Cabo Verde,CPV,1998,419884.0,51.572
9274,Cambodia,KHM,1998,11641509.0,18.355
9275,Cameroon,CMR,1998,15108630.0,44.348
9276,Canada,CAN,1998,30247900.0,78.72399999999999
9277,Cayman Islands,CYM,1998,37742.0,100.0
9278,Central African Republic,CAF,1998,3577028.0,37.475
9279,Chad,TCD,1998,7760157.0,21.571
9280,Channel Islands,CHI,1998,146669.0,30.432
9281,Chile,CHL,1998,14788609.0,85.477
9282,China,CHN,1998,1241935000.0,33.867
9283,Colombia,COL,1998,39234059.0,71.457
9284,Comoros,COM,1998,520180.0,28.168000000000003
9285,"Congo, Dem. Rep.",ZAR,1998,45647949.0,34.199
9286,"Congo, Rep.",COG,1998,2953011.0,57.766000000000005
9287,Costa Rica,CRI,1998,3767369.0,57.262
9288,Cote d'Ivoire,CIV,1998,15728482.0,42.342
9289,Croatia,HRV,1998,4501000.0,55.309
9290,Cuba,CUB,1998,11041893.0,74.855
9291,Curacao,CUW,1998,144472.0,89.615
9292,Cyprus,CYP,1998,908040.0,68.405
9293,Czech Republic,CZE,1998,10294373.0,74.251
9294,Denmark,DNK,1998,5304219.0,85.06
9295,Djibouti,DJI,1998,698256.0,76.439
9296,Dominica,DMA,1998,70295.0,65.092
9297,Dominican Republic,DOM,1998,8296375.0,60.102
9298,Ecuador,ECU,1998,12163887.0,59.291
9299,"Egypt, Arab Rep.",EGY,1998,65922626.0,42.70399999999999
9300,El Salvador,SLV,1998,5736075.0,57.8
9301,Equatorial Guinea,GNQ,1998,496330.0,38.817
9302,Eritrea,ERI,1998,3337227.0,17.112000000000002
9303,Estonia,EST,1998,1386156.0,69.733
9304,Ethiopia,ETH,1998,62707547.0,14.369000000000002
9305,Faeroe Islands,FRO,1998,45126.0,35.654
9306,Fiji,FJI,1998,800314.0,47.123000000000005
9307,Finland,FIN,1998,5153498.0,81.707
9308,France,FRA,1998,60186291.0,75.417
9309,French Polynesia,PYF,1998,228380.0,56.217
9310,Gabon,GAB,1998,1173114.0,78.37899999999999
9311,"Gambia, The",GMB,1998,1159001.0,46.057
9312,Georgia,GEO,1998,4487300.0,53.12
9313,Germany,DEU,1998,82047195.0,73.104
9314,Ghana,GHA,1998,17969006.0,42.418
9315,Greece,GRC,1998,10834880.0,72.47800000000001
9316,Greenland,GRL,1998,56100.0,81.351
9317,Grenada,GRD,1998,101302.0,35.339
9318,Guam,GUM,1998,152275.0,92.733
9319,Guatemala,GTM,1998,11136814.0,44.318000000000005
9320,Guinea,GIN,1998,8497582.0,30.374
9321,Guinea-Bissau,GNB,1998,1260424.0,35.019
9322,Guyana,GUY,1998,737316.0,28.871
9323,Haiti,HTI,1998,8258484.0,34.389
9324,Honduras,HND,1998,5985675.0,44.447
9325,"Hong Kong SAR, China",HKG,1998,6543700.0,100.0
9326,Hungary,HUN,1998,10266570.0,64.829
9327,Iceland,ISL,1998,274047.0,92.121
9328,India,IND,1998,1016402907.0,27.24
9329,Indonesia,IDN,1998,205753493.0,39.593
9330,"Iran, Islamic Rep.",IRN,1998,63616065.0,62.588
9331,Iraq,IRQ,1998,22200835.0,68.388
9332,Ireland,IRL,1998,3712696.0,58.645
9333,Isle of Man,IMY,1998,74853.0,51.808
9334,Israel,ISR,1998,5971000.0,91.074
9335,Italy,ITA,1998,56906744.0,67.102
9336,Jamaica,JAM,1998,2556780.0,51.335
9337,Japan,JPN,1998,126400000.0,78.398
9338,Jordan,JOR,1998,4564000.0,79.23899999999999
9339,Kazakhstan,KAZ,1998,15071300.0,55.986
9340,Kenya,KEN,1998,29564614.0,19.222
9341,Kiribati,KIR,1998,81556.0,40.138000000000005
9342,"Korea, Dem. Rep.",PRK,1998,22444986.0,59.255
9343,"Korea, Rep.",KOR,1998,46286503.0,79.145
9344,Kuwait,KWT,1998,1766247.0,98.085
9345,Kyrgyz Republic,KGZ,1998,4769000.0,35.504
9346,Lao PDR,LAO,1998,5165072.0,20.039
9347,Latvia,LVA,1998,2410019.0,68.45100000000001
9348,Lebanon,LBN,1998,3113960.0,85.77
9349,Lesotho,LSO,1998,1821632.0,18.538
9350,Liberia,LBR,1998,2558085.0,43.646
9351,Libya,LBY,1998,5153764.0,76.181
9352,Liechtenstein,LIE,1998,32357.0,15.702
9353,Lithuania,LTU,1998,3549331.0,67.10600000000001
9354,Luxembourg,LUX,1998,424700.0,82.89299999999999
9355,"Macao SAR, China",MAC,1998,418810.0,100.0
9356,"Macedonia, FYR",MKD,1998,1984242.0,58.965
9357,Madagascar,MDG,1998,14790245.0,26.586
9358,Malawi,MWI,1998,10563554.0,14.384
9359,Malaysia,MYS,1998,22358128.0,59.496
9360,Maldives,MDV,1998,271000.0,26.755
9361,Mali,MLI,1998,10444822.0,26.948
9362,Malta,MLT,1998,377516.0,91.793
9363,Marshall Islands,MHL,1998,51922.0,67.712
9364,Mauritania,MRT,1998,2551429.0,47.643
9365,Mauritius,MUS,1998,1160421.0,42.916
9366,Mexico,MEX,1998,99632299.0,74.186
9367,"Micronesia, Fed. Sts.",FSM,1998,108236.0,23.314
9368,Moldova,MDA,1998,3652732.0,46.002
9369,Monaco,MCO,1998,31517.0,100.0
9370,Mongolia,MNG,1998,2355588.0,56.669
9371,Montenegro,MNE,1998,605693.0,56.488
9372,Morocco,MAR,1998,28292299.0,52.678
9373,Mozambique,MOZ,1998,17317376.0,28.742
9374,Myanmar,MMR,1998,46509586.0,26.33
9375,Namibia,NAM,1998,1809920.0,31.335
9376,Nepal,NPL,1998,22866496.0,12.361
9377,Netherlands,NLD,1998,15707209.0,75.25
9378,New Caledonia,NCL,1998,205279.0,60.992
9379,New Zealand,NZL,1998,3815000.0,85.54899999999999
9380,Nicaragua,NIC,1998,4869627.0,54.256
9381,Niger,NER,1998,10432657.0,16.02
9382,Nigeria,NGA,1998,116860691.0,33.773
9383,Northern Mariana Islands,MNP,1998,65374.0,89.912
9384,Norway,NOR,1998,4431464.0,74.375
9385,Oman,OMN,1998,2224922.0,71.609
9386,Pakistan,PAK,1998,132013680.0,32.605
9387,Palau,PLW,1998,18524.0,70.30199999999999
9388,Panama,PAN,1998,2911383.0,60.632
9389,Papua New Guinea,PNG,1998,5101633.0,13.549
9390,Paraguay,PRY,1998,5089306.0,54.054
9391,Peru,PER,1998,25199744.0,72.21600000000001
9392,Philippines,PHL,1998,74656228.0,48.11
9393,Poland,POL,1998,38663481.0,61.627
9394,Portugal,PRT,1998,10160196.0,53.086000000000006
9395,Puerto Rico,PRI,1998,3781101.0,94.161
9396,Qatar,QAT,1998,548618.0,95.888
9397,Romania,ROM,1998,22507344.0,53.31100000000001
9398,Russian Federation,RUS,1998,147670692.0,73.359
9399,Rwanda,RWA,1998,7047196.0,13.244000000000002
9400,Samoa,WSM,1998,172979.0,21.796
9401,San Marino,SMR,1998,26795.0,92.776
9402,Sao Tome and Principe,STP,1998,132284.0,51.50899999999999
9403,Saudi Arabia,SAU,1998,20302193.0,79.383
9404,Senegal,SEN,1998,9386923.0,40.055
9405,Serbia,SRB,1998,7567745.0,52.651
9406,Seychelles,SYC,1998,78846.0,49.84
9407,Sierra Leone,SLE,1998,3878475.0,35.144
9408,Singapore,SGP,1998,3927200.0,100.0
9409,Sint Maarten (Dutch part),SXM,1998,31240.0,100.0
9410,Slovak Republic,SVK,1998,5390516.0,56.355
9411,Slovenia,SVN,1998,1981629.0,50.698
9412,Solomon Islands,SLB,1998,390489.0,15.285
9413,Somalia,SOM,1998,6904231.0,32.511
9414,South Africa,ZAF,1998,41899683.0,55.93
9415,South Sudan,SSD,1998,6092688.0,16.249000000000002
9416,Spain,ESP,1998,39721108.0,76.1
9417,Sri Lanka,LKA,1998,18784000.0,18.467
9418,St. Kitts and Nevis,KNA,1998,44391.0,33.151
9419,St. Lucia,LCA,1998,153066.0,28.168000000000003
9420,St. Vincent and the Grenadines,VCT,1998,107923.0,44.461000000000006
9421,Sudan,SDN,1998,26777059.0,32.39
9422,Suriname,SUR,1998,469108.0,66.297
9423,Swaziland,SWZ,1998,1028694.0,22.949
9424,Sweden,SWE,1998,8850974.0,83.97
9425,Switzerland,CHE,1998,7110001.0,73.42399999999999
9426,Syrian Arab Republic,SYR,1998,15568797.0,51.21
9427,Tajikistan,TJK,1998,6012308.0,27.28
9428,Tanzania,TZA,1998,32323953.0,21.59
9429,Thailand,THA,1998,61250974.0,30.795
9430,Timor-Leste,TMP,1998,845106.0,23.561
9431,Togo,TGO,1998,4624826.0,32.016
9432,Tonga,TON,1998,96937.0,22.955
9433,Trinidad and Tobago,TTO,1998,1262544.0,10.333
9434,Tunisia,TUN,1998,9333300.0,62.653
9435,Turkey,TUR,1998,61344874.0,63.703
9436,Turkmenistan,TKM,1998,4395293.0,45.465
9437,Turks and Caicos Islands,TCA,1998,17114.0,82.814
9438,Tuvalu,TUV,1998,9334.0,45.197
9439,Uganda,UGA,1998,22336812.0,11.913
9440,Ukraine,UKR,1998,50143939.0,67.067
9441,United Arab Emirates,ARE,1998,2733770.0,79.378
9442,United Kingdom,GBR,1998,58487141.0,78.532
9443,United States,USA,1998,275854000.0,78.377
9444,Uruguay,URY,1998,3292134.0,91.45
9445,Uzbekistan,UZB,1998,24051000.0,37.698
9446,Vanuatu,VUT,1998,178074.0,21.073
9447,"Venezuela, RB",VEN,1998,23565734.0,87.30799999999999
9448,Vietnam,VNM,1998,75456300.0,23.376
9449,Virgin Islands (U.S.),VIR,1998,108535.0,91.811
9450,West Bank and Gaza,WBG,1998,2776568.0,71.524
9451,"Yemen, Rep.",YEM,1998,16829935.0,25.244
9452,Zambia,ZMB,1998,10034412.0,35.716
9453,Zimbabwe,ZWE,1998,12226742.0,32.939
9454,Arab World,ARB,1999,275492163.0,52.80417968426561
9455,Caribbean small states,CSS,1999,6411686.0,41.3002845287495
9456,Central Europe and the Baltics,CEB,1999,109092730.0,61.59507813484
9457,East Asia & Pacific (all income levels),EAS,1999,2026505631.0,40.4082192192571
9458,East Asia & Pacific (developing only),EAP,1999,1796509002.0,35.742601191579794
9459,Euro area,EMU,1999,319900773.0,72.4460314728061
9460,Europe & Central Asia (all income levels),ECS,1999,860985079.0,68.2441549464164
9461,Europe & Central Asia (developing only),ECA,1999,245286780.0,57.143356297350905
9462,European Union,EUU,1999,487181237.0,71.4398489148813
9463,Fragile and conflict affected situations,FCS,1999,327461927.0,35.1916327680172
9464,Heavily indebted poor countries (HIPC),HPC,1999,461180538.0,28.2416783868794
9465,High income,HIC,1999,1276558490.0,76.7261276935586
9466,High income: nonOECD,NOC,1999,293296742.0,78.25850737758391
9467,High income: OECD,OEC,1999,983261748.0,76.303382288843
9468,Latin America & Caribbean (all income levels),LCN,1999,518188225.0,74.8204793048086
9469,Latin America & Caribbean (developing only),LAC,1999,433023588.0,72.4456148332894
9470,Least developed countries: UN classification,LDC,1999,647910647.0,24.1388655457656
9471,Low & middle income,LMY,1999,4758928261.0,38.0897436972576
9472,Low income,LIC,1999,414684350.0,24.608261704334893
9473,Lower middle income,LMC,1999,2263637343.0,32.546872365439604
9474,Middle East & North Africa (all income levels),MEA,1999,309057956.0,58.1622131151446
9475,Middle East & North Africa (developing only),MNA,1999,273553273.0,54.985539101434895
9476,Middle income,MIC,1999,4344243911.0,39.3771562077206
9477,North America,NAC,1999,309600485.0,78.78177063450009
9478,OECD members,OED,1999,1146823935.0,75.48272280836291
9479,Other small states,OSS,1999,15988861.0,40.916103485644605
9480,Pacific island small states,PSS,1999,1931420.0,33.9890149682617
9481,Small states,SST,1999,24331967.0,40.4673958298051
9482,South Asia,SAS,1999,1361118891.0,27.121725897070107
9483,Sub-Saharan Africa (all income levels),SSF,1999,650030484.0,30.4099261727285
9484,Sub-Saharan Africa (developing only),SSA,1999,649436727.0,30.4008633455619
9485,Upper middle income,UMC,1999,2080606568.0,46.802531631535
9486,World,WLD,1999,6035486751.0,46.1523947802034
9487,Afghanistan,AFG,1999,19038420.0,20.97
9488,Albania,ALB,1999,3108778.0,41.169
9489,Algeria,DZA,1999,30766551.0,59.118
9490,American Samoa,ASM,1999,56768.0,88.131
9491,Andorra,ADO,1999,64161.0,92.666
9492,Angola,AGO,1999,14601983.0,31.692
9493,Antigua and Barbuda,ATG,1999,76041.0,32.49
9494,Argentina,ARG,1999,36648054.0,88.95200000000001
9495,Armenia,ARM,1999,3093820.0,64.947
9496,Aruba,ABW,1999,89004.0,47.127
9497,Australia,AUS,1999,18926000.0,86.947
9498,Austria,AUT,1999,7992324.0,65.8
9499,Azerbaijan,AZE,1999,7982750.0,51.185
9500,"Bahamas, The",BHS,1999,293572.0,81.824
9501,Bahrain,BHR,1999,640904.0,88.376
9502,Bangladesh,BGD,1999,128746273.0,23.202
9503,Barbados,BRB,1999,268920.0,33.756
9504,Belarus,BLR,1999,10035000.0,69.482
9505,Belgium,BEL,1999,10226419.0,97.065
9506,Belize,BLZ,1999,239024.0,47.662
9507,Benin,BEN,1999,6740491.0,38.015
9508,Bermuda,BMU,1999,61285.0,100.0
9509,Bhutan,BTN,1999,548387.0,24.383000000000003
9510,Bolivia,BOL,1999,8182710.0,61.351000000000006
9511,Bosnia and Herzegovina,BIH,1999,3784389.0,39.327
9512,Botswana,BWA,1999,1708368.0,52.372
9513,Brazil,BRA,1999,173153066.0,80.49600000000001
9514,Brunei Darussalam,BRN,1999,323812.0,70.669
9515,Bulgaria,BGR,1999,8210624.0,68.67699999999999
9516,Burkina Faso,BFA,1999,11283016.0,17.166
9517,Burundi,BDI,1999,6623707.0,8.036
9518,Cabo Verde,CPV,1999,429576.0,52.505
9519,Cambodia,KHM,1999,11928306.0,18.47
9520,Cameroon,CMR,1999,15514249.0,44.944
9521,Canada,CAN,1999,30499200.0,79.10300000000001
9522,Cayman Islands,CYM,1999,39810.0,100.0
9523,Central African Republic,CAF,1999,3653310.0,37.557
9524,Chad,TCD,1999,8042713.0,21.604
9525,Channel Islands,CHI,1999,147682.0,30.449
9526,Chile,CHL,1999,14980484.0,85.77799999999999
9527,China,CHN,1999,1252735000.0,34.865
9528,Colombia,COL,1999,39819279.0,71.767
9529,Comoros,COM,1999,533909.0,28.124
9530,"Congo, Dem. Rep.",ZAR,1999,46788238.0,34.659
9531,"Congo, Rep.",COG,1999,3031969.0,58.231
9532,Costa Rica,CRI,1999,3848725.0,58.154
9533,Cote d'Ivoire,CIV,1999,16137824.0,42.886
9534,Croatia,HRV,1999,4554000.0,55.448
9535,Cuba,CUB,1999,11080506.0,75.089
9536,Curacao,CUW,1999,139428.0,90.198
9537,Cyprus,CYP,1999,925491.0,68.527
9538,Czech Republic,CZE,1999,10283860.0,74.12
9539,Denmark,DNK,1999,5321799.0,85.086
9540,Djibouti,DJI,1999,710652.0,76.485
9541,Dominica,DMA,1999,69902.0,65.179
9542,Dominican Republic,DOM,1999,8429116.0,60.926
9543,Ecuador,ECU,1999,12398691.0,59.79600000000001
9544,"Egypt, Arab Rep.",EGY,1999,67112877.0,42.75
9545,El Salvador,SLV,1999,5775660.0,58.357
9546,Equatorial Guinea,GNQ,1999,513347.0,38.811
9547,Eritrea,ERI,1999,3429656.0,17.328
9548,Estonia,EST,1999,1380620.0,69.543
9549,Ethiopia,ETH,1999,64550161.0,14.553
9550,Faeroe Islands,FRO,1999,45852.0,35.86
9551,Fiji,FJI,1999,806494.0,47.515
9552,Finland,FIN,1999,5165474.0,81.946
9553,France,FRA,1999,60496715.0,75.61399999999999
9554,French Polynesia,PYF,1999,232956.0,56.144
9555,Gabon,GAB,1999,1202412.0,79.26
9556,"Gambia, The",GMB,1999,1192920.0,46.961000000000006
9557,Georgia,GEO,1999,4452500.0,52.879
9558,Germany,DEU,1999,82100243.0,73.064
9559,Ghana,GHA,1999,18384426.0,43.184
9560,Greece,GRC,1999,10882580.0,72.597
9561,Greenland,GRL,1999,56100.0,81.476
9562,Grenada,GRD,1999,101441.0,35.604
9563,Guam,GUM,1999,153951.0,92.946
9564,Guatemala,GTM,1999,11408815.0,44.722
9565,Guinea,GIN,1999,8647336.0,30.69
9566,Guinea-Bissau,GNB,1999,1287727.0,35.832
9567,Guyana,GUY,1999,740189.0,28.782
9568,Haiti,HTI,1999,8404396.0,34.992
9569,Honduras,HND,1999,6114534.0,44.952
9570,"Hong Kong SAR, China",HKG,1999,6606500.0,100.0
9571,Hungary,HUN,1999,10237530.0,64.702
9572,Iceland,ISL,1999,277381.0,92.267
9573,India,IND,1999,1034976626.0,27.453000000000003
9574,Indonesia,IDN,1999,208644079.0,40.792
9575,"Iran, Islamic Rep.",IRN,1999,64780362.0,63.318000000000005
9576,Iraq,IRQ,1999,22888600.0,68.442
9577,Ireland,IRL,1999,3754786.0,58.896
9578,Isle of Man,IMY,1999,75879.0,51.815
9579,Israel,ISR,1999,6125000.0,91.139
9580,Italy,ITA,1999,56916317.0,67.16199999999999
9581,Jamaica,JAM,1999,2574289.0,51.574
9582,Japan,JPN,1999,126631000.0,78.523
9583,Jordan,JOR,1999,4680000.0,79.525
9584,Kazakhstan,KAZ,1999,14928426.0,55.93
9585,Kenya,KEN,1999,30301240.0,19.55
9586,Kiribati,KIR,1999,82969.0,41.54
9587,"Korea, Dem. Rep.",PRK,1999,22641747.0,59.334
9588,"Korea, Rep.",KOR,1999,46616677.0,79.384
9589,Kuwait,KWT,1999,1853152.0,98.099
9590,Kyrgyz Republic,KGZ,1999,4840400.0,35.3
9591,Lao PDR,LAO,1999,5256207.0,20.991
9592,Latvia,LVA,1999,2390482.0,68.22
9593,Lebanon,LBN,1999,3156661.0,85.885
9594,Lesotho,LSO,1999,1839631.0,19.038
9595,Liberia,LBR,1999,2741755.0,43.988
9596,Libya,LBY,1999,5245414.0,76.259
9597,Liechtenstein,LIE,1999,32843.0,15.414
9598,Lithuania,LTU,1999,3524238.0,67.046
9599,Luxembourg,LUX,1999,430475.0,83.448
9600,"Macao SAR, China",MAC,1999,425448.0,100.0
9601,"Macedonia, FYR",MKD,1999,1999362.0,58.757
9602,Madagascar,MDG,1999,15262817.0,26.853
9603,Malawi,MWI,1999,10882543.0,14.522
9604,Malaysia,MYS,1999,22898579.0,60.742
9605,Maldives,MDV,1999,280000.0,27.134
9606,Mali,MLI,1999,10736542.0,27.646
9607,Malta,MLT,1999,379360.0,92.085
9608,Marshall Islands,MHL,1999,52076.0,68.03699999999999
9609,Mauritania,MRT,1999,2629806.0,48.442
9610,Mauritius,MUS,1999,1175267.0,42.793
9611,Mexico,MEX,1999,101266570.0,74.441
9612,"Micronesia, Fed. Sts.",FSM,1999,107808.0,22.749
9613,Moldova,MDA,1999,3647001.0,45.902
9614,Monaco,MCO,1999,31795.0,100.0
9615,Mongolia,MNG,1999,2376165.0,56.623000000000005
9616,Montenegro,MNE,1999,605119.0,57.518
9617,Morocco,MAR,1999,28630973.0,53.007
9618,Mozambique,MOZ,1999,17774066.0,28.92
9619,Myanmar,MMR,1999,47106923.0,26.639
9620,Namibia,NAM,1999,1857320.0,31.851
9621,Nepal,NPL,1999,23315053.0,12.886
9622,Netherlands,NLD,1999,15812088.0,76.03
9623,New Caledonia,NCL,1999,209214.0,61.387
9624,New Zealand,NZL,1999,3835100.0,85.613
9625,Nicaragua,NIC,1999,4949661.0,54.496
9626,Niger,NER,1999,10821434.0,16.102999999999998
9627,Nigeria,NGA,1999,119826231.0,34.304
9628,Northern Mariana Islands,MNP,1999,67271.0,90.038
9629,Norway,NOR,1999,4461913.0,75.086
9630,Oman,OMN,1999,2225481.0,71.589
9631,Pakistan,PAK,1999,135158132.0,32.874
9632,Palau,PLW,1999,18878.0,69.869
9633,Panama,PAN,1999,2970193.0,61.451
9634,Papua New Guinea,PNG,1999,5236863.0,13.375
9635,Paraguay,PRY,1999,5196935.0,54.693000000000005
9636,Peru,PER,1999,25561297.0,72.631
9637,Philippines,PHL,1999,76285225.0,48.05
9638,Poland,POL,1999,38660271.0,61.672
9639,Portugal,PRT,1999,10217828.0,53.743
9640,Puerto Rico,PRI,1999,3800081.0,94.298
9641,Qatar,QAT,1999,570643.0,96.105
9642,Romania,ROM,1999,22472040.0,53.158
9643,Russian Federation,RUS,1999,147214392.0,73.354
9644,Rwanda,RWA,1999,7585143.0,14.064
9645,Samoa,WSM,1999,173758.0,21.886
9646,San Marino,SMR,1999,27097.0,93.115
9647,Sao Tome and Principe,STP,1999,134602.0,52.467
9648,Saudi Arabia,SAU,1999,20825955.0,79.616
9649,Senegal,SEN,1999,9617641.0,40.2
9650,Serbia,SRB,1999,7540401.0,52.919
9651,Seychelles,SYC,1999,80410.0,49.973
9652,Sierra Leone,SLE,1999,3948800.0,35.384
9653,Singapore,SGP,1999,3958700.0,100.0
9654,Sint Maarten (Dutch part),SXM,1999,31084.0,100.0
9655,Slovak Republic,SVK,1999,5396020.0,56.294
9656,Slovenia,SVN,1999,1983045.0,50.725
9657,Solomon Islands,SLB,1999,401319.0,15.496
9658,Somalia,SOM,1999,7148406.0,32.878
9659,South Africa,ZAF,1999,42923485.0,56.411
9660,South Sudan,SSD,1999,6398416.0,16.375999999999998
9661,Spain,ESP,1999,39926268.0,76.181
9662,Sri Lanka,LKA,1999,19056000.0,18.455
9663,St. Kitts and Nevis,KNA,1999,44938.0,32.965
9664,St. Lucia,LCA,1999,155073.0,27.971
9665,St. Vincent and the Grenadines,VCT,1999,107879.0,44.823
9666,Sudan,SDN,1999,27406808.0,32.442
9667,Suriname,SUR,1999,475637.0,66.37100000000001
9668,Swaziland,SWZ,1999,1048151.0,22.817
9669,Sweden,SWE,1999,8857874.0,83.99799999999999
9670,Switzerland,CHE,1999,7143991.0,73.373
9671,Syrian Arab Republic,SYR,1999,15972430.0,51.578
9672,Tajikistan,TJK,1999,6094126.0,26.76
9673,Tanzania,TZA,1999,33135281.0,21.947
9674,Thailand,THA,1999,61973957.0,30.969
9675,Timor-Leste,TMP,1999,841063.0,23.91
9676,Togo,TGO,1999,4747665.0,32.46
9677,Tonga,TON,1999,97398.0,22.984
9678,Trinidad and Tobago,TTO,1999,1264781.0,10.58
9679,Tunisia,TUN,1999,9455900.0,63.043
9680,Turkey,TUR,1999,62295617.0,64.223
9681,Turkmenistan,TKM,1999,4449427.0,45.68899999999999
9682,Turks and Caicos Islands,TCA,1999,17866.0,83.7
9683,Tuvalu,TUV,1999,9374.0,45.607
9684,Uganda,UGA,1999,23026357.0,11.997
9685,Ukraine,UKR,1999,49673350.0,67.10600000000001
9686,United Arab Emirates,ARE,1999,2884188.0,79.81
9687,United Kingdom,GBR,1999,58682466.0,78.59100000000001
9688,United States,USA,1999,279040000.0,78.742
9689,Uruguay,URY,1999,3309318.0,91.743
9690,Uzbekistan,UZB,1999,24311650.0,37.564
9691,Vanuatu,VUT,1999,181346.0,21.382
9692,"Venezuela, RB",VEN,1999,24023355.0,87.647
9693,Vietnam,VNM,1999,76596700.0,23.817
9694,Virgin Islands (U.S.),VIR,1999,108596.0,92.228
9695,West Bank and Gaza,WBG,1999,2848431.0,71.747
9696,"Yemen, Rep.",YEM,1999,17304422.0,25.752
9697,Zambia,ZMB,1999,10309310.0,35.258
9698,Zimbabwe,ZWE,1999,12374019.0,33.347
9699,Arab World,ARB,2000,281355774.0,53.07999511342529
9700,Caribbean small states,CSS,2000,6454716.0,41.4940989050487
9701,Central Europe and the Baltics,CEB,2000,108405522.0,61.56743926412721
9702,East Asia & Pacific (all income levels),EAS,2000,2045719317.0,41.2264331341807
9703,East Asia & Pacific (developing only),EAP,2000,1814543356.0,36.6599740470704
9704,Euro area,EMU,2000,321109088.0,72.5917203645385
9705,Europe & Central Asia (all income levels),ECS,2000,862073997.0,68.3344751078978
9706,Europe & Central Asia (developing only),ECA,2000,246051987.0,57.24127152073049
9707,European Union,EUU,2000,487977133.0,71.5597301812522
9708,Fragile and conflict affected situations,FCS,2000,335452998.0,35.520152030226896
9709,Heavily indebted poor countries (HIPC),HPC,2000,474127024.0,28.533311472499
9710,High income,HIC,2000,1283598773.0,76.9261964921996
9711,High income: nonOECD,NOC,2000,294642788.0,78.4168214316026
9712,High income: OECD,OEC,2000,988955985.0,76.5155707711542
9713,Latin America & Caribbean (all income levels),LCN,2000,525886558.0,75.2691503602091
9714,Latin America & Caribbean (developing only),LAC,2000,439633672.0,72.938189953512
9715,Least developed countries: UN classification,LDC,2000,664386087.0,24.4611617620343
9716,Low & middle income,LMY,2000,4832375713.0,38.5989539650041
9717,Low income,LIC,2000,425992699.0,24.868796258235893
9718,Lower middle income,LMC,2000,2303711331.0,32.8652543553835
9719,Middle East & North Africa (all income levels),MEA,2000,315152002.0,58.554100688867
9720,Middle East & North Africa (developing only),MNA,2000,278610057.0,55.3681200486959
9721,Middle income,MIC,2000,4406383014.0,39.9268484759296
9722,North America,NAC,2000,312993944.0,79.10252488152621
9723,OECD members,OED,2000,1155004732.0,75.7112275849455
9724,Other small states,OSS,2000,16277719.0,41.4688646560312
9725,Pacific island small states,PSS,2000,1953719.0,34.217194965089696
9726,Small states,SST,2000,24686154.0,40.901419775128105
9727,South Asia,SAS,2000,1386406570.0,27.365695200873297
9728,Sub-Saharan Africa (all income levels),SSF,2000,667742098.0,30.7653582490916
9729,Sub-Saharan Africa (developing only),SSA,2000,667130071.0,30.7566058239848
9730,Upper middle income,UMC,2000,2102671683.0,47.6579237691232
9731,World,WLD,2000,6115974486.0,46.5347710499823
9732,Afghanistan,AFG,2000,19701940.0,21.282
9733,Albania,ALB,2000,3089027.0,41.74100000000001
9734,Algeria,DZA,2000,31183658.0,59.919
9735,American Samoa,ASM,2000,57522.0,88.587
9736,Andorra,ADO,2000,65399.0,92.395
9737,Angola,AGO,2000,15058638.0,32.419000000000004
9738,Antigua and Barbuda,ATG,2000,77648.0,32.126999999999995
9739,Argentina,ARG,2000,37057453.0,89.14200000000001
9740,Armenia,ARM,2000,3076098.0,64.666
9741,Aruba,ABW,2000,90858.0,46.717
9742,Australia,AUS,2000,19153000.0,87.165
9743,Austria,AUT,2000,8011566.0,65.8
9744,Azerbaijan,AZE,2000,8048600.0,51.386
9745,"Bahamas, The",BHS,2000,297891.0,82.009
9746,Bahrain,BHR,2000,666855.0,88.37200000000001
9747,Bangladesh,BGD,2000,131280739.0,23.59
9748,Barbados,BRB,2000,269838.0,33.83
9749,Belarus,BLR,2000,10005000.0,69.973
9750,Belgium,BEL,2000,10251250.0,97.128
9751,Belize,BLZ,2000,247312.0,47.663
9752,Benin,BEN,2000,6949366.0,38.333
9753,Bermuda,BMU,2000,61833.0,100.0
9754,Bhutan,BTN,2000,564187.0,25.418000000000003
9755,Bolivia,BOL,2000,8339512.0,61.834
9756,Bosnia and Herzegovina,BIH,2000,3792878.0,39.306
9757,Botswana,BWA,2000,1736579.0,53.219
9758,Brazil,BRA,2000,175786441.0,81.192
9759,Brunei Darussalam,BRN,2000,330554.0,71.164
9760,Bulgaria,BGR,2000,8170172.0,68.899
9761,Burkina Faso,BFA,2000,11607944.0,17.844
9762,Burundi,BDI,2000,6767073.0,8.246
9763,Cabo Verde,CPV,2000,438737.0,53.435
9764,Cambodia,KHM,2000,12197905.0,18.586
9765,Cameroon,CMR,2000,15927713.0,45.542
9766,Canada,CAN,2000,30769700.0,79.47800000000001
9767,Cayman Islands,CYM,2000,41685.0,100.0
9768,Central African Republic,CAF,2000,3726048.0,37.639
9769,Chad,TCD,2000,8343321.0,21.637
9770,Channel Islands,CHI,2000,148725.0,30.465
9771,Chile,CHL,2000,15170387.0,86.073
9772,China,CHN,2000,1262645000.0,35.876999999999995
9773,Colombia,COL,2000,40403959.0,72.075
9774,Comoros,COM,2000,547696.0,28.08
9775,"Congo, Dem. Rep.",ZAR,2000,48048664.0,35.122
9776,"Congo, Rep.",COG,2000,3109269.0,58.695
9777,Costa Rica,CRI,2000,3925450.0,59.049
9778,Cote d'Ivoire,CIV,2000,16517948.0,43.541
9779,Croatia,HRV,2000,4426000.0,55.587
9780,Cuba,CUB,2000,11116787.0,75.32300000000001
9781,Curacao,CUW,2000,133860.0,90.752
9782,Cyprus,CYP,2000,943287.0,68.648
9783,Czech Republic,CZE,2000,10255063.0,73.988
9784,Denmark,DNK,2000,5339616.0,85.1
9785,Djibouti,DJI,2000,722562.0,76.532
9786,Dominica,DMA,2000,69679.0,65.265
9787,Dominican Republic,DOM,2000,8562623.0,61.746
9788,Ecuador,ECU,2000,12628596.0,60.299
9789,"Egypt, Arab Rep.",EGY,2000,68334905.0,42.797
9790,El Salvador,SLV,2000,5811836.0,58.912
9791,Equatorial Guinea,GNQ,2000,530896.0,38.806
9792,Eritrea,ERI,2000,3535156.0,17.555
9793,Estonia,EST,2000,1396985.0,69.368
9794,Ethiopia,ETH,2000,66443603.0,14.74
9795,Faeroe Islands,FRO,2000,46491.0,36.337
9796,Fiji,FJI,2000,811223.0,47.908
9797,Finland,FIN,2000,5176209.0,82.18299999999999
9798,France,FRA,2000,60912498.0,75.87100000000001
9799,French Polynesia,PYF,2000,237267.0,56.071000000000005
9800,Gabon,GAB,2000,1231548.0,80.082
9801,"Gambia, The",GMB,2000,1228863.0,47.868
9802,Georgia,GEO,2000,4418300.0,52.638000000000005
9803,Germany,DEU,2000,82211508.0,73.067
9804,Ghana,GHA,2000,18824994.0,43.929
9805,Greece,GRC,2000,10917482.0,72.71600000000001
9806,Greenland,GRL,2000,56200.0,81.6
9807,Grenada,GRD,2000,101620.0,35.871
9808,Guam,GUM,2000,155328.0,93.129
9809,Guatemala,GTM,2000,11688660.0,45.127
9810,Guinea,GIN,2000,8799165.0,31.017
9811,Guinea-Bissau,GNB,2000,1315455.0,36.654
9812,Guyana,GUY,2000,742218.0,28.694000000000003
9813,Haiti,HTI,2000,8549202.0,35.6
9814,Honduras,HND,2000,6243080.0,45.458
9815,"Hong Kong SAR, China",HKG,2000,6665000.0,100.0
9816,Hungary,HUN,2000,10210971.0,64.575
9817,Iceland,ISL,2000,281205.0,92.401
9818,India,IND,2000,1053481072.0,27.667
9819,Indonesia,IDN,2000,211540428.0,42.002
9820,"Iran, Islamic Rep.",IRN,2000,65850062.0,64.042
9821,Iraq,IRQ,2000,23574751.0,68.49600000000001
9822,Ireland,IRL,2000,3805174.0,59.146
9823,Isle of Man,IMY,2000,76806.0,51.823
9824,Israel,ISR,2000,6289000.0,91.203
9825,Italy,ITA,2000,56942108.0,67.222
9826,Jamaica,JAM,2000,2589389.0,51.81399999999999
9827,Japan,JPN,2000,126843000.0,78.649
9828,Jordan,JOR,2000,4797000.0,79.808
9829,Kazakhstan,KAZ,2000,14883626.0,55.729
9830,Kenya,KEN,2000,31065820.0,19.892
9831,Kiribati,KIR,2000,84406.0,42.958
9832,"Korea, Dem. Rep.",PRK,2000,22840218.0,59.412
9833,"Korea, Rep.",KOR,2000,47008111.0,79.62100000000001
9834,Kuwait,KWT,2000,1929470.0,98.113
9835,Kyrgyz Republic,KGZ,2000,4898400.0,35.298
9836,Lao PDR,LAO,2000,5342879.0,21.977
9837,Latvia,LVA,2000,2367550.0,68.067
9838,Lebanon,LBN,2000,3235380.0,86.0
9839,Lesotho,LSO,2000,1856225.0,19.548
9840,Liberia,LBR,2000,2891968.0,44.331
9841,Libya,LBY,2000,5337264.0,76.346
9842,Liechtenstein,LIE,2000,33282.0,15.13
9843,Lithuania,LTU,2000,3499536.0,66.986
9844,Luxembourg,LUX,2000,436300.0,84.21600000000001
9845,"Macao SAR, China",MAC,2000,431907.0,100.0
9846,"Macedonia, FYR",MKD,2000,2012051.0,58.548
9847,Madagascar,MDG,2000,15744811.0,27.121
9848,Malawi,MWI,2000,11193230.0,14.61
9849,Malaysia,MYS,2000,23420751.0,61.977
9850,Maldives,MDV,2000,286000.0,27.706
9851,Mali,MLI,2000,11046926.0,28.356
9852,Malta,MLT,2000,381363.0,92.368
9853,Marshall Islands,MHL,2000,52161.0,68.358
9854,Mauritania,MRT,2000,2711421.0,49.244
9855,Mauritius,MUS,2000,1186873.0,42.67
9856,Mexico,MEX,2000,102808590.0,74.722
9857,"Micronesia, Fed. Sts.",FSM,2000,107430.0,22.33
9858,Moldova,MDA,2000,3639592.0,45.803
9859,Monaco,MCO,2000,32081.0,100.0
9860,Mongolia,MNG,2000,2397438.0,57.133
9861,Montenegro,MNE,2000,604950.0,58.544
9862,Morocco,MAR,2000,28950553.0,53.335
9863,Mozambique,MOZ,2000,18264536.0,29.098000000000003
9864,Myanmar,MMR,2000,47669791.0,26.968000000000004
9865,Namibia,NAM,2000,1897953.0,32.373000000000005
9866,Nepal,NPL,2000,23740145.0,13.431
9867,Netherlands,NLD,2000,15925513.0,76.795
9868,New Caledonia,NCL,2000,213230.0,61.78
9869,New Zealand,NZL,2000,3857700.0,85.677
9870,Nicaragua,NIC,2000,5026792.0,54.737
9871,Niger,NER,2000,11224523.0,16.186
9872,Nigeria,NGA,2000,122876723.0,34.84
9873,Northern Mariana Islands,MNP,2000,68434.0,90.116
9874,Norway,NOR,2000,4490967.0,76.081
9875,Oman,OMN,2000,2239403.0,71.569
9876,Pakistan,PAK,2000,138250487.0,33.155
9877,Palau,PLW,2000,19174.0,69.96300000000001
9878,Panama,PAN,2000,3028751.0,62.198
9879,Papua New Guinea,PNG,2000,5374051.0,13.204
9880,Paraguay,PRY,2000,5302703.0,55.331
9881,Peru,PER,2000,25914875.0,73.042
9882,Philippines,PHL,2000,77932247.0,47.955
9883,Poland,POL,2000,38258629.0,61.716
9884,Portugal,PRT,2000,10289898.0,54.399
9885,Puerto Rico,PRI,2000,3810605.0,94.387
9886,Qatar,QAT,2000,593453.0,96.311
9887,Romania,ROM,2000,22442971.0,53.004
9888,Russian Federation,RUS,2000,146596557.0,73.35
9889,Rwanda,RWA,2000,8021875.0,14.925999999999998
9890,Samoa,WSM,2000,174614.0,21.977
9891,San Marino,SMR,2000,27420.0,93.44
9892,Sao Tome and Principe,STP,2000,137164.0,53.424
9893,Saudi Arabia,SAU,2000,21392273.0,79.848
9894,Senegal,SEN,2000,9860578.0,40.345
9895,Serbia,SRB,2000,7516346.0,53.188
9896,Seychelles,SYC,2000,81131.0,50.12
9897,Sierra Leone,SLE,2000,4060709.0,35.626
9898,Singapore,SGP,2000,4027900.0,100.0
9899,Sint Maarten (Dutch part),SXM,2000,30519.0,100.0
9900,Slovak Republic,SVK,2000,5388720.0,56.233
9901,Slovenia,SVN,2000,1988925.0,50.752
9902,Solomon Islands,SLB,2000,412336.0,15.813
9903,Somalia,SOM,2000,7385416.0,33.247
9904,South Africa,ZAF,2000,44000000.0,56.891000000000005
9905,South Sudan,SSD,2000,6692999.0,16.504
9906,Spain,ESP,2000,40263216.0,76.262
9907,Sri Lanka,LKA,2000,19102000.0,18.443
9908,St. Kitts and Nevis,KNA,2000,45544.0,32.778
9909,St. Lucia,LCA,2000,156949.0,27.774
9910,St. Vincent and the Grenadines,VCT,2000,107897.0,45.18600000000001
9911,Sudan,SDN,2000,28079664.0,32.495
9912,Suriname,SUR,2000,480751.0,66.444
9913,Swaziland,SWZ,2000,1063715.0,22.686
9914,Sweden,SWE,2000,8872109.0,84.02600000000001
9915,Switzerland,CHE,2000,7184250.0,73.322
9916,Syrian Arab Republic,SYR,2000,16354050.0,51.947
9917,Tajikistan,TJK,2000,6186152.0,26.486
9918,Tanzania,TZA,2000,33991590.0,22.309
9919,Thailand,THA,2000,62693322.0,31.391
9920,Timor-Leste,TMP,2000,847185.0,24.263
9921,Togo,TGO,2000,4874735.0,32.907
9922,Tonga,TON,2000,97898.0,23.012
9923,Trinidad and Tobago,TTO,2000,1267980.0,10.777
9924,Tunisia,TUN,2000,9552500.0,63.432
9925,Turkey,TUR,2000,63240157.0,64.741
9926,Turkmenistan,TKM,2000,4501419.0,45.913
9927,Turks and Caicos Islands,TCA,2000,18876.0,84.55
9928,Tuvalu,TUV,2000,9419.0,46.018
9929,Uganda,UGA,2000,23757636.0,12.082
9930,Ukraine,UKR,2000,49175848.0,67.145
9931,United Arab Emirates,ARE,2000,3050128.0,80.236
9932,United Kingdom,GBR,2000,58892514.0,78.65100000000001
9933,United States,USA,2000,282162411.0,79.057
9934,Uruguay,URY,2000,3321242.0,92.028
9935,Uzbekistan,UZB,2000,24650400.0,37.429
9936,Vanuatu,VUT,2000,185058.0,21.673
9937,"Venezuela, RB",VEN,2000,24481477.0,87.98
9938,Vietnam,VNM,2000,77630900.0,24.374
9939,Virgin Islands (U.S.),VIR,2000,108639.0,92.586
9940,West Bank and Gaza,WBG,2000,2922153.0,71.969
9941,"Yemen, Rep.",YEM,2000,17795219.0,26.267
9942,Zambia,ZMB,2000,10585220.0,34.802
9943,Zimbabwe,ZWE,2000,12499981.0,33.758
9944,Arab World,ARB,2001,287358599.0,53.3553708116353
9945,Caribbean small states,CSS,2001,6497461.0,41.5807818820305
9946,Central Europe and the Baltics,CEB,2001,107811539.0,61.5718057487891
9947,East Asia & Pacific (all income levels),EAS,2001,2064256178.0,42.2240635764252
9948,East Asia & Pacific (developing only),EAP,2001,1831803900.0,37.684975514418895
9949,Euro area,EMU,2001,322544302.0,72.76722384443491
9950,Europe & Central Asia (all income levels),ECS,2001,863554388.0,68.4500464955174
9951,Europe & Central Asia (developing only),ECA,2001,246439450.0,57.3678752850637
9952,European Union,EUU,2001,489163227.0,71.710807914036
9953,Fragile and conflict affected situations,FCS,2001,343880551.0,35.8706707800295
9954,Heavily indebted poor countries (HIPC),HPC,2001,487633972.0,28.855261443895007
9955,High income,HIC,2001,1291280047.0,77.22077631986521
9956,High income: nonOECD,NOC,2001,296194862.0,78.5609139840613
9957,High income: OECD,OEC,2001,995085185.0,76.85199936693459
9958,Latin America & Caribbean (all income levels),LCN,2001,533449671.0,75.62880412618759
9959,Latin America & Caribbean (developing only),LAC,2001,446109420.0,73.3272262965687
9960,Least developed countries: UN classification,LDC,2001,681362484.0,24.8358763935174
9961,Low & middle income,LMY,2001,4904407186.0,39.1566202326438
9962,Low income,LIC,2001,437714055.0,25.156243498594108
9963,Lower middle income,LMC,2001,2343442598.0,33.185388398508
9964,Middle East & North Africa (all income levels),MEA,2001,321230141.0,58.94153408658499
9965,Middle East & North Africa (developing only),MNA,2001,283601129.0,55.7449900235129
9966,Middle income,MIC,2001,4466693131.0,40.529113375253
9967,North America,NAC,2001,316113359.0,79.2947412876341
9968,OECD members,OED,2001,1163507442.0,76.054629805633
9969,Other small states,OSS,2001,16566464.0,42.0188186475144
9970,Pacific island small states,PSS,2001,1975126.0,34.4408406157379
9971,Small states,SST,2001,25039051.0,41.3071959293153
9972,South Asia,SAS,2001,1411288216.0,27.651740650884104
9973,Sub-Saharan Africa (all income levels),SSF,2001,685795280.0,31.1772633023007
9974,Sub-Saharan Africa (developing only),SSA,2001,685165071.0,31.168891427442603
9975,Upper middle income,UMC,2001,2123250533.0,48.6285623788477
9976,World,WLD,2001,6195687233.0,46.982783610865496
9977,Afghanistan,AFG,2001,20531160.0,21.596
9978,Albania,ALB,2001,3060173.0,42.435
9979,Algeria,DZA,2001,31590320.0,60.712
9980,American Samoa,ASM,2001,58176.0,88.491
9981,Andorra,ADO,2001,67770.0,92.056
9982,Angola,AGO,2001,15562791.0,33.152
9983,Antigua and Barbuda,ATG,2001,78972.0,31.74
9984,Argentina,ARG,2001,37471535.0,89.329
9985,Armenia,ARM,2001,3060036.0,64.385
9986,Aruba,ABW,2001,92894.0,46.339
9987,Australia,AUS,2001,19413000.0,87.37799999999999
9988,Austria,AUT,2001,8042293.0,65.801
9989,Azerbaijan,AZE,2001,8111200.0,51.587
9990,"Bahamas, The",BHS,2001,303138.0,82.064
9991,Bahrain,BHR,2001,694893.0,88.369
9992,Bangladesh,BGD,2001,133776064.0,24.096
9993,Barbados,BRB,2001,270686.0,33.651
9994,Belarus,BLR,2001,9928000.0,70.458
9995,Belgium,BEL,2001,10286570.0,97.184
9996,Belize,BLZ,2001,254989.0,47.392
9997,Benin,BEN,2001,7174911.0,38.65
9998,Bermuda,BMU,2001,62504.0,100.0
9999,Bhutan,BTN,2001,580784.0,26.48
10000,Bolivia,BOL,2001,8496378.0,62.313
10001,Bosnia and Herzegovina,BIH,2001,3799747.0,39.285
10002,Botswana,BWA,2001,1762531.0,54.062
10003,Brazil,BRA,2001,178419396.0,81.553
10004,Brunei Darussalam,BRN,2001,337074.0,71.652
10005,Bulgaria,BGR,2001,8020282.0,69.166
10006,Burkina Faso,BFA,2001,11943740.0,18.54
10007,Burundi,BDI,2001,6946720.0,8.461
10008,Cabo Verde,CPV,2001,447357.0,54.291
10009,Cambodia,KHM,2001,12448881.0,18.703
10010,Cameroon,CMR,2001,16349364.0,46.139
10011,Canada,CAN,2001,31081900.0,79.81
10012,Cayman Islands,CYM,2001,43317.0,100.0
10013,Central African Republic,CAF,2001,3794677.0,37.72
10014,Chad,TCD,2001,8663599.0,21.67
10015,Channel Islands,CHI,2001,149797.0,30.495
10016,Chile,CHL,2001,15358418.0,86.363
10017,China,CHN,2001,1271850000.0,37.093
10018,Colombia,COL,2001,40988909.0,72.38
10019,Comoros,COM,2001,561525.0,28.036
10020,"Congo, Dem. Rep.",ZAR,2001,49449015.0,35.587
10021,"Congo, Rep.",COG,2001,3183883.0,59.156000000000006
10022,Costa Rica,CRI,2001,3996800.0,60.407
10023,Cote d'Ivoire,CIV,2001,16865376.0,44.195
10024,Croatia,HRV,2001,4440000.0,55.725
10025,Cuba,CUB,2001,11151472.0,75.555
10026,Curacao,CUW,2001,129047.0,91.011
10027,Cyprus,CYP,2001,961482.0,68.76899999999999
10028,Czech Republic,CZE,2001,10216605.0,73.877
10029,Denmark,DNK,2001,5358783.0,85.15
10030,Djibouti,DJI,2001,734088.0,76.578
10031,Dominica,DMA,2001,69660.0,65.382
10032,Dominican Republic,DOM,2001,8697127.0,62.556
10033,Ecuador,ECU,2001,12852753.0,60.799
10034,"Egypt, Arab Rep.",EGY,2001,69599945.0,42.843
10035,El Salvador,SLV,2001,5844738.0,59.464
10036,Equatorial Guinea,GNQ,2001,549007.0,38.8
10037,Eritrea,ERI,2001,3655006.0,17.796
10038,Estonia,EST,2001,1388115.0,69.242
10039,Ethiopia,ETH,2001,68393128.0,14.927
10040,Faeroe Islands,FRO,2001,47012.0,37.175
10041,Fiji,FJI,2001,814215.0,48.3
10042,Finland,FIN,2001,5188008.0,82.368
10043,France,FRA,2001,61357431.0,76.127
10044,French Polynesia,PYF,2001,241276.0,55.999
10045,Gabon,GAB,2001,1260435.0,80.85
10046,"Gambia, The",GMB,2001,1267103.0,48.775
10047,Georgia,GEO,2001,4386400.0,52.398
10048,Germany,DEU,2001,82349925.0,73.113
10049,Ghana,GHA,2001,19293804.0,44.601000000000006
10050,Greece,GRC,2001,10951764.0,72.913
10051,Greenland,GRL,2001,56350.0,81.84899999999999
10052,Grenada,GRD,2001,101849.0,36.105
10053,Guam,GUM,2001,156417.0,93.233
10054,Guatemala,GTM,2001,11976725.0,45.532
10055,Guinea,GIN,2001,8955756.0,31.355
10056,Guinea-Bissau,GNB,2001,1343646.0,37.482
10057,Guyana,GUY,2001,743163.0,28.606
10058,Haiti,HTI,2001,8692564.0,37.251
10059,Honduras,HND,2001,6371304.0,45.964
10060,"Hong Kong SAR, China",HKG,2001,6714300.0,100.0
10061,Hungary,HUN,2001,10187576.0,64.67
10062,Iceland,ISL,2001,284968.0,92.532
10063,India,IND,2001,1071888190.0,27.918000000000003
10064,Indonesia,IDN,2001,214448301.0,42.782
10065,"Iran, Islamic Rep.",IRN,2001,66812736.0,64.758
10066,Iraq,IRQ,2001,24258794.0,68.55
10067,Ireland,IRL,2001,3866243.0,59.395
10068,Isle of Man,IMY,2001,77608.0,51.833
10069,Israel,ISR,2001,6439000.0,91.267
10070,Italy,ITA,2001,56974100.0,67.282
10071,Jamaica,JAM,2001,2605556.0,52.053
10072,Japan,JPN,2001,127149000.0,79.99
10073,Jordan,JOR,2001,4917000.0,80.087
10074,Kazakhstan,KAZ,2001,14858335.0,55.527
10075,Kenya,KEN,2001,31863280.0,20.239
10076,Kiribati,KIR,2001,85858.0,43.473
10077,"Korea, Dem. Rep.",PRK,2001,23043441.0,59.49100000000001
10078,"Korea, Rep.",KOR,2001,47357362.0,79.94
10079,Kuwait,KWT,2001,1990022.0,98.128
10080,Kyrgyz Republic,KGZ,2001,4945100.0,35.296
10081,Lao PDR,LAO,2001,5424701.0,22.993
10082,Latvia,LVA,2001,2337170.0,67.95
10083,Lebanon,LBN,2001,3359875.0,86.115
10084,Lesotho,LSO,2001,1871489.0,20.067
10085,Liberia,LBR,2001,2998770.0,44.673
10086,Libya,LBY,2001,5428303.0,76.441
10087,Liechtenstein,LIE,2001,33663.0,14.962
10088,Lithuania,LTU,2001,3470818.0,66.919
10089,Luxembourg,LUX,2001,441525.0,84.84299999999999
10090,"Macao SAR, China",MAC,2001,438088.0,100.0
10091,"Macedonia, FYR",MKD,2001,2021585.0,58.339
10092,Madagascar,MDG,2001,16235767.0,27.391
10093,Malawi,MWI,2001,11491824.0,14.698
10094,Malaysia,MYS,2001,23920963.0,62.922
10095,Maldives,MDV,2001,292000.0,28.859
10096,Mali,MLI,2001,11376094.0,29.075
10097,Malta,MLT,2001,393028.0,92.641
10098,Marshall Islands,MHL,2001,52184.0,68.67399999999999
10099,Mauritania,MRT,2001,2796502.0,50.043
10100,Mauritius,MUS,2001,1196287.0,42.46
10101,Mexico,MEX,2001,104239563.0,75.045
10102,"Micronesia, Fed. Sts.",FSM,2001,107170.0,22.33
10103,Moldova,MDA,2001,3631462.0,45.70399999999999
10104,Monaco,MCO,2001,32364.0,100.0
10105,Mongolia,MNG,2001,2419729.0,58.222
10106,Montenegro,MNE,2001,607389.0,59.559
10107,Morocco,MAR,2001,29250983.0,53.662
10108,Mozambique,MOZ,2001,18792357.0,29.277
10109,Myanmar,MMR,2001,48195684.0,27.318
10110,Namibia,NAM,2001,1931005.0,32.898
10111,Nepal,NPL,2001,24140941.0,13.967
10112,Netherlands,NLD,2001,16046180.0,77.83
10113,New Caledonia,NCL,2001,217324.0,62.17100000000001
10114,New Zealand,NZL,2001,3880500.0,85.764
10115,Nicaragua,NIC,2001,5100750.0,54.976000000000006
10116,Niger,NER,2001,11642308.0,16.27
10117,Nigeria,NGA,2001,126014935.0,35.669000000000004
10118,Northern Mariana Islands,MNP,2001,68817.0,90.054
10119,Norway,NOR,2001,4513751.0,76.561
10120,Oman,OMN,2001,2272547.0,71.54899999999999
10121,Pakistan,PAK,2001,141282077.0,33.446
10122,Palau,PLW,2001,19404.0,71.626
10123,Panama,PAN,2001,3086887.0,62.494
10124,Papua New Guinea,PNG,2001,5512835.0,13.182
10125,Paraguay,PRY,2001,5406625.0,55.966
10126,Peru,PER,2001,26261363.0,73.44800000000001
10127,Philippines,PHL,2001,79604541.0,47.684
10128,Poland,POL,2001,38248076.0,61.761
10129,Portugal,PRT,2001,10362722.0,55.044
10130,Puerto Rico,PRI,2001,3818774.0,94.333
10131,Qatar,QAT,2001,613720.0,96.506
10132,Romania,ROM,2001,22131970.0,52.852
10133,Russian Federation,RUS,2001,145976083.0,73.346
10134,Rwanda,RWA,2001,8329113.0,15.829
10135,Samoa,WSM,2001,175567.0,22.068
10136,San Marino,SMR,2001,27771.0,93.75
10137,Sao Tome and Principe,STP,2001,140003.0,54.377
10138,Saudi Arabia,SAU,2001,22007937.0,80.077
10139,Senegal,SEN,2001,10118078.0,40.49
10140,Serbia,SRB,2001,7503433.0,53.456
10141,Seychelles,SYC,2001,81202.0,50.28
10142,Sierra Leone,SLE,2001,4220198.0,35.867
10143,Singapore,SGP,2001,4138000.0,100.0
10144,Sint Maarten (Dutch part),SXM,2001,31189.0,100.0
10145,Slovak Republic,SVK,2001,5378867.0,56.163
10146,Slovenia,SVN,2001,1992060.0,50.78
10147,Solomon Islands,SLB,2001,423535.0,16.201
10148,Somalia,SOM,2001,7610053.0,33.617
10149,South Africa,ZAF,2001,44909738.0,57.368
10150,South Sudan,SSD,2001,6967817.0,16.632
10151,Spain,ESP,2001,40756001.0,76.343
10152,Sri Lanka,LKA,2001,18797000.0,18.431
10153,St. Kitts and Nevis,KNA,2001,46216.0,32.593
10154,St. Lucia,LCA,2001,158650.0,27.473000000000003
10155,St. Vincent and the Grenadines,VCT,2001,107989.0,45.548
10156,Sudan,SDN,2001,28805142.0,32.548
10157,Suriname,SUR,2001,484210.0,66.517
10158,Swaziland,SWZ,2001,1074765.0,22.555
10159,Sweden,SWE,2001,8895960.0,84.071
10160,Switzerland,CHE,2001,7229854.0,73.322
10161,Syrian Arab Republic,SYR,2001,16694414.0,52.31399999999999
10162,Tajikistan,TJK,2001,6290413.0,26.457
10163,Tanzania,TZA,2001,34899062.0,22.674
10164,Thailand,THA,2001,63415174.0,32.572
10165,Timor-Leste,TMP,2001,865848.0,24.619
10166,Togo,TGO,2001,5006223.0,33.356
10167,Tonga,TON,2001,98434.0,23.041
10168,Trinidad and Tobago,TTO,2001,1272383.0,10.597
10169,Tunisia,TUN,2001,9650600.0,63.818000000000005
10170,Turkey,TUR,2001,64182694.0,65.332
10171,Turkmenistan,TKM,2001,4551762.0,46.137
10172,Turks and Caicos Islands,TCA,2001,20186.0,85.36200000000001
10173,Tuvalu,TUV,2001,9471.0,46.429
10174,Uganda,UGA,2001,24534668.0,12.167
10175,Ukraine,UKR,2001,48683865.0,67.183
10176,United Arab Emirates,ARE,2001,3217865.0,80.655
10177,United Kingdom,GBR,2001,59119673.0,78.751
10178,United States,USA,2001,284968955.0,79.234
10179,Uruguay,URY,2001,3327105.0,92.303
10180,Uzbekistan,UZB,2001,24964450.0,37.278
10181,Vanuatu,VUT,2001,189288.0,21.953000000000003
10182,"Venezuela, RB",VEN,2001,24940223.0,88.303
10183,Vietnam,VNM,2001,78620500.0,24.937
10184,Virgin Islands (U.S.),VIR,2001,108386.0,92.814
10185,West Bank and Gaza,WBG,2001,2997784.0,72.189
10186,"Yemen, Rep.",YEM,2001,18306287.0,26.787
10187,Zambia,ZMB,2001,10861238.0,34.958
10188,Zimbabwe,ZWE,2001,12603988.0,34.17
10189,Arab World,ARB,2002,293501628.0,53.63328642495301
10190,Caribbean small states,CSS,2002,6532561.0,41.6113703971536
10191,Central Europe and the Baltics,CEB,2002,107128884.0,61.6322608631301
10192,East Asia & Pacific (all income levels),EAS,2002,2081838397.0,43.3122182938075
10193,East Asia & Pacific (developing only),EAP,2002,1848308223.0,38.7908873538161
10194,Euro area,EMU,2002,324209956.0,72.9837471653338
10195,Europe & Central Asia (all income levels),ECS,2002,865246750.0,68.6131035476159
10196,Europe & Central Asia (developing only),ECA,2002,246819911.0,57.537864522291095
10197,European Union,EUU,2002,490506176.0,71.9303190766287
10198,Fragile and conflict affected situations,FCS,2002,352636915.0,36.2198415870957
10199,Heavily indebted poor countries (HIPC),HPC,2002,501659710.0,29.1870525189735
10200,High income,HIC,2002,1298840755.0,77.5562883615072
10201,High income: nonOECD,NOC,2002,297623374.0,78.68137930684091
10202,High income: OECD,OEC,2002,1001217381.0,77.24711537478692
10203,Latin America & Caribbean (all income levels),LCN,2002,540884684.0,75.96551922792071
10204,Latin America & Caribbean (developing only),LAC,2002,452455713.0,73.6987125103115
10205,Least developed countries: UN classification,LDC,2002,698794943.0,25.24275233921089
10206,Low & middle income,LMY,2002,4976098397.0,39.7603419526201
10207,Low income,LIC,2002,449827124.0,25.4377367653223
10208,Lower middle income,LMC,2002,2383558218.0,33.553933763868606
10209,Middle East & North Africa (all income levels),MEA,2002,327306993.0,59.324885918545
10210,Middle East & North Africa (developing only),MNA,2002,288553691.0,56.1181339857857
10211,Middle income,MIC,2002,4526271273.0,41.18428003612
10212,North America,NAC,2002,319050105.0,79.46014500429959
10213,OECD members,OED,2002,1171921444.0,76.4499216243985
10214,Other small states,OSS,2002,16856776.0,42.5501388072218
10215,Pacific island small states,PSS,2002,1995730.0,34.6102847143652
10216,Small states,SST,2002,25385067.0,41.68410596060861
10217,South Asia,SAS,2002,1436509869.0,28.003576999008494
10218,Sub-Saharan Africa (all income levels),SSF,2002,704102354.0,31.5904092075596
10219,Sub-Saharan Africa (developing only),SSA,2002,703450990.0,31.5823516430761
10220,Upper middle income,UMC,2002,2142713055.0,49.6662573280529
10221,World,WLD,2002,6274939152.0,47.4779667636185
10222,Afghanistan,AFG,2002,21487079.0,21.915
10223,Albania,ALB,2002,3051010.0,43.501000000000005
10224,Algeria,DZA,2002,31990387.0,61.501000000000005
10225,American Samoa,ASM,2002,58729.0,88.39399999999999
10226,Andorra,ADO,2002,71046.0,91.641
10227,Angola,AGO,2002,16109696.0,33.895
10228,Antigua and Barbuda,ATG,2002,80030.0,31.099
10229,Argentina,ARG,2002,37889443.0,89.51899999999999
10230,Armenia,ARM,2002,3047249.0,64.283
10231,Aruba,ABW,2002,94995.0,45.972
10232,Australia,AUS,2002,19651400.0,87.541
10233,Austria,AUT,2002,8081957.0,65.806
10234,Azerbaijan,AZE,2002,8171950.0,51.787
10235,"Bahamas, The",BHS,2002,309170.0,82.118
10236,Bahrain,BHR,2002,725365.0,88.37
10237,Bangladesh,BGD,2002,136228456.0,24.756
10238,Barbados,BRB,2002,271479.0,33.472
10239,Belarus,BLR,2002,9865000.0,70.939
10240,Belgium,BEL,2002,10332785.0,97.239
10241,Belize,BLZ,2002,262202.0,47.122
10242,Benin,BEN,2002,7414744.0,38.969
10243,Bermuda,BMU,2002,62912.0,100.0
10244,Bhutan,BTN,2002,598421.0,27.57
10245,Bolivia,BOL,2002,8653343.0,62.791
10246,Bosnia and Herzegovina,BIH,2002,3808347.0,39.264
10247,Botswana,BWA,2002,1786672.0,54.374
10248,Brazil,BRA,2002,181045592.0,81.88
10249,Brunei Darussalam,BRN,2002,343383.0,72.13600000000001
10250,Bulgaria,BGR,2002,7868468.0,69.524
10251,Burkina Faso,BFA,2002,12290984.0,19.258
10252,Burundi,BDI,2002,7159918.0,8.682
10253,Cabo Verde,CPV,2002,455396.0,55.146
10254,Cambodia,KHM,2002,12681984.0,18.82
10255,Cameroon,CMR,2002,16779434.0,46.738
10256,Canada,CAN,2002,31362000.0,79.888
10257,Cayman Islands,CYM,2002,44742.0,100.0
10258,Central African Republic,CAF,2002,3859784.0,37.802
10259,Chad,TCD,2002,9002102.0,21.702
10260,Channel Islands,CHI,2002,150905.0,30.557
10261,Chile,CHL,2002,15544554.0,86.648
10262,China,CHN,2002,1280400000.0,38.425
10263,Colombia,COL,2002,41572493.0,72.683
10264,Comoros,COM,2002,575428.0,27.992
10265,"Congo, Dem. Rep.",ZAR,2002,50971407.0,36.055
10266,"Congo, Rep.",COG,2002,3256867.0,59.617
10267,Costa Rica,CRI,2002,4063208.0,61.751000000000005
10268,Cote d'Ivoire,CIV,2002,17185421.0,44.853
10269,Croatia,HRV,2002,4440000.0,55.876000000000005
10270,Cuba,CUB,2002,11184540.0,75.785
10271,Curacao,CUW,2002,129205.0,90.894
10272,Cyprus,CYP,2002,979883.0,68.694
10273,Czech Republic,CZE,2002,10196916.0,73.809
10274,Denmark,DNK,2002,5375931.0,85.25
10275,Djibouti,DJI,2002,745459.0,76.624
10276,Dominica,DMA,2002,69806.0,65.689
10277,Dominican Republic,DOM,2002,8832286.0,63.361
10278,Ecuador,ECU,2002,13072056.0,61.118
10279,"Egypt, Arab Rep.",EGY,2002,70908710.0,42.889
10280,El Salvador,SLV,2002,5874301.0,60.014
10281,Equatorial Guinea,GNQ,2002,567664.0,38.794
10282,Eritrea,ERI,2002,3788532.0,18.049
10283,Estonia,EST,2002,1379350.0,69.116
10284,Ethiopia,ETH,2002,70391170.0,15.118
10285,Faeroe Islands,FRO,2002,47452.0,38.022
10286,Fiji,FJI,2002,815691.0,48.692
10287,Finland,FIN,2002,5200598.0,82.50299999999999
10288,France,FRA,2002,61805267.0,76.38
10289,French Polynesia,PYF,2002,245032.0,55.926
10290,Gabon,GAB,2002,1289192.0,81.565
10291,"Gambia, The",GMB,2002,1307674.0,49.683
10292,Georgia,GEO,2002,4357000.0,52.293
10293,Germany,DEU,2002,82488495.0,73.17399999999999
10294,Ghana,GHA,2002,19788181.0,45.275
10295,Greece,GRC,2002,10983723.0,73.303
10296,Greenland,GRL,2002,56609.0,82.095
10297,Grenada,GRD,2002,102100.0,36.058
10298,Guam,GUM,2002,157241.0,93.334
10299,Guatemala,GTM,2002,12272208.0,45.937
10300,Guinea,GIN,2002,9114287.0,31.702
10301,Guinea-Bissau,GNB,2002,1372367.0,38.318000000000005
10302,Guyana,GUY,2002,743107.0,28.518
10303,Haiti,HTI,2002,8834739.0,38.935
10304,Honduras,HND,2002,6499001.0,46.593
10305,"Hong Kong SAR, China",HKG,2002,6744100.0,100.0
10306,Hungary,HUN,2002,10158608.0,65.081
10307,Iceland,ISL,2002,287523.0,92.662
10308,India,IND,2002,1090189358.0,28.244
10309,Indonesia,IDN,2002,217369087.0,43.566
10310,"Iran, Islamic Rep.",IRN,2002,67696677.0,65.468
10311,Iraq,IRQ,2002,24943793.0,68.604
10312,Ireland,IRL,2002,3931947.0,59.649
10313,Isle of Man,IMY,2002,78318.0,51.851000000000006
10314,Israel,ISR,2002,6570000.0,91.33
10315,Italy,ITA,2002,57059007.0,67.382
10316,Jamaica,JAM,2002,2615253.0,52.251000000000005
10317,Japan,JPN,2002,127445000.0,81.64699999999999
10318,Jordan,JOR,2002,5038000.0,80.36399999999999
10319,Kazakhstan,KAZ,2002,14858948.0,55.326
10320,Kenya,KEN,2002,32691980.0,20.591
10321,Kiribati,KIR,2002,87343.0,43.492
10322,"Korea, Dem. Rep.",PRK,2002,23248053.0,59.57
10323,"Korea, Rep.",KOR,2002,47622179.0,80.29899999999999
10324,Kuwait,KWT,2002,2042215.0,98.142
10325,Kyrgyz Republic,KGZ,2002,4990700.0,35.295
10326,Lao PDR,LAO,2002,5502340.0,24.044
10327,Latvia,LVA,2002,2310173.0,67.85
10328,Lebanon,LBN,2002,3522842.0,86.23100000000001
10329,Lesotho,LSO,2002,1885488.0,20.597
10330,Liberia,LBR,2002,3070673.0,45.017
10331,Libya,LBY,2002,5518341.0,76.544
10332,Liechtenstein,LIE,2002,33995.0,14.906
10333,Lithuania,LTU,2002,3443067.0,66.828
10334,Luxembourg,LUX,2002,446175.0,85.29899999999999
10335,"Macao SAR, China",MAC,2002,444178.0,100.0
10336,"Macedonia, FYR",MKD,2002,2028706.0,58.13
10337,Madagascar,MDG,2002,16736029.0,27.663
10338,Malawi,MWI,2002,11788731.0,14.786
10339,Malaysia,MYS,2002,24401977.0,63.856
10340,Maldives,MDV,2002,297000.0,30.042
10341,Mali,MLI,2002,11723017.0,29.806
10342,Malta,MLT,2002,395969.0,92.905
10343,Marshall Islands,MHL,2002,52161.0,68.987
10344,Mauritania,MRT,2002,2884672.0,50.832
10345,Mauritius,MUS,2002,1204621.0,42.25
10346,Mexico,MEX,2002,105578297.0,75.365
10347,"Micronesia, Fed. Sts.",FSM,2002,106983.0,22.33
10348,Moldova,MDA,2002,3623062.0,45.605
10349,Monaco,MCO,2002,32648.0,100.0
10350,Mongolia,MNG,2002,2443503.0,59.304
10351,Montenegro,MNE,2002,609828.0,60.568000000000005
10352,Morocco,MAR,2002,29535591.0,53.99
10353,Mozambique,MOZ,2002,19348715.0,29.457
10354,Myanmar,MMR,2002,48689952.0,27.689
10355,Namibia,NAM,2002,1957749.0,33.766
10356,Nepal,NPL,2002,24516969.0,14.263
10357,Netherlands,NLD,2002,16148929.0,79.113
10358,New Caledonia,NCL,2002,221490.0,62.56100000000001
10359,New Zealand,NZL,2002,3948500.0,85.9
10360,Nicaragua,NIC,2002,5171736.0,55.216
10361,Niger,NER,2002,12075991.0,16.365
10362,Nigeria,NGA,2002,129246283.0,36.508
10363,Northern Mariana Islands,MNP,2002,68499.0,89.991
10364,Norway,NOR,2002,4538159.0,76.999
10365,Oman,OMN,2002,2323203.0,71.529
10366,Pakistan,PAK,2002,144271586.0,33.75
10367,Palau,PLW,2002,19575.0,73.235
10368,Panama,PAN,2002,3144728.0,62.789
10369,Papua New Guinea,PNG,2002,5653284.0,13.164
10370,Paraguay,PRY,2002,5508615.0,56.6
10371,Peru,PER,2002,26601463.0,73.85
10372,Philippines,PHL,2002,81294378.0,47.414
10373,Poland,POL,2002,38230364.0,61.787
10374,Portugal,PRT,2002,10419631.0,55.666
10375,Puerto Rico,PRI,2002,3823701.0,94.278
10376,Qatar,QAT,2002,634388.0,96.692
10377,Romania,ROM,2002,21730496.0,52.78
10378,Russian Federation,RUS,2002,145306046.0,73.34100000000001
10379,Rwanda,RWA,2002,8539029.0,16.777
10380,Samoa,WSM,2002,176592.0,21.941
10381,San Marino,SMR,2002,28142.0,93.925
10382,Sao Tome and Principe,STP,2002,143085.0,55.327
10383,Saudi Arabia,SAU,2002,22668102.0,80.304
10384,Senegal,SEN,2002,10389457.0,40.636
10385,Serbia,SRB,2002,7500031.0,53.724
10386,Seychelles,SYC,2002,83700.0,50.45399999999999
10387,Sierra Leone,SLE,2002,4422154.0,36.109
10388,Singapore,SGP,2002,4176000.0,100.0
10389,Sint Maarten (Dutch part),SXM,2002,32566.0,100.0
10390,Slovak Republic,SVK,2002,5376912.0,56.013000000000005
10391,Slovenia,SVN,2002,1994530.0,50.777
10392,Solomon Islands,SLB,2002,434893.0,16.597
10393,Somalia,SOM,2002,7827203.0,33.99
10394,South Africa,ZAF,2002,45546345.0,57.898
10395,South Sudan,SSD,2002,7233237.0,16.761
10396,Spain,ESP,2002,41431558.0,76.533
10397,Sri Lanka,LKA,2002,18921000.0,18.418
10398,St. Kitts and Nevis,KNA,2002,46935.0,32.427
10399,St. Lucia,LCA,2002,160218.0,26.329
10400,St. Vincent and the Grenadines,VCT,2002,108150.0,45.91
10401,Sudan,SDN,2002,29569978.0,32.601
10402,Suriname,SUR,2002,486271.0,66.59100000000001
10403,Swaziland,SWZ,2002,1082195.0,22.425
10404,Sweden,SWE,2002,8924958.0,84.133
10405,Switzerland,CHE,2002,7284753.0,73.36
10406,Syrian Arab Republic,SYR,2002,16997521.0,52.682
10407,Tajikistan,TJK,2002,6406518.0,26.429
10408,Tanzania,TZA,2002,35855480.0,23.044
10409,Thailand,THA,2002,64136669.0,33.779
10410,Timor-Leste,TMP,2002,894837.0,24.979
10411,Togo,TGO,2002,5142419.0,33.809
10412,Tonga,TON,2002,99005.0,23.069000000000003
10413,Trinidad and Tobago,TTO,2002,1277840.0,10.419
10414,Tunisia,TUN,2002,9748900.0,64.202
10415,Turkey,TUR,2002,65125766.0,65.953
10416,Turkmenistan,TKM,2002,4600172.0,46.362
10417,Turks and Caicos Islands,TCA,2002,21740.0,86.007
10418,Tuvalu,TUV,2002,9530.0,46.841
10419,Uganda,UGA,2002,25355794.0,12.253
10420,Ukraine,UKR,2002,48202500.0,67.283
10421,United Arab Emirates,ARE,2002,3394060.0,81.067
10422,United Kingdom,GBR,2002,59370479.0,79.047
10423,United States,USA,2002,287625193.0,79.40899999999999
10424,Uruguay,URY,2002,3327770.0,92.569
10425,Uzbekistan,UZB,2002,25271850.0,37.127
10426,Vanuatu,VUT,2002,193957.0,22.235
10427,"Venezuela, RB",VEN,2002,25399143.0,88.43799999999999
10428,Vietnam,VNM,2002,79537700.0,25.511
10429,Virgin Islands (U.S.),VIR,2002,108208.0,93.036
10430,West Bank and Gaza,WBG,2002,3075373.0,72.40899999999999
10431,"Yemen, Rep.",YEM,2002,18832097.0,27.315
10432,Zambia,ZMB,2002,11139978.0,35.369
10433,Zimbabwe,ZWE,2002,12691431.0,34.585
10434,Arab World,ARB,2003,299853418.0,53.9179500799988
10435,Caribbean small states,CSS,2003,6567210.0,41.6357887379877
10436,Central Europe and the Baltics,CEB,2003,106808998.0,61.6744004995815
10437,East Asia & Pacific (all income levels),EAS,2003,2098591746.0,44.4010928602304
10438,East Asia & Pacific (developing only),EAP,2003,1864184472.0,39.9088187975492
10439,Euro area,EMU,2003,325980803.0,73.20566919798341
10440,Europe & Central Asia (all income levels),ECS,2003,867562844.0,68.7823822333746
10441,Europe & Central Asia (developing only),ECA,2003,247668350.0,57.74180649154778
10442,European Union,EUU,2003,492343186.0,72.1424704883008
10443,Fragile and conflict affected situations,FCS,2003,361673831.0,36.5516201319211
10444,Heavily indebted poor countries (HIPC),HPC,2003,516163015.0,29.5396496778406
10445,High income,HIC,2003,1306317670.0,77.8755015894189
10446,High income: nonOECD,NOC,2003,299016078.0,78.80487250356559
10447,High income: OECD,OEC,2003,1007301592.0,77.6204614557772
10448,Latin America & Caribbean (all income levels),LCN,2003,548225528.0,76.2951864961825
10449,Latin America & Caribbean (developing only),LAC,2003,458709251.0,74.0668846584805
10450,Least developed countries: UN classification,LDC,2003,716594050.0,25.670332783347806
10451,Low & middle income,LMY,2003,5048020834.0,40.3700166584229
10452,Low income,LIC,2003,462302980.0,25.731327812963706
10453,Lower middle income,LMC,2003,2423930501.0,33.9298878287435
10454,Middle East & North Africa (all income levels),MEA,2003,333494898.0,59.7081990897534
10455,Middle East & North Africa (developing only),MNA,2003,293512103.0,56.4853137221364
10456,Middle income,MIC,2003,4585717854.0,41.8463477072847
10457,North America,NAC,2003,321847258.0,79.62481017607121
10458,OECD members,OED,2003,1180250131.0,76.8263416885009
10459,Other small states,OSS,2003,17148152.0,43.0796531448938
10460,Pacific island small states,PSS,2003,2016337.0,34.7679951729299
10461,Small states,SST,2003,25731699.0,42.05949315497461
10462,South Asia,SAS,2003,1461691023.0,28.3587073455407
10463,Sub-Saharan Africa (all income levels),SSF,2003,722925207.0,32.0101657105615
10464,Sub-Saharan Africa (developing only),SSA,2003,722255635.0,32.0025120613535
10465,Upper middle income,UMC,2003,2161787353.0,50.716573994898994
10466,World,WLD,2003,6354338504.0,47.9761073262637
10467,Afghanistan,AFG,2003,22507368.0,22.237
10468,Albania,ALB,2003,3039616.0,44.573
10469,Algeria,DZA,2003,32394886.0,62.284
10470,American Samoa,ASM,2003,59117.0,88.29700000000001
10471,Andorra,ADO,2003,74783.0,91.207
10472,Angola,AGO,2003,16691395.0,34.645
10473,Antigua and Barbuda,ATG,2003,80904.0,30.465
10474,Argentina,ARG,2003,38309475.0,89.71
10475,Armenia,ARM,2003,3036420.0,64.25
10476,Aruba,ABW,2003,97015.0,45.606
10477,Australia,AUS,2003,19895400.0,87.695
10478,Austria,AUT,2003,8121423.0,65.812
10479,Azerbaijan,AZE,2003,8234100.0,51.988
10480,"Bahamas, The",BHS,2003,315757.0,82.17200000000001
10481,Bahrain,BHR,2003,761595.0,88.376
10482,Bangladesh,BGD,2003,138600174.0,25.429
10483,Barbados,BRB,2003,272261.0,33.294000000000004
10484,Belarus,BLR,2003,9797000.0,71.415
10485,Belgium,BEL,2003,10376133.0,97.292
10486,Belize,BLZ,2003,269132.0,46.851000000000006
10487,Benin,BEN,2003,7665681.0,39.297
10488,Bermuda,BMU,2003,63325.0,100.0
10489,Bhutan,BTN,2003,616474.0,28.688
10490,Bolivia,BOL,2003,8810420.0,63.264
10491,Bosnia and Herzegovina,BIH,2003,3817313.0,39.244
10492,Botswana,BWA,2003,1810438.0,54.607
10493,Brazil,BRA,2003,183627339.0,82.20299999999999
10494,Brunei Darussalam,BRN,2003,349557.0,72.60600000000001
10495,Bulgaria,BGR,2003,7823557.0,69.87899999999999
10496,Burkina Faso,BFA,2003,12651596.0,19.996
10497,Burundi,BDI,2003,7401215.0,8.908
10498,Cabo Verde,CPV,2003,462675.0,55.997
10499,Cambodia,KHM,2003,12901217.0,18.937
10500,Cameroon,CMR,2003,17218591.0,47.338
10501,Canada,CAN,2003,31676000.0,79.967
10502,Cayman Islands,CYM,2003,46032.0,100.0
10503,Central African Republic,CAF,2003,3923294.0,37.884
10504,Chad,TCD,2003,9353516.0,21.735
10505,Channel Islands,CHI,2003,152034.0,30.619
10506,Chile,CHL,2003,15729268.0,86.92200000000001
10507,China,CHN,2003,1288400000.0,39.776
10508,Colombia,COL,2003,42152147.0,72.984
10509,Comoros,COM,2003,589500.0,27.947
10510,"Congo, Dem. Rep.",ZAR,2003,52602208.0,36.526
10511,"Congo, Rep.",COG,2003,3331564.0,60.076
10512,Costa Rica,CRI,2003,4125970.0,63.077
10513,Cote d'Ivoire,CIV,2003,17491539.0,45.513000000000005
10514,Croatia,HRV,2003,4440000.0,56.04
10515,Cuba,CUB,2003,11214837.0,75.947
10516,Curacao,CUW,2003,131897.0,90.775
10517,Cyprus,CYP,2003,998150.0,68.553
10518,Czech Republic,CZE,2003,10193998.0,73.74
10519,Denmark,DNK,2003,5390574.0,85.36
10520,Djibouti,DJI,2003,756656.0,76.67
10521,Dominica,DMA,2003,70058.0,65.994
10522,Dominican Republic,DOM,2003,8967759.0,64.596
10523,Ecuador,ECU,2003,13289600.0,61.316
10524,"Egypt, Arab Rep.",EGY,2003,72247626.0,42.935
10525,El Salvador,SLV,2003,5900929.0,60.56100000000001
10526,Equatorial Guinea,GNQ,2003,586772.0,38.802
10527,Eritrea,ERI,2003,3928408.0,18.315
10528,Estonia,EST,2003,1370720.0,68.98899999999999
10529,Ethiopia,ETH,2003,72432290.0,15.31
10530,Faeroe Islands,FRO,2003,47812.0,38.714
10531,Fiji,FJI,2003,816626.0,49.085
10532,Finland,FIN,2003,5213014.0,82.63799999999999
10533,France,FRA,2003,62244884.0,76.632
10534,French Polynesia,PYF,2003,248536.0,56.029
10535,Gabon,GAB,2003,1318093.0,82.23
10536,"Gambia, The",GMB,2003,1350345.0,50.592
10537,Georgia,GEO,2003,4328900.0,52.352
10538,Germany,DEU,2003,82534176.0,73.233
10539,Ghana,GHA,2003,20305396.0,45.951
10540,Greece,GRC,2003,11018324.0,73.689
10541,Greenland,GRL,2003,56765.0,82.338
10542,Grenada,GRD,2003,102371.0,36.011
10543,Guam,GUM,2003,157823.0,93.435
10544,Guatemala,GTM,2003,12573346.0,46.344
10545,Guinea,GIN,2003,9281572.0,32.06
10546,Guinea-Bissau,GNB,2003,1401716.0,39.162
10547,Guyana,GUY,2003,742537.0,28.431
10548,Haiti,HTI,2003,8976555.0,40.645
10549,Honduras,HND,2003,6626304.0,47.233
10550,"Hong Kong SAR, China",HKG,2003,6730800.0,100.0
10551,Hungary,HUN,2003,10129552.0,65.48899999999999
10552,Iceland,ISL,2003,289521.0,92.789
10553,India,IND,2003,1108369577.0,28.572
10554,Indonesia,IDN,2003,220307809.0,44.353
10555,"Iran, Islamic Rep.",IRN,2003,68522074.0,66.172
10556,Iraq,IRQ,2003,25630426.0,68.658
10557,Ireland,IRL,2003,3996521.0,59.925
10558,Isle of Man,IMY,2003,78975.0,51.869
10559,Israel,ISR,2003,6689700.0,91.393
10560,Italy,ITA,2003,57313203.0,67.501
10561,Jamaica,JAM,2003,2624695.0,52.437
10562,Japan,JPN,2003,127718000.0,83.196
10563,Jordan,JOR,2003,5164000.0,80.638
10564,Kazakhstan,KAZ,2003,14909018.0,55.124
10565,Kenya,KEN,2003,33551079.0,20.948
10566,Kiribati,KIR,2003,88892.0,43.512
10567,"Korea, Dem. Rep.",PRK,2003,23449173.0,59.648
10568,"Korea, Rep.",KOR,2003,47859311.0,80.652
10569,Kuwait,KWT,2003,2095993.0,98.157
10570,Kyrgyz Republic,KGZ,2003,5043300.0,35.293
10571,Lao PDR,LAO,2003,5579003.0,25.126
10572,Latvia,LVA,2003,2287955.0,67.8
10573,Lebanon,LBN,2003,3701464.0,86.348
10574,Lesotho,LSO,2003,1898778.0,21.137
10575,Liberia,LBR,2003,3124222.0,45.361
10576,Libya,LBY,2003,5609166.0,76.655
10577,Liechtenstein,LIE,2003,34290.0,14.85
10578,Lithuania,LTU,2003,3415213.0,66.737
10579,Luxembourg,LUX,2003,451630.0,85.743
10580,"Macao SAR, China",MAC,2003,450754.0,100.0
10581,"Macedonia, FYR",MKD,2003,2033974.0,57.92100000000001
10582,Madagascar,MDG,2003,17245275.0,27.936
10583,Malawi,MWI,2003,12090476.0,14.875
10584,Malaysia,MYS,2003,24869423.0,64.78
10585,Maldives,MDV,2003,304000.0,31.252
10586,Mali,MLI,2003,12088867.0,30.547
10587,Malta,MLT,2003,398582.0,93.16
10588,Marshall Islands,MHL,2003,52115.0,69.296
10589,Mauritania,MRT,2003,2974686.0,51.61
10590,Mauritius,MUS,2003,1213370.0,42.04
10591,Mexico,MEX,2003,106888418.0,75.682
10592,"Micronesia, Fed. Sts.",FSM,2003,106816.0,22.33
10593,Moldova,MDA,2003,3612874.0,45.506
10594,Monaco,MCO,2003,32960.0,100.0
10595,Mongolia,MNG,2003,2469045.0,60.378
10596,Montenegro,MNE,2003,612267.0,61.568000000000005
10597,Morocco,MAR,2003,29812685.0,54.317
10598,Mozambique,MOZ,2003,19928496.0,29.637
10599,Myanmar,MMR,2003,49151958.0,28.081
10600,Namibia,NAM,2003,1980531.0,34.709
10601,Nepal,NPL,2003,24868900.0,14.564
10602,Netherlands,NLD,2003,16225302.0,80.34100000000001
10603,New Caledonia,NCL,2003,224868.0,62.949
10604,New Zealand,NZL,2003,4027200.0,86.0
10605,Nicaragua,NIC,2003,5240876.0,55.455
10606,Niger,NER,2003,12526725.0,16.471
10607,Nigeria,NGA,2003,132581484.0,37.356
10608,Northern Mariana Islands,MNP,2003,67562.0,89.927
10609,Norway,NOR,2003,4564855.0,77.23
10610,Oman,OMN,2003,2385075.0,71.509
10611,Pakistan,PAK,2003,147251530.0,34.065
10612,Palau,PLW,2003,19700.0,74.78399999999999
10613,Panama,PAN,2003,3202511.0,63.083
10614,Papua New Guinea,PNG,2003,5795571.0,13.146
10615,Paraguay,PRY,2003,5607948.0,56.893
10616,Peru,PER,2003,26937737.0,74.249
10617,Philippines,PHL,2003,82971734.0,47.143
10618,Poland,POL,2003,38204570.0,61.676
10619,Portugal,PRT,2003,10458821.0,56.287
10620,Puerto Rico,PRI,2003,3826095.0,94.224
10621,Qatar,QAT,2003,668165.0,96.868
10622,Romania,ROM,2003,21574326.0,52.912
10623,Russian Federation,RUS,2003,144648257.0,73.373
10624,Rwanda,RWA,2003,8686469.0,17.598
10625,Samoa,WSM,2003,177677.0,21.698
10626,San Marino,SMR,2003,28520.0,93.975
10627,Sao Tome and Principe,STP,2003,146357.0,56.25
10628,Saudi Arabia,SAU,2003,23357887.0,80.53
10629,Senegal,SEN,2003,10673320.0,40.782
10630,Serbia,SRB,2003,7480591.0,53.992
10631,Seychelles,SYC,2003,82800.0,50.641000000000005
10632,Sierra Leone,SLE,2003,4647701.0,36.352
10633,Singapore,SGP,2003,4114800.0,100.0
10634,Sint Maarten (Dutch part),SXM,2003,33790.0,100.0
10635,Slovak Republic,SVK,2003,5373374.0,55.863
10636,Slovenia,SVN,2003,1995733.0,50.685
10637,Solomon Islands,SLB,2003,446352.0,17.000999999999998
10638,Somalia,SOM,2003,8039104.0,34.371
10639,South Africa,ZAF,2003,46127031.0,58.446000000000005
10640,South Sudan,SSD,2003,7499695.0,16.891
10641,Spain,ESP,2003,42187645.0,76.778
10642,Sri Lanka,LKA,2003,19173000.0,18.406
10643,St. Kitts and Nevis,KNA,2003,47681.0,32.281
10644,St. Lucia,LCA,2003,161767.0,25.216
10645,St. Vincent and the Grenadines,VCT,2003,108354.0,46.272
10646,Sudan,SDN,2003,30365586.0,32.654
10647,Suriname,SUR,2003,487641.0,66.664
10648,Swaziland,SWZ,2003,1087949.0,22.296
10649,Sweden,SWE,2003,8958229.0,84.196
10650,Switzerland,CHE,2003,7339001.0,73.398
10651,Syrian Arab Republic,SYR,2003,17304339.0,53.049
10652,Tajikistan,TJK,2003,6532871.0,26.4
10653,Tanzania,TZA,2003,36866228.0,23.611
10654,Thailand,THA,2003,64817254.0,35.006
10655,Timor-Leste,TMP,2003,929431.0,25.343000000000004
10656,Togo,TGO,2003,5283246.0,34.265
10657,Tonga,TON,2003,99606.0,23.098000000000003
10658,Trinidad and Tobago,TTO,2003,1284052.0,10.244000000000002
10659,Tunisia,TUN,2003,9839800.0,64.585
10660,Turkey,TUR,2003,66060121.0,66.569
10661,Turkmenistan,TKM,2003,4648036.0,46.587
10662,Turks and Caicos Islands,TCA,2003,23412.0,86.60799999999999
10663,Tuvalu,TUV,2003,9590.0,47.656000000000006
10664,Uganda,UGA,2003,26217760.0,12.483
10665,Ukraine,UKR,2003,47812950.0,67.42699999999999
10666,United Arab Emirates,ARE,2003,3625798.0,81.472
10667,United Kingdom,GBR,2003,59647577.0,79.339
10668,United States,USA,2003,290107933.0,79.583
10669,Uruguay,URY,2003,3325637.0,92.828
10670,Uzbekistan,UZB,2003,25567650.0,36.976
10671,Vanuatu,VUT,2003,198963.0,22.521
10672,"Venezuela, RB",VEN,2003,25857553.0,88.48
10673,Vietnam,VNM,2003,80467400.0,26.092
10674,Virgin Islands (U.S.),VIR,2003,108085.0,93.251
10675,West Bank and Gaza,WBG,2003,3154969.0,72.627
10676,"Yemen, Rep.",YEM,2003,19374012.0,27.849
10677,Zambia,ZMB,2003,11426006.0,35.781
10678,Zimbabwe,ZWE,2003,12774162.0,34.479
10679,Arab World,ARB,2004,306505782.0,54.2174433548304
10680,Caribbean small states,CSS,2004,6603018.0,41.663293683585295
10681,Central Europe and the Baltics,CEB,2004,106530417.0,61.7167503866807
10682,East Asia & Pacific (all income levels),EAS,2004,2114733723.0,45.4930827495149
10683,East Asia & Pacific (developing only),EAP,2004,1879602648.0,41.037649478046
10684,Euro area,EMU,2004,327788514.0,73.4231411732719
10685,Europe & Central Asia (all income levels),ECS,2004,870213016.0,68.9522141201539
10686,Europe & Central Asia (developing only),ECA,2004,248660723.0,57.9475584828374
10687,European Union,EUU,2004,494332851.0,72.3521966055459
10688,Fragile and conflict affected situations,FCS,2004,370912986.0,36.8869690994758
10689,Heavily indebted poor countries (HIPC),HPC,2004,531070213.0,29.9014119374588
10690,High income,HIC,2004,1314232215.0,78.18606206583159
10691,High income: nonOECD,NOC,2004,300817224.0,78.9575966371477
10692,High income: OECD,OEC,2004,1013414991.0,77.9743059294393
10693,Latin America & Caribbean (all income levels),LCN,2004,555515431.0,76.6225542070414
10694,Latin America & Caribbean (developing only),LAC,2004,464915732.0,74.43263739423209
10695,Least developed countries: UN classification,LDC,2004,734626511.0,26.1085175695994
10696,Low & middle income,LMY,2004,5120042333.0,40.983660989287706
10697,Low income,LIC,2004,475092681.0,26.0345651535705
10698,Lower middle income,LMC,2004,2464449907.0,34.3138709322036
10699,Middle East & North Africa (all income levels),MEA,2004,339941989.0,60.09788580864601
10700,Middle East & North Africa (developing only),MNA,2004,298545580.0,56.8438008890736
10701,Middle income,MIC,2004,4644949652.0,42.5132430930039
10702,North America,NAC,2004,324864038.0,79.7893361394037
10703,OECD members,OED,2004,1188646374.0,77.1860210699032
10704,Other small states,OSS,2004,17441535.0,43.5920560022771
10705,Pacific island small states,PSS,2004,2038005.0,34.9362989232117
10706,Small states,SST,2004,26082558.0,42.42690160773829
10707,South Asia,SAS,2004,1486610311.0,28.7192512660791
10708,Sub-Saharan Africa (all income levels),SSF,2004,742396040.0,32.437020151847804
10709,Sub-Saharan Africa (developing only),SSA,2004,741707339.0,32.429754604882
10710,Upper middle income,UMC,2004,2180499745.0,51.773999519596
10711,World,WLD,2004,6434274548.0,48.4797494532617
10712,Afghanistan,AFG,2004,23499850.0,22.562
10713,Albania,ALB,2004,3026939.0,45.651
10714,Algeria,DZA,2004,32817225.0,63.06100000000001
10715,American Samoa,ASM,2004,59262.0,88.198
10716,Andorra,ADO,2004,78337.0,90.751
10717,Angola,AGO,2004,17295500.0,35.405
10718,Antigua and Barbuda,ATG,2004,81718.0,29.837
10719,Argentina,ARG,2004,38728778.0,89.899
10720,Armenia,ARM,2004,3025982.0,64.217
10721,Aruba,ABW,2004,98742.0,45.24
10722,Australia,AUS,2004,20127400.0,87.84899999999999
10723,Austria,AUT,2004,8171966.0,65.818
10724,Azerbaijan,AZE,2004,8306500.0,52.18899999999999
10725,"Bahamas, The",BHS,2004,322539.0,82.226
10726,Bahrain,BHR,2004,807989.0,88.38600000000001
10727,Bangladesh,BGD,2004,140843786.0,26.114
10728,Barbados,BRB,2004,273091.0,33.116
10729,Belarus,BLR,2004,9730000.0,71.887
10730,Belgium,BEL,2004,10421137.0,97.345
10731,Belize,BLZ,2004,276085.0,46.58
10732,Benin,BEN,2004,7922796.0,39.635
10733,Bermuda,BMU,2004,63740.0,100.0
10734,Bhutan,BTN,2004,634235.0,29.835
10735,Bolivia,BOL,2004,8967740.0,63.732
10736,Bosnia and Herzegovina,BIH,2004,3825872.0,39.223
10737,Botswana,BWA,2004,1835750.0,54.841
10738,Brazil,BRA,2004,186116363.0,82.521
10739,Brunei Darussalam,BRN,2004,355700.0,73.061
10740,Bulgaria,BGR,2004,7781161.0,70.233
10741,Burkina Faso,BFA,2004,13028039.0,20.757
10742,Burundi,BDI,2004,7661613.0,9.139
10743,Cabo Verde,CPV,2004,468985.0,56.846
10744,Cambodia,KHM,2004,13112334.0,19.055
10745,Cameroon,CMR,2004,17667576.0,47.94
10746,Canada,CAN,2004,31995000.0,80.045
10747,Cayman Islands,CYM,2004,47299.0,100.0
10748,Central African Republic,CAF,2004,3987896.0,37.966
10749,Chad,TCD,2004,9710498.0,21.768
10750,Channel Islands,CHI,2004,153170.0,30.681
10751,Chile,CHL,2004,15913119.0,87.18700000000001
10752,China,CHN,2004,1296075000.0,41.144
10753,Colombia,COL,2004,42724157.0,73.28399999999999
10754,Comoros,COM,2004,603869.0,27.903
10755,"Congo, Dem. Rep.",ZAR,2004,54314855.0,37.0
10756,"Congo, Rep.",COG,2004,3412592.0,60.533
10757,Costa Rica,CRI,2004,4187039.0,64.385
10758,Cote d'Ivoire,CIV,2004,17802516.0,46.175
10759,Croatia,HRV,2004,4439000.0,56.217
10760,Cuba,CUB,2004,11240680.0,76.041
10761,Curacao,CUW,2004,134192.0,90.655
10762,Cyprus,CYP,2004,1015827.0,68.41
10763,Czech Republic,CZE,2004,10197101.0,73.671
10764,Denmark,DNK,2004,5404523.0,85.566
10765,Djibouti,DJI,2004,767644.0,76.71600000000001
10766,Dominica,DMA,2004,70325.0,66.29899999999999
10767,Dominican Republic,DOM,2004,9102997.0,65.995
10768,Ecuador,ECU,2004,13509645.0,61.514
10769,"Egypt, Arab Rep.",EGY,2004,73596068.0,42.981
10770,El Salvador,SLV,2004,5925089.0,61.107
10771,Equatorial Guinea,GNQ,2004,606201.0,38.822
10772,Eritrea,ERI,2004,4064958.0,18.595
10773,Estonia,EST,2004,1362550.0,68.862
10774,Ethiopia,ETH,2004,74506974.0,15.504
10775,Faeroe Islands,FRO,2004,48103.0,39.247
10776,Fiji,FJI,2004,818355.0,49.479
10777,Finland,FIN,2004,5228172.0,82.772
10778,France,FRA,2004,62704897.0,76.883
10779,French Polynesia,PYF,2004,251811.0,56.228
10780,Gabon,GAB,2004,1347524.0,82.84700000000001
10781,"Gambia, The",GMB,2004,1394727.0,51.479
10782,Georgia,GEO,2004,4318300.0,52.411
10783,Germany,DEU,2004,82516260.0,73.289
10784,Ghana,GHA,2004,20840493.0,46.63
10785,Greece,GRC,2004,11055729.0,74.07300000000001
10786,Greenland,GRL,2004,56911.0,82.58
10787,Grenada,GRD,2004,102657.0,35.963
10788,Guam,GUM,2004,158194.0,93.534
10789,Guatemala,GTM,2004,12877711.0,46.756
10790,Guinea,GIN,2004,9464771.0,32.428000000000004
10791,Guinea-Bissau,GNB,2004,1431816.0,40.013000000000005
10792,Guyana,GUY,2004,742162.0,28.358
10793,Haiti,HTI,2004,9119182.0,42.381
10794,Honduras,HND,2004,6753352.0,47.875
10795,"Hong Kong SAR, China",HKG,2004,6783500.0,100.0
10796,Hungary,HUN,2004,10107146.0,65.896
10797,Iceland,ISL,2004,292074.0,92.914
10798,India,IND,2004,1126419321.0,28.903
10799,Indonesia,IDN,2004,223268606.0,45.145
10800,"Iran, Islamic Rep.",IRN,2004,69321953.0,66.869
10801,Iraq,IRQ,2004,26320530.0,68.712
10802,Ireland,IRL,2004,4070262.0,60.202
10803,Isle of Man,IMY,2004,79636.0,51.887
10804,Israel,ISR,2004,6809000.0,91.456
10805,Italy,ITA,2004,57685327.0,67.62
10806,Jamaica,JAM,2004,2634145.0,52.625
10807,Japan,JPN,2004,127761000.0,84.64
10808,Jordan,JOR,2004,5290000.0,80.90899999999999
10809,Kazakhstan,KAZ,2004,15012985.0,54.92100000000001
10810,Kenya,KEN,2004,34437460.0,21.31
10811,Kiribati,KIR,2004,90545.0,43.532
10812,"Korea, Dem. Rep.",PRK,2004,23639296.0,59.727
10813,"Korea, Rep.",KOR,2004,48039415.0,81.002
10814,Kuwait,KWT,2004,2166344.0,98.172
10815,Kyrgyz Republic,KGZ,2004,5104700.0,35.292
10816,Lao PDR,LAO,2004,5658894.0,26.242
10817,Latvia,LVA,2004,2263122.0,67.9
10818,Lebanon,LBN,2004,3863271.0,86.46600000000001
10819,Lesotho,LSO,2004,1912042.0,21.689
10820,Liberia,LBR,2004,3184643.0,45.706
10821,Libya,LBY,2004,5703224.0,76.774
10822,Liechtenstein,LIE,2004,34569.0,14.795
10823,Lithuania,LTU,2004,3377075.0,66.646
10824,Luxembourg,LUX,2004,458095.0,86.177
10825,"Macao SAR, China",MAC,2004,458579.0,100.0
10826,"Macedonia, FYR",MKD,2004,2038444.0,57.711000000000006
10827,Madagascar,MDG,2004,17763367.0,28.211
10828,Malawi,MWI,2004,12407618.0,14.964
10829,Malaysia,MYS,2004,25332026.0,65.694
10830,Maldives,MDV,2004,312000.0,32.49
10831,Mali,MLI,2004,12474857.0,31.3
10832,Malta,MLT,2004,401268.0,93.407
10833,Marshall Islands,MHL,2004,52074.0,69.6
10834,Mauritania,MRT,2004,3064882.0,52.375
10835,Mauritius,MUS,2004,1221003.0,41.83
10836,Mexico,MEX,2004,108257822.0,75.997
10837,"Micronesia, Fed. Sts.",FSM,2004,106575.0,22.33
10838,Moldova,MDA,2004,3603945.0,45.407
10839,Monaco,MCO,2004,33339.0,100.0
10840,Mongolia,MNG,2004,2496621.0,61.443000000000005
10841,Montenegro,MNE,2004,613353.0,62.02
10842,Morocco,MAR,2004,30093109.0,54.644
10843,Mozambique,MOZ,2004,20523159.0,29.818
10844,Myanmar,MMR,2004,49582751.0,28.495
10845,Namibia,NAM,2004,2002745.0,35.666
10846,Nepal,NPL,2004,25198130.0,14.871
10847,Netherlands,NLD,2004,16281779.0,81.514
10848,New Caledonia,NCL,2004,228297.0,63.336000000000006
10849,New Zealand,NZL,2004,4087500.0,86.02600000000001
10850,Nicaragua,NIC,2004,5309703.0,55.695
10851,Niger,NER,2004,12996012.0,16.59
10852,Nigeria,NGA,2004,136033321.0,38.212
10853,Northern Mariana Islands,MNP,2004,66143.0,89.863
10854,Norway,NOR,2004,4591910.0,77.275
10855,Oman,OMN,2004,2448194.0,71.827
10856,Pakistan,PAK,2004,150267989.0,34.392
10857,Palau,PLW,2004,19805.0,76.275
10858,Panama,PAN,2004,3260611.0,63.377
10859,Papua New Guinea,PNG,2004,5940048.0,13.127
10860,Paraguay,PRY,2004,5703742.0,57.122
10861,Peru,PER,2004,27273188.0,74.64399999999999
10862,Philippines,PHL,2004,84596249.0,46.872
10863,Poland,POL,2004,38182222.0,61.56399999999999
10864,Portugal,PRT,2004,10483861.0,56.907
10865,Puerto Rico,PRI,2004,3826878.0,94.168
10866,Qatar,QAT,2004,732096.0,97.105
10867,Romania,ROM,2004,21451748.0,53.043
10868,Russian Federation,RUS,2004,144067054.0,73.418
10869,Rwanda,RWA,2004,8828956.0,18.426
10870,Samoa,WSM,2004,178794.0,21.457
10871,San Marino,SMR,2004,28891.0,94.006
10872,Sao Tome and Principe,STP,2004,149732.0,57.144
10873,Saudi Arabia,SAU,2004,24055573.0,80.75399999999999
10874,Senegal,SEN,2004,10967016.0,40.943000000000005
10875,Serbia,SRB,2004,7463157.0,54.25899999999999
10876,Seychelles,SYC,2004,82500.0,50.841
10877,Sierra Leone,SLE,2004,4870467.0,36.596
10878,Singapore,SGP,2004,4166700.0,100.0
10879,Sint Maarten (Dutch part),SXM,2004,35316.0,100.0
10880,Slovak Republic,SVK,2004,5372280.0,55.713
10881,Slovenia,SVN,2004,1997012.0,50.593
10882,Solomon Islands,SLB,2004,457841.0,17.413
10883,Somalia,SOM,2004,8251054.0,34.76
10884,South Africa,ZAF,2004,46727694.0,58.993
10885,South Sudan,SSD,2004,7784488.0,17.023
10886,Spain,ESP,2004,42921895.0,77.02199999999999
10887,Sri Lanka,LKA,2004,19435000.0,18.394
10888,St. Kitts and Nevis,KNA,2004,48424.0,32.155
10889,St. Lucia,LCA,2004,163462.0,24.133000000000003
10890,St. Vincent and the Grenadines,VCT,2004,108563.0,46.633
10891,Sudan,SDN,2004,31176209.0,32.707
10892,Suriname,SUR,2004,489312.0,66.737
10893,Swaziland,SWZ,2004,1094775.0,22.166
10894,Sweden,SWE,2004,8993531.0,84.258
10895,Switzerland,CHE,2004,7389625.0,73.436
10896,Syrian Arab Republic,SYR,2004,17671913.0,53.417
10897,Tajikistan,TJK,2004,6666628.0,26.417
10898,Tanzania,TZA,2004,37935334.0,24.223000000000003
10899,Thailand,THA,2004,65404522.0,36.256
10900,Timor-Leste,TMP,2004,962634.0,25.71
10901,Togo,TGO,2004,5428552.0,34.724000000000004
10902,Tonga,TON,2004,100226.0,23.127
10903,Trinidad and Tobago,TTO,2004,1290535.0,10.072
10904,Tunisia,TUN,2004,9932400.0,64.929
10905,Turkey,TUR,2004,66973561.0,67.18
10906,Turkmenistan,TKM,2004,4696876.0,46.812
10907,Turks and Caicos Islands,TCA,2004,25025.0,87.18799999999999
10908,Tuvalu,TUV,2004,9646.0,48.678
10909,Uganda,UGA,2004,27114742.0,12.755
10910,Ukraine,UKR,2004,47451600.0,67.597
10911,United Arab Emirates,ARE,2004,3975945.0,81.87100000000001
10912,United Kingdom,GBR,2004,59987905.0,79.62899999999999
10913,United States,USA,2004,292805298.0,79.757
10914,Uruguay,URY,2004,3324096.0,93.078
10915,Uzbekistan,UZB,2004,25864350.0,36.826
10916,Vanuatu,VUT,2004,204144.0,22.809
10917,"Venezuela, RB",VEN,2004,26314483.0,88.522
10918,Vietnam,VNM,2004,81436400.0,26.683000000000003
10919,Virgin Islands (U.S.),VIR,2004,107950.0,93.461
10920,West Bank and Gaza,WBG,2004,3236626.0,72.845
10921,"Yemen, Rep.",YEM,2004,19931617.0,28.39
10922,Zambia,ZMB,2004,11725635.0,36.196
10923,Zimbabwe,ZWE,2004,12867828.0,34.294000000000004
10924,Arab World,ARB,2005,313508929.0,54.5447535970754
10925,Caribbean small states,CSS,2005,6640916.0,41.6841479282376
10926,Central Europe and the Baltics,CEB,2005,106254694.0,61.7672297723807
10927,East Asia & Pacific (all income levels),EAS,2005,2130532518.0,46.58338264496541
10928,East Asia & Pacific (developing only),EAP,2005,1894744514.0,42.1721852632851
10929,Euro area,EMU,2005,329490945.0,73.6415831121186
10930,Europe & Central Asia (all income levels),ECS,2005,872968147.0,69.12435674785671
10931,Europe & Central Asia (developing only),ECA,2005,249730397.0,58.153501162733406
10932,European Union,EUU,2005,496306466.0,72.565244122026
10933,Fragile and conflict affected situations,FCS,2005,380285290.0,37.246529573114
10934,Heavily indebted poor countries (HIPC),HPC,2005,546329345.0,30.2789935584514
10935,High income,HIC,2005,1322338351.0,78.4876250462522
10936,High income: nonOECD,NOC,2005,302879030.0,79.1225667470227
10937,High income: OECD,OEC,2005,1019459321.0,78.3131592916497
10938,Latin America & Caribbean (all income levels),LCN,2005,562783235.0,76.94378354948459
10939,Latin America & Caribbean (developing only),LAC,2005,471107730.0,74.7918133363212
10940,Least developed countries: UN classification,LDC,2005,752794655.0,26.560608661813607
10941,Low & middle income,LMY,2005,5192264973.0,41.6002208366178
10942,Low income,LIC,2005,488164370.0,26.355920136783
10943,Lower middle income,LMC,2005,2505015558.0,34.7067160650806
10944,Middle East & North Africa (all income levels),MEA,2005,346735318.0,60.5048158788803
10945,Middle East & North Africa (developing only),MNA,2005,303699745.0,57.2032535584085
10946,Middle income,MIC,2005,4704100603.0,43.1827654970922
10947,North America,NAC,2005,327892753.0,79.9510448127287
10948,OECD members,OED,2005,1197067844.0,77.53238053731309
10949,Other small states,OSS,2005,17729671.0,44.1217203336367
10950,Pacific island small states,PSS,2005,2061473.0,35.121957024904
10951,Small states,SST,2005,26432060.0,42.80659140299221
10952,South Asia,SAS,2005,1511135613.0,29.08420744778369
10953,Sub-Saharan Africa (all income levels),SSF,2005,762555740.0,32.876214465012104
10954,Sub-Saharan Africa (developing only),SSA,2005,761846974.0,32.869323887305995
10955,Upper middle income,UMC,2005,2199085045.0,52.831474699274
10956,World,WLD,2005,6514603324.0,48.9865449460847
10957,Afghanistan,AFG,2005,24399948.0,22.895
10958,Albania,ALB,2005,3011487.0,46.731
10959,Algeria,DZA,2005,33267887.0,63.83
10960,American Samoa,ASM,2005,59117.0,88.1
10961,Andorra,ADO,2005,81223.0,90.295
10962,Angola,AGO,2005,17912942.0,36.169
10963,Antigua and Barbuda,ATG,2005,82565.0,29.219
10964,Argentina,ARG,2005,39145491.0,90.084
10965,Armenia,ARM,2005,3014917.0,64.184
10966,Aruba,ABW,2005,100031.0,44.875
10967,Australia,AUS,2005,20394800.0,88.0
10968,Austria,AUT,2005,8227829.0,65.824
10969,Azerbaijan,AZE,2005,8391850.0,52.389
10970,"Bahamas, The",BHS,2005,329243.0,82.28
10971,Bahrain,BHR,2005,867014.0,88.4
10972,Bangladesh,BGD,2005,142929979.0,26.809
10973,Barbados,BRB,2005,274013.0,32.939
10974,Belarus,BLR,2005,9663000.0,72.354
10975,Belgium,BEL,2005,10478617.0,97.397
10976,Belize,BLZ,2005,283279.0,46.31100000000001
10977,Benin,BEN,2005,8182362.0,39.982
10978,Bermuda,BMU,2005,64154.0,100.0
10979,Bhutan,BTN,2005,651163.0,30.965
10980,Bolivia,BOL,2005,9125405.0,64.194
10981,Bosnia and Herzegovina,BIH,2005,3833377.0,39.202
10982,Botswana,BWA,2005,1864003.0,55.073
10983,Brazil,BRA,2005,188479240.0,82.834
10984,Brunei Darussalam,BRN,2005,361889.0,73.503
10985,Bulgaria,BGR,2005,7739900.0,70.584
10986,Burkina Faso,BFA,2005,13421929.0,21.537
10987,Burundi,BDI,2005,7934213.0,9.375
10988,Cabo Verde,CPV,2005,474224.0,57.68899999999999
10989,Cambodia,KHM,2005,13320058.0,19.174
10990,Cameroon,CMR,2005,18126999.0,48.541
10991,Canada,CAN,2005,32312000.0,80.122
10992,Cayman Islands,CYM,2005,48623.0,100.0
10993,Central African Republic,CAF,2005,4055608.0,38.066
10994,Chad,TCD,2005,10067932.0,21.801
10995,Channel Islands,CHI,2005,154298.0,30.743
10996,Chile,CHL,2005,16096571.0,87.443
10997,China,CHN,2005,1303720000.0,42.522
10998,Colombia,COL,2005,43285636.0,73.581
10999,Comoros,COM,2005,618632.0,27.873
11000,"Congo, Dem. Rep.",ZAR,2005,56089536.0,37.478
11001,"Congo, Rep.",COG,2005,3503086.0,60.988
11002,Costa Rica,CRI,2005,4247843.0,65.669
11003,Cote d'Ivoire,CIV,2005,18132702.0,46.836000000000006
11004,Croatia,HRV,2005,4442000.0,56.406000000000006
11005,Cuba,CUB,2005,11261052.0,76.134
11006,Curacao,CUW,2005,137658.0,90.534
11007,Cyprus,CYP,2005,1032586.0,68.268
11008,Czech Republic,CZE,2005,10211216.0,73.602
11009,Denmark,DNK,2005,5419432.0,85.85600000000001
11010,Djibouti,DJI,2005,778406.0,76.76100000000001
11011,Dominica,DMA,2005,70542.0,66.601
11012,Dominican Republic,DOM,2005,9237565.0,67.36399999999999
11013,Ecuador,ECU,2005,13735232.0,61.711000000000006
11014,"Egypt, Arab Rep.",EGY,2005,74942115.0,43.027
11015,El Salvador,SLV,2005,5947206.0,61.648
11016,Equatorial Guinea,GNQ,2005,625866.0,38.856
11017,Eritrea,ERI,2005,4191273.0,18.889
11018,Estonia,EST,2005,1354775.0,68.735
11019,Ethiopia,ETH,2005,76608431.0,15.7
11020,Faeroe Islands,FRO,2005,48337.0,39.781
11021,Fiji,FJI,2005,821820.0,49.871
11022,Finland,FIN,2005,5246096.0,82.905
11023,France,FRA,2005,63179356.0,77.13
11024,French Polynesia,PYF,2005,254884.0,56.426
11025,Gabon,GAB,2005,1377777.0,83.421
11026,"Gambia, The",GMB,2005,1440542.0,52.342
11027,Georgia,GEO,2005,4361400.0,52.47
11028,Germany,DEU,2005,82469422.0,73.355
11029,Ghana,GHA,2005,21389514.0,47.308
11030,Greece,GRC,2005,11092913.0,74.452
11031,Greenland,GRL,2005,56935.0,82.85799999999999
11032,Grenada,GRD,2005,102951.0,35.916
11033,Guam,GUM,2005,158401.0,93.631
11034,Guatemala,GTM,2005,13183505.0,47.172
11035,Guinea,GIN,2005,9669023.0,32.806999999999995
11036,Guinea-Bissau,GNB,2005,1462784.0,40.867
11037,Guyana,GUY,2005,742495.0,28.301
11038,Haiti,HTI,2005,9263409.0,44.084
11039,Honduras,HND,2005,6880181.0,48.516000000000005
11040,"Hong Kong SAR, China",HKG,2005,6813200.0,100.0
11041,Hungary,HUN,2005,10087065.0,66.354
11042,Iceland,ISL,2005,296734.0,93.037
11043,India,IND,2005,1144326293.0,29.235
11044,Indonesia,IDN,2005,226254703.0,45.937
11045,"Iran, Islamic Rep.",IRN,2005,70122115.0,67.558
11046,Iraq,IRQ,2005,27017712.0,68.766
11047,Ireland,IRL,2005,4159914.0,60.477
11048,Isle of Man,IMY,2005,80345.0,51.905
11049,Israel,ISR,2005,6930100.0,91.518
11050,Italy,ITA,2005,57969484.0,67.738
11051,Jamaica,JAM,2005,2643601.0,52.81100000000001
11052,Japan,JPN,2005,127773000.0,85.978
11053,Jordan,JOR,2005,5411000.0,81.17699999999999
11054,Kazakhstan,KAZ,2005,15147029.0,54.719
11055,Kenya,KEN,2005,35349040.0,21.675
11056,Kiribati,KIR,2005,92329.0,43.551
11057,"Korea, Dem. Rep.",PRK,2005,23813324.0,59.805
11058,"Korea, Rep.",KOR,2005,48138077.0,81.345
11059,Kuwait,KWT,2005,2263604.0,98.187
11060,Kyrgyz Republic,KGZ,2005,5162600.0,35.29
11061,Lao PDR,LAO,2005,5745012.0,27.386
11062,Latvia,LVA,2005,2238799.0,68.0
11063,Lebanon,LBN,2005,3986865.0,86.584
11064,Lesotho,LSO,2005,1925844.0,22.249
11065,Liberia,LBR,2005,3269786.0,46.051
11066,Libya,LBY,2005,5801543.0,76.9
11067,Liechtenstein,LIE,2005,34852.0,14.739
11068,Lithuania,LTU,2005,3322528.0,66.635
11069,Luxembourg,LUX,2005,465158.0,86.598
11070,"Macao SAR, China",MAC,2005,468149.0,100.0
11071,"Macedonia, FYR",MKD,2005,2042894.0,57.527
11072,Madagascar,MDG,2005,18290394.0,28.814
11073,Malawi,MWI,2005,12747846.0,15.054
11074,Malaysia,MYS,2005,25796124.0,66.594
11075,Maldives,MDV,2005,321000.0,33.75
11076,Mali,MLI,2005,12881384.0,32.06
11077,Malta,MLT,2005,403834.0,93.645
11078,Marshall Islands,MHL,2005,52058.0,69.90100000000001
11079,Mauritania,MRT,2005,3154087.0,53.127
11080,Mauritius,MUS,2005,1228254.0,41.621
11081,Mexico,MEX,2005,109747906.0,76.308
11082,"Micronesia, Fed. Sts.",FSM,2005,106198.0,22.33
11083,Moldova,MDA,2005,3595187.0,45.308
11084,Monaco,MCO,2005,33808.0,100.0
11085,Mongolia,MNG,2005,2526447.0,62.494
11086,Montenegro,MNE,2005,614261.0,62.2
11087,Morocco,MAR,2005,30385479.0,55.126000000000005
11088,Mozambique,MOZ,2005,21126676.0,29.999
11089,Myanmar,MMR,2005,49984704.0,28.93
11090,Namibia,NAM,2005,2027026.0,36.632
11091,Nepal,NPL,2005,25506847.0,15.183
11092,Netherlands,NLD,2005,16319868.0,82.63
11093,New Caledonia,NCL,2005,231779.0,63.965
11094,New Zealand,NZL,2005,4133900.0,86.052
11095,Nicaragua,NIC,2005,5379327.0,55.933
11096,Niger,NER,2005,13485436.0,16.72
11097,Nigeria,NGA,2005,139611303.0,39.074
11098,Northern Mariana Islands,MNP,2005,64372.0,89.79899999999999
11099,Norway,NOR,2005,4623291.0,77.49
11100,Oman,OMN,2005,2506891.0,72.4
11101,Pakistan,PAK,2005,153356383.0,34.73
11102,Palau,PLW,2005,19907.0,77.7
11103,Panama,PAN,2005,3319301.0,63.669
11104,Papua New Guinea,PNG,2005,6086905.0,13.109000000000002
11105,Paraguay,PRY,2005,5795493.0,57.35
11106,Peru,PER,2005,27610406.0,75.03399999999999
11107,Philippines,PHL,2005,86141373.0,46.603
11108,Poland,POL,2005,38165445.0,61.452
11109,Portugal,PRT,2005,10503330.0,57.522
11110,Puerto Rico,PRI,2005,3821362.0,94.112
11111,Qatar,QAT,2005,836924.0,97.449
11112,Romania,ROM,2005,21319685.0,53.174
11113,Russian Federation,RUS,2005,143518523.0,73.46300000000001
11114,Rwanda,RWA,2005,9008230.0,19.282
11115,Samoa,WSM,2005,179928.0,21.218000000000004
11116,San Marino,SMR,2005,29242.0,94.019
11117,Sao Tome and Principe,STP,2005,153146.0,58.01
11118,Saudi Arabia,SAU,2005,24745230.0,80.979
11119,Senegal,SEN,2005,11268994.0,41.119
11120,Serbia,SRB,2005,7440769.0,54.526
11121,Seychelles,SYC,2005,82900.0,51.055
11122,Sierra Leone,SLE,2005,5071271.0,36.84
11123,Singapore,SGP,2005,4265800.0,100.0
11124,Sint Maarten (Dutch part),SXM,2005,36934.0,100.0
11125,Slovak Republic,SVK,2005,5372807.0,55.563
11126,Slovenia,SVN,2005,2000474.0,50.501000000000005
11127,Solomon Islands,SLB,2005,469306.0,17.832
11128,Somalia,SOM,2005,8466938.0,35.156
11129,South Africa,ZAF,2005,47349013.0,59.536
11130,South Sudan,SSD,2005,8099908.0,17.154
11131,Spain,ESP,2005,43653155.0,77.263
11132,Sri Lanka,LKA,2005,19644000.0,18.382
11133,St. Kitts and Nevis,KNA,2005,49139.0,32.048
11134,St. Lucia,LCA,2005,165407.0,23.085
11135,St. Vincent and the Grenadines,VCT,2005,108749.0,46.993
11136,Sudan,SDN,2005,31990003.0,32.76
11137,Suriname,SUR,2005,491999.0,66.682
11138,Swaziland,SWZ,2005,1104642.0,22.038
11139,Sweden,SWE,2005,9029572.0,84.319
11140,Switzerland,CHE,2005,7437115.0,73.47399999999999
11141,Syrian Arab Republic,SYR,2005,18132842.0,53.783
11142,Tajikistan,TJK,2005,6805655.0,26.433000000000003
11143,Tanzania,TZA,2005,39065600.0,24.845
11144,Thailand,THA,2005,65863973.0,37.52
11145,Timor-Leste,TMP,2005,979201.0,26.314
11146,Togo,TGO,2005,5578219.0,35.185
11147,Tonga,TON,2005,100858.0,23.155
11148,Trinidad and Tobago,TTO,2005,1296933.0,9.902
11149,Tunisia,TUN,2005,10029000.0,65.098
11150,Turkey,TUR,2005,67860617.0,67.783
11151,Turkmenistan,TKM,2005,4747839.0,47.048
11152,Turks and Caicos Islands,TCA,2005,26450.0,87.745
11153,Tuvalu,TUV,2005,9694.0,49.699
11154,Uganda,UGA,2005,28042413.0,13.031
11155,Ukraine,UKR,2005,47105150.0,67.79
11156,United Arab Emirates,ARE,2005,4481976.0,82.262
11157,United Kingdom,GBR,2005,60401206.0,79.915
11158,United States,USA,2005,295516599.0,79.928
11159,Uruguay,URY,2005,3325608.0,93.319
11160,Uzbekistan,UZB,2005,26167000.0,36.676
11161,Vanuatu,VUT,2005,209375.0,23.099
11162,"Venezuela, RB",VEN,2005,26769115.0,88.56299999999999
11163,Vietnam,VNM,2005,82392100.0,27.281
11164,Virgin Islands (U.S.),VIR,2005,107863.0,93.664
11165,West Bank and Gaza,WBG,2005,3320396.0,73.061
11166,"Yemen, Rep.",YEM,2005,20504385.0,28.936
11167,Zambia,ZMB,2005,12043591.0,36.612
11168,Zimbabwe,ZWE,2005,12984418.0,34.11
11169,Arab World,ARB,2006,320912518.0,54.892443648377714
11170,Caribbean small states,CSS,2006,6681231.0,41.70800054376209
11171,Central Europe and the Baltics,CEB,2006,105999320.0,61.82395082407129
11172,East Asia & Pacific (all income levels),EAS,2006,2146003677.0,47.6411072270529
11173,East Asia & Pacific (developing only),EAP,2006,1909251689.0,43.2841846075261
11174,Euro area,EMU,2006,331033155.0,73.87396496961459
11175,Europe & Central Asia (all income levels),ECS,2006,875755753.0,69.3027254847072
11176,Europe & Central Asia (developing only),ECA,2006,250849576.0,58.354402302817405
11177,European Union,EUU,2006,498182074.0,72.78963986046391
11178,Fragile and conflict affected situations,FCS,2006,389823368.0,37.615995560698295
11179,Heavily indebted poor countries (HIPC),HPC,2006,561934621.0,30.663998076402606
11180,High income,HIC,2006,1331063161.0,78.765661242389
11181,High income: nonOECD,NOC,2006,305315050.0,79.2977082813034
11182,High income: OECD,OEC,2006,1025748111.0,78.6191499327977
11183,Latin America & Caribbean (all income levels),LCN,2006,570029991.0,77.26002875803799
11184,Latin America & Caribbean (developing only),LAC,2006,477292640.0,75.14581576992471
11185,Least developed countries: UN classification,LDC,2006,771082091.0,27.019676334601805
11186,Low & middle income,LMY,2006,5264379588.0,42.2080953600444
11187,Low income,LIC,2006,501506199.0,26.6850639840346
11188,Lower middle income,LMC,2006,2545669797.0,35.1067819682941
11189,Middle East & North Africa (all income levels),MEA,2006,353923119.0,60.9218998205681
11190,Middle East & North Africa (developing only),MNA,2006,309000732.0,57.5573648539221
11191,Middle income,MIC,2006,4762873389.0,43.8431892963388
11192,North America,NAC,2006,331014940.0,80.114096327051
11193,OECD members,OED,2006,1205835689.0,77.8509310800337
11194,Other small states,OSS,2006,18032304.0,44.635757861252095
11195,Pacific island small states,PSS,2006,2087081.0,35.3294352710796
11196,Small states,SST,2006,26800616.0,43.1799214855494
11197,South Asia,SAS,2006,1535287611.0,29.454209344053503
11198,Sub-Saharan Africa (all income levels),SSF,2006,783427658.0,33.3218928019988
11199,Sub-Saharan Africa (developing only),SSA,2006,782697340.0,33.3153471729481
11200,Upper middle income,UMC,2006,2217203592.0,53.867173855171785
11201,World,WLD,2006,6595442749.0,49.48645833066789
11202,Afghanistan,AFG,2006,25183615.0,23.237
11203,Albania,ALB,2006,2992547.0,47.815
11204,Algeria,DZA,2006,33749328.0,64.593
11205,American Samoa,ASM,2006,58648.0,88.0
11206,Andorra,ADO,2006,83373.0,89.838
11207,Angola,AGO,2006,18541467.0,36.942
11208,Antigua and Barbuda,ATG,2006,83467.0,28.607
11209,Argentina,ARG,2006,39558750.0,90.266
11210,Armenia,ARM,2006,3002161.0,64.15
11211,Aruba,ABW,2006,100830.0,44.511
11212,Australia,AUS,2006,20697900.0,88.15
11213,Austria,AUT,2006,8268641.0,65.829
11214,Azerbaijan,AZE,2006,8484550.0,52.589
11215,"Bahamas, The",BHS,2006,335801.0,82.334
11216,Bahrain,BHR,2006,940808.0,88.419
11217,Bangladesh,BGD,2006,144839238.0,27.517
11218,Barbados,BRB,2006,275040.0,32.762
11219,Belarus,BLR,2006,9604000.0,72.816
11220,Belgium,BEL,2006,10547958.0,97.448
11221,Belize,BLZ,2006,290751.0,46.041
11222,Benin,BEN,2006,8443717.0,40.338
11223,Bermuda,BMU,2006,64523.0,100.0
11224,Bhutan,BTN,2006,666920.0,31.712
11225,Bolivia,BOL,2006,9283345.0,64.652
11226,Bosnia and Herzegovina,BIH,2006,3838504.0,39.181
11227,Botswana,BWA,2006,1895671.0,55.306
11228,Brazil,BRA,2006,190698241.0,83.14299999999999
11229,Brunei Darussalam,BRN,2006,368150.0,73.931
11230,Bulgaria,BGR,2006,7699020.0,70.932
11231,Burkina Faso,BFA,2006,13834195.0,22.339
11232,Burundi,BDI,2006,8218070.0,9.617
11233,Cabo Verde,CPV,2006,478265.0,58.529
11234,Cambodia,KHM,2006,13525360.0,19.293
11235,Cameroon,CMR,2006,18597109.0,49.143
11236,Canada,CAN,2006,32570505.0,80.21300000000001
11237,Cayman Islands,CYM,2006,50028.0,100.0
11238,Central African Republic,CAF,2006,4127112.0,38.183
11239,Chad,TCD,2006,10423616.0,21.834
11240,Channel Islands,CHI,2006,155415.0,30.805
11241,Chile,CHL,2006,16279728.0,87.689
11242,China,CHN,2006,1311020000.0,43.868
11243,Colombia,COL,2006,43835744.0,73.876
11244,Comoros,COM,2006,633814.0,27.855
11245,"Congo, Dem. Rep.",ZAR,2006,57926840.0,37.961
11246,"Congo, Rep.",COG,2006,3604595.0,61.441
11247,Costa Rica,CRI,2006,4308790.0,66.932
11248,Cote d'Ivoire,CIV,2006,18486392.0,47.5
11249,Croatia,HRV,2006,4440000.0,56.608
11250,Cuba,CUB,2006,11275199.0,76.227
11251,Curacao,CUW,2006,141239.0,90.411
11252,Cyprus,CYP,2006,1048293.0,68.125
11253,Czech Republic,CZE,2006,10238905.0,73.533
11254,Denmark,DNK,2006,5437272.0,86.098
11255,Djibouti,DJI,2006,788941.0,76.807
11256,Dominica,DMA,2006,70690.0,66.903
11257,Dominican Republic,DOM,2006,9371333.0,68.705
11258,Ecuador,ECU,2006,13967490.0,61.907
11259,"Egypt, Arab Rep.",EGY,2006,76274285.0,43.073
11260,El Salvador,SLV,2006,5967556.0,62.187
11261,Equatorial Guinea,GNQ,2006,645718.0,38.903
11262,Eritrea,ERI,2006,4304440.0,19.196
11263,Estonia,EST,2006,1346810.0,68.607
11264,Ethiopia,ETH,2006,78735675.0,15.899
11265,Faeroe Islands,FRO,2006,48505.0,40.147
11266,Fiji,FJI,2006,827390.0,50.264
11267,Finland,FIN,2006,5266268.0,83.037
11268,France,FRA,2006,63621376.0,77.377
11269,French Polynesia,PYF,2006,257731.0,56.625
11270,Gabon,GAB,2006,1408920.0,83.95200000000001
11271,"Gambia, The",GMB,2006,1487731.0,53.182
11272,Georgia,GEO,2006,4398000.0,52.525
11273,Germany,DEU,2006,82376451.0,73.494
11274,Ghana,GHA,2006,21951891.0,47.988
11275,Greece,GRC,2006,11127947.0,74.827
11276,Greenland,GRL,2006,56774.0,83.17200000000001
11277,Grenada,GRD,2006,103259.0,35.869
11278,Guam,GUM,2006,158429.0,93.727
11279,Guatemala,GTM,2006,13490041.0,47.593
11280,Guinea,GIN,2006,9898301.0,33.196
11281,Guinea-Bissau,GNB,2006,1494603.0,41.729
11282,Guyana,GUY,2006,743705.0,28.258000000000003
11283,Haiti,HTI,2006,9409479.0,45.756
11284,Honduras,HND,2006,7007029.0,49.158
11285,"Hong Kong SAR, China",HKG,2006,6857100.0,100.0
11286,Hungary,HUN,2006,10071370.0,66.863
11287,Iceland,ISL,2006,303782.0,93.159
11288,India,IND,2006,1162088305.0,29.569000000000003
11289,Indonesia,IDN,2006,229263980.0,46.732
11290,"Iran, Islamic Rep.",IRN,2006,70923164.0,68.23899999999999
11291,Iraq,IRQ,2006,27716983.0,68.819
11292,Ireland,IRL,2006,4273591.0,60.752
11293,Isle of Man,IMY,2006,81110.0,51.922
11294,Israel,ISR,2006,7053700.0,91.58
11295,Italy,ITA,2006,58143979.0,67.85600000000001
11296,Jamaica,JAM,2006,2653042.0,52.998000000000005
11297,Japan,JPN,2006,127854000.0,87.057
11298,Jordan,JOR,2006,5536000.0,81.442
11299,Kazakhstan,KAZ,2006,15308084.0,54.516000000000005
11300,Kenya,KEN,2006,36286015.0,22.045
11301,Kiribati,KIR,2006,94257.0,43.571000000000005
11302,"Korea, Dem. Rep.",PRK,2006,23969897.0,59.88399999999999
11303,"Korea, Rep.",KOR,2006,48371946.0,81.528
11304,Kuwait,KWT,2006,2389498.0,98.202
11305,Kyrgyz Republic,KGZ,2006,5218400.0,35.289
11306,Lao PDR,LAO,2006,5838837.0,28.537
11307,Latvia,LVA,2006,2218357.0,67.967
11308,Lebanon,LBN,2006,4057041.0,86.70299999999999
11309,Lesotho,LSO,2006,1940345.0,22.82
11310,Liberia,LBR,2006,3384804.0,46.396
11311,Libya,LBY,2006,5907149.0,77.03399999999999
11312,Liechtenstein,LIE,2006,35141.0,14.684
11313,Lithuania,LTU,2006,3269909.0,66.706
11314,Luxembourg,LUX,2006,472637.0,87.009
11315,"Macao SAR, China",MAC,2006,479728.0,100.0
11316,"Macedonia, FYR",MKD,2006,2047330.0,57.369
11317,Madagascar,MDG,2006,18826129.0,29.425
11318,Malawi,MWI,2006,13112383.0,15.144
11319,Malaysia,MYS,2006,26263048.0,67.483
11320,Maldives,MDV,2006,333000.0,35.034
11321,Mali,MLI,2006,13309942.0,32.832
11322,Malta,MLT,2006,405308.0,93.875
11323,Marshall Islands,MHL,2006,52080.0,70.197
11324,Mauritania,MRT,2006,3241762.0,53.86600000000001
11325,Mauritius,MUS,2006,1233996.0,41.412
11326,Mexico,MEX,2006,111382857.0,76.617
11327,"Micronesia, Fed. Sts.",FSM,2006,105680.0,22.324
11328,Moldova,MDA,2006,3585209.0,45.209
11329,Monaco,MCO,2006,34384.0,100.0
11330,Mongolia,MNG,2006,2558484.0,63.535
11331,Montenegro,MNE,2006,615025.0,62.38
11332,Morocco,MAR,2006,30691434.0,55.64
11333,Mozambique,MOZ,2006,21737860.0,30.182
11334,Myanmar,MMR,2006,50355559.0,29.386
11335,Namibia,NAM,2006,2053915.0,37.61
11336,Nepal,NPL,2006,25794344.0,15.5
11337,Netherlands,NLD,2006,16346101.0,83.63600000000001
11338,New Caledonia,NCL,2006,235314.0,64.638
11339,New Zealand,NZL,2006,4184600.0,86.07799999999999
11340,Nicaragua,NIC,2006,5450217.0,56.181
11341,Niger,NER,2006,13995530.0,16.863
11342,Nigeria,NGA,2006,143318011.0,39.943000000000005
11343,Northern Mariana Islands,MNP,2006,62235.0,89.735
11344,Norway,NOR,2006,4660677.0,77.889
11345,Oman,OMN,2006,2553376.0,72.967
11346,Pakistan,PAK,2006,156524189.0,35.08
11347,Palau,PLW,2006,20012.0,79.021
11348,Panama,PAN,2006,3378600.0,63.96
11349,Papua New Guinea,PNG,2006,6236158.0,13.091
11350,Paraguay,PRY,2006,5882797.0,57.578
11351,Peru,PER,2006,27949958.0,75.421
11352,Philippines,PHL,2006,87592899.0,46.333
11353,Poland,POL,2006,38141267.0,61.341
11354,Portugal,PRT,2006,10522288.0,58.137
11355,Puerto Rico,PRI,2006,3805214.0,94.056
11356,Qatar,QAT,2006,988448.0,97.754
11357,Romania,ROM,2006,21193760.0,53.305
11358,Russian Federation,RUS,2006,143049528.0,73.508
11359,Rwanda,RWA,2006,9231041.0,20.168
11360,Samoa,WSM,2006,181072.0,20.981
11361,San Marino,SMR,2006,29568.0,94.031
11362,Sao Tome and Principe,STP,2006,156584.0,58.847
11363,Saudi Arabia,SAU,2006,25419994.0,81.204
11364,Senegal,SEN,2006,11578430.0,41.31100000000001
11365,Serbia,SRB,2006,7411569.0,54.793
11366,Seychelles,SYC,2006,84600.0,51.282
11367,Sierra Leone,SLE,2006,5243214.0,37.096
11368,Singapore,SGP,2006,4401400.0,100.0
11369,Sint Maarten (Dutch part),SXM,2006,38270.0,100.0
11370,Slovak Republic,SVK,2006,5373054.0,55.412
11371,Slovenia,SVN,2006,2006868.0,50.409
11372,Solomon Islands,SLB,2006,480716.0,18.259
11373,Somalia,SOM,2006,8686939.0,35.561
11374,South Africa,ZAF,2006,47991699.0,60.077
11375,South Sudan,SSD,2006,8445659.0,17.287
11376,Spain,ESP,2006,44397319.0,77.502
11377,Sri Lanka,LKA,2006,19858000.0,18.37
11378,St. Kitts and Nevis,KNA,2006,49818.0,31.961
11379,St. Lucia,LCA,2006,167656.0,22.068
11380,St. Vincent and the Grenadines,VCT,2006,108908.0,47.353
11381,Sudan,SDN,2006,32809056.0,32.813
11382,Suriname,SUR,2006,495953.0,66.615
11383,Swaziland,SWZ,2006,1118204.0,21.91
11384,Sweden,SWE,2006,9080505.0,84.43
11385,Switzerland,CHE,2006,7483934.0,73.512
11386,Syrian Arab Republic,SYR,2006,18728200.0,54.154
11387,Tajikistan,TJK,2006,6949566.0,26.45
11388,Tanzania,TZA,2006,40260847.0,25.478
11389,Thailand,THA,2006,66174486.0,38.804
11390,Timor-Leste,TMP,2006,996052.0,26.934
11391,Togo,TGO,2006,5732175.0,35.649
11392,Tonga,TON,2006,101507.0,23.184
11393,Trinidad and Tobago,TTO,2006,1303141.0,9.735
11394,Tunisia,TUN,2006,10127900.0,65.266
11395,Turkey,TUR,2006,68704721.0,68.382
11396,Turkmenistan,TKM,2006,4801594.0,47.29600000000001
11397,Turks and Caicos Islands,TCA,2006,27642.0,88.281
11398,Tuvalu,TUV,2006,9732.0,50.721
11399,Uganda,UGA,2006,29000925.0,13.313
11400,Ukraine,UKR,2006,46787750.0,67.969
11401,United Arab Emirates,ARE,2006,5171255.0,82.648
11402,United Kingdom,GBR,2006,60846820.0,80.199
11403,United States,USA,2006,298379912.0,80.09899999999999
11404,Uruguay,URY,2006,3331041.0,93.553
11405,Uzbekistan,UZB,2006,26488250.0,36.526
11406,Vanuatu,VUT,2006,214635.0,23.392
11407,"Venezuela, RB",VEN,2006,27221228.0,88.605
11408,Vietnam,VNM,2006,83311200.0,27.888
11409,Virgin Islands (U.S.),VIR,2006,107700.0,93.861
11410,West Bank and Gaza,WBG,2006,3406334.0,73.27600000000001
11411,"Yemen, Rep.",YEM,2006,21093973.0,29.487
11412,Zambia,ZMB,2006,12381509.0,37.031
11413,Zimbabwe,ZWE,2006,13127942.0,33.926
11414,Arab World,ARB,2007,328668135.0,55.2419328005436
11415,Caribbean small states,CSS,2007,6723587.0,41.73455740484951
11416,Central Europe and the Baltics,CEB,2007,105504531.0,61.88763419491429
11417,East Asia & Pacific (all income levels),EAS,2007,2160752292.0,48.68022923450261
11418,East Asia & Pacific (developing only),EAP,2007,1923095029.0,44.3849610498848
11419,Euro area,EMU,2007,332759025.0,74.113710046605
11420,Europe & Central Asia (all income levels),ECS,2007,878819656.0,69.48921460041079
11421,Europe & Central Asia (developing only),ECA,2007,251718457.0,58.551772813713
11422,European Union,EUU,2007,500030506.0,73.0278753156872
11423,Fragile and conflict affected situations,FCS,2007,399530739.0,37.9985838449471
11424,Heavily indebted poor countries (HIPC),HPC,2007,577914150.0,31.060643365114004
11425,High income,HIC,2007,1340501351.0,79.0311251991907
11426,High income: nonOECD,NOC,2007,308252724.0,79.4784144108487
11427,High income: OECD,OEC,2007,1032248627.0,78.9074975573448
11428,Latin America & Caribbean (all income levels),LCN,2007,577248307.0,77.5711377467558
11429,Latin America & Caribbean (developing only),LAC,2007,483458582.0,75.4943325694382
11430,Least developed countries: UN classification,LDC,2007,789544690.0,27.486644128718
11431,Low & middle income,LMY,2007,5336020880.0,42.8098400628524
11432,Low income,LIC,2007,515142538.0,27.0238349908856
11433,Lower middle income,LMC,2007,2586398869.0,35.5137073715666
11434,Middle East & North Africa (all income levels),MEA,2007,361451154.0,61.324155838052704
11435,Middle East & North Africa (developing only),MNA,2007,314432844.0,57.8825397269504
11436,Middle income,MIC,2007,4820878342.0,44.4972969305684
11437,North America,NAC,2007,334184023.0,80.2853295418345
11438,OECD members,OED,2007,1214903493.0,78.1543617970954
11439,Other small states,OSS,2007,18348838.0,45.1348348993874
11440,Pacific island small states,PSS,2007,2114575.0,35.5567344066775
11441,Small states,SST,2007,27187000.0,43.546986202523
11442,South Asia,SAS,2007,1559056624.0,29.830019713786307
11443,Sub-Saharan Africa (all income levels),SSF,2007,805010175.0,33.777301326167695
11444,Sub-Saharan Africa (developing only),SSA,2007,804259344.0,33.771132280318305
11445,Upper middle income,UMC,2007,2234479473.0,54.8889438128768
11446,World,WLD,2007,6676522231.0,49.9843598755037
11447,Afghanistan,AFG,2007,25877544.0,23.587
11448,Albania,ALB,2007,2970017.0,48.902
11449,Algeria,DZA,2007,34261971.0,65.348
11450,American Samoa,ASM,2007,57904.0,87.9
11451,Andorra,ADO,2007,84878.0,89.363
11452,Angola,AGO,2007,19183907.0,37.722
11453,Antigua and Barbuda,ATG,2007,84397.0,28.003
11454,Argentina,ARG,2007,39969903.0,90.445
11455,Armenia,ARM,2007,2988117.0,64.117
11456,Aruba,ABW,2007,101218.0,44.147
11457,Australia,AUS,2007,20827600.0,88.29799999999999
11458,Austria,AUT,2007,8295487.0,65.835
11459,Azerbaijan,AZE,2007,8581300.0,52.79
11460,"Bahamas, The",BHS,2007,342259.0,82.38799999999999
11461,Bahrain,BHR,2007,1026568.0,88.441
11462,Bangladesh,BGD,2007,146592687.0,28.237
11463,Barbados,BRB,2007,276154.0,32.586
11464,Belarus,BLR,2007,9560000.0,73.273
11465,Belgium,BEL,2007,10625700.0,97.497
11466,Belize,BLZ,2007,298403.0,45.771
11467,Benin,BEN,2007,8707637.0,40.703
11468,Bermuda,BMU,2007,64888.0,100.0
11469,Bhutan,BTN,2007,681471.0,32.469
11470,Bolivia,BOL,2007,9441482.0,65.104
11471,Bosnia and Herzegovina,BIH,2007,3840418.0,39.16
11472,Botswana,BWA,2007,1930431.0,55.539
11473,Brazil,BRA,2007,192784521.0,83.448
11474,Brunei Darussalam,BRN,2007,374459.0,74.345
11475,Bulgaria,BGR,2007,7545338.0,71.278
11476,Burkina Faso,BFA,2007,14264002.0,23.163
11477,Burundi,BDI,2007,8514578.0,9.864
11478,Cabo Verde,CPV,2007,481278.0,59.363
11479,Cambodia,KHM,2007,13728700.0,19.413
11480,Cameroon,CMR,2007,19078100.0,49.74100000000001
11481,Canada,CAN,2007,32887928.0,80.396
11482,Cayman Islands,CYM,2007,51480.0,100.0
11483,Central African Republic,CAF,2007,4202104.0,38.318000000000005
11484,Chad,TCD,2007,10779504.0,21.868
11485,Channel Islands,CHI,2007,156516.0,30.867
11486,Chile,CHL,2007,16462701.0,87.926
11487,China,CHN,2007,1317885000.0,45.199
11488,Colombia,COL,2007,44374647.0,74.169
11489,Comoros,COM,2007,649404.0,27.851
11490,"Congo, Dem. Rep.",ZAR,2007,59834875.0,38.448
11491,"Congo, Rep.",COG,2007,3715665.0,61.893
11492,Costa Rica,CRI,2007,4369465.0,68.172
11493,Cote d'Ivoire,CIV,2007,18862172.0,48.266000000000005
11494,Croatia,HRV,2007,4436000.0,56.822
11495,Cuba,CUB,2007,11284043.0,76.32
11496,Curacao,CUW,2007,144056.0,90.287
11497,Cyprus,CYP,2007,1063040.0,67.982
11498,Czech Republic,CZE,2007,10298828.0,73.46300000000001
11499,Denmark,DNK,2007,5461438.0,86.29299999999999
11500,Djibouti,DJI,2007,799309.0,76.85300000000001
11501,Dominica,DMA,2007,70795.0,67.203
11502,Dominican Republic,DOM,2007,9504336.0,70.016
11503,Ecuador,ECU,2007,14205479.0,62.104
11504,"Egypt, Arab Rep.",EGY,2007,77605327.0,43.078
11505,El Salvador,SLV,2007,5986414.0,62.723
11506,Equatorial Guinea,GNQ,2007,665798.0,38.963
11507,Eritrea,ERI,2007,4406299.0,19.518
11508,Estonia,EST,2007,1340680.0,68.479
11509,Ethiopia,ETH,2007,80891968.0,16.116
11510,Faeroe Islands,FRO,2007,48599.0,40.341
11511,Fiji,FJI,2007,834729.0,50.657
11512,Finland,FIN,2007,5288720.0,83.16799999999999
11513,France,FRA,2007,64016229.0,77.62100000000001
11514,French Polynesia,PYF,2007,260361.0,56.823
11515,Gabon,GAB,2007,1440902.0,84.443
11516,"Gambia, The",GMB,2007,1536424.0,53.997
11517,Georgia,GEO,2007,4388400.0,52.575
11518,Germany,DEU,2007,82266372.0,73.695
11519,Ghana,GHA,2007,22528041.0,48.669
11520,Greece,GRC,2007,11163002.0,75.199
11521,Greenland,GRL,2007,56555.0,83.48200000000001
11522,Grenada,GRD,2007,103587.0,35.822
11523,Guam,GUM,2007,158332.0,93.822
11524,Guatemala,GTM,2007,13797629.0,48.019
11525,Guinea,GIN,2007,10152521.0,33.596
11526,Guinea-Bissau,GNB,2007,1527342.0,42.596
11527,Guyana,GUY,2007,745638.0,28.231
11528,Haiti,HTI,2007,9556958.0,47.39
11529,Honduras,HND,2007,7133737.0,49.8
11530,"Hong Kong SAR, China",HKG,2007,6916300.0,100.0
11531,Hungary,HUN,2007,10055780.0,67.368
11532,Iceland,ISL,2007,311566.0,93.278
11533,India,IND,2007,1179685631.0,29.906
11534,Indonesia,IDN,2007,232296830.0,47.528
11535,"Iran, Islamic Rep.",IRN,2007,71720859.0,68.86399999999999
11536,Iraq,IRQ,2007,28423538.0,68.873
11537,Ireland,IRL,2007,4398942.0,61.025
11538,Isle of Man,IMY,2007,81914.0,51.94
11539,Israel,ISR,2007,7180100.0,91.641
11540,Italy,ITA,2007,58438310.0,67.97399999999999
11541,Jamaica,JAM,2007,2662481.0,53.184
11542,Japan,JPN,2007,128001000.0,88.01299999999999
11543,Jordan,JOR,2007,5661000.0,81.704
11544,Kazakhstan,KAZ,2007,15484192.0,54.31399999999999
11545,Kenya,KEN,2007,37250540.0,22.42
11546,Kiribati,KIR,2007,96310.0,43.603
11547,"Korea, Dem. Rep.",PRK,2007,24111945.0,59.962
11548,"Korea, Rep.",KOR,2007,48597652.0,81.631
11549,Kuwait,KWT,2007,2538591.0,98.217
11550,Kyrgyz Republic,KGZ,2007,5268400.0,35.287
11551,Lao PDR,LAO,2007,5939634.0,29.688
11552,Latvia,LVA,2007,2200325.0,67.9
11553,Lebanon,LBN,2007,4085426.0,86.822
11554,Lesotho,LSO,2007,1955656.0,23.293000000000003
11555,Liberia,LBR,2007,3522337.0,46.742
11556,Libya,LBY,2007,6017794.0,77.175
11557,Liechtenstein,LIE,2007,35431.0,14.629
11558,Lithuania,LTU,2007,3231294.0,66.777
11559,Luxembourg,LUX,2007,479993.0,87.40899999999999
11560,"Macao SAR, China",MAC,2007,493022.0,100.0
11561,"Macedonia, FYR",MKD,2007,2051427.0,57.236
11562,Madagascar,MDG,2007,19371031.0,30.043000000000003
11563,Malawi,MWI,2007,13498377.0,15.235
11564,Malaysia,MYS,2007,26730607.0,68.36
11565,Maldives,MDV,2007,349000.0,36.303
11566,Mali,MLI,2007,13759226.0,33.611999999999995
11567,Malta,MLT,2007,406724.0,94.092
11568,Marshall Islands,MHL,2007,52136.0,70.49
11569,Mauritania,MRT,2007,3328285.0,54.592
11570,Mauritius,MUS,2007,1239630.0,41.203
11571,Mexico,MEX,2007,113139374.0,76.923
11572,"Micronesia, Fed. Sts.",FSM,2007,105080.0,22.317
11573,Moldova,MDA,2007,3576910.0,45.11
11574,Monaco,MCO,2007,35046.0,100.0
11575,Mongolia,MNG,2007,2592776.0,64.564
11576,Montenegro,MNE,2007,615875.0,62.56
11577,Morocco,MAR,2007,31011322.0,56.153
11578,Mozambique,MOZ,2007,22359637.0,30.364
11579,Myanmar,MMR,2007,50698814.0,29.865
11580,Namibia,NAM,2007,2083174.0,38.598
11581,Nepal,NPL,2007,26063619.0,15.822
11582,Netherlands,NLD,2007,16381696.0,84.539
11583,New Caledonia,NCL,2007,238902.0,65.306
11584,New Zealand,NZL,2007,4223800.0,86.104
11585,Nicaragua,NIC,2007,5522119.0,56.437
11586,Niger,NER,2007,14527631.0,17.018
11587,Nigeria,NGA,2007,147152502.0,40.819
11588,Northern Mariana Islands,MNP,2007,59791.0,89.67
11589,Norway,NOR,2007,4709153.0,78.234
11590,Oman,OMN,2007,2593750.0,73.527
11591,Pakistan,PAK,2007,159767672.0,35.442
11592,Palau,PLW,2007,20118.0,80.241
11593,Panama,PAN,2007,3438398.0,64.251
11594,Papua New Guinea,PNG,2007,6387470.0,13.073
11595,Paraguay,PRY,2007,5966160.0,57.806
11596,Peru,PER,2007,28292768.0,75.803
11597,Philippines,PHL,2007,88965508.0,46.063
11598,Poland,POL,2007,38120560.0,61.229
11599,Portugal,PRT,2007,10542964.0,58.749
11600,Puerto Rico,PRI,2007,3782995.0,93.999
11601,Qatar,QAT,2007,1178955.0,98.023
11602,Romania,ROM,2007,20882982.0,53.43600000000001
11603,Russian Federation,RUS,2007,142805088.0,73.553
11604,Rwanda,RWA,2007,9481083.0,21.085
11605,Samoa,WSM,2007,182238.0,20.75
11606,San Marino,SMR,2007,29874.0,94.044
11607,Sao Tome and Principe,STP,2007,160064.0,59.655
11608,Saudi Arabia,SAU,2007,26083522.0,81.42699999999999
11609,Senegal,SEN,2007,11897230.0,41.518
11610,Serbia,SRB,2007,7381579.0,55.06
11611,Seychelles,SYC,2007,85033.0,51.522
11612,Sierra Leone,SLE,2007,5391108.0,37.364
11613,Singapore,SGP,2007,4588600.0,100.0
11614,Sint Maarten (Dutch part),SXM,2007,39462.0,100.0
11615,Slovak Republic,SVK,2007,5374622.0,55.261
11616,Slovenia,SVN,2007,2018122.0,50.317
11617,Solomon Islands,SLB,2007,492075.0,18.694000000000003
11618,Somalia,SOM,2007,8909015.0,35.974000000000004
11619,South Africa,ZAF,2007,48656506.0,60.61600000000001
11620,South Sudan,SSD,2007,8815495.0,17.42
11621,Spain,ESP,2007,45226803.0,77.74
11622,Sri Lanka,LKA,2007,20039000.0,18.357
11623,St. Kitts and Nevis,KNA,2007,50465.0,31.893
11624,St. Lucia,LCA,2007,170146.0,21.084
11625,St. Vincent and the Grenadines,VCT,2007,109049.0,47.713
11626,Sudan,SDN,2007,33637960.0,32.866
11627,Suriname,SUR,2007,500953.0,66.547
11628,Swaziland,SWZ,2007,1134853.0,21.783
11629,Sweden,SWE,2007,9148092.0,84.588
11630,Switzerland,CHE,2007,7551117.0,73.55
11631,Syrian Arab Republic,SYR,2007,19425597.0,54.529
11632,Tajikistan,TJK,2007,7099021.0,26.466
11633,Tanzania,TZA,2007,41522004.0,26.121
11634,Thailand,THA,2007,66353572.0,40.104
11635,Timor-Leste,TMP,2007,1013194.0,27.564
11636,Togo,TGO,2007,5890414.0,36.116
11637,Tonga,TON,2007,102169.0,23.227
11638,Trinidad and Tobago,TTO,2007,1309260.0,9.571
11639,Tunisia,TUN,2007,10225100.0,65.433
11640,Turkey,TUR,2007,69515492.0,68.975
11641,Turkmenistan,TKM,2007,4858235.0,47.555
11642,Turks and Caicos Islands,TCA,2007,28638.0,88.79700000000001
11643,Tuvalu,TUV,2007,9764.0,51.743
11644,Uganda,UGA,2007,29991958.0,13.6
11645,Ukraine,UKR,2007,46509350.0,68.14699999999999
11646,United Arab Emirates,ARE,2007,6010100.0,83.01899999999999
11647,United Kingdom,GBR,2007,61322463.0,80.479
11648,United States,USA,2007,301231207.0,80.26899999999999
11649,Uruguay,URY,2007,3339750.0,93.779
11650,Uzbekistan,UZB,2007,26868000.0,36.402
11651,Vanuatu,VUT,2007,219956.0,23.687
11652,"Venezuela, RB",VEN,2007,27670659.0,88.646
11653,Vietnam,VNM,2007,84218500.0,28.504
11654,Virgin Islands (U.S.),VIR,2007,107423.0,94.053
11655,West Bank and Gaza,WBG,2007,3494496.0,73.491
11656,"Yemen, Rep.",YEM,2007,21701105.0,30.042
11657,Zambia,ZMB,2007,12738676.0,37.452
11658,Zimbabwe,ZWE,2007,13297798.0,33.743
11659,Arab World,ARB,2008,336662433.0,55.5907848357259
11660,Caribbean small states,CSS,2008,6767278.0,41.7629245024366
11661,Central Europe and the Baltics,CEB,2008,105126686.0,61.96499293538079
11662,East Asia & Pacific (all income levels),EAS,2008,2175660864.0,49.727677377197104
11663,East Asia & Pacific (developing only),EAP,2008,1936736134.0,45.49104412347071
11664,Euro area,EMU,2008,334378776.0,74.35086301601571
11665,Europe & Central Asia (all income levels),ECS,2008,882358214.0,69.6702854575235
11666,Europe & Central Asia (developing only),ECA,2008,252877346.0,58.7445652294864
11667,European Union,EUU,2008,501912523.0,73.26469885135741
11668,Fragile and conflict affected situations,FCS,2008,409393653.0,38.388480784818704
11669,Heavily indebted poor countries (HIPC),HPC,2008,594288511.0,31.4870434101073
11670,High income,HIC,2008,1350647746.0,79.29046855233891
11671,High income: nonOECD,NOC,2008,311513631.0,79.6607812713243
11672,High income: OECD,OEC,2008,1039134115.0,79.1876615705337
11673,Latin America & Caribbean (all income levels),LCN,2008,584435842.0,77.8779698100089
11674,Latin America & Caribbean (developing only),LAC,2008,489595358.0,75.83793216970821
11675,Least developed countries: UN classification,LDC,2008,808296705.0,27.9772272129713
11676,Low & middle income,LMY,2008,5408304955.0,43.4156387518374
11677,Low income,LIC,2008,529119915.0,27.3967514444736
11678,Lower middle income,LMC,2008,2627317521.0,35.9265245295557
11679,Middle East & North Africa (all income levels),MEA,2008,369228612.0,61.716594161966
11680,Middle East & North Africa (developing only),MNA,2008,320005139.0,58.1941923280019
11681,Middle income,MIC,2008,4879185040.0,45.15343307970279
11682,North America,NAC,2008,337405012.0,80.455579106519
11683,OECD members,OED,2008,1224451293.0,78.45056915139949
11684,Other small states,OSS,2008,18675657.0,45.6334192028917
11685,Pacific island small states,PSS,2008,2143352.0,35.7989441375005
11686,Small states,SST,2008,27586287.0,43.91728493947411
11687,South Asia,SAS,2008,1582576481.0,30.210770970014
11688,Sub-Saharan Africa (all income levels),SSF,2008,827287676.0,34.2565654628113
11689,Sub-Saharan Africa (developing only),SSA,2008,826514497.0,34.2507533722303
11690,Upper middle income,UMC,2008,2251867519.0,55.9117641816764
11691,World,WLD,2008,6758952701.0,50.4882842586956
11692,Afghanistan,AFG,2008,26528741.0,23.946
11693,Albania,ALB,2008,2947314.0,49.99100000000001
11694,Algeria,DZA,2008,34811059.0,66.097
11695,American Samoa,ASM,2008,57031.0,87.79899999999999
11696,Andorra,ADO,2008,85616.0,88.867
11697,Angola,AGO,2008,19842251.0,38.509
11698,Antigua and Barbuda,ATG,2008,85350.0,27.406
11699,Argentina,ARG,2008,40381860.0,90.622
11700,Armenia,ARM,2008,2975029.0,63.997
11701,Aruba,ABW,2008,101342.0,43.783
11702,Australia,AUS,2008,21249200.0,88.445
11703,Austria,AUT,2008,8321496.0,65.84100000000001
11704,Azerbaijan,AZE,2008,8763400.0,52.99
11705,"Bahamas, The",BHS,2008,348587.0,82.44200000000001
11706,Bahrain,BHR,2008,1115777.0,88.46799999999999
11707,Bangladesh,BGD,2008,148252473.0,28.968000000000004
11708,Barbados,BRB,2008,277315.0,32.41
11709,Belarus,BLR,2008,9528000.0,73.726
11710,Belgium,BEL,2008,10709973.0,97.546
11711,Belize,BLZ,2008,306165.0,45.501000000000005
11712,Benin,BEN,2008,8973525.0,41.078
11713,Bermuda,BMU,2008,65273.0,100.0
11714,Bhutan,BTN,2008,694990.0,33.236
11715,Bolivia,BOL,2008,9599916.0,65.55
11716,Bosnia and Herzegovina,BIH,2008,3839749.0,39.161
11717,Botswana,BWA,2008,1967866.0,55.772
11718,Brazil,BRA,2008,194769696.0,83.749
11719,Brunei Darussalam,BRN,2008,380786.0,74.74600000000001
11720,Bulgaria,BGR,2008,7492561.0,71.622
11721,Burkina Faso,BFA,2008,14709011.0,23.993
11722,Burundi,BDI,2008,8821795.0,10.118
11723,Cabo Verde,CPV,2008,483824.0,60.194
11724,Cambodia,KHM,2008,13933660.0,19.533
11725,Cameroon,CMR,2008,19570418.0,50.337
11726,Canada,CAN,2008,33245773.0,80.578
11727,Cayman Islands,CYM,2008,52925.0,100.0
11728,Central African Republic,CAF,2008,4280405.0,38.47
11729,Chad,TCD,2008,11139740.0,21.901
11730,Channel Islands,CHI,2008,157587.0,30.929
11731,Chile,CHL,2008,16645940.0,88.155
11732,China,CHN,2008,1324655000.0,46.539
11733,Colombia,COL,2008,44901660.0,74.46
11734,Comoros,COM,2008,665414.0,27.86
11735,"Congo, Dem. Rep.",ZAR,2008,61809278.0,38.941
11736,"Congo, Rep.",COG,2008,3832771.0,62.341
11737,Costa Rica,CRI,2008,4429506.0,69.387
11738,Cote d'Ivoire,CIV,2008,19261647.0,49.034
11739,Croatia,HRV,2008,4434508.0,57.048
11740,Cuba,CUB,2008,11290239.0,76.413
11741,Curacao,CUW,2008,145880.0,90.161
11742,Cyprus,CYP,2008,1077010.0,67.839
11743,Czech Republic,CZE,2008,10384603.0,73.39399999999999
11744,Denmark,DNK,2008,5493621.0,86.48700000000001
11745,Djibouti,DJI,2008,809639.0,76.899
11746,Dominica,DMA,2008,70881.0,67.502
11747,Dominican Republic,DOM,2008,9636491.0,71.297
11748,Ecuador,ECU,2008,14447600.0,62.3
11749,"Egypt, Arab Rep.",EGY,2008,78976122.0,43.058
11750,El Salvador,SLV,2008,6004199.0,63.252
11751,Equatorial Guinea,GNQ,2008,686223.0,39.037
11752,Eritrea,ERI,2008,4500638.0,19.854
11753,Estonia,EST,2008,1337090.0,68.351
11754,Ethiopia,ETH,2008,83079608.0,16.51
11755,Faeroe Islands,FRO,2008,48629.0,40.536
11756,Fiji,FJI,2008,843206.0,51.051
11757,Finland,FIN,2008,5313399.0,83.29899999999999
11758,France,FRA,2008,64374990.0,77.86399999999999
11759,French Polynesia,PYF,2008,262877.0,56.738
11760,Gabon,GAB,2008,1473741.0,84.896
11761,"Gambia, The",GMB,2008,1586749.0,54.789
11762,Georgia,GEO,2008,4383800.0,52.625
11763,Germany,DEU,2008,82110097.0,73.895
11764,Ghana,GHA,2008,23115919.0,49.351000000000006
11765,Greece,GRC,2008,11186439.0,75.568
11766,Greenland,GRL,2008,56328.0,83.787
11767,Grenada,GRD,2008,103934.0,35.775
11768,Guam,GUM,2008,158310.0,93.916
11769,Guatemala,GTM,2008,14106687.0,48.449
11770,Guinea,GIN,2008,10427356.0,34.005
11771,Guinea-Bissau,GNB,2008,1561293.0,43.468
11772,Guyana,GUY,2008,748096.0,28.218000000000004
11773,Haiti,HTI,2008,9705130.0,48.98
11774,Honduras,HND,2008,7259470.0,50.438
11775,"Hong Kong SAR, China",HKG,2008,6957800.0,100.0
11776,Hungary,HUN,2008,10038188.0,67.87
11777,Iceland,ISL,2008,317414.0,93.395
11778,India,IND,2008,1197070109.0,30.246
11779,Indonesia,IDN,2008,235360765.0,48.327
11780,"Iran, Islamic Rep.",IRN,2008,72530693.0,69.458
11781,Iraq,IRQ,2008,29163327.0,68.92699999999999
11782,Ireland,IRL,2008,4489544.0,61.298
11783,Isle of Man,IMY,2008,82737.0,51.958
11784,Israel,ISR,2008,7308800.0,91.702
11785,Italy,ITA,2008,58826731.0,68.092
11786,Jamaica,JAM,2008,2671934.0,53.371
11787,Japan,JPN,2008,128063000.0,88.90899999999999
11788,Jordan,JOR,2008,5786000.0,81.964
11789,Kazakhstan,KAZ,2008,15674000.0,54.111
11790,Kenya,KEN,2008,38244442.0,22.8
11791,Kiribati,KIR,2008,98437.0,43.647
11792,"Korea, Dem. Rep.",PRK,2008,24243829.0,60.04
11793,"Korea, Rep.",KOR,2008,48948698.0,81.733
11794,Kuwait,KWT,2008,2705290.0,98.232
11795,Kyrgyz Republic,KGZ,2008,5318700.0,35.285
11796,Lao PDR,LAO,2008,6045439.0,30.839
11797,Latvia,LVA,2008,2177322.0,67.834
11798,Lebanon,LBN,2008,4109389.0,86.94200000000001
11799,Lesotho,LSO,2008,1972194.0,23.774
11800,Liberia,LBR,2008,3672782.0,47.088
11801,Libya,LBY,2008,6123022.0,77.324
11802,Liechtenstein,LIE,2008,35721.0,14.574000000000002
11803,Lithuania,LTU,2008,3198231.0,66.848
11804,Luxembourg,LUX,2008,488650.0,87.8
11805,"Macao SAR, China",MAC,2008,507274.0,100.0
11806,"Macedonia, FYR",MKD,2008,2055266.0,57.129
11807,Madagascar,MDG,2008,19926798.0,30.67
11808,Malawi,MWI,2008,13904671.0,15.326
11809,Malaysia,MYS,2008,27197419.0,69.225
11810,Maldives,MDV,2008,362000.0,37.553
11811,Mali,MLI,2008,14223403.0,34.403
11812,Malta,MLT,2008,409379.0,94.295
11813,Marshall Islands,MHL,2008,52221.0,70.778
11814,Mauritania,MRT,2008,3414552.0,55.303
11815,Mauritius,MUS,2008,1244121.0,40.995
11816,Mexico,MEX,2008,114972821.0,77.227
11817,"Micronesia, Fed. Sts.",FSM,2008,104472.0,22.311
11818,Moldova,MDA,2008,3570108.0,45.011
11819,Monaco,MCO,2008,35731.0,100.0
11820,Mongolia,MNG,2008,2629666.0,65.581
11821,Montenegro,MNE,2008,616969.0,62.739
11822,Morocco,MAR,2008,31350544.0,56.665
11823,Mozambique,MOZ,2008,22994867.0,30.548
11824,Myanmar,MMR,2008,51030006.0,30.363000000000003
11825,Namibia,NAM,2008,2115703.0,39.597
11826,Nepal,NPL,2008,26325183.0,16.15
11827,Netherlands,NLD,2008,16445593.0,85.402
11828,New Caledonia,NCL,2008,242546.0,65.969
11829,New Zealand,NZL,2008,4259800.0,86.13
11830,Nicaragua,NIC,2008,5594524.0,56.701
11831,Niger,NER,2008,15085130.0,17.185
11832,Nigeria,NGA,2008,151115683.0,41.702
11833,Northern Mariana Islands,MNP,2008,57343.0,89.605
11834,Norway,NOR,2008,4768212.0,78.52600000000001
11835,Oman,OMN,2008,2652281.0,74.08
11836,Pakistan,PAK,2008,163096985.0,35.816
11837,Palau,PLW,2008,20227.0,81.367
11838,Panama,PAN,2008,3498679.0,64.54
11839,Papua New Guinea,PNG,2008,6540267.0,13.055
11840,Paraguay,PRY,2008,6047131.0,58.034
11841,Peru,PER,2008,28642048.0,76.182
11842,Philippines,PHL,2008,90297115.0,45.793
11843,Poland,POL,2008,38125759.0,61.11600000000001
11844,Portugal,PRT,2008,10558177.0,59.359
11845,Puerto Rico,PRI,2008,3760866.0,93.942
11846,Qatar,QAT,2008,1388962.0,98.261
11847,Romania,ROM,2008,20537875.0,53.567
11848,Russian Federation,RUS,2008,142742350.0,73.598
11849,Rwanda,RWA,2008,9750314.0,22.033
11850,Samoa,WSM,2008,183440.0,20.524
11851,San Marino,SMR,2008,30160.0,94.056
11852,Sao Tome and Principe,STP,2008,163595.0,60.434
11853,Saudi Arabia,SAU,2008,26742842.0,81.649
11854,Senegal,SEN,2008,12229703.0,41.74
11855,Serbia,SRB,2008,7350222.0,55.11
11856,Seychelles,SYC,2008,86956.0,51.775
11857,Sierra Leone,SLE,2008,5521838.0,37.645
11858,Singapore,SGP,2008,4839400.0,100.0
11859,Sint Maarten (Dutch part),SXM,2008,40458.0,100.0
11860,Slovak Republic,SVK,2008,5379233.0,55.111
11861,Slovenia,SVN,2008,2021316.0,50.224
11862,Solomon Islands,SLB,2008,503410.0,19.138
11863,Somalia,SOM,2008,9132589.0,36.394
11864,South Africa,ZAF,2008,49344228.0,61.154
11865,South Sudan,SSD,2008,9208598.0,17.555
11866,Spain,ESP,2008,45954106.0,77.976
11867,Sri Lanka,LKA,2008,20246000.0,18.345
11868,St. Kitts and Nevis,KNA,2008,51093.0,31.845
11869,St. Lucia,LCA,2008,172729.0,20.131
11870,St. Vincent and the Grenadines,VCT,2008,109165.0,48.071000000000005
11871,Sudan,SDN,2008,34470138.0,32.919000000000004
11872,Suriname,SUR,2008,506657.0,66.479
11873,Swaziland,SWZ,2008,1153750.0,21.67
11874,Sweden,SWE,2008,9219637.0,84.74600000000001
11875,Switzerland,CHE,2008,7647675.0,73.58800000000001
11876,Syrian Arab Republic,SYR,2008,20097057.0,54.908
11877,Tajikistan,TJK,2008,7254072.0,26.483
11878,Tanzania,TZA,2008,42844744.0,26.776
11879,Thailand,THA,2008,66453255.0,41.419
11880,Timor-Leste,TMP,2008,1030630.0,28.203000000000003
11881,Togo,TGO,2008,6052937.0,36.587
11882,Tonga,TON,2008,102816.0,23.281
11883,Trinidad and Tobago,TTO,2008,1315372.0,9.408
11884,Tunisia,TUN,2008,10328900.0,65.601
11885,Turkey,TUR,2008,70344357.0,69.562
11886,Turkmenistan,TKM,2008,4917541.0,47.826
11887,Turks and Caicos Islands,TCA,2008,29481.0,89.294
11888,Tuvalu,TUV,2008,9788.0,52.765
11889,Uganda,UGA,2008,31014427.0,13.892
11890,Ukraine,UKR,2008,46258200.0,68.325
11891,United Arab Emirates,ARE,2008,6900142.0,83.37700000000001
11892,United Kingdom,GBR,2008,61806995.0,80.757
11893,United States,USA,2008,304093966.0,80.438
11894,Uruguay,URY,2008,3350832.0,93.998
11895,Uzbekistan,UZB,2008,27302800.0,36.305
11896,Vanuatu,VUT,2008,225335.0,23.985
11897,"Venezuela, RB",VEN,2008,28116716.0,88.68700000000001
11898,Vietnam,VNM,2008,85118700.0,29.128
11899,Virgin Islands (U.S.),VIR,2008,107091.0,94.239
11900,West Bank and Gaza,WBG,2008,3596688.0,73.704
11901,"Yemen, Rep.",YEM,2008,22322699.0,30.602
11902,Zambia,ZMB,2008,13114579.0,37.875
11903,Zimbabwe,ZWE,2008,13495462.0,33.56
11904,Arab World,ARB,2009,344702311.0,55.934425439880506
11905,Caribbean small states,CSS,2009,6811213.0,41.7921551990813
11906,Central Europe and the Baltics,CEB,2009,104924372.0,62.0201597057641
11907,East Asia & Pacific (all income levels),EAS,2009,2190177041.0,50.7645678170931
11908,East Asia & Pacific (developing only),EAP,2009,1950280764.0,46.59575472465672
11909,Euro area,EMU,2009,335433365.0,74.5851315619035
11910,Europe & Central Asia (all income levels),ECS,2009,886063249.0,69.8372089786295
11911,Europe & Central Asia (developing only),ECA,2009,254685459.0,58.931770073293
11912,European Union,EUU,2009,503390442.0,73.490186153165
11913,Fragile and conflict affected situations,FCS,2009,419371302.0,38.7818542180238
11914,Heavily indebted poor countries (HIPC),HPC,2009,611087950.0,31.917784378158693
11915,High income,HIC,2009,1359870192.0,79.53965372395659
11916,High income: nonOECD,NOC,2009,314698255.0,79.82851503161109
11917,High income: OECD,OEC,2009,1045171937.0,79.4590650218099
11918,Latin America & Caribbean (all income levels),LCN,2009,591577623.0,78.1794547043462
11919,Latin America & Caribbean (developing only),LAC,2009,495685919.0,76.175507018185
11920,Least developed countries: UN classification,LDC,2009,827498335.0,28.4733740085858
11921,Low & middle income,LMY,2009,5481698787.0,44.021081373672
11922,Low income,LIC,2009,543502416.0,27.775555020358897
11923,Lower middle income,LMC,2009,2668428221.0,36.3438623560145
11924,Middle East & North Africa (all income levels),MEA,2009,377133473.0,62.104662734259605
11925,Middle East & North Africa (developing only),MNA,2009,325689241.0,58.5067848972358
11926,Middle income,MIC,2009,4938196371.0,45.80972895946221
11927,North America,NAC,2009,340465736.0,80.6247522170395
11928,OECD members,OED,2009,1233248856.0,78.73762680941421
11929,Other small states,OSS,2009,18998854.0,46.1298140602915
11930,Pacific island small states,PSS,2009,2172519.0,36.044092980544704
11931,Small states,SST,2009,27982586.0,44.2887611201268
11932,South Asia,SAS,2009,1605926788.0,30.5944573176618
11933,Sub-Saharan Africa (all income levels),SSF,2009,850225069.0,34.7412140983989
11934,Sub-Saharan Africa (developing only),SSA,2009,849430616.0,34.7357883008917
11935,Upper middle income,UMC,2009,2269768150.0,56.9309890301597
11936,World,WLD,2009,6841568979.0,50.9863447408651
11937,Afghanistan,AFG,2009,27207291.0,24.313
11938,Albania,ALB,2009,2927519.0,51.076
11939,Algeria,DZA,2009,35401790.0,66.822
11940,American Samoa,ASM,2009,56226.0,87.697
11941,Andorra,ADO,2009,85474.0,88.352
11942,Angola,AGO,2009,20520103.0,39.299
11943,Antigua and Barbuda,ATG,2009,86300.0,26.819000000000003
11944,Argentina,ARG,2009,40798641.0,90.795
11945,Armenia,ARM,2009,2966108.0,63.789
11946,Aruba,ABW,2009,101416.0,43.42100000000001
11947,Australia,AUS,2009,21691700.0,88.59
11948,Austria,AUT,2009,8343323.0,65.847
11949,Azerbaijan,AZE,2009,8947243.0,53.19
11950,"Bahamas, The",BHS,2009,354780.0,82.495
11951,Bahrain,BHR,2009,1196774.0,88.5
11952,Bangladesh,BGD,2009,149905836.0,29.709
11953,Barbados,BRB,2009,278466.0,32.235
11954,Belarus,BLR,2009,9507000.0,74.172
11955,Belgium,BEL,2009,10796493.0,97.594
11956,Belize,BLZ,2009,313925.0,45.232
11957,Benin,BEN,2009,9240982.0,41.461000000000006
11958,Bermuda,BMU,2009,65636.0,100.0
11959,Bhutan,BTN,2009,707830.0,34.01
11960,Bolivia,BOL,2009,9758799.0,65.991
11961,Bosnia and Herzegovina,BIH,2009,3837732.0,39.183
11962,Botswana,BWA,2009,2007212.0,56.004
11963,Brazil,BRA,2009,196701298.0,84.044
11964,Brunei Darussalam,BRN,2009,387080.0,75.134
11965,Bulgaria,BGR,2009,7444443.0,71.96300000000001
11966,Burkina Faso,BFA,2009,15165856.0,24.828000000000003
11967,Burundi,BDI,2009,9137786.0,10.376
11968,Cabo Verde,CPV,2009,486673.0,61.016000000000005
11969,Cambodia,KHM,2009,14144337.0,19.666
11970,Cameroon,CMR,2009,20074522.0,50.928
11971,Canada,CAN,2009,33628571.0,80.758
11972,Cayman Islands,CYM,2009,54285.0,100.0
11973,Central African Republic,CAF,2009,4361492.0,38.64
11974,Chad,TCD,2009,11510535.0,21.934
11975,Channel Islands,CHI,2009,158613.0,30.992
11976,Chile,CHL,2009,16829957.0,88.375
11977,China,CHN,2009,1331260000.0,47.88
11978,Colombia,COL,2009,45416276.0,74.749
11979,Comoros,COM,2009,681845.0,27.882
11980,"Congo, Dem. Rep.",ZAR,2009,63845097.0,39.437
11981,"Congo, Rep.",COG,2009,3950786.0,62.786
11982,Costa Rica,CRI,2009,4488261.0,70.57300000000001
11983,Cote d'Ivoire,CIV,2009,19684909.0,49.8
11984,Croatia,HRV,2009,4429078.0,57.287
11985,Cuba,CUB,2009,11297442.0,76.505
11986,Curacao,CUW,2009,146833.0,90.03399999999999
11987,Cyprus,CYP,2009,1090486.0,67.695
11988,Czech Republic,CZE,2009,10443936.0,73.324
11989,Denmark,DNK,2009,5523095.0,86.654
11990,Djibouti,DJI,2009,820097.0,76.944
11991,Dominica,DMA,2009,70995.0,67.79899999999999
11992,Dominican Republic,DOM,2009,9767737.0,72.541
11993,Ecuador,ECU,2009,14691310.0,62.495
11994,"Egypt, Arab Rep.",EGY,2009,80442443.0,43.039
11995,El Salvador,SLV,2009,6021368.0,63.773
11996,Equatorial Guinea,GNQ,2009,707155.0,39.123000000000005
11997,Eritrea,ERI,2009,4593549.0,20.206
11998,Estonia,EST,2009,1334515.0,68.223
11999,Ethiopia,ETH,2009,85302099.0,16.91
12000,Faeroe Islands,FRO,2009,48613.0,40.731
12001,Fiji,FJI,2009,851854.0,51.44
12002,Finland,FIN,2009,5338871.0,83.429
12003,France,FRA,2009,64707044.0,78.10600000000001
12004,French Polynesia,PYF,2009,265412.0,56.608
12005,Gabon,GAB,2009,1507428.0,85.31299999999999
12006,"Gambia, The",GMB,2009,1638899.0,55.555
12007,Georgia,GEO,2009,4410900.0,52.723
12008,Germany,DEU,2009,81902307.0,74.093
12009,Ghana,GHA,2009,23713164.0,50.031000000000006
12010,Greece,GRC,2009,11187085.0,75.932
12011,Greenland,GRL,2009,56323.0,84.087
12012,Grenada,GRD,2009,104298.0,35.728
12013,Guam,GUM,2009,158621.0,94.008
12014,Guatemala,GTM,2009,14418033.0,48.88399999999999
12015,Guinea,GIN,2009,10715770.0,34.426
12016,Guinea-Bissau,GNB,2009,1596832.0,44.342
12017,Guyana,GUY,2009,750749.0,28.221
12018,Haiti,HTI,2009,9852953.0,50.523
12019,Honduras,HND,2009,7383098.0,51.07
12020,"Hong Kong SAR, China",HKG,2009,6972800.0,100.0
12021,Hungary,HUN,2009,10022650.0,68.366
12022,Iceland,ISL,2009,318499.0,93.511
12023,India,IND,2009,1214182182.0,30.587
12024,Indonesia,IDN,2009,238465165.0,49.124
12025,"Iran, Islamic Rep.",IRN,2009,73370982.0,70.045
12026,Iraq,IRQ,2009,29970634.0,68.98
12027,Ireland,IRL,2009,4535375.0,61.569
12028,Isle of Man,IMY,2009,83548.0,51.976000000000006
12029,Israel,ISR,2009,7485600.0,91.763
12030,Italy,ITA,2009,59095365.0,68.209
12031,Jamaica,JAM,2009,2681386.0,53.557
12032,Japan,JPN,2009,128047000.0,89.743
12033,Jordan,JOR,2009,5915000.0,82.22
12034,Kazakhstan,KAZ,2009,16092701.0,53.908
12035,Kenya,KEN,2009,39269988.0,23.183000000000003
12036,Kiribati,KIR,2009,100566.0,43.70399999999999
12037,"Korea, Dem. Rep.",PRK,2009,24371806.0,60.118
12038,"Korea, Rep.",KOR,2009,49182038.0,81.835
12039,Kuwait,KWT,2009,2881243.0,98.248
12040,Kyrgyz Republic,KGZ,2009,5383300.0,35.284
12041,Lao PDR,LAO,2009,6153153.0,31.985
12042,Latvia,LVA,2009,2141669.0,67.764
12043,Lebanon,LBN,2009,4181742.0,87.06200000000001
12044,Lesotho,LSO,2009,1990413.0,24.259
12045,Liberia,LBR,2009,3821498.0,47.441
12046,Libya,LBY,2009,6208680.0,77.479
12047,Liechtenstein,LIE,2009,36004.0,14.519
12048,Lithuania,LTU,2009,3162916.0,66.842
12049,Luxembourg,LUX,2009,497783.0,88.178
12050,"Macao SAR, China",MAC,2009,521405.0,100.0
12051,"Macedonia, FYR",MKD,2009,2058920.0,57.047
12052,Madagascar,MDG,2009,20495706.0,31.298
12053,Malawi,MWI,2009,14329056.0,15.427
12054,Malaysia,MYS,2009,27661017.0,70.075
12055,Maldives,MDV,2009,360000.0,38.781
12056,Mali,MLI,2009,14694565.0,35.2
12057,Malta,MLT,2009,412477.0,94.486
12058,Marshall Islands,MHL,2009,52321.0,71.062
12059,Mauritania,MRT,2009,3501927.0,56.0
12060,Mauritius,MUS,2009,1247429.0,40.787
12061,Mexico,MEX,2009,116815612.0,77.527
12062,"Micronesia, Fed. Sts.",FSM,2009,103961.0,22.305
12063,Moldova,MDA,2009,3565604.0,44.93600000000001
12064,Monaco,MCO,2009,36351.0,100.0
12065,Mongolia,MNG,2009,2669572.0,66.58
12066,Montenegro,MNE,2009,618294.0,62.918
12067,Morocco,MAR,2009,31714958.0,57.175
12068,Mozambique,MOZ,2009,23647815.0,30.745
12069,Myanmar,MMR,2009,51369725.0,30.881
12070,Namibia,NAM,2009,2152357.0,40.601
12071,Nepal,NPL,2009,26592666.0,16.483
12072,Netherlands,NLD,2009,16530388.0,86.242
12073,New Caledonia,NCL,2009,246245.0,66.624
12074,New Zealand,NZL,2009,4302600.0,86.148
12075,Nicaragua,NIC,2009,5666595.0,56.974
12076,Niger,NER,2009,15672194.0,17.366
12077,Nigeria,NGA,2009,155207145.0,42.588
12078,Northern Mariana Islands,MNP,2009,55276.0,89.539
12079,Norway,NOR,2009,4828726.0,78.815
12080,Oman,OMN,2009,2762073.0,74.624
12081,Pakistan,PAK,2009,166520983.0,36.201
12082,Palau,PLW,2009,20344.0,82.404
12083,Panama,PAN,2009,3559401.0,64.828
12084,Papua New Guinea,PNG,2009,6693799.0,13.037
12085,Paraguay,PRY,2009,6127847.0,58.26
12086,Peru,PER,2009,29001563.0,76.55199999999999
12087,Philippines,PHL,2009,91641881.0,45.524
12088,Poland,POL,2009,38151603.0,61.004
12089,Portugal,PRT,2009,10568247.0,59.964
12090,Puerto Rico,PRI,2009,3740410.0,93.884
12091,Qatar,QAT,2009,1591151.0,98.47
12092,Romania,ROM,2009,20367487.0,53.698
12093,Russian Federation,RUS,2009,142785342.0,73.642
12094,Rwanda,RWA,2009,10024594.0,22.988000000000003
12095,Samoa,WSM,2009,184700.0,20.3
12096,San Marino,SMR,2009,30431.0,94.07
12097,Sao Tome and Principe,STP,2009,167196.0,61.185
12098,Saudi Arabia,SAU,2009,27409491.0,81.867
12099,Senegal,SEN,2009,12581624.0,41.977
12100,Serbia,SRB,2009,7320807.0,55.159
12101,Seychelles,SYC,2009,87298.0,52.041
12102,Sierra Leone,SLE,2009,5647194.0,37.937
12103,Singapore,SGP,2009,4987600.0,100.0
12104,Sint Maarten (Dutch part),SXM,2009,39133.0,100.0
12105,Slovak Republic,SVK,2009,5386406.0,54.96
12106,Slovenia,SVN,2009,2039669.0,50.133
12107,Solomon Islands,SLB,2009,514767.0,19.589
12108,Somalia,SOM,2009,9356827.0,36.823
12109,South Africa,ZAF,2009,50055701.0,61.687
12110,South Sudan,SSD,2009,9623176.0,17.699
12111,Spain,ESP,2009,46362946.0,78.21
12112,Sri Lanka,LKA,2009,20450000.0,18.333
12113,St. Kitts and Nevis,KNA,2009,51717.0,31.816
12114,St. Lucia,LCA,2009,175196.0,19.213
12115,St. Vincent and the Grenadines,VCT,2009,109255.0,48.428
12116,Sudan,SDN,2009,35297298.0,32.99
12117,Suriname,SUR,2009,512522.0,66.41199999999999
12118,Swaziland,SWZ,2009,1173529.0,21.574
12119,Sweden,SWE,2009,9298515.0,84.902
12120,Switzerland,CHE,2009,7743831.0,73.625
12121,Syrian Arab Republic,SYR,2009,20566871.0,55.29
12122,Tajikistan,TJK,2009,7414960.0,26.5
12123,Tanzania,TZA,2009,44222113.0,27.439
12124,Thailand,THA,2009,66548197.0,42.744
12125,Timor-Leste,TMP,2009,1048367.0,28.85
12126,Togo,TGO,2009,6219761.0,37.058
12127,Tonga,TON,2009,103416.0,23.335
12128,Trinidad and Tobago,TTO,2009,1321624.0,9.249
12129,Tunisia,TUN,2009,10439600.0,65.767
12130,Turkey,TUR,2009,71261307.0,70.141
12131,Turkmenistan,TKM,2009,4978960.0,48.109
12132,Turks and Caicos Islands,TCA,2009,30247.0,89.77
12133,Tuvalu,TUV,2009,9808.0,53.782
12134,Uganda,UGA,2009,32067125.0,14.189
12135,Ukraine,UKR,2009,46053300.0,68.502
12136,United Arab Emirates,ARE,2009,7705423.0,83.723
12137,United Kingdom,GBR,2009,62276270.0,81.031
12138,United States,USA,2009,306771529.0,80.60600000000001
12139,Uruguay,URY,2009,3362761.0,94.209
12140,Uzbekistan,UZB,2009,27767400.0,36.235
12141,Vanuatu,VUT,2009,230782.0,24.286
12142,"Venezuela, RB",VEN,2009,28558607.0,88.728
12143,Vietnam,VNM,2009,86025000.0,29.758000000000003
12144,Virgin Islands (U.S.),VIR,2009,106707.0,94.419
12145,West Bank and Gaza,WBG,2009,3702218.0,73.919
12146,"Yemen, Rep.",YEM,2009,22954226.0,31.165
12147,Zambia,ZMB,2009,13507849.0,38.299
12148,Zimbabwe,ZWE,2009,13720997.0,33.378
12149,Arab World,ARB,2010,352640325.0,56.26587233490379
12150,Caribbean small states,CSS,2010,6854569.0,41.824405434535706
12151,Central Europe and the Baltics,CEB,2010,104543801.0,62.059416833265885
12152,East Asia & Pacific (all income levels),EAS,2010,2204603325.0,51.7979329363629
12153,East Asia & Pacific (developing only),EAP,2010,1963842316.0,47.70184493731521
12154,Euro area,EMU,2010,336199356.0,74.81919114625249
12155,Europe & Central Asia (all income levels),ECS,2010,889630390.0,69.9969444668441
12156,Europe & Central Asia (developing only),ECA,2010,256799097.0,59.107053957166606
12157,European Union,EUU,2010,504469008.0,73.7162024074054
12158,Fragile and conflict affected situations,FCS,2010,429448546.0,39.1755869057145
12159,Heavily indebted poor countries (HIPC),HPC,2010,628333588.0,32.3530429163497
12160,High income,HIC,2010,1368262960.0,79.78236937470041
12161,High income: nonOECD,NOC,2010,317681236.0,79.989812500712
12162,High income: OECD,OEC,2010,1050581724.0,79.7242161666416
12163,Latin America & Caribbean (all income levels),LCN,2010,598662941.0,78.47751013372459
12164,Latin America & Caribbean (developing only),LAC,2010,501716478.0,76.5090932868085
12165,Least developed countries: UN classification,LDC,2010,847264134.0,28.975164102002505
12166,Low & middle income,LMY,2010,5556019977.0,44.626437508623
12167,Low income,LIC,2010,558333178.0,28.1613558843193
12168,Lower middle income,LMC,2010,2709973675.0,36.765747944535
12169,Middle East & North Africa (all income levels),MEA,2010,384945112.0,62.4773323391907
12170,Middle East & North Africa (developing only),MNA,2010,331456852.0,58.82338640548601
12171,Middle income,MIC,2010,4997686799.0,46.46655525219499
12172,North America,NAC,2010,343417455.0,80.7919846407982
12173,OECD members,OED,2010,1241509682.0,79.01802713326641
12174,Other small states,OSS,2010,19347061.0,46.628159631186506
12175,Pacific island small states,PSS,2010,2201396.0,36.2878592629404
12176,Small states,SST,2010,28403026.0,44.6650469465167
12177,South Asia,SAS,2010,1629223562.0,30.9818997879673
12178,Sub-Saharan Africa (all income levels),SSF,2010,873800152.0,35.233036036898106
12179,Sub-Saharan Africa (developing only),SSA,2010,872981672.0,35.2279484918018
12180,Upper middle income,UMC,2010,2287713124.0,57.9505573159332
12181,World,WLD,2010,6924282937.0,51.480470091281006
12182,Afghanistan,AFG,2010,27962207.0,24.689
12183,Albania,ALB,2010,2913021.0,52.163
12184,Algeria,DZA,2010,36036159.0,67.52600000000001
12185,American Samoa,ASM,2010,55636.0,87.594
12186,Andorra,ADO,2010,84419.0,87.81700000000001
12187,Angola,AGO,2010,21219954.0,40.097
12188,Antigua and Barbuda,ATG,2010,87233.0,26.239
12189,Argentina,ARG,2010,41222875.0,90.966
12190,Armenia,ARM,2010,2963496.0,63.58
12191,Aruba,ABW,2010,101597.0,43.059
12192,Australia,AUS,2010,22031750.0,88.73299999999999
12193,Austria,AUT,2010,8363404.0,65.852
12194,Azerbaijan,AZE,2010,9054332.0,53.401
12195,"Bahamas, The",BHS,2010,360830.0,82.54899999999999
12196,Bahrain,BHR,2010,1261319.0,88.535
12197,Bangladesh,BGD,2010,151616777.0,30.462
12198,Barbados,BRB,2010,279566.0,32.06
12199,Belarus,BLR,2010,9490000.0,74.615
12200,Belgium,BEL,2010,10920272.0,97.641
12201,Belize,BLZ,2010,321609.0,44.963
12202,Benin,BEN,2010,9509798.0,41.854
12203,Bermuda,BMU,2010,65124.0,100.0
12204,Bhutan,BTN,2010,720246.0,34.793
12205,Bolivia,BOL,2010,9918245.0,66.426
12206,Bosnia and Herzegovina,BIH,2010,3835258.0,39.226
12207,Botswana,BWA,2010,2047831.0,56.235
12208,Brazil,BRA,2010,198614208.0,84.335
12209,Brunei Darussalam,BRN,2010,393302.0,75.51
12210,Bulgaria,BGR,2010,7395599.0,72.30199999999999
12211,Burkina Faso,BFA,2010,15632066.0,25.665
12212,Burundi,BDI,2010,9461117.0,10.640999999999998
12213,Cabo Verde,CPV,2010,490379.0,61.833
12214,Cambodia,KHM,2010,14363586.0,19.81
12215,Cameroon,CMR,2010,20590666.0,51.516000000000005
12216,Canada,CAN,2010,34005274.0,80.937
12217,Cayman Islands,CYM,2010,55509.0,100.0
12218,Central African Republic,CAF,2010,4444973.0,38.828
12219,Chad,TCD,2010,11896380.0,21.983
12220,Channel Islands,CHI,2010,159583.0,31.054
12221,Chile,CHL,2010,17015048.0,88.586
12222,China,CHN,2010,1337705000.0,49.226000000000006
12223,Colombia,COL,2010,45918101.0,75.036
12224,Comoros,COM,2010,698695.0,27.918000000000003
12225,"Congo, Dem. Rep.",ZAR,2010,65938712.0,39.937
12226,"Congo, Rep.",COG,2010,4066078.0,63.228
12227,Costa Rica,CRI,2010,4545273.0,71.734
12228,Cote d'Ivoire,CIV,2010,20131707.0,50.557
12229,Croatia,HRV,2010,4417781.0,57.537
12230,Cuba,CUB,2010,11308133.0,76.597
12231,Curacao,CUW,2010,148703.0,89.905
12232,Cyprus,CYP,2010,1103685.0,67.551
12233,Czech Republic,CZE,2010,10474410.0,73.255
12234,Denmark,DNK,2010,5547683.0,86.795
12235,Djibouti,DJI,2010,830802.0,76.99600000000001
12236,Dominica,DMA,2010,71167.0,68.094
12237,Dominican Republic,DOM,2010,9897983.0,73.752
12238,Ecuador,ECU,2010,14934692.0,62.69
12239,"Egypt, Arab Rep.",EGY,2010,82040994.0,43.019
12240,El Salvador,SLV,2010,6038306.0,64.286
12241,Equatorial Guinea,GNQ,2010,728710.0,39.223
12242,Eritrea,ERI,2010,4689664.0,20.572
12243,Estonia,EST,2010,1331475.0,68.094
12244,Ethiopia,ETH,2010,87561814.0,17.319000000000003
12245,Faeroe Islands,FRO,2010,48567.0,40.926
12246,Fiji,FJI,2010,859952.0,51.828
12247,Finland,FIN,2010,5363352.0,83.55799999999999
12248,France,FRA,2010,65027512.0,78.345
12249,French Polynesia,PYF,2010,268065.0,56.479
12250,Gabon,GAB,2010,1541936.0,85.697
12251,"Gambia, The",GMB,2010,1693002.0,56.297
12252,Georgia,GEO,2010,4452800.0,52.869
12253,Germany,DEU,2010,81776930.0,74.291
12254,Ghana,GHA,2010,24317734.0,50.713
12255,Greece,GRC,2010,11153454.0,76.292
12256,Greenland,GRL,2010,56905.0,84.383
12257,Grenada,GRD,2010,104677.0,35.681
12258,Guam,GUM,2010,159440.0,94.099
12259,Guatemala,GTM,2010,14732261.0,49.323
12260,Guinea,GIN,2010,11012406.0,34.856
12261,Guinea-Bissau,GNB,2010,1634196.0,45.221
12262,Guyana,GUY,2010,753362.0,28.239
12263,Haiti,HTI,2010,9999617.0,52.016000000000005
12264,Honduras,HND,2010,7503875.0,51.696000000000005
12265,"Hong Kong SAR, China",HKG,2010,7024200.0,100.0
12266,Hungary,HUN,2010,10000023.0,68.859
12267,Iceland,ISL,2010,318041.0,93.624
12268,India,IND,2010,1230984504.0,30.93
12269,Indonesia,IDN,2010,241613126.0,49.924
12270,"Iran, Islamic Rep.",IRN,2010,74253373.0,70.626
12271,Iraq,IRQ,2010,30868156.0,69.03399999999999
12272,Ireland,IRL,2010,4560155.0,61.84
12273,Isle of Man,IMY,2010,84327.0,51.994
12274,Israel,ISR,2010,7623600.0,91.824
12275,Italy,ITA,2010,59277417.0,68.327
12276,Jamaica,JAM,2010,2690824.0,53.743
12277,Japan,JPN,2010,128070000.0,90.522
12278,Jordan,JOR,2010,6046000.0,82.473
12279,Kazakhstan,KAZ,2010,16321581.0,53.732
12280,Kenya,KEN,2010,40328313.0,23.571
12281,Kiribati,KIR,2010,102648.0,43.773
12282,"Korea, Dem. Rep.",PRK,2010,24500506.0,60.21
12283,"Korea, Rep.",KOR,2010,49410366.0,81.936
12284,Kuwait,KWT,2010,3059473.0,98.263
12285,Kyrgyz Republic,KGZ,2010,5447900.0,35.303000000000004
12286,Lao PDR,LAO,2010,6260544.0,33.123000000000005
12287,Latvia,LVA,2010,2097555.0,67.692
12288,Lebanon,LBN,2010,4337156.0,87.18299999999999
12289,Lesotho,LSO,2010,2010586.0,24.753
12290,Liberia,LBR,2010,3957990.0,47.801
12291,Libya,LBY,2010,6265697.0,77.642
12292,Liechtenstein,LIE,2010,36276.0,14.464
12293,Lithuania,LTU,2010,3097282.0,66.757
12294,Luxembourg,LUX,2010,506953.0,88.54700000000001
12295,"Macao SAR, China",MAC,2010,534626.0,100.0
12296,"Macedonia, FYR",MKD,2010,2062443.0,56.992
12297,Madagascar,MDG,2010,21079532.0,31.929
12298,Malawi,MWI,2010,14769824.0,15.54
12299,Malaysia,MYS,2010,28119500.0,70.91199999999999
12300,Maldives,MDV,2010,367000.0,39.984
12301,Mali,MLI,2010,15167286.0,35.996
12302,Malta,MLT,2010,414508.0,94.665
12303,Marshall Islands,MHL,2010,52428.0,71.343
12304,Mauritania,MRT,2010,3591400.0,56.682
12305,Mauritius,MUS,2010,1250400.0,40.579
12306,Mexico,MEX,2010,118617542.0,77.825
12307,"Micronesia, Fed. Sts.",FSM,2010,103619.0,22.298
12308,Moldova,MDA,2010,3562045.0,44.886
12309,Monaco,MCO,2010,36845.0,100.0
12310,Mongolia,MNG,2010,2712657.0,67.567
12311,Montenegro,MNE,2010,619428.0,63.096
12312,Morocco,MAR,2010,32107739.0,57.684
12313,Mozambique,MOZ,2010,24321457.0,30.955
12314,Myanmar,MMR,2010,51733013.0,31.405
12315,Namibia,NAM,2010,2193643.0,41.61600000000001
12316,Nepal,NPL,2010,26875910.0,16.822
12317,Netherlands,NLD,2010,16615394.0,87.061
12318,New Caledonia,NCL,2010,250000.0,67.273
12319,New Zealand,NZL,2010,4350700.0,86.165
12320,Nicaragua,NIC,2010,5737722.0,57.255
12321,Niger,NER,2010,16291990.0,17.559
12322,Nigeria,NGA,2010,159424742.0,43.48
12323,Northern Mariana Islands,MNP,2010,53860.0,89.47399999999999
12324,Norway,NOR,2010,4889252.0,79.102
12325,Oman,OMN,2010,2943747.0,75.161
12326,Pakistan,PAK,2010,170043918.0,36.598
12327,Palau,PLW,2010,20470.0,83.35799999999999
12328,Panama,PAN,2010,3620506.0,65.115
12329,Papua New Guinea,PNG,2010,6847517.0,13.019
12330,Paraguay,PRY,2010,6209877.0,58.487
12331,Peru,PER,2010,29373644.0,76.915
12332,Philippines,PHL,2010,93038902.0,45.255
12333,Poland,POL,2010,38042794.0,60.892
12334,Portugal,PRT,2010,10573100.0,60.567
12335,Puerto Rico,PRI,2010,3721527.0,93.825
12336,Qatar,QAT,2010,1765513.0,98.655
12337,Romania,ROM,2010,20246871.0,53.82899999999999
12338,Russian Federation,RUS,2010,142849449.0,73.687
12339,Rwanda,RWA,2010,10293669.0,23.952
12340,Samoa,WSM,2010,186029.0,20.078
12341,San Marino,SMR,2010,30690.0,94.086
12342,Sao Tome and Principe,STP,2010,170880.0,61.907
12343,Saudi Arabia,SAU,2010,28090647.0,82.084
12344,Senegal,SEN,2010,12956791.0,42.23
12345,Serbia,SRB,2010,7291436.0,55.208
12346,Seychelles,SYC,2010,89770.0,52.319
12347,Sierra Leone,SLE,2010,5775902.0,38.241
12348,Singapore,SGP,2010,5076700.0,100.0
12349,Sint Maarten (Dutch part),SXM,2010,35474.0,100.0
12350,Slovak Republic,SVK,2010,5391428.0,54.685
12351,Slovenia,SVN,2010,2048583.0,50.04
12352,Solomon Islands,SLB,2010,526177.0,20.048
12353,Somalia,SOM,2010,9581714.0,37.259
12354,South Africa,ZAF,2010,50791808.0,62.218
12355,South Sudan,SSD,2010,10056475.0,17.855
12356,Spain,ESP,2010,46576897.0,78.442
12357,Sri Lanka,LKA,2010,20653000.0,18.321
12358,St. Kitts and Nevis,KNA,2010,52352.0,31.806
12359,St. Lucia,LCA,2010,177397.0,18.45
12360,St. Vincent and the Grenadines,VCT,2010,109316.0,48.785
12361,Sudan,SDN,2010,36114885.0,33.08
12362,Suriname,SUR,2010,518141.0,66.344
12363,Swaziland,SWZ,2010,1193148.0,21.492
12364,Sweden,SWE,2010,9378126.0,85.056
12365,Switzerland,CHE,2010,7824909.0,73.663
12366,Syrian Arab Republic,SYR,2010,20720602.0,55.677
12367,Tajikistan,TJK,2010,7581696.0,26.516
12368,Tanzania,TZA,2010,45648525.0,28.114
12369,Thailand,THA,2010,66692024.0,44.08
12370,Timor-Leste,TMP,2010,1066409.0,29.507
12371,Togo,TGO,2010,6390851.0,37.533
12372,Tonga,TON,2010,103947.0,23.389
12373,Trinidad and Tobago,TTO,2010,1328095.0,9.092
12374,Tunisia,TUN,2010,10547100.0,65.934
12375,Turkey,TUR,2010,72310416.0,70.715
12376,Turkmenistan,TKM,2010,5041995.0,48.402
12377,Turks and Caicos Islands,TCA,2010,30993.0,90.228
12378,Tuvalu,TUV,2010,9827.0,54.79600000000001
12379,Uganda,UGA,2010,33149417.0,14.492
12380,Ukraine,UKR,2010,45870700.0,68.686
12381,United Arab Emirates,ARE,2010,8329453.0,84.055
12382,United Kingdom,GBR,2010,62766365.0,81.30199999999999
12383,United States,USA,2010,309347057.0,80.77199999999999
12384,Uruguay,URY,2010,3374414.0,94.414
12385,Uzbekistan,UZB,2010,28562400.0,36.191
12386,Vanuatu,VUT,2010,236299.0,24.589
12387,"Venezuela, RB",VEN,2010,28995745.0,88.76899999999999
12388,Vietnam,VNM,2010,86932500.0,30.392
12389,Virgin Islands (U.S.),VIR,2010,106267.0,94.594
12390,West Bank and Gaza,WBG,2010,3811102.0,74.13600000000001
12391,"Yemen, Rep.",YEM,2010,23591972.0,31.732
12392,Zambia,ZMB,2010,13917439.0,38.725
12393,Zimbabwe,ZWE,2010,13973897.0,33.196
12394,Arab World,ARB,2011,360761571.0,56.56507743389879
12395,Caribbean small states,CSS,2011,6896697.0,41.877275691392605
12396,Central Europe and the Baltics,CEB,2011,104174038.0,62.0995170410789
12397,East Asia & Pacific (all income levels),EAS,2011,2219079073.0,52.8215680951972
12398,East Asia & Pacific (developing only),EAP,2011,1977637953.0,48.804577480324106
12399,Euro area,EMU,2011,336958644.0,75.0524808706822
12400,Europe & Central Asia (all income levels),ECS,2011,893094109.0,70.1586539495375
12401,Europe & Central Asia (developing only),ECA,2011,258778040.0,59.282065113813495
12402,European Union,EUU,2011,505544895.0,73.9413823342732
12403,Fragile and conflict affected situations,FCS,2011,439954168.0,39.5641695245428
12404,Heavily indebted poor countries (HIPC),HPC,2011,646028823.0,32.7917706436405
12405,High income,HIC,2011,1376081481.0,80.0153778635189
12406,High income: nonOECD,NOC,2011,320397042.0,80.1528283384658
12407,High income: OECD,OEC,2011,1055684439.0,79.9766840891012
12408,Latin America & Caribbean (all income levels),LCN,2011,605674766.0,78.771621879781
12409,Latin America & Caribbean (developing only),LAC,2011,507683672.0,76.8384945656377
12410,Least developed countries: UN classification,LDC,2011,867666290.0,29.481436619925603
12411,Low & middle income,LMY,2011,5631389320.0,45.2286278033006
12412,Low income,LIC,2011,573629146.0,28.5530829230163
12413,Lower middle income,LMC,2011,2752176358.0,37.19447589852521
12414,Middle East & North Africa (all income levels),MEA,2011,393003905.0,62.8147801095004
12415,Middle East & North Africa (developing only),MNA,2011,337638042.0,59.1222317180894
12416,Middle income,MIC,2011,5057760174.0,47.1205798257737
12417,North America,NAC,2011,346128976.0,80.9609187234876
12418,OECD members,OED,2011,1249249082.0,79.2881373120473
12419,Other small states,OSS,2011,19743240.0,47.0925293198763
12420,Pacific island small states,PSS,2011,2229806.0,36.5268649528255
12421,Small states,SST,2011,28869743.0,45.027853779466
12422,South Asia,SAS,2011,1652487921.0,31.373550370874
12423,Sub-Saharan Africa (all income levels),SSF,2011,898002051.0,35.728348385079606
12424,Sub-Saharan Africa (developing only),SSA,2011,897163692.0,35.7236825281902
12425,Upper middle income,UMC,2011,2305583816.0,58.96186082059141
12426,World,WLD,2011,7007470801.0,51.968684627424096
12427,Afghanistan,AFG,2011,28809167.0,25.074
12428,Albania,ALB,2011,2904780.0,53.247
12429,Algeria,DZA,2011,36717132.0,68.209
12430,American Samoa,ASM,2011,55316.0,87.5
12431,Andorra,ADO,2011,82326.0,87.26
12432,Angola,AGO,2011,21942296.0,40.9
12433,Antigua and Barbuda,ATG,2011,88152.0,25.667
12434,Argentina,ARG,2011,41655616.0,91.133
12435,Armenia,ARM,2011,2967984.0,63.371
12436,Aruba,ABW,2011,101936.0,42.698
12437,Australia,AUS,2011,22340024.0,88.875
12438,Austria,AUT,2011,8391643.0,65.858
12439,Azerbaijan,AZE,2011,9173082.0,53.623000000000005
12440,"Bahamas, The",BHS,2011,366711.0,82.60600000000001
12441,Bahrain,BHR,2011,1306014.0,88.575
12442,Bangladesh,BGD,2011,153405612.0,31.225
12443,Barbados,BRB,2011,280602.0,31.905
12444,Belarus,BLR,2011,9473000.0,75.046
12445,Belgium,BEL,2011,11047744.0,97.687
12446,Belize,BLZ,2011,329193.0,44.718
12447,Benin,BEN,2011,9779391.0,42.256
12448,Bermuda,BMU,2011,64564.0,100.0
12449,Bhutan,BTN,2011,732246.0,35.585
12450,Bolivia,BOL,2011,10078238.0,66.855
12451,Bosnia and Herzegovina,BIH,2011,3832310.0,39.291
12452,Botswana,BWA,2011,2089706.0,56.467
12453,Brazil,BRA,2011,200517584.0,84.62299999999999
12454,Brunei Darussalam,BRN,2011,399443.0,75.872
12455,Bulgaria,BGR,2011,7348328.0,72.638
12456,Burkina Faso,BFA,2011,16106851.0,26.505
12457,Burundi,BDI,2011,9790151.0,10.912
12458,Cabo Verde,CPV,2011,495159.0,62.624
12459,Cambodia,KHM,2011,14593099.0,19.967
12460,Cameroon,CMR,2011,21119065.0,52.099
12461,Canada,CAN,2011,34342780.0,81.115
12462,Cayman Islands,CYM,2011,56580.0,100.0
12463,Central African Republic,CAF,2011,4530903.0,39.034
12464,Chad,TCD,2011,12298512.0,22.048
12465,Channel Islands,CHI,2011,160489.0,31.116
12466,Chile,CHL,2011,17201305.0,88.79
12467,China,CHN,2011,1344130000.0,50.573
12468,Colombia,COL,2011,46406446.0,75.321
12469,Comoros,COM,2011,715972.0,27.966
12470,"Congo, Dem. Rep.",ZAR,2011,68087376.0,40.442
12471,"Congo, Rep.",COG,2011,4177435.0,63.666
12472,Costa Rica,CRI,2011,4600487.0,72.866
12473,Cote d'Ivoire,CIV,2011,20604172.0,51.305
12474,Croatia,HRV,2011,4280622.0,57.8
12475,Cuba,CUB,2011,11323570.0,76.689
12476,Curacao,CUW,2011,150831.0,89.775
12477,Cyprus,CYP,2011,1116644.0,67.406
12478,Czech Republic,CZE,2011,10496088.0,73.185
12479,Denmark,DNK,2011,5570572.0,86.95700000000001
12480,Djibouti,DJI,2011,841802.0,77.053
12481,Dominica,DMA,2011,71402.0,68.389
12482,Dominican Republic,DOM,2011,10027140.0,74.929
12483,Ecuador,ECU,2011,15177280.0,62.885
12484,"Egypt, Arab Rep.",EGY,2011,83787634.0,43.0
12485,El Salvador,SLV,2011,6055208.0,64.79
12486,Equatorial Guinea,GNQ,2011,750918.0,39.337
12487,Eritrea,ERI,2011,4789568.0,20.954
12488,Estonia,EST,2011,1327439.0,67.965
12489,Ethiopia,ETH,2011,89858696.0,17.735
12490,Faeroe Islands,FRO,2011,48492.0,41.122
12491,Fiji,FJI,2011,867327.0,52.214
12492,Finland,FIN,2011,5388272.0,83.68799999999999
12493,France,FRA,2011,65342776.0,78.584
12494,French Polynesia,PYF,2011,270862.0,56.349
12495,Gabon,GAB,2011,1577298.0,86.04700000000001
12496,"Gambia, The",GMB,2011,1749099.0,57.014
12497,Georgia,GEO,2011,4483350.0,53.016000000000005
12498,Germany,DEU,2011,81797673.0,74.488
12499,Ghana,GHA,2011,24928503.0,51.394
12500,Greece,GRC,2011,11123213.0,76.649
12501,Greenland,GRL,2011,56890.0,84.755
12502,Grenada,GRD,2011,105070.0,35.634
12503,Guam,GUM,2011,160858.0,94.187
12504,Guatemala,GTM,2011,15049280.0,49.765
12505,Guinea,GIN,2011,11316351.0,35.297
12506,Guinea-Bissau,GNB,2011,1673509.0,46.081
12507,Guyana,GUY,2011,755883.0,28.271
12508,Haiti,HTI,2011,10144890.0,53.456
12509,Honduras,HND,2011,7621414.0,52.316
12510,"Hong Kong SAR, China",HKG,2011,7071600.0,100.0
12511,Hungary,HUN,2011,9971727.0,69.348
12512,Iceland,ISL,2011,319014.0,93.734
12513,India,IND,2011,1247446011.0,31.276
12514,Indonesia,IDN,2011,244808254.0,50.712
12515,"Iran, Islamic Rep.",IRN,2011,75184322.0,71.2
12516,Iraq,IRQ,2011,31810191.0,69.098
12517,Ireland,IRL,2011,4576794.0,62.111
12518,Isle of Man,IMY,2011,85069.0,52.012
12519,Israel,ISR,2011,7765800.0,91.886
12520,Italy,ITA,2011,59379449.0,68.444
12521,Jamaica,JAM,2011,2699838.0,53.93
12522,Japan,JPN,2011,127817277.0,91.248
12523,Jordan,JOR,2011,6181000.0,82.72399999999999
12524,Kazakhstan,KAZ,2011,16556600.0,53.581
12525,Kenya,KEN,2011,41419954.0,23.967
12526,Kiribati,KIR,2011,104662.0,43.855
12527,"Korea, Dem. Rep.",PRK,2011,24631359.0,60.316
12528,"Korea, Rep.",KOR,2011,49779440.0,82.037
12529,Kuwait,KWT,2011,3239181.0,98.279
12530,Kyrgyz Republic,KGZ,2011,5514600.0,35.342
12531,Lao PDR,LAO,2011,6366909.0,34.251999999999995
12532,Latvia,LVA,2011,2059709.0,67.62
12533,Lebanon,LBN,2011,4388637.0,87.304
12534,Lesotho,LSO,2011,2032950.0,25.253
12535,Liberia,LBR,2011,4079574.0,48.168
12536,Libya,LBY,2011,6288652.0,77.812
12537,Liechtenstein,LIE,2011,36537.0,14.41
12538,Lithuania,LTU,2011,3028115.0,66.672
12539,Luxembourg,LUX,2011,518347.0,88.906
12540,"Macao SAR, China",MAC,2011,546682.0,100.0
12541,"Macedonia, FYR",MKD,2011,2065888.0,56.962
12542,Madagascar,MDG,2011,21678867.0,32.562
12543,Malawi,MWI,2011,15226813.0,15.663
12544,Malaysia,MYS,2011,28572970.0,71.735
12545,Maldives,MDV,2011,377000.0,41.159
12546,Mali,MLI,2011,15639115.0,36.789
12547,Malta,MLT,2011,416268.0,94.833
12548,Marshall Islands,MHL,2011,52541.0,71.619
12549,Mauritania,MRT,2011,3683221.0,57.348
12550,Mauritius,MUS,2011,1252404.0,40.372
12551,Mexico,MEX,2011,120365271.0,78.118
12552,"Micronesia, Fed. Sts.",FSM,2011,103476.0,22.303
12553,Moldova,MDA,2011,3559986.0,44.859
12554,Monaco,MCO,2011,37189.0,100.0
12555,Mongolia,MNG,2011,2759074.0,68.538
12556,Montenegro,MNE,2011,620079.0,63.274
12557,Morocco,MAR,2011,32531964.0,58.191
12558,Mozambique,MOZ,2011,25016921.0,31.179
12559,Myanmar,MMR,2011,52125411.0,31.935
12560,Namibia,NAM,2011,2240161.0,42.637
12561,Nepal,NPL,2011,27179237.0,17.166
12562,Netherlands,NLD,2011,16693074.0,87.837
12563,New Caledonia,NCL,2011,254000.0,67.90100000000001
12564,New Zealand,NZL,2011,4384000.0,86.18299999999999
12565,Nicaragua,NIC,2011,5807787.0,57.544
12566,Niger,NER,2011,16946485.0,17.766
12567,Nigeria,NGA,2011,163770669.0,44.362
12568,Northern Mariana Islands,MNP,2011,53234.0,89.414
12569,Norway,NOR,2011,4953088.0,79.385
12570,Oman,OMN,2011,3210003.0,75.691
12571,Pakistan,PAK,2011,173669648.0,37.007
12572,Palau,PLW,2011,20606.0,84.234
12573,Panama,PAN,2011,3681979.0,65.405
12574,Papua New Guinea,PNG,2011,7001172.0,13.0
12575,Paraguay,PRY,2011,6293763.0,58.714
12576,Peru,PER,2011,29759891.0,77.26899999999999
12577,Philippines,PHL,2011,94501233.0,45.017
12578,Poland,POL,2011,38063255.0,60.78
12579,Portugal,PRT,2011,10557560.0,61.167
12580,Puerto Rico,PRI,2011,3686771.0,93.771
12581,Qatar,QAT,2011,1905437.0,98.812
12582,Romania,ROM,2011,20147528.0,53.96
12583,Russian Federation,RUS,2011,142960868.0,73.732
12584,Rwanda,RWA,2011,10556429.0,24.922
12585,Samoa,WSM,2011,187434.0,19.857
12586,San Marino,SMR,2011,30938.0,94.104
12587,Sao Tome and Principe,STP,2011,174646.0,62.6
12588,Saudi Arabia,SAU,2011,28788438.0,82.29799999999999
12589,Senegal,SEN,2011,13357003.0,42.497
12590,Serbia,SRB,2011,7234099.0,55.258
12591,Seychelles,SYC,2011,87441.0,52.611
12592,Sierra Leone,SLE,2011,5908908.0,38.557
12593,Singapore,SGP,2011,5183700.0,100.0
12594,Sint Maarten (Dutch part),SXM,2011,33435.0,100.0
12595,Slovak Republic,SVK,2011,5398384.0,54.41
12596,Slovenia,SVN,2011,2052843.0,49.948
12597,Solomon Islands,SLB,2011,537648.0,20.506
12598,Somalia,SOM,2011,9806670.0,37.702
12599,South Africa,ZAF,2011,51553479.0,62.746
12600,South Sudan,SSD,2011,10510122.0,18.022
12601,Spain,ESP,2011,46742697.0,78.673
12602,Sri Lanka,LKA,2011,20869000.0,18.309
12603,St. Kitts and Nevis,KNA,2011,52998.0,31.815
12604,St. Lucia,LCA,2011,179278.0,18.45
12605,St. Vincent and the Grenadines,VCT,2011,109341.0,49.14
12606,Sudan,SDN,2011,36918193.0,33.188
12607,Suriname,SUR,2011,523439.0,66.27600000000001
12608,Swaziland,SWZ,2011,1212458.0,21.425
12609,Sweden,SWE,2011,9449213.0,85.21
12610,Switzerland,CHE,2011,7912398.0,73.70100000000001
12611,Syrian Arab Republic,SYR,2011,21070917.0,56.066
12612,Tajikistan,TJK,2011,7753925.0,26.533
12613,Tanzania,TZA,2011,47122998.0,28.798
12614,Thailand,THA,2011,66902958.0,45.394
12615,Timor-Leste,TMP,2011,1120392.0,30.171
12616,Togo,TGO,2011,6566179.0,38.01
12617,Tonga,TON,2011,104392.0,23.443
12618,Trinidad and Tobago,TTO,2011,1334790.0,8.937000000000001
12619,Tunisia,TUN,2011,10673800.0,66.1
12620,Turkey,TUR,2011,73199372.0,71.282
12621,Turkmenistan,TKM,2011,5106672.0,48.707
12622,Turks and Caicos Islands,TCA,2011,31727.0,90.668
12623,Tuvalu,TUV,2011,9844.0,55.807
12624,Uganda,UGA,2011,34260342.0,14.8
12625,Ukraine,UKR,2011,45706100.0,68.876
12626,United Arab Emirates,ARE,2011,8734722.0,84.375
12627,United Kingdom,GBR,2011,63258918.0,81.57
12628,United States,USA,2011,311721632.0,80.94
12629,Uruguay,URY,2011,3385610.0,94.612
12630,Uzbekistan,UZB,2011,29339400.0,36.173
12631,Vanuatu,VUT,2011,241876.0,24.894
12632,"Venezuela, RB",VEN,2011,29427631.0,88.81
12633,Vietnam,VNM,2011,87840000.0,31.029
12634,Virgin Islands (U.S.),VIR,2011,105784.0,94.76
12635,West Bank and Gaza,WBG,2011,3927051.0,74.35600000000001
12636,"Yemen, Rep.",YEM,2011,24234940.0,32.302
12637,Zambia,ZMB,2011,14343526.0,39.153
12638,Zimbabwe,ZWE,2011,14255592.0,33.015
12639,Arab World,ARB,2012,368914383.0,56.849002666697295
12640,Caribbean small states,CSS,2012,6937108.0,41.937010408948495
12641,Central Europe and the Baltics,CEB,2012,103935318.0,62.141847349338896
12642,East Asia & Pacific (all income levels),EAS,2012,2233889396.0,53.818638013406286
12643,East Asia & Pacific (developing only),EAP,2012,1991746941.0,49.8821836113451
12644,Euro area,EMU,2012,336189482.0,75.2797339226038
12645,Europe & Central Asia (all income levels),ECS,2012,894962840.0,70.32294539335072
12646,Europe & Central Asia (developing only),ECA,2012,260544871.0,59.49226765505161
12647,European Union,EUU,2012,505126520.0,74.15589967784709
12648,Fragile and conflict affected situations,FCS,2012,450703885.0,39.9536556170219
12649,Heavily indebted poor countries (HIPC),HPC,2012,664163813.0,33.2346476576977
12650,High income,HIC,2012,1382476668.0,80.2434975094871
12651,High income: nonOECD,NOC,2012,323348718.0,80.3031021234257
12652,High income: OECD,OEC,2012,1059127950.0,80.22661125162259
12653,Latin America & Caribbean (all income levels),LCN,2012,612617659.0,79.0589707724082
12654,Latin America & Caribbean (developing only),LAC,2012,513587153.0,77.16020218239571
12655,Least developed countries: UN classification,LDC,2012,888606627.0,29.9910261307628
12656,Low & middle income,LMY,2012,5706832680.0,45.8268640946466
12657,Low income,LIC,2012,589368162.0,28.9513665382556
12658,Lower middle income,LMC,2012,2793702323.0,37.637139799817
12659,Middle East & North Africa (all income levels),MEA,2012,401144535.0,63.135586948158206
12660,Middle East & North Africa (developing only),MNA,2012,344052017.0,59.41988839065289
12661,Middle income,MIC,2012,5117464518.0,47.7710825196653
12662,North America,NAC,2012,348931188.0,81.1299347303973
12663,OECD members,OED,2012,1255298168.0,79.5542547067503
12664,Other small states,OSS,2012,20130977.0,47.5784064641248
12665,Pacific island small states,PSS,2012,2257903.0,36.762273705292
12666,Small states,SST,2012,29325988.0,45.4081826198392
12667,South Asia,SAS,2012,1674923307.0,31.779612474600302
12668,Sub-Saharan Africa (all income levels),SSF,2012,922840423.0,36.2273139483174
12669,Sub-Saharan Africa (developing only),SSA,2012,921978391.0,36.2230002714315
12670,Upper middle income,UMC,2012,2323762195.0,59.94677538571512
12671,World,WLD,2012,7089309348.0,52.44880563829621
12672,Afghanistan,AFG,2012,29726803.0,25.468000000000004
12673,Albania,ALB,2012,2900489.0,54.33
12674,Algeria,DZA,2012,37439427.0,68.87
12675,American Samoa,ASM,2012,55227.0,87.413
12676,Andorra,ADO,2012,79316.0,86.708
12677,Angola,AGO,2012,22685632.0,41.699
12678,Antigua and Barbuda,ATG,2012,89069.0,25.135
12679,Argentina,ARG,2012,42095224.0,91.295
12680,Armenia,ARM,2012,2978339.0,63.161
12681,Aruba,ABW,2012,102393.0,42.364
12682,Australia,AUS,2012,22728254.0,89.015
12683,Austria,AUT,2012,8429991.0,65.86399999999999
12684,Azerbaijan,AZE,2012,9295784.0,53.856
12685,"Bahamas, The",BHS,2012,372388.0,82.667
12686,Bahrain,BHR,2012,1333577.0,88.619
12687,Bangladesh,BGD,2012,155257387.0,31.99
12688,Barbados,BRB,2012,281580.0,31.769
12689,Belarus,BLR,2012,9464000.0,75.467
12690,Belgium,BEL,2012,11128246.0,97.732
12691,Belize,BLZ,2012,336707.0,44.496
12692,Benin,BEN,2012,10049792.0,42.667
12693,Bermuda,BMU,2012,64798.0,100.0
12694,Bhutan,BTN,2012,743711.0,36.368
12695,Bolivia,BOL,2012,10238762.0,67.279
12696,Bosnia and Herzegovina,BIH,2012,3828419.0,39.378
12697,Botswana,BWA,2012,2132822.0,56.699
12698,Brazil,BRA,2012,202401584.0,84.90100000000001
12699,Brunei Darussalam,BRN,2012,405512.0,76.223
12700,Bulgaria,BGR,2012,7305888.0,72.971
12701,Burkina Faso,BFA,2012,16590813.0,27.346
12702,Burundi,BDI,2012,10124572.0,11.189
12703,Cabo Verde,CPV,2012,500870.0,63.389
12704,Cambodia,KHM,2012,14832255.0,20.137
12705,Cameroon,CMR,2012,21659488.0,52.677
12706,Canada,CAN,2012,34754312.0,81.293
12707,Cayman Islands,CYM,2012,57522.0,100.0
12708,Central African Republic,CAF,2012,4619500.0,39.258
12709,Chad,TCD,2012,12715465.0,22.129
12710,Channel Islands,CHI,2012,161336.0,31.189
12711,Chile,CHL,2012,17388437.0,88.986
12712,China,CHN,2012,1350695000.0,51.889
12713,Colombia,COL,2012,46881018.0,75.60300000000001
12714,Comoros,COM,2012,733661.0,28.029
12715,"Congo, Dem. Rep.",ZAR,2012,70291160.0,40.95
12716,"Congo, Rep.",COG,2012,4286188.0,64.1
12717,Costa Rica,CRI,2012,4654148.0,73.94
12718,Cote d'Ivoire,CIV,2012,21102641.0,52.041
12719,Croatia,HRV,2012,4267558.0,58.074
12720,Cuba,CUB,2012,11342631.0,76.781
12721,Curacao,CUW,2012,152088.0,89.652
12722,Cyprus,CYP,2012,1129303.0,67.26100000000001
12723,Czech Republic,CZE,2012,10510785.0,73.115
12724,Denmark,DNK,2012,5591572.0,87.14200000000001
12725,Djibouti,DJI,2012,853069.0,77.117
12726,Dominica,DMA,2012,71685.0,68.681
12727,Dominican Republic,DOM,2012,10155036.0,76.039
12728,Ecuador,ECU,2012,15419493.0,63.088
12729,"Egypt, Arab Rep.",EGY,2012,85660902.0,43.002
12730,El Salvador,SLV,2012,6072233.0,65.28699999999999
12731,Equatorial Guinea,GNQ,2012,773729.0,39.463
12732,Eritrea,ERI,2012,4892233.0,21.352
12733,Estonia,EST,2012,1322696.0,67.835
12734,Ethiopia,ETH,2012,92191211.0,18.16
12735,Faeroe Islands,FRO,2012,48393.0,41.323
12736,Fiji,FJI,2012,874158.0,52.596
12737,Finland,FIN,2012,5413971.0,83.819
12738,France,FRA,2012,65639975.0,78.82
12739,French Polynesia,PYF,2012,273775.0,56.218
12740,Gabon,GAB,2012,1613489.0,86.367
12741,"Gambia, The",GMB,2012,1807108.0,57.706
12742,Georgia,GEO,2012,4490700.0,53.162
12743,Germany,DEU,2012,80425823.0,74.688
12744,Ghana,GHA,2012,25544565.0,52.069
12745,Greece,GRC,2012,11092771.0,77.0
12746,Greenland,GRL,2012,56810.0,85.2
12747,Grenada,GRD,2012,105476.0,35.601
12748,Guam,GUM,2012,162807.0,94.273
12749,Guatemala,GTM,2012,15368759.0,50.212
12750,Guinea,GIN,2012,11628767.0,35.748000000000005
12751,Guinea-Bissau,GNB,2012,1714620.0,46.924
12752,Guyana,GUY,2012,758410.0,28.319000000000003
12753,Haiti,HTI,2012,10288828.0,54.841
12754,Honduras,HND,2012,7736131.0,52.93
12755,"Hong Kong SAR, China",HKG,2012,7154600.0,100.0
12756,Hungary,HUN,2012,9920362.0,69.832
12757,Iceland,ISL,2012,320716.0,93.84
12758,India,IND,2012,1263589639.0,31.631
12759,Indonesia,IDN,2012,248037853.0,51.488
12760,"Iran, Islamic Rep.",IRN,2012,76156975.0,71.76899999999999
12761,Iraq,IRQ,2012,32780975.0,69.175
12762,Ireland,IRL,2012,4586897.0,62.386
12763,Isle of Man,IMY,2012,85779.0,52.042
12764,Israel,ISR,2012,7910500.0,91.949
12765,Italy,ITA,2012,59539717.0,68.56
12766,Jamaica,JAM,2012,2707805.0,54.127
12767,Japan,JPN,2012,127561489.0,91.902
12768,Jordan,JOR,2012,6318000.0,82.97
12769,Kazakhstan,KAZ,2012,16791425.0,53.458
12770,Kenya,KEN,2012,42542978.0,24.37
12771,Kiribati,KIR,2012,106620.0,43.948
12772,"Korea, Dem. Rep.",PRK,2012,24763353.0,60.43600000000001
12773,"Korea, Rep.",KOR,2012,50004441.0,82.141
12774,Kuwait,KWT,2012,3419581.0,98.294
12775,Kyrgyz Republic,KGZ,2012,5607200.0,35.403
12776,Lao PDR,LAO,2012,6473050.0,35.368
12777,Latvia,LVA,2012,2034319.0,67.548
12778,Lebanon,LBN,2012,4440728.0,87.426
12779,Lesotho,LSO,2012,2057331.0,25.76
12780,Liberia,LBR,2012,4190155.0,48.541
12781,Libya,LBY,2012,6283403.0,77.988
12782,Liechtenstein,LIE,2012,36791.0,14.365
12783,Lithuania,LTU,2012,2987773.0,66.604
12784,Luxembourg,LUX,2012,530946.0,89.24700000000001
12785,"Macao SAR, China",MAC,2012,557763.0,100.0
12786,"Macedonia, FYR",MKD,2012,2069270.0,56.959
12787,Madagascar,MDG,2012,22293720.0,33.196
12788,Malawi,MWI,2012,15700436.0,15.798
12789,Malaysia,MYS,2012,29021940.0,72.52600000000001
12790,Maldives,MDV,2012,385000.0,42.303
12791,Mali,MLI,2012,16112333.0,37.579
12792,Malta,MLT,2012,419455.0,94.991
12793,Marshall Islands,MHL,2012,52663.0,71.891
12794,Mauritania,MRT,2012,3777067.0,58.0
12795,Mauritius,MUS,2012,1255882.0,40.164
12796,Mexico,MEX,2012,122070963.0,78.407
12797,"Micronesia, Fed. Sts.",FSM,2012,103516.0,22.317
12798,Moldova,MDA,2012,3559519.0,44.857
12799,Monaco,MCO,2012,37404.0,100.0
12800,Mongolia,MNG,2012,2808339.0,69.472
12801,Montenegro,MNE,2012,620601.0,63.457
12802,Morocco,MAR,2012,32984190.0,58.697
12803,Mozambique,MOZ,2012,25732928.0,31.417
12804,Myanmar,MMR,2012,52543841.0,32.469
12805,Namibia,NAM,2012,2291645.0,43.666
12806,Nepal,NPL,2012,27500515.0,17.518
12807,Netherlands,NLD,2012,16754962.0,88.575
12808,New Caledonia,NCL,2012,258000.0,68.509
12809,New Zealand,NZL,2012,4408100.0,86.2
12810,Nicaragua,NIC,2012,5877034.0,57.841
12811,Niger,NER,2012,17635782.0,17.986
12812,Nigeria,NGA,2012,168240403.0,45.234
12813,Northern Mariana Islands,MNP,2012,53314.0,89.36
12814,Norway,NOR,2012,5018573.0,79.665
12815,Oman,OMN,2012,3545192.0,76.204
12816,Pakistan,PAK,2012,177392252.0,37.428
12817,Palau,PLW,2012,20756.0,85.039
12818,Panama,PAN,2012,3743761.0,65.69800000000001
12819,Papua New Guinea,PNG,2012,7154870.0,12.982
12820,Paraguay,PRY,2012,6379162.0,58.94
12821,Peru,PER,2012,30158768.0,77.616
12822,Philippines,PHL,2012,96017322.0,44.81
12823,Poland,POL,2012,38063164.0,60.688
12824,Portugal,PRT,2012,10514844.0,61.758
12825,Puerto Rico,PRI,2012,3642281.0,93.722
12826,Qatar,QAT,2012,2015624.0,98.946
12827,Romania,ROM,2012,20058035.0,54.091
12828,Russian Federation,RUS,2012,143201676.0,73.786
12829,Rwanda,RWA,2012,10817350.0,25.894
12830,Samoa,WSM,2012,188901.0,19.639
12831,San Marino,SMR,2012,31172.0,94.123
12832,Sao Tome and Principe,STP,2012,178484.0,63.265
12833,Saudi Arabia,SAU,2012,29496047.0,82.51
12834,Senegal,SEN,2012,13780108.0,42.781000000000006
12835,Serbia,SRB,2012,7199077.0,55.307
12836,Seychelles,SYC,2012,88303.0,52.915
12837,Sierra Leone,SLE,2012,6043157.0,38.885
12838,Singapore,SGP,2012,5312400.0,100.0
12839,Sint Maarten (Dutch part),SXM,2012,34640.0,100.0
12840,Slovak Republic,SVK,2012,5407579.0,54.163
12841,Slovenia,SVN,2012,2057159.0,49.856
12842,Solomon Islands,SLB,2012,549162.0,20.964
12843,Somalia,SOM,2012,10033630.0,38.153
12844,South Africa,ZAF,2012,52341695.0,63.272
12845,South Sudan,SSD,2012,10980623.0,18.2
12846,Spain,ESP,2012,46773055.0,78.902
12847,Sri Lanka,LKA,2012,20328000.0,18.297
12848,St. Kitts and Nevis,KNA,2012,53650.0,31.844
12849,St. Lucia,LCA,2012,180890.0,18.45
12850,St. Vincent and the Grenadines,VCT,2012,109334.0,49.495
12851,Sudan,SDN,2012,37712420.0,33.315
12852,Suriname,SUR,2012,528535.0,66.208
12853,Swaziland,SWZ,2012,1231694.0,21.374
12854,Sweden,SWE,2012,9519374.0,85.363
12855,Switzerland,CHE,2012,7996861.0,73.73899999999999
12856,Syrian Arab Republic,SYR,2012,21427155.0,56.459
12857,Tajikistan,TJK,2012,7930929.0,26.568
12858,Tanzania,TZA,2012,48645709.0,29.493
12859,Thailand,THA,2012,67164130.0,46.682
12860,Timor-Leste,TMP,2012,1148958.0,30.832
12861,Togo,TGO,2012,6745581.0,38.493
12862,Tonga,TON,2012,104769.0,23.498
12863,Trinidad and Tobago,TTO,2012,1341579.0,8.795
12864,Tunisia,TUN,2012,10777500.0,66.274
12865,Turkey,TUR,2012,74099255.0,71.834
12866,Turkmenistan,TKM,2012,5172941.0,49.023
12867,Turks and Caicos Islands,TCA,2012,32430.0,91.09
12868,Tuvalu,TUV,2012,9860.0,56.815
12869,Uganda,UGA,2012,35400620.0,15.115
12870,Ukraine,UKR,2012,45593300.0,69.072
12871,United Arab Emirates,ARE,2012,8952542.0,84.684
12872,United Kingdom,GBR,2012,63700300.0,81.834
12873,United States,USA,2012,314112078.0,81.108
12874,Uruguay,URY,2012,3396753.0,94.803
12875,Uzbekistan,UZB,2012,29774500.0,36.182
12876,Vanuatu,VUT,2012,247498.0,25.2
12877,"Venezuela, RB",VEN,2012,29854238.0,88.851
12878,Vietnam,VNM,2012,88772900.0,31.668000000000003
12879,Virgin Islands (U.S.),VIR,2012,105275.0,94.916
12880,West Bank and Gaza,WBG,2012,4046901.0,74.577
12881,"Yemen, Rep.",YEM,2012,24882792.0,32.874
12882,Zambia,ZMB,2012,14786581.0,39.587
12883,Zimbabwe,ZWE,2012,14565482.0,32.834
12884,Arab World,ARB,2013,377096710.0,57.121695937405605
12885,Caribbean small states,CSS,2013,6975819.0,42.0052051244449
12886,Central Europe and the Baltics,CEB,2013,103713726.0,62.1976399904576
12887,East Asia & Pacific (all income levels),EAS,2013,2248867116.0,54.7846728137624
12888,East Asia & Pacific (developing only),EAP,2013,2006072847.0,50.9306587941385
12889,Euro area,EMU,2013,337283895.0,75.4893122992724
12890,Europe & Central Asia (all income levels),ECS,2013,898837054.0,70.4927866979138
12891,Europe & Central Asia (developing only),ECA,2013,262416324.0,59.7039127893693
12892,European Union,EUU,2013,506558032.0,74.3637848597165
12893,Fragile and conflict affected situations,FCS,2013,461713245.0,40.346163492219
12894,Heavily indebted poor countries (HIPC),HPC,2013,682730030.0,33.680990641209995
12895,High income,HIC,2013,1390565718.0,80.453098171114
12896,High income: nonOECD,NOC,2013,326137386.0,80.445408794722
12897,High income: OECD,OEC,2013,1064428332.0,80.4552853094378
12898,Latin America & Caribbean (all income levels),LCN,2013,619487273.0,79.3399103106545
12899,Latin America & Caribbean (developing only),LAC,2013,519419591.0,77.4744097416765
12900,Least developed countries: UN classification,LDC,2013,910063594.0,30.502986024358
12901,Low & middle income,LMY,2013,5783955641.0,46.4115896128895
12902,Low income,LIC,2013,605505799.0,29.3558080219427
12903,Lower middle income,LMC,2013,2836264486.0,38.0816195493844
12904,Middle East & North Africa (all income levels),MEA,2013,409324396.0,63.4424071188418
12905,Middle East & North Africa (developing only),MNA,2013,350649177.0,59.7163547033735
12906,Middle income,MIC,2013,5178449842.0,48.40660466854939
12907,North America,NAC,2013,351720836.0,81.2999525298951
12908,OECD members,OED,2013,1263178643.0,79.80233590647241
12909,Other small states,OSS,2013,20531614.0,48.0602424299008
12910,Pacific island small states,PSS,2013,2285709.0,36.9970891373311
12911,Small states,SST,2013,29793142.0,45.790556735307895
12912,South Asia,SAS,2013,1697997032.0,32.1876105001167
12913,Sub-Saharan Africa (all income levels),SSF,2013,948287652.0,36.7282248110397
12914,Sub-Saharan Africa (developing only),SSA,2013,947400670.0,36.72424019168471
12915,Upper middle income,UMC,2013,2342185356.0,60.901832648107
12916,World,WLD,2013,7174521359.0,52.9215019683372
12917,Afghanistan,AFG,2013,30682500.0,25.871
12918,Albania,ALB,2013,2897366.0,55.383
12919,Algeria,DZA,2013,38186135.0,69.51
12920,American Samoa,ASM,2013,55302.0,87.334
12921,Andorra,ADO,2013,75902.0,86.165
12922,Angola,AGO,2013,23448202.0,42.49
12923,Antigua and Barbuda,ATG,2013,89985.0,24.643
12924,Argentina,ARG,2013,42538304.0,91.452
12925,Armenia,ARM,2013,2992192.0,62.975
12926,Aruba,ABW,2013,102921.0,42.058
12927,Australia,AUS,2013,23125868.0,89.15299999999999
12928,Austria,AUT,2013,8479375.0,65.884
12929,Azerbaijan,AZE,2013,9416801.0,54.1
12930,"Bahamas, The",BHS,2013,377841.0,82.73200000000001
12931,Bahrain,BHR,2013,1349427.0,88.667
12932,Bangladesh,BGD,2013,157157394.0,32.753
12933,Barbados,BRB,2013,282503.0,31.652
12934,Belarus,BLR,2013,9466000.0,75.877
12935,Belgium,BEL,2013,11182817.0,97.776
12936,Belize,BLZ,2013,344193.0,44.298
12937,Benin,BEN,2013,10322232.0,43.086000000000006
12938,Bermuda,BMU,2013,65001.0,100.0
12939,Bhutan,BTN,2013,754637.0,37.139
12940,Bolivia,BOL,2013,10399931.0,67.696
12941,Bosnia and Herzegovina,BIH,2013,3823533.0,39.486
12942,Botswana,BWA,2013,2176510.0,56.938
12943,Brazil,BRA,2013,204259377.0,85.171
12944,Brunei Darussalam,BRN,2013,411499.0,76.561
12945,Bulgaria,BGR,2013,7265115.0,73.3
12946,Burkina Faso,BFA,2013,17084554.0,28.186
12947,Burundi,BDI,2013,10465959.0,11.472
12948,Cabo Verde,CPV,2013,507258.0,64.127
12949,Cambodia,KHM,2013,15078564.0,20.319000000000003
12950,Cameroon,CMR,2013,22211166.0,53.25
12951,Canada,CAN,2013,35158304.0,81.472
12952,Cayman Islands,CYM,2013,58369.0,100.0
12953,Central African Republic,CAF,2013,4710678.0,39.5
12954,Chad,TCD,2013,13145788.0,22.227
12955,Channel Islands,CHI,2013,162138.0,31.271
12956,Chile,CHL,2013,17575833.0,89.175
12957,China,CHN,2013,1357380000.0,53.168
12958,Colombia,COL,2013,47342363.0,75.883
12959,Comoros,COM,2013,751697.0,28.104
12960,"Congo, Dem. Rep.",ZAR,2013,72552861.0,41.461000000000006
12961,"Congo, Rep.",COG,2013,4394334.0,64.531
12962,Costa Rica,CRI,2013,4706433.0,74.956
12963,Cote d'Ivoire,CIV,2013,21622490.0,52.766000000000005
12964,Croatia,HRV,2013,4255689.0,58.359
12965,Cuba,CUB,2013,11362505.0,76.872
12966,Curacao,CUW,2013,153821.0,89.537
12967,Cyprus,CYP,2013,1141652.0,67.133
12968,Czech Republic,CZE,2013,10514272.0,73.06
12969,Denmark,DNK,2013,5614932.0,87.324
12970,Djibouti,DJI,2013,864554.0,77.186
12971,Dominica,DMA,2013,72005.0,68.97
12972,Dominican Republic,DOM,2013,10281408.0,77.082
12973,Ecuador,ECU,2013,15661312.0,63.298
12974,"Egypt, Arab Rep.",EGY,2013,87613909.0,43.025
12975,El Salvador,SLV,2013,6089644.0,65.775
12976,Equatorial Guinea,GNQ,2013,797082.0,39.603
12977,Eritrea,ERI,2013,4998824.0,21.765
12978,Estonia,EST,2013,1317997.0,67.721
12979,Ethiopia,ETH,2013,94558374.0,18.59
12980,Faeroe Islands,FRO,2013,48292.0,41.53
12981,Fiji,FJI,2013,880487.0,52.976000000000006
12982,Finland,FIN,2013,5438972.0,83.95200000000001
12983,France,FRA,2013,65925498.0,79.055
12984,French Polynesia,PYF,2013,276766.0,56.089
12985,Gabon,GAB,2013,1650351.0,86.65799999999999
12986,"Gambia, The",GMB,2013,1866878.0,58.373000000000005
12987,Georgia,GEO,2013,4487200.0,53.309
12988,Germany,DEU,2013,80645605.0,74.89
12989,Ghana,GHA,2013,26164432.0,52.735
12990,Greece,GRC,2013,11027549.0,77.343
12991,Greenland,GRL,2013,56483.0,85.633
12992,Grenada,GRD,2013,105902.0,35.583
12993,Guam,GUM,2013,165121.0,94.356
12994,Guatemala,GTM,2013,15690793.0,50.661
12995,Guinea,GIN,2013,11948726.0,36.209
12996,Guinea-Bissau,GNB,2013,1757138.0,47.747
12997,Guyana,GUY,2013,761033.0,28.382
12998,Haiti,HTI,2013,10431249.0,56.168
12999,Honduras,HND,2013,7849059.0,53.537
13000,"Hong Kong SAR, China",HKG,2013,7187500.0,100.0
13001,Hungary,HUN,2013,9893082.0,70.306
13002,Iceland,ISL,2013,323764.0,93.942
13003,India,IND,2013,1279498874.0,31.994
13004,Indonesia,IDN,2013,251268276.0,52.252
13005,"Iran, Islamic Rep.",IRN,2013,77152445.0,72.32
13006,Iraq,IRQ,2013,33781385.0,69.262
13007,Ireland,IRL,2013,4598294.0,62.667
13008,Isle of Man,IMY,2013,86462.0,52.084
13009,Israel,ISR,2013,8059500.0,92.012
13010,Italy,ITA,2013,60233948.0,68.686
13011,Jamaica,JAM,2013,2714734.0,54.336000000000006
13012,Japan,JPN,2013,127338621.0,92.491
13013,Jordan,JOR,2013,6460000.0,83.211
13014,Kazakhstan,KAZ,2013,17035275.0,53.361
13015,Kenya,KEN,2013,43692881.0,24.78
13016,Kiribati,KIR,2013,108544.0,44.055
13017,"Korea, Dem. Rep.",PRK,2013,24895705.0,60.569
13018,"Korea, Rep.",KOR,2013,50219669.0,82.249
13019,Kuwait,KWT,2013,3593689.0,98.31
13020,Kyrgyz Republic,KGZ,2013,5719600.0,35.483000000000004
13021,Lao PDR,LAO,2013,6579985.0,36.469
13022,Latvia,LVA,2013,2012647.0,67.476
13023,Lebanon,LBN,2013,4493438.0,87.54799999999999
13024,Lesotho,LSO,2013,2083061.0,26.271
13025,Liberia,LBR,2013,4293692.0,48.92100000000001
13026,Libya,LBY,2013,6265987.0,78.17
13027,Liechtenstein,LIE,2013,37040.0,14.33
13028,Lithuania,LTU,2013,2957689.0,66.554
13029,Luxembourg,LUX,2013,543360.0,89.568
13030,"Macao SAR, China",MAC,2013,568056.0,100.0
13031,"Macedonia, FYR",MKD,2013,2072543.0,56.981
13032,Madagascar,MDG,2013,22924557.0,33.832
13033,Malawi,MWI,2013,16190126.0,15.944
13034,Malaysia,MYS,2013,29465372.0,73.28399999999999
13035,Maldives,MDV,2013,393000.0,43.416
13036,Mali,MLI,2013,16592097.0,38.363
13037,Malta,MLT,2013,423374.0,95.139
13038,Marshall Islands,MHL,2013,52786.0,72.15899999999999
13039,Mauritania,MRT,2013,3872684.0,58.636
13040,Mauritius,MUS,2013,1258653.0,39.979
13041,Mexico,MEX,2013,123740109.0,78.691
13042,"Micronesia, Fed. Sts.",FSM,2013,103718.0,22.342
13043,Moldova,MDA,2013,3558566.0,44.879
13044,Monaco,MCO,2013,37528.0,100.0
13045,Mongolia,MNG,2013,2859174.0,70.366
13046,Montenegro,MNE,2013,621207.0,63.643
13047,Morocco,MAR,2013,33452686.0,59.2
13048,Mozambique,MOZ,2013,26467180.0,31.669
13049,Myanmar,MMR,2013,52983829.0,33.007
13050,Namibia,NAM,2013,2346592.0,44.679
13051,Nepal,NPL,2013,27834981.0,17.877
13052,Netherlands,NLD,2013,16804432.0,89.271
13053,New Caledonia,NCL,2013,262000.0,69.096
13054,New Zealand,NZL,2013,4442100.0,86.223
13055,Nicaragua,NIC,2013,5945646.0,58.146
13056,Niger,NER,2013,18358863.0,18.22
13057,Nigeria,NGA,2013,172816517.0,46.094
13058,Northern Mariana Islands,MNP,2013,53869.0,89.31299999999999
13059,Norway,NOR,2013,5079623.0,79.939
13060,Oman,OMN,2013,3906912.0,76.699
13061,Pakistan,PAK,2013,181192646.0,37.86
13062,Palau,PLW,2013,20919.0,85.77600000000001
13063,Panama,PAN,2013,3805683.0,65.994
13064,Papua New Guinea,PNG,2013,7308864.0,12.977
13065,Paraguay,PRY,2013,6465669.0,59.174
13066,Peru,PER,2013,30565461.0,77.954
13067,Philippines,PHL,2013,97571676.0,44.633
13068,Poland,POL,2013,38040196.0,60.617
13069,Portugal,PRT,2013,10457295.0,62.338
13070,Puerto Rico,PRI,2013,3595839.0,93.676
13071,Qatar,QAT,2013,2101288.0,99.061
13072,Romania,ROM,2013,19983693.0,54.235
13073,Russian Federation,RUS,2013,143506911.0,73.851
13074,Rwanda,RWA,2013,11078095.0,26.869
13075,Samoa,WSM,2013,190390.0,19.44
13076,San Marino,SMR,2013,31391.0,94.144
13077,Sao Tome and Principe,STP,2013,182386.0,63.902
13078,Saudi Arabia,SAU,2013,30201051.0,82.719
13079,Senegal,SEN,2013,14221041.0,43.07899999999999
13080,Serbia,SRB,2013,7164132.0,55.373000000000005
13081,Seychelles,SYC,2013,89900.0,53.231
13082,Sierra Leone,SLE,2013,6178859.0,39.226
13083,Singapore,SGP,2013,5399200.0,100.0
13084,Sint Maarten (Dutch part),SXM,2013,36607.0,100.0
13085,Slovak Republic,SVK,2013,5413393.0,53.945
13086,Slovenia,SVN,2013,2059953.0,49.764
13087,Solomon Islands,SLB,2013,560685.0,21.421
13088,Somalia,SOM,2013,10268157.0,38.612
13089,South Africa,ZAF,2013,53157490.0,63.788
13090,South Sudan,SSD,2013,11453810.0,18.39
13091,Spain,ESP,2013,46620045.0,79.12899999999999
13092,Sri Lanka,LKA,2013,20483000.0,18.3
13093,St. Kitts and Nevis,KNA,2013,54301.0,31.892
13094,St. Lucia,LCA,2013,182305.0,18.459
13095,St. Vincent and the Grenadines,VCT,2013,109327.0,49.848
13096,Sudan,SDN,2013,38515095.0,33.46
13097,Suriname,SUR,2013,533450.0,66.14
13098,Swaziland,SWZ,2013,1250641.0,21.337
13099,Sweden,SWE,2013,9600379.0,85.514
13100,Switzerland,CHE,2013,8089346.0,73.78699999999999
13101,Syrian Arab Republic,SYR,2013,21789415.0,56.855
13102,Tajikistan,TJK,2013,8111894.0,26.621
13103,Tanzania,TZA,2013,50213457.0,30.196
13104,Thailand,THA,2013,67451422.0,47.943000000000005
13105,Timor-Leste,TMP,2013,1180069.0,31.485
13106,Togo,TGO,2013,6928719.0,38.979
13107,Tonga,TON,2013,105139.0,23.56
13108,Trinidad and Tobago,TTO,2013,1348240.0,8.666
13109,Tunisia,TUN,2013,10886500.0,66.456
13110,Turkey,TUR,2013,75010202.0,72.37
13111,Turkmenistan,TKM,2013,5240088.0,49.35
13112,Turks and Caicos Islands,TCA,2013,33103.0,91.482
13113,Tuvalu,TUV,2013,9876.0,57.81399999999999
13114,Uganda,UGA,2013,36573387.0,15.437
13115,Ukraine,UKR,2013,45489600.0,69.274
13116,United Arab Emirates,ARE,2013,9039978.0,84.98100000000001
13117,United Kingdom,GBR,2013,64106779.0,82.09200000000001
13118,United States,USA,2013,316497531.0,81.277
13119,Uruguay,URY,2013,3407969.0,94.983
13120,Uzbekistan,UZB,2013,30243200.0,36.217
13121,Vanuatu,VUT,2013,253165.0,25.508000000000003
13122,"Venezuela, RB",VEN,2013,30276045.0,88.89399999999999
13123,Vietnam,VNM,2013,89708900.0,32.309
13124,Virgin Islands (U.S.),VIR,2013,104737.0,95.064
13125,West Bank and Gaza,WBG,2013,4169506.0,74.8
13126,"Yemen, Rep.",YEM,2013,25533217.0,33.45
13127,Zambia,ZMB,2013,15246086.0,40.027
13128,Zimbabwe,ZWE,2013,14898092.0,32.654
13129,Arab World,ARB,2014,385272539.0,57.3884565369192
13130,Caribbean small states,CSS,2014,7013555.0,42.084337211015
13131,Central Europe and the Baltics,CEB,2014,103455133.0,62.2674341009545
13132,East Asia & Pacific (all income levels),EAS,2014,2264079901.0,55.7210961795911
13133,East Asia & Pacific (developing only),EAP,2014,2020657137.0,51.9496372545096
13134,Euro area,EMU,2014,338733933.0,75.6881680644791
13135,Europe & Central Asia (all income levels),ECS,2014,903110622.0,70.6632117213107
13136,Europe & Central Asia (developing only),ECA,2014,264350728.0,59.917536178122
13137,European Union,EUU,2014,508314519.0,74.56803761770041
13138,Fragile and conflict affected situations,FCS,2014,472954698.0,40.7467685104569
13139,Heavily indebted poor countries (HIPC),HPC,2014,701714118.0,34.1313321138381
13140,High income,HIC,2014,1398793049.0,80.6541304587007
13141,High income: nonOECD,NOC,2014,328766682.0,80.58969506890891
13142,High income: OECD,OEC,2014,1070026367.0,80.67251764752541
13143,Latin America & Caribbean (all income levels),LCN,2014,626270167.0,79.614807382798
13144,Latin America & Caribbean (developing only),LAC,2014,525173404.0,77.7815475054045
13145,Least developed countries: UN classification,LDC,2014,931955068.0,31.018420416793106
13146,Low & middle income,LMY,2014,5861917628.0,46.98664024270761
13147,Low income,LIC,2014,621977594.0,29.7679450441972
13148,Lower middle income,LMC,2014,2879112201.0,38.5320407821831
13149,Middle East & North Africa (all income levels),MEA,2014,417451428.0,63.7427379141125
13150,Middle East & North Africa (developing only),MNA,2014,357312867.0,60.0150182414981
13151,Middle income,MIC,2014,5239940034.0,49.0312219552488
13152,North America,NAC,2014,354462656.0,81.4707655730651
13153,OECD members,OED,2014,1271344548.0,80.0399471025505
13154,Other small states,OSS,2014,20937164.0,48.5403679194934
13155,Pacific island small states,PSS,2014,2313337.0,37.2322633593808
13156,Small states,SST,2014,30264056.0,46.1764344409457
13157,South Asia,SAS,2014,1721020580.0,32.604169977253
13158,Sub-Saharan Africa (all income levels),SSF,2014,974315323.0,37.2317152386877
13159,Sub-Saharan Africa (developing only),SSA,2014,973402912.0,37.2280512692076
13160,Upper middle income,UMC,2014,2360827833.0,61.8273888954866
13161,World,WLD,2014,7260710677.0,53.386443594003495
13162,Afghanistan,AFG,2014,31627506.0,26.282
13163,Albania,ALB,2014,2894475.0,56.409
13164,Algeria,DZA,2014,38934334.0,70.12899999999999
13165,American Samoa,ASM,2014,55434.0,87.264
13166,Andorra,ADO,2014,72786.0,85.633
13167,Angola,AGO,2014,24227524.0,43.274
13168,Antigua and Barbuda,ATG,2014,90900.0,24.19
13169,Argentina,ARG,2014,42980026.0,91.604
13170,Armenia,ARM,2014,3006154.0,62.812
13171,Aruba,ABW,2014,103441.0,41.779
13172,Australia,AUS,2014,23490736.0,89.289
13173,Austria,AUT,2014,8534492.0,65.919
13174,Azerbaijan,AZE,2014,9537823.0,54.355
13175,"Bahamas, The",BHS,2014,383054.0,82.801
13176,Bahrain,BHR,2014,1361930.0,88.719
13177,Bangladesh,BGD,2014,159077513.0,33.516
13178,Barbados,BRB,2014,283380.0,31.554
13179,Belarus,BLR,2014,9470000.0,76.277
13180,Belgium,BEL,2014,11225207.0,97.818
13181,Belize,BLZ,2014,351706.0,44.124
13182,Benin,BEN,2014,10598482.0,43.514
13183,Bermuda,BMU,2014,65181.0,100.0
13184,Bhutan,BTN,2014,765008.0,37.898
13185,Bolivia,BOL,2014,10561887.0,68.107
13186,Bosnia and Herzegovina,BIH,2014,3817554.0,39.616
13187,Botswana,BWA,2014,2219937.0,57.187
13188,Brazil,BRA,2014,206077898.0,85.43299999999999
13189,Brunei Darussalam,BRN,2014,417394.0,76.887
13190,Bulgaria,BGR,2014,7223938.0,73.626
13191,Burkina Faso,BFA,2014,17589198.0,29.024
13192,Burundi,BDI,2014,10816860.0,11.761
13193,Cabo Verde,CPV,2014,513906.0,64.84
13194,Cambodia,KHM,2014,15328136.0,20.514
13195,Cameroon,CMR,2014,22773014.0,53.819
13196,Canada,CAN,2014,35540419.0,81.65
13197,Cayman Islands,CYM,2014,59172.0,100.0
13198,Central African Republic,CAF,2014,4804316.0,39.759
13199,Chad,TCD,2014,13587053.0,22.341
13200,Channel Islands,CHI,2014,162917.0,31.363000000000003
13201,Chile,CHL,2014,17762647.0,89.35600000000001
13202,China,CHN,2014,1364270000.0,54.41
13203,Colombia,COL,2014,47791393.0,76.161
13204,Comoros,COM,2014,769991.0,28.193
13205,"Congo, Dem. Rep.",ZAR,2014,74877030.0,41.976000000000006
13206,"Congo, Rep.",COG,2014,4504962.0,64.957
13207,Costa Rica,CRI,2014,4757606.0,75.915
13208,Cote d'Ivoire,CIV,2014,22157107.0,53.479
13209,Croatia,HRV,2014,4238389.0,58.656000000000006
13210,Cuba,CUB,2014,11379111.0,76.97
13211,Curacao,CUW,2014,155872.0,89.43
13212,Cyprus,CYP,2014,1153658.0,67.01899999999999
13213,Czech Republic,CZE,2014,10510566.0,73.01899999999999
13214,Denmark,DNK,2014,5639565.0,87.50200000000001
13215,Djibouti,DJI,2014,876174.0,77.262
13216,Dominica,DMA,2014,72341.0,69.256
13217,Dominican Republic,DOM,2014,10405943.0,78.061
13218,Ecuador,ECU,2014,15902916.0,63.516000000000005
13219,"Egypt, Arab Rep.",EGY,2014,89579670.0,43.069
13220,El Salvador,SLV,2014,6107706.0,66.255
13221,Equatorial Guinea,GNQ,2014,820885.0,39.756
13222,Eritrea,ERI,2014,5110444.0,22.193
13223,Estonia,EST,2014,1313645.0,67.622
13224,Ethiopia,ETH,2014,96958732.0,19.028
13225,Faeroe Islands,FRO,2014,48221.0,41.743
13226,Fiji,FJI,2014,886450.0,53.354
13227,Finland,FIN,2014,5463596.0,84.086
13228,France,FRA,2014,66206930.0,79.289
13229,French Polynesia,PYF,2014,279781.0,55.976000000000006
13230,Gabon,GAB,2014,1687673.0,86.92
13231,"Gambia, The",GMB,2014,1928201.0,59.015
13232,Georgia,GEO,2014,4504100.0,53.468
13233,Germany,DEU,2014,80889505.0,75.094
13234,Ghana,GHA,2014,26786598.0,53.392
13235,Greece,GRC,2014,10957740.0,77.678
13236,Greenland,GRL,2014,56295.0,86.045
13237,Grenada,GRD,2014,106349.0,35.58
13238,Guam,GUM,2014,167543.0,94.437
13239,Guatemala,GTM,2014,16015494.0,51.115
13240,Guinea,GIN,2014,12275527.0,36.68
13241,Guinea-Bissau,GNB,2014,1800513.0,48.55
13242,Guyana,GUY,2014,763893.0,28.459
13243,Haiti,HTI,2014,10572029.0,57.43600000000001
13244,Honduras,HND,2014,7961680.0,54.137
13245,"Hong Kong SAR, China",HKG,2014,7241700.0,100.0
13246,Hungary,HUN,2014,9861673.0,70.771
13247,Iceland,ISL,2014,327589.0,94.042
13248,India,IND,2014,1295291543.0,32.366
13249,Indonesia,IDN,2014,254454778.0,53.003
13250,"Iran, Islamic Rep.",IRN,2014,78143644.0,72.855
13251,Iraq,IRQ,2014,34812326.0,69.361
13252,Ireland,IRL,2014,4612719.0,62.952
13253,Isle of Man,IMY,2014,87127.0,52.138000000000005
13254,Israel,ISR,2014,8215300.0,92.076
13255,Italy,ITA,2014,61336387.0,68.821
13256,Jamaica,JAM,2014,2721252.0,54.556
13257,Japan,JPN,2014,127131800.0,93.021
13258,Jordan,JOR,2014,6607000.0,83.447
13259,Kazakhstan,KAZ,2014,17289111.0,53.29
13260,Kenya,KEN,2014,44863583.0,25.197
13261,Kiribati,KIR,2014,110470.0,44.173
13262,"Korea, Dem. Rep.",PRK,2014,25026772.0,60.715
13263,"Korea, Rep.",KOR,2014,50423955.0,82.36
13264,Kuwait,KWT,2014,3753121.0,98.326
13265,Kyrgyz Republic,KGZ,2014,5834200.0,35.585
13266,Lao PDR,LAO,2014,6689300.0,37.551
13267,Latvia,LVA,2014,1990351.0,67.421
13268,Lebanon,LBN,2014,4546774.0,87.67
13269,Lesotho,LSO,2014,2109197.0,26.789
13270,Liberia,LBR,2014,4396554.0,49.308
13271,Libya,LBY,2014,6258984.0,78.359
13272,Liechtenstein,LIE,2014,37286.0,14.305
13273,Lithuania,LTU,2014,2929323.0,66.52199999999999
13274,Luxembourg,LUX,2014,556074.0,89.87200000000001
13275,"Macao SAR, China",MAC,2014,577914.0,100.0
13276,"Macedonia, FYR",MKD,2014,2075625.0,57.029
13277,Madagascar,MDG,2014,23571713.0,34.468
13278,Malawi,MWI,2014,16695253.0,16.102
13279,Malaysia,MYS,2014,29901997.0,74.01
13280,Maldives,MDV,2014,401000.0,44.494
13281,Mali,MLI,2014,17086022.0,39.143
13282,Malta,MLT,2014,427404.0,95.277
13283,Marshall Islands,MHL,2014,52898.0,72.42399999999999
13284,Mauritania,MRT,2014,3969625.0,59.255
13285,Mauritius,MUS,2014,1260934.0,39.814
13286,Mexico,MEX,2014,125385833.0,78.971
13287,"Micronesia, Fed. Sts.",FSM,2014,104044.0,22.378
13288,Moldova,MDA,2014,3556400.0,44.925
13289,Monaco,MCO,2014,37623.0,100.0
13290,Mongolia,MNG,2014,2909871.0,71.222
13291,Montenegro,MNE,2014,621800.0,63.832
13292,Morocco,MAR,2014,33921203.0,59.699
13293,Mozambique,MOZ,2014,27216276.0,31.934
13294,Myanmar,MMR,2014,53437159.0,33.551
13295,Namibia,NAM,2014,2402858.0,45.678
13296,Nepal,NPL,2014,28174724.0,18.243
13297,Netherlands,NLD,2014,16854183.0,89.91
13298,New Caledonia,NCL,2014,266000.0,69.663
13299,New Zealand,NZL,2014,4509700.0,86.251
13300,Nicaragua,NIC,2014,6013913.0,58.459
13301,Niger,NER,2014,19113728.0,18.469
13302,Nigeria,NGA,2014,177475986.0,46.942
13303,Northern Mariana Islands,MNP,2014,54541.0,89.272
13304,Norway,NOR,2014,5136475.0,80.208
13305,Oman,OMN,2014,4236057.0,77.178
13306,Pakistan,PAK,2014,185044286.0,38.303
13307,Palau,PLW,2014,21097.0,86.45200000000001
13308,Panama,PAN,2014,3867535.0,66.292
13309,Papua New Guinea,PNG,2014,7463577.0,12.985
13310,Paraguay,PRY,2014,6552518.0,59.416
13311,Peru,PER,2014,30973148.0,78.285
13312,Philippines,PHL,2014,99138690.0,44.488
13313,Poland,POL,2014,37995529.0,60.568000000000005
13314,Portugal,PRT,2014,10397393.0,62.908
13315,Puerto Rico,PRI,2014,3548397.0,93.636
13316,Qatar,QAT,2014,2172065.0,99.159
13317,Romania,ROM,2014,19910995.0,54.393
13318,Russian Federation,RUS,2014,143819569.0,73.92399999999999
13319,Rwanda,RWA,2014,11341544.0,27.841
13320,Samoa,WSM,2014,191845.0,19.26
13321,San Marino,SMR,2014,31595.0,94.166
13322,Sao Tome and Principe,STP,2014,186342.0,64.51100000000001
13323,Saudi Arabia,SAU,2014,30886545.0,82.926
13324,Senegal,SEN,2014,14672557.0,43.393
13325,Serbia,SRB,2014,7129428.0,55.455
13326,Seychelles,SYC,2014,91526.0,53.559
13327,Sierra Leone,SLE,2014,6315627.0,39.578
13328,Singapore,SGP,2014,5469700.0,100.0
13329,Sint Maarten (Dutch part),SXM,2014,37664.0,100.0
13330,Slovak Republic,SVK,2014,5418506.0,53.757
13331,Slovenia,SVN,2014,2062218.0,49.695
13332,Solomon Islands,SLB,2014,572171.0,21.876
13333,Somalia,SOM,2014,10517569.0,39.078
13334,South Africa,ZAF,2014,54001953.0,64.298
13335,South Sudan,SSD,2014,11911184.0,18.591
13336,Spain,ESP,2014,46404602.0,79.355
13337,Sri Lanka,LKA,2014,20639000.0,18.32
13338,St. Kitts and Nevis,KNA,2014,54944.0,31.96
13339,St. Lucia,LCA,2014,183645.0,18.477
13340,St. Vincent and the Grenadines,VCT,2014,109360.0,50.2
13341,Sudan,SDN,2014,39350274.0,33.623000000000005
13342,Suriname,SUR,2014,538248.0,66.085
13343,Swaziland,SWZ,2014,1269112.0,21.315
13344,Sweden,SWE,2014,9689555.0,85.665
13345,Switzerland,CHE,2014,8190229.0,73.844
13346,Syrian Arab Republic,SYR,2014,22157800.0,57.255
13347,Tajikistan,TJK,2014,8295840.0,26.692
13348,Tanzania,TZA,2014,51822621.0,30.901
13349,Thailand,THA,2014,67725979.0,49.174
13350,Timor-Leste,TMP,2014,1212107.0,32.131
13351,Togo,TGO,2014,7115163.0,39.469
13352,Tonga,TON,2014,105586.0,23.632
13353,Trinidad and Tobago,TTO,2014,1354483.0,8.55
13354,Tunisia,TUN,2014,10996600.0,66.645
13355,Turkey,TUR,2014,75932348.0,72.891
13356,Turkmenistan,TKM,2014,5307188.0,49.688
13357,Turks and Caicos Islands,TCA,2014,33740.0,91.847
13358,Tuvalu,TUV,2014,9893.0,58.782
13359,Uganda,UGA,2014,37782971.0,15.765999999999998
13360,Ukraine,UKR,2014,45362900.0,69.482
13361,United Arab Emirates,ARE,2014,9086139.0,85.266
13362,United Kingdom,GBR,2014,64510376.0,82.345
13363,United States,USA,2014,318857056.0,81.447
13364,Uruguay,URY,2014,3419516.0,95.152
13365,Uzbekistan,UZB,2014,30757700.0,36.278
13366,Vanuatu,VUT,2014,258883.0,25.817
13367,"Venezuela, RB",VEN,2014,30693827.0,88.941
13368,Vietnam,VNM,2014,90730000.0,32.951
13369,Virgin Islands (U.S.),VIR,2014,104170.0,95.203
13370,West Bank and Gaza,WBG,2014,4294682.0,75.02600000000001
13371,"Yemen, Rep.",YEM,2014,26183676.0,34.027
13372,Zambia,ZMB,2014,15721343.0,40.472
13373,Zimbabwe,ZWE,2014,15245855.0,32.501
